discount_id,product_id,discount_type,discount_percentage,original_price,discount_price,start_date,end_date,campaign_name,active
D00001,P1804,PERCENTAGE,10,451,405.9,2025-11-28,2025-12-21,Promo 11/2025,NO
D00002,P0398,PERCENTAGE,20,258,206.4,2026-06-08,2026-07-07,Promo 6/2026,NO
D00003,P1565,PERCENTAGE,10,561,504.9,2026-09-01,2026-09-24,Promo 9/2026,NO
D00004,P1327,PERCENTAGE,5,367,348.65,2026-02-18,2026-03-09,Promo 2/2026,NO
D00005,P0549,PERCENTAGE,10,593,533.7,2025-12-18,2025-12-29,Promo 12/2025,NO
D00006,P1379,PERCENTAGE,5,555,527.25,2026-03-03,2026-03-14,Promo 3/2026,NO
D00007,P1427,PERCENTAGE,20,216,172.8,2026-05-15,2026-06-10,Promo 5/2026,NO
D00008,P1389,PERCENTAGE,15,539,458.15,2025-10-03,2025-11-02,Promo 10/2025,NO
D00009,P0350,PERCENTAGE,25,168,126.0,2026-05-11,2026-06-05,Promo 5/2026,NO
D00010,P1322,PERCENTAGE,30,304,212.8,2025-10-30,2025-11-27,Promo 10/2025,NO
D00011,P1497,PERCENTAGE,15,643,546.55,2026-09-25,2026-10-15,Promo 9/2026,YES
D00012,P0610,PERCENTAGE,10,376,338.4,2026-09-20,2026-09-27,Promo 9/2026,YES
D00013,P0498,PERCENTAGE,20,225,180.0,2025-11-25,2025-12-24,Promo 11/2025,NO
D00014,P0268,PERCENTAGE,15,494,419.9,2025-12-21,2026-01-20,Promo 12/2025,NO
D00015,P1486,PERCENTAGE,25,175,131.25,2026-03-23,2026-04-12,Promo 3/2026,NO
D00016,P0439,PERCENTAGE,5,617,586.15,2026-02-14,2026-03-02,Promo 2/2026,NO
D00017,P1968,PERCENTAGE,15,549,466.65,2025-12-31,2026-01-09,Promo 12/2025,NO
D00018,P0947,PERCENTAGE,5,980,931.0,2025-09-29,2025-10-18,Promo 9/2025,NO
D00019,P0598,PERCENTAGE,30,390,273.0,2025-12-05,2025-12-24,Promo 12/2025,NO
D00020,P0321,PERCENTAGE,15,215,182.75,2026-04-28,2026-05-16,Promo 4/2026,NO
D00021,P1552,PERCENTAGE,15,579,492.15,2026-09-14,2026-09-22,Promo 9/2026,NO
D00022,P0383,PERCENTAGE,20,145,116.0,2026-01-07,2026-01-21,Promo 1/2026,NO
D00023,P1477,PERCENTAGE,30,404,282.8,2026-05-05,2026-05-23,Promo 5/2026,NO
D00024,P0697,PERCENTAGE,25,517,387.75,2026-03-20,2026-04-17,Promo 3/2026,NO
D00025,P0383,PERCENTAGE,15,145,123.25,2026-03-02,2026-03-15,Promo 3/2026,NO
D00026,P1965,PERCENTAGE,30,848,593.6,2026-08-11,2026-08-18,Promo 8/2026,NO
D00027,P1370,PERCENTAGE,5,352,334.4,2026-08-09,2026-08-31,Promo 8/2026,NO
D00028,P0773,PERCENTAGE,15,436,370.6,2026-09-20,2026-10-10,Promo 9/2026,YES
D00029,P1623,PERCENTAGE,15,593,504.05,2026-06-26,2026-07-12,Promo 6/2026,NO
D00030,P1051,PERCENTAGE,25,236,177.0,2025-10-18,2025-11-10,Promo 10/2025,NO
D00031,P1035,PERCENTAGE,5,101,95.95,2026-01-01,2026-01-15,Promo 1/2026,NO
D00032,P1497,PERCENTAGE,5,643,610.85,2026-05-20,2026-06-07,Promo 5/2026,NO
D00033,P0495,PERCENTAGE,25,583,437.25,2026-02-19,2026-03-20,Promo 2/2026,NO
D00034,P1026,PERCENTAGE,25,365,273.75,2026-06-05,2026-06-17,Promo 6/2026,NO
D00035,P1701,PERCENTAGE,15,1100,935.0,2026-07-18,2026-08-04,Promo 7/2026,NO
D00036,P1486,PERCENTAGE,10,175,157.5,2026-03-19,2026-04-09,Promo 3/2026,NO
D00037,P1250,PERCENTAGE,30,469,328.3,2025-09-26,2025-10-04,Promo 9/2025,NO
D00038,P1380,PERCENTAGE,30,258,180.6,2025-11-16,2025-12-03,Promo 11/2025,NO
D00039,P0077,PERCENTAGE,15,506,430.1,2026-09-17,2026-10-15,Promo 9/2026,YES
D00040,P1309,PERCENTAGE,5,340,323.0,2026-07-15,2026-07-31,Promo 7/2026,NO
D00041,P0490,PERCENTAGE,10,229,206.1,2026-01-18,2026-01-31,Promo 1/2026,NO
D00042,P0428,PERCENTAGE,15,353,300.05,2025-12-29,2026-01-11,Promo 12/2025,NO
D00043,P1697,PERCENTAGE,25,241,180.75,2026-02-18,2026-03-05,Promo 2/2026,NO
D00044,P1203,PERCENTAGE,15,535,454.75,2026-01-27,2026-02-25,Promo 1/2026,NO
D00045,P0251,PERCENTAGE,20,378,302.4,2025-11-16,2025-12-16,Promo 11/2025,NO
D00046,P0455,PERCENTAGE,10,948,853.2,2026-08-19,2026-08-29,Promo 8/2026,NO
D00047,P0185,PERCENTAGE,5,239,227.05,2026-07-20,2026-08-18,Promo 7/2026,NO
D00048,P1229,PERCENTAGE,20,256,204.8,2026-09-07,2026-09-30,Promo 9/2026,YES
D00049,P0956,PERCENTAGE,30,625,437.5,2026-06-20,2026-06-30,Promo 6/2026,NO
D00050,P1115,PERCENTAGE,5,255,242.25,2026-01-23,2026-02-18,Promo 1/2026,NO
D00051,P1999,PERCENTAGE,10,254,228.6,2025-10-12,2025-10-26,Promo 10/2025,NO
D00052,P1216,PERCENTAGE,5,576,547.2,2026-02-09,2026-03-08,Promo 2/2026,NO
D00053,P1391,PERCENTAGE,10,228,205.2,2026-02-10,2026-03-04,Promo 2/2026,NO
D00054,P0444,PERCENTAGE,10,338,304.2,2025-12-21,2026-01-09,Promo 12/2025,NO
D00055,P1319,PERCENTAGE,15,385,327.25,2026-06-24,2026-07-08,Promo 6/2026,NO
D00056,P0081,PERCENTAGE,20,493,394.4,2026-07-19,2026-07-27,Promo 7/2026,NO
D00057,P1482,PERCENTAGE,5,506,480.7,2026-03-10,2026-03-19,Promo 3/2026,NO
D00058,P1881,PERCENTAGE,25,294,220.5,2026-01-03,2026-01-26,Promo 1/2026,NO
D00059,P1018,PERCENTAGE,15,979,832.15,2026-04-08,2026-04-27,Promo 4/2026,NO
D00060,P0196,PERCENTAGE,20,451,360.8,2026-07-15,2026-08-07,Promo 7/2026,NO
D00061,P1758,PERCENTAGE,20,159,127.2,2025-10-26,2025-11-19,Promo 10/2025,NO
D00062,P1476,PERCENTAGE,25,577,432.75,2026-06-24,2026-07-01,Promo 6/2026,NO
D00063,P0022,PERCENTAGE,10,297,267.3,2026-04-20,2026-05-03,Promo 4/2026,NO
D00064,P1681,PERCENTAGE,5,546,518.7,2026-08-08,2026-08-15,Promo 8/2026,NO
D00065,P1201,PERCENTAGE,5,265,251.75,2026-03-15,2026-04-01,Promo 3/2026,NO
D00066,P1595,PERCENTAGE,20,506,404.8,2026-07-29,2026-08-08,Promo 7/2026,NO
D00067,P1126,PERCENTAGE,10,555,499.5,2026-02-15,2026-03-13,Promo 2/2026,NO
D00068,P1073,PERCENTAGE,5,1683,1598.85,2026-07-25,2026-08-08,Promo 7/2026,NO
D00069,P1410,PERCENTAGE,20,490,392.0,2026-09-26,2026-10-13,Promo 9/2026,YES
D00070,P0968,PERCENTAGE,30,298,208.6,2026-01-12,2026-02-10,Promo 1/2026,NO
D00071,P1019,PERCENTAGE,15,570,484.5,2026-06-16,2026-07-16,Promo 6/2026,NO
D00072,P0581,PERCENTAGE,25,284,213.0,2025-10-02,2025-10-12,Promo 10/2025,NO
D00073,P1967,PERCENTAGE,30,114,79.8,2025-12-29,2026-01-18,Promo 12/2025,NO
D00074,P1878,PERCENTAGE,5,585,555.75,2026-08-31,2026-09-26,Promo 8/2026,NO
D00075,P1393,PERCENTAGE,10,450,405.0,2026-02-28,2026-03-19,Promo 2/2026,NO
D00076,P0754,PERCENTAGE,25,435,326.25,2026-08-13,2026-08-31,Promo 8/2026,NO
D00077,P0275,PERCENTAGE,5,309,293.55,2026-06-25,2026-07-04,Promo 6/2026,NO
D00078,P0638,PERCENTAGE,25,98,73.5,2026-01-09,2026-01-18,Promo 1/2026,NO
D00079,P1656,PERCENTAGE,5,588,558.6,2026-08-18,2026-09-10,Promo 8/2026,NO
D00080,P1310,PERCENTAGE,25,408,306.0,2026-09-01,2026-09-17,Promo 9/2026,NO
D00081,P0223,PERCENTAGE,25,222,166.5,2026-09-10,2026-09-26,Promo 9/2026,NO
D00082,P0463,PERCENTAGE,10,306,275.4,2026-04-12,2026-05-01,Promo 4/2026,NO
D00083,P1086,PERCENTAGE,20,624,499.2,2026-04-26,2026-05-13,Promo 4/2026,NO
D00084,P1717,PERCENTAGE,5,162,153.9,2025-11-22,2025-12-17,Promo 11/2025,NO
D00085,P0286,PERCENTAGE,20,550,440.0,2025-11-11,2025-11-24,Promo 11/2025,NO
D00086,P0350,PERCENTAGE,30,168,117.6,2026-02-09,2026-02-21,Promo 2/2026,NO
D00087,P1929,PERCENTAGE,10,551,495.9,2026-08-31,2026-09-26,Promo 8/2026,NO
D00088,P1233,PERCENTAGE,25,284,213.0,2026-07-01,2026-07-12,Promo 7/2026,NO
D00089,P0151,PERCENTAGE,10,231,207.9,2026-05-05,2026-05-26,Promo 5/2026,NO
D00090,P0564,PERCENTAGE,15,767,651.95,2026-03-20,2026-04-06,Promo 3/2026,NO
D00091,P0857,PERCENTAGE,5,420,399.0,2026-04-07,2026-04-16,Promo 4/2026,NO
D00092,P0523,PERCENTAGE,5,416,395.2,2025-12-31,2026-01-29,Promo 12/2025,NO
D00093,P1528,PERCENTAGE,30,345,241.5,2026-04-15,2026-05-01,Promo 4/2026,NO
D00094,P0267,PERCENTAGE,25,535,401.25,2026-02-16,2026-03-12,Promo 2/2026,NO
D00095,P0835,PERCENTAGE,30,635,444.5,2026-01-11,2026-01-19,Promo 1/2026,NO
D00096,P1699,PERCENTAGE,15,284,241.4,2026-09-25,2026-10-22,Promo 9/2026,YES
D00097,P0044,PERCENTAGE,15,287,243.95,2026-06-29,2026-07-13,Promo 6/2026,NO
D00098,P1009,PERCENTAGE,20,164,131.2,2026-02-28,2026-03-20,Promo 2/2026,NO
D00099,P0892,PERCENTAGE,30,295,206.5,2026-03-04,2026-03-12,Promo 3/2026,NO
D00100,P1064,PERCENTAGE,30,470,329.0,2025-11-24,2025-12-04,Promo 11/2025,NO
D00101,P0239,PERCENTAGE,30,391,273.7,2025-12-11,2025-12-22,Promo 12/2025,NO
D00102,P0874,PERCENTAGE,5,411,390.45,2025-11-14,2025-11-22,Promo 11/2025,NO
D00103,P1934,PERCENTAGE,10,450,405.0,2025-12-24,2026-01-01,Promo 12/2025,NO
D00104,P1066,PERCENTAGE,10,281,252.9,2026-03-11,2026-03-29,Promo 3/2026,NO
D00105,P0800,PERCENTAGE,20,1001,800.8,2025-10-10,2025-11-05,Promo 10/2025,NO
D00106,P0182,PERCENTAGE,5,667,633.65,2026-02-21,2026-03-12,Promo 2/2026,NO
D00107,P0316,PERCENTAGE,30,491,343.7,2026-03-01,2026-03-22,Promo 3/2026,NO
D00108,P0149,PERCENTAGE,15,374,317.9,2026-08-05,2026-09-04,Promo 8/2026,NO
D00109,P0436,PERCENTAGE,5,234,222.3,2026-03-25,2026-04-06,Promo 3/2026,NO
D00110,P1573,PERCENTAGE,10,1681,1512.9,2026-05-18,2026-06-02,Promo 5/2026,NO
D00111,P1839,PERCENTAGE,15,369,313.65,2026-07-24,2026-08-11,Promo 7/2026,NO
D00112,P0107,PERCENTAGE,20,201,160.8,2026-05-26,2026-06-18,Promo 5/2026,NO
D00113,P1127,PERCENTAGE,10,519,467.1,2026-04-19,2026-05-09,Promo 4/2026,NO
D00114,P1172,PERCENTAGE,5,274,260.3,2026-03-03,2026-03-25,Promo 3/2026,NO
D00115,P1283,PERCENTAGE,20,284,227.2,2026-01-14,2026-02-03,Promo 1/2026,NO
D00116,P1563,PERCENTAGE,25,236,177.0,2026-05-11,2026-06-07,Promo 5/2026,NO
D00117,P1849,PERCENTAGE,10,445,400.5,2025-10-24,2025-11-19,Promo 10/2025,NO
D00118,P0432,PERCENTAGE,25,422,316.5,2025-11-15,2025-11-30,Promo 11/2025,NO
D00119,P0595,PERCENTAGE,30,287,200.9,2026-02-17,2026-02-25,Promo 2/2026,NO
D00120,P0238,PERCENTAGE,10,220,198.0,2026-05-09,2026-05-25,Promo 5/2026,NO
D00121,P1836,PERCENTAGE,25,465,348.75,2026-01-24,2026-01-31,Promo 1/2026,NO
D00122,P1626,PERCENTAGE,25,359,269.25,2026-05-04,2026-05-25,Promo 5/2026,NO
D00123,P1598,PERCENTAGE,10,296,266.4,2026-08-09,2026-08-26,Promo 8/2026,NO
D00124,P0612,PERCENTAGE,10,393,353.7,2026-04-02,2026-04-24,Promo 4/2026,NO
D00125,P1768,PERCENTAGE,30,218,152.6,2026-09-14,2026-10-08,Promo 9/2026,YES
D00126,P1509,PERCENTAGE,25,143,107.25,2026-08-24,2026-09-04,Promo 8/2026,NO
D00127,P0835,PERCENTAGE,5,635,603.25,2026-09-05,2026-09-18,Promo 9/2026,NO
D00128,P0479,PERCENTAGE,30,328,229.6,2026-06-11,2026-06-29,Promo 6/2026,NO
D00129,P1259,PERCENTAGE,30,355,248.5,2026-09-12,2026-09-22,Promo 9/2026,NO
D00130,P0110,PERCENTAGE,5,414,393.3,2025-12-02,2025-12-30,Promo 12/2025,NO
D00131,P0759,PERCENTAGE,20,538,430.4,2025-11-17,2025-12-16,Promo 11/2025,NO
D00132,P1422,PERCENTAGE,5,365,346.75,2026-07-13,2026-08-08,Promo 7/2026,NO
D00133,P1684,PERCENTAGE,5,527,500.65,2025-10-15,2025-11-07,Promo 10/2025,NO
D00134,P0755,PERCENTAGE,25,492,369.0,2026-01-03,2026-01-28,Promo 1/2026,NO
D00135,P1450,PERCENTAGE,5,463,439.85,2025-12-07,2025-12-23,Promo 12/2025,NO
D00136,P0586,PERCENTAGE,25,292,219.0,2026-05-18,2026-05-30,Promo 5/2026,NO
D00137,P1915,PERCENTAGE,5,1641,1558.95,2026-04-17,2026-05-16,Promo 4/2026,NO
D00138,P0928,PERCENTAGE,15,549,466.65,2026-02-23,2026-03-20,Promo 2/2026,NO
D00139,P1654,PERCENTAGE,10,419,377.1,2025-12-06,2025-12-25,Promo 12/2025,NO
D00140,P1549,PERCENTAGE,25,241,180.75,2025-11-29,2025-12-28,Promo 11/2025,NO
D00141,P1174,PERCENTAGE,25,394,295.5,2026-03-04,2026-03-31,Promo 3/2026,NO
D00142,P0862,PERCENTAGE,25,242,181.5,2026-05-02,2026-05-27,Promo 5/2026,NO
D00143,P1655,PERCENTAGE,20,282,225.6,2026-05-24,2026-06-21,Promo 5/2026,NO
D00144,P0608,PERCENTAGE,25,383,287.25,2025-11-15,2025-12-12,Promo 11/2025,NO
D00145,P1239,PERCENTAGE,25,314,235.5,2025-09-30,2025-10-30,Promo 9/2025,NO
D00146,P1495,PERCENTAGE,30,224,156.8,2026-02-22,2026-03-22,Promo 2/2026,NO
D00147,P1559,PERCENTAGE,20,553,442.4,2026-03-06,2026-03-15,Promo 3/2026,NO
D00148,P1821,PERCENTAGE,25,304,228.0,2026-02-27,2026-03-15,Promo 2/2026,NO
D00149,P0298,PERCENTAGE,25,437,327.75,2025-10-24,2025-11-11,Promo 10/2025,NO
D00150,P1187,PERCENTAGE,20,504,403.2,2026-03-21,2026-04-17,Promo 3/2026,NO
D00151,P1950,PERCENTAGE,25,515,386.25,2026-09-22,2026-10-06,Promo 9/2026,YES
D00152,P0301,PERCENTAGE,15,339,288.15,2026-05-05,2026-05-30,Promo 5/2026,NO
D00153,P0211,PERCENTAGE,15,279,237.15,2026-05-10,2026-05-17,Promo 5/2026,NO
D00154,P1582,PERCENTAGE,25,825,618.75,2026-03-03,2026-03-19,Promo 3/2026,NO
D00155,P1167,PERCENTAGE,25,564,423.0,2025-12-03,2025-12-16,Promo 12/2025,NO
D00156,P1953,PERCENTAGE,10,509,458.1,2025-12-08,2025-12-21,Promo 12/2025,NO
D00157,P0222,PERCENTAGE,10,630,567.0,2026-09-07,2026-09-21,Promo 9/2026,NO
D00158,P0603,PERCENTAGE,10,599,539.1,2026-02-06,2026-02-26,Promo 2/2026,NO
D00159,P0828,PERCENTAGE,25,137,102.75,2026-02-19,2026-03-15,Promo 2/2026,NO
D00160,P1968,PERCENTAGE,5,549,521.55,2026-05-21,2026-06-10,Promo 5/2026,NO
D00161,P1275,PERCENTAGE,30,254,177.8,2026-05-13,2026-05-20,Promo 5/2026,NO
D00162,P1143,PERCENTAGE,20,283,226.4,2026-09-13,2026-09-24,Promo 9/2026,NO
D00163,P0816,PERCENTAGE,30,322,225.4,2026-09-06,2026-09-16,Promo 9/2026,NO
D00164,P0937,PERCENTAGE,20,1084,867.2,2026-05-17,2026-05-24,Promo 5/2026,NO
D00165,P1315,PERCENTAGE,20,288,230.4,2026-06-08,2026-06-20,Promo 6/2026,NO
D00166,P1535,PERCENTAGE,10,872,784.8,2026-08-10,2026-08-26,Promo 8/2026,NO
D00167,P1151,PERCENTAGE,30,175,122.5,2025-11-24,2025-12-08,Promo 11/2025,NO
D00168,P1065,PERCENTAGE,25,401,300.75,2026-05-12,2026-05-26,Promo 5/2026,NO
D00169,P0668,PERCENTAGE,30,458,320.6,2026-09-16,2026-10-14,Promo 9/2026,YES
D00170,P1234,PERCENTAGE,15,580,493.0,2026-07-09,2026-08-05,Promo 7/2026,NO
D00171,P0500,PERCENTAGE,25,296,222.0,2026-05-18,2026-05-29,Promo 5/2026,NO
D00172,P1347,PERCENTAGE,25,547,410.25,2026-07-30,2026-08-06,Promo 7/2026,NO
D00173,P1713,PERCENTAGE,15,382,324.7,2026-07-08,2026-07-15,Promo 7/2026,NO
D00174,P1838,PERCENTAGE,15,522,443.7,2026-04-26,2026-05-16,Promo 4/2026,NO
D00175,P1818,PERCENTAGE,30,148,103.6,2025-12-31,2026-01-10,Promo 12/2025,NO
D00176,P0292,PERCENTAGE,30,525,367.5,2025-12-18,2026-01-12,Promo 12/2025,NO
D00177,P1250,PERCENTAGE,20,469,375.2,2026-01-28,2026-02-14,Promo 1/2026,NO
D00178,P0062,PERCENTAGE,25,426,319.5,2026-07-14,2026-07-25,Promo 7/2026,NO
D00179,P0832,PERCENTAGE,25,325,243.75,2026-04-28,2026-05-16,Promo 4/2026,NO
D00180,P1116,PERCENTAGE,30,300,210.0,2026-07-08,2026-07-19,Promo 7/2026,NO
D00181,P0890,PERCENTAGE,30,717,501.9,2026-03-30,2026-04-14,Promo 3/2026,NO
D00182,P0192,PERCENTAGE,25,590,442.5,2026-08-27,2026-09-15,Promo 8/2026,NO
D00183,P1174,PERCENTAGE,20,394,315.2,2026-02-28,2026-03-18,Promo 2/2026,NO
D00184,P0834,PERCENTAGE,30,368,257.6,2026-04-29,2026-05-08,Promo 4/2026,NO
D00185,P1892,PERCENTAGE,10,302,271.8,2026-04-13,2026-04-20,Promo 4/2026,NO
D00186,P1151,PERCENTAGE,20,175,140.0,2026-03-25,2026-04-14,Promo 3/2026,NO
D00187,P0202,PERCENTAGE,30,343,240.1,2026-06-28,2026-07-26,Promo 6/2026,NO
D00188,P1807,PERCENTAGE,10,580,522.0,2026-04-06,2026-04-19,Promo 4/2026,NO
D00189,P1654,PERCENTAGE,25,419,314.25,2026-03-20,2026-04-06,Promo 3/2026,NO
D00190,P1171,PERCENTAGE,15,269,228.65,2026-05-21,2026-05-31,Promo 5/2026,NO
D00191,P0516,PERCENTAGE,10,261,234.9,2025-12-07,2025-12-22,Promo 12/2025,NO
D00192,P0817,PERCENTAGE,25,907,680.25,2026-02-17,2026-02-28,Promo 2/2026,NO
D00193,P0493,PERCENTAGE,25,262,196.5,2026-09-16,2026-10-02,Promo 9/2026,YES
D00194,P1741,PERCENTAGE,25,1282,961.5,2026-07-26,2026-08-10,Promo 7/2026,NO
D00195,P1283,PERCENTAGE,5,284,269.8,2026-03-13,2026-03-20,Promo 3/2026,NO
D00196,P1706,PERCENTAGE,10,375,337.5,2025-09-30,2025-10-22,Promo 9/2025,NO
D00197,P1541,PERCENTAGE,10,486,437.4,2026-01-20,2026-01-27,Promo 1/2026,NO
D00198,P0014,PERCENTAGE,30,478,334.6,2025-11-12,2025-12-05,Promo 11/2025,NO
D00199,P0890,PERCENTAGE,25,717,537.75,2025-12-30,2026-01-18,Promo 12/2025,NO
D00200,P1859,PERCENTAGE,20,395,316.0,2026-01-02,2026-01-11,Promo 1/2026,NO
D00201,P0113,PERCENTAGE,5,486,461.7,2026-04-17,2026-05-06,Promo 4/2026,NO
D00202,P1032,PERCENTAGE,10,985,886.5,2025-12-02,2025-12-11,Promo 12/2025,NO
D00203,P0167,PERCENTAGE,30,261,182.7,2025-10-14,2025-10-27,Promo 10/2025,NO
D00204,P1668,PERCENTAGE,25,318,238.5,2026-04-17,2026-05-04,Promo 4/2026,NO
D00205,P1687,PERCENTAGE,5,469,445.55,2026-08-28,2026-09-05,Promo 8/2026,NO
D00206,P1937,PERCENTAGE,5,453,430.35,2026-08-05,2026-08-24,Promo 8/2026,NO
D00207,P1081,PERCENTAGE,5,525,498.75,2026-01-01,2026-01-27,Promo 1/2026,NO
D00208,P1328,PERCENTAGE,15,362,307.7,2026-09-08,2026-09-17,Promo 9/2026,NO
D00209,P0601,PERCENTAGE,30,328,229.6,2026-05-20,2026-06-15,Promo 5/2026,NO
D00210,P0150,PERCENTAGE,30,282,197.4,2026-08-07,2026-08-24,Promo 8/2026,NO
D00211,P0112,PERCENTAGE,20,960,768.0,2025-12-30,2026-01-19,Promo 12/2025,NO
D00212,P1585,PERCENTAGE,10,431,387.9,2025-11-02,2025-11-29,Promo 11/2025,NO
D00213,P1069,PERCENTAGE,10,417,375.3,2026-01-31,2026-02-25,Promo 1/2026,NO
D00214,P1945,PERCENTAGE,20,275,220.0,2025-12-12,2026-01-08,Promo 12/2025,NO
D00215,P0843,PERCENTAGE,30,449,314.3,2026-05-18,2026-05-29,Promo 5/2026,NO
D00216,P0104,PERCENTAGE,30,474,331.8,2026-04-19,2026-05-07,Promo 4/2026,NO
D00217,P0452,PERCENTAGE,30,269,188.3,2026-07-12,2026-07-27,Promo 7/2026,NO
D00218,P0554,PERCENTAGE,5,294,279.3,2025-12-08,2025-12-30,Promo 12/2025,NO
D00219,P0903,PERCENTAGE,20,452,361.6,2026-07-19,2026-08-14,Promo 7/2026,NO
D00220,P0577,PERCENTAGE,20,349,279.2,2026-05-16,2026-05-28,Promo 5/2026,NO
D00221,P0120,PERCENTAGE,30,586,410.2,2025-10-28,2025-11-18,Promo 10/2025,NO
D00222,P1814,PERCENTAGE,10,536,482.4,2025-11-25,2025-12-25,Promo 11/2025,NO
D00223,P0826,PERCENTAGE,20,420,336.0,2025-11-13,2025-12-11,Promo 11/2025,NO
D00224,P0267,PERCENTAGE,25,535,401.25,2026-03-01,2026-03-12,Promo 3/2026,NO
D00225,P0706,PERCENTAGE,5,509,483.55,2025-09-29,2025-10-23,Promo 9/2025,NO
D00226,P1636,PERCENTAGE,5,259,246.05,2025-10-07,2025-11-06,Promo 10/2025,NO
D00227,P1787,PERCENTAGE,20,641,512.8,2025-09-27,2025-10-27,Promo 9/2025,NO
D00228,P1281,PERCENTAGE,20,304,243.2,2026-09-09,2026-09-28,Promo 9/2026,YES
D00229,P1891,PERCENTAGE,5,542,514.9,2025-10-21,2025-11-02,Promo 10/2025,NO
D00230,P1158,PERCENTAGE,30,241,168.7,2026-01-16,2026-02-11,Promo 1/2026,NO
D00231,P0137,PERCENTAGE,15,322,273.7,2026-01-19,2026-01-26,Promo 1/2026,NO
D00232,P0814,PERCENTAGE,25,597,447.75,2025-10-15,2025-11-12,Promo 10/2025,NO
D00233,P1093,PERCENTAGE,15,206,175.1,2026-06-06,2026-06-15,Promo 6/2026,NO
D00234,P1988,PERCENTAGE,10,393,353.7,2026-06-08,2026-06-21,Promo 6/2026,NO
D00235,P0416,PERCENTAGE,20,519,415.2,2026-06-24,2026-07-08,Promo 6/2026,NO
D00236,P0183,PERCENTAGE,10,221,198.9,2026-03-26,2026-04-12,Promo 3/2026,NO
D00237,P0733,PERCENTAGE,30,548,383.6,2026-09-22,2026-10-04,Promo 9/2026,YES
D00238,P0415,PERCENTAGE,15,957,813.45,2026-02-27,2026-03-18,Promo 2/2026,NO
D00239,P0223,PERCENTAGE,20,222,177.6,2025-11-22,2025-12-16,Promo 11/2025,NO
D00240,P1899,PERCENTAGE,5,307,291.65,2026-08-18,2026-09-08,Promo 8/2026,NO
D00241,P0022,PERCENTAGE,10,297,267.3,2026-05-23,2026-06-04,Promo 5/2026,NO
D00242,P1389,PERCENTAGE,5,539,512.05,2026-07-04,2026-07-13,Promo 7/2026,NO
D00243,P1235,PERCENTAGE,10,340,306.0,2026-07-13,2026-07-20,Promo 7/2026,NO
D00244,P0778,PERCENTAGE,5,230,218.5,2025-10-22,2025-11-05,Promo 10/2025,NO
D00245,P1537,PERCENTAGE,20,358,286.4,2026-07-30,2026-08-13,Promo 7/2026,NO
D00246,P1690,PERCENTAGE,25,562,421.5,2026-01-22,2026-02-19,Promo 1/2026,NO
D00247,P0651,PERCENTAGE,10,358,322.2,2026-07-10,2026-07-31,Promo 7/2026,NO
D00248,P1016,PERCENTAGE,25,251,188.25,2026-06-06,2026-07-01,Promo 6/2026,NO
D00249,P2000,PERCENTAGE,15,411,349.35,2026-06-09,2026-06-28,Promo 6/2026,NO
D00250,P0249,PERCENTAGE,10,474,426.6,2025-12-23,2026-01-05,Promo 12/2025,NO
D00251,P0917,PERCENTAGE,5,614,583.3,2026-08-23,2026-09-20,Promo 8/2026,NO
D00252,P1117,PERCENTAGE,15,434,368.9,2025-10-09,2025-10-25,Promo 10/2025,NO
D00253,P0542,PERCENTAGE,25,345,258.75,2026-08-30,2026-09-07,Promo 8/2026,NO
D00254,P1487,PERCENTAGE,10,320,288.0,2026-01-14,2026-02-08,Promo 1/2026,NO
D00255,P0662,PERCENTAGE,5,491,466.45,2026-07-06,2026-07-17,Promo 7/2026,NO
D00256,P1770,PERCENTAGE,20,296,236.8,2026-09-24,2026-10-10,Promo 9/2026,YES
D00257,P1046,PERCENTAGE,5,380,361.0,2026-05-03,2026-05-13,Promo 5/2026,NO
D00258,P0884,PERCENTAGE,15,588,499.8,2025-10-23,2025-11-08,Promo 10/2025,NO
D00259,P0109,PERCENTAGE,10,976,878.4,2025-12-19,2026-01-09,Promo 12/2025,NO
D00260,P0420,PERCENTAGE,30,268,187.6,2026-01-20,2026-02-04,Promo 1/2026,NO
D00261,P1704,PERCENTAGE,5,569,540.55,2025-11-10,2025-11-29,Promo 11/2025,NO
D00262,P0964,PERCENTAGE,25,294,220.5,2025-10-02,2025-10-12,Promo 10/2025,NO
D00263,P1900,PERCENTAGE,10,567,510.3,2025-12-14,2026-01-04,Promo 12/2025,NO
D00264,P1518,PERCENTAGE,20,359,287.2,2026-04-14,2026-05-12,Promo 4/2026,NO
D00265,P1052,PERCENTAGE,10,199,179.1,2026-08-07,2026-08-19,Promo 8/2026,NO
D00266,P0154,PERCENTAGE,5,222,210.9,2026-05-07,2026-05-19,Promo 5/2026,NO
D00267,P1309,PERCENTAGE,5,340,323.0,2026-04-06,2026-04-28,Promo 4/2026,NO
D00268,P1832,PERCENTAGE,25,285,213.75,2026-01-28,2026-02-21,Promo 1/2026,NO
D00269,P1695,PERCENTAGE,10,800,720.0,2025-11-24,2025-12-04,Promo 11/2025,NO
D00270,P1287,PERCENTAGE,10,344,309.6,2026-09-10,2026-09-25,Promo 9/2026,NO
D00271,P1064,PERCENTAGE,20,470,376.0,2026-05-30,2026-06-11,Promo 5/2026,NO
D00272,P1173,PERCENTAGE,25,260,195.0,2026-08-19,2026-09-05,Promo 8/2026,NO
D00273,P1505,PERCENTAGE,20,330,264.0,2026-04-25,2026-05-25,Promo 4/2026,NO
D00274,P1407,PERCENTAGE,25,315,236.25,2026-03-27,2026-04-17,Promo 3/2026,NO
D00275,P0479,PERCENTAGE,20,328,262.4,2025-11-16,2025-11-30,Promo 11/2025,NO
D00276,P1792,PERCENTAGE,25,623,467.25,2025-10-08,2025-10-22,Promo 10/2025,NO
D00277,P1796,PERCENTAGE,5,1032,980.4,2026-05-13,2026-06-05,Promo 5/2026,NO
D00278,P0363,PERCENTAGE,25,278,208.5,2026-05-22,2026-06-19,Promo 5/2026,NO
D00279,P0653,PERCENTAGE,20,531,424.8,2026-04-23,2026-04-30,Promo 4/2026,NO
D00280,P0694,PERCENTAGE,10,463,416.7,2026-03-13,2026-04-07,Promo 3/2026,NO
D00281,P1537,PERCENTAGE,20,358,286.4,2026-06-03,2026-07-03,Promo 6/2026,NO
D00282,P0047,PERCENTAGE,20,226,180.8,2026-01-31,2026-03-01,Promo 1/2026,NO
D00283,P1206,PERCENTAGE,25,357,267.75,2026-08-15,2026-09-14,Promo 8/2026,NO
D00284,P1304,PERCENTAGE,20,330,264.0,2026-06-13,2026-07-02,Promo 6/2026,NO
D00285,P1395,PERCENTAGE,5,304,288.8,2026-02-22,2026-03-15,Promo 2/2026,NO
D00286,P0980,PERCENTAGE,30,481,336.7,2026-01-19,2026-01-27,Promo 1/2026,NO
D00287,P0825,PERCENTAGE,20,150,120.0,2025-11-27,2025-12-11,Promo 11/2025,NO
D00288,P1844,PERCENTAGE,20,477,381.6,2026-07-11,2026-08-03,Promo 7/2026,NO
D00289,P1598,PERCENTAGE,10,296,266.4,2026-07-28,2026-08-04,Promo 7/2026,NO
D00290,P0748,PERCENTAGE,5,430,408.5,2026-06-12,2026-07-01,Promo 6/2026,NO
D00291,P1108,PERCENTAGE,10,588,529.2,2026-09-25,2026-10-04,Promo 9/2026,YES
D00292,P1350,PERCENTAGE,10,325,292.5,2026-06-23,2026-07-05,Promo 6/2026,NO
D00293,P0459,PERCENTAGE,30,650,455.0,2025-11-17,2025-12-05,Promo 11/2025,NO
D00294,P0672,PERCENTAGE,30,399,279.3,2026-01-19,2026-01-31,Promo 1/2026,NO
D00295,P0177,PERCENTAGE,20,241,192.8,2026-09-13,2026-10-11,Promo 9/2026,YES
D00296,P1789,PERCENTAGE,30,323,226.1,2025-09-30,2025-10-18,Promo 9/2025,NO
D00297,P0031,PERCENTAGE,15,313,266.05,2026-01-31,2026-02-24,Promo 1/2026,NO
D00298,P0917,PERCENTAGE,5,614,583.3,2026-05-25,2026-06-22,Promo 5/2026,NO
D00299,P0543,PERCENTAGE,20,516,412.8,2026-06-28,2026-07-23,Promo 6/2026,NO
D00300,P0308,PERCENTAGE,30,639,447.3,2026-06-05,2026-06-14,Promo 6/2026,NO
D00301,P1071,PERCENTAGE,30,331,231.7,2025-11-23,2025-12-05,Promo 11/2025,NO
D00302,P0149,PERCENTAGE,25,374,280.5,2025-10-17,2025-10-28,Promo 10/2025,NO
D00303,P0671,PERCENTAGE,25,320,240.0,2026-04-15,2026-05-04,Promo 4/2026,NO
D00304,P1985,PERCENTAGE,20,332,265.6,2025-12-05,2025-12-31,Promo 12/2025,NO
D00305,P1956,PERCENTAGE,5,306,290.7,2025-12-25,2026-01-18,Promo 12/2025,NO
D00306,P1210,PERCENTAGE,25,437,327.75,2026-02-03,2026-03-03,Promo 2/2026,NO
D00307,P0550,PERCENTAGE,10,501,450.9,2026-08-14,2026-09-03,Promo 8/2026,NO
D00308,P1277,PERCENTAGE,25,557,417.75,2025-12-25,2026-01-18,Promo 12/2025,NO
D00309,P0592,PERCENTAGE,25,260,195.0,2025-10-08,2025-10-15,Promo 10/2025,NO
D00310,P1952,PERCENTAGE,10,371,333.9,2026-05-05,2026-05-16,Promo 5/2026,NO
D00311,P1828,PERCENTAGE,5,455,432.25,2026-09-23,2026-10-10,Promo 9/2026,YES
D00312,P1636,PERCENTAGE,5,259,246.05,2026-04-02,2026-04-28,Promo 4/2026,NO
D00313,P1417,PERCENTAGE,30,221,154.7,2026-03-10,2026-03-24,Promo 3/2026,NO
D00314,P1357,PERCENTAGE,25,481,360.75,2026-03-11,2026-03-31,Promo 3/2026,NO
D00315,P1997,PERCENTAGE,30,238,166.6,2026-05-20,2026-06-15,Promo 5/2026,NO
D00316,P1468,PERCENTAGE,30,587,410.9,2026-09-26,2026-10-11,Promo 9/2026,YES
D00317,P1040,PERCENTAGE,15,265,225.25,2026-08-02,2026-08-29,Promo 8/2026,NO
D00318,P0267,PERCENTAGE,15,535,454.75,2025-11-04,2025-11-30,Promo 11/2025,NO
D00319,P0692,PERCENTAGE,30,133,93.1,2026-05-25,2026-06-20,Promo 5/2026,NO
D00320,P1049,PERCENTAGE,25,440,330.0,2026-01-05,2026-02-01,Promo 1/2026,NO
D00321,P0136,PERCENTAGE,30,491,343.7,2026-04-30,2026-05-09,Promo 4/2026,NO
D00322,P0581,PERCENTAGE,15,284,241.4,2026-09-12,2026-10-03,Promo 9/2026,YES
D00323,P1283,PERCENTAGE,25,284,213.0,2026-05-24,2026-06-16,Promo 5/2026,NO
D00324,P0938,PERCENTAGE,5,689,654.55,2026-02-28,2026-03-29,Promo 2/2026,NO
D00325,P1342,PERCENTAGE,20,1013,810.4,2025-11-13,2025-11-22,Promo 11/2025,NO
D00326,P0732,PERCENTAGE,10,357,321.3,2026-09-16,2026-09-30,Promo 9/2026,YES
D00327,P1834,PERCENTAGE,25,538,403.5,2026-09-25,2026-10-14,Promo 9/2026,YES
D00328,P0917,PERCENTAGE,20,614,491.2,2026-05-04,2026-05-26,Promo 5/2026,NO
D00329,P0402,PERCENTAGE,25,646,484.5,2026-09-26,2026-10-24,Promo 9/2026,YES
D00330,P0383,PERCENTAGE,5,145,137.75,2026-08-13,2026-09-08,Promo 8/2026,NO
D00331,P0926,PERCENTAGE,15,492,418.2,2026-07-24,2026-08-12,Promo 7/2026,NO
D00332,P1598,PERCENTAGE,5,296,281.2,2026-04-25,2026-05-21,Promo 4/2026,NO
D00333,P0131,PERCENTAGE,30,331,231.7,2026-09-18,2026-10-15,Promo 9/2026,YES
D00334,P1360,PERCENTAGE,20,269,215.2,2026-08-09,2026-08-31,Promo 8/2026,NO
D00335,P1251,PERCENTAGE,25,319,239.25,2025-10-09,2025-10-31,Promo 10/2025,NO
D00336,P0788,PERCENTAGE,25,220,165.0,2026-06-05,2026-06-16,Promo 6/2026,NO
D00337,P1756,PERCENTAGE,25,376,282.0,2026-08-24,2026-09-18,Promo 8/2026,NO
D00338,P1875,PERCENTAGE,20,616,492.8,2026-02-16,2026-03-11,Promo 2/2026,NO
D00339,P1019,PERCENTAGE,30,570,399.0,2026-03-01,2026-03-12,Promo 3/2026,NO
D00340,P1715,PERCENTAGE,10,229,206.1,2026-04-21,2026-05-08,Promo 4/2026,NO
D00341,P1058,PERCENTAGE,25,450,337.5,2025-11-16,2025-11-29,Promo 11/2025,NO
D00342,P1012,PERCENTAGE,30,543,380.1,2026-09-02,2026-09-10,Promo 9/2026,NO
D00343,P1620,PERCENTAGE,30,346,242.2,2025-09-27,2025-10-21,Promo 9/2025,NO
D00344,P0652,PERCENTAGE,30,415,290.5,2025-10-29,2025-11-21,Promo 10/2025,NO
D00345,P0002,PERCENTAGE,20,188,150.4,2026-03-29,2026-04-25,Promo 3/2026,NO
D00346,P0382,PERCENTAGE,30,383,268.1,2026-06-08,2026-07-05,Promo 6/2026,NO
D00347,P1623,PERCENTAGE,10,593,533.7,2026-02-14,2026-03-04,Promo 2/2026,NO
D00348,P0107,PERCENTAGE,30,201,140.7,2025-12-30,2026-01-14,Promo 12/2025,NO
D00349,P1809,PERCENTAGE,5,186,176.7,2026-05-27,2026-06-24,Promo 5/2026,NO
D00350,P1833,PERCENTAGE,15,229,194.65,2026-09-24,2026-10-13,Promo 9/2026,YES
D00351,P0781,PERCENTAGE,30,369,258.3,2025-09-27,2025-10-23,Promo 9/2025,NO
D00352,P0680,PERCENTAGE,30,362,253.4,2026-03-19,2026-04-09,Promo 3/2026,NO
D00353,P1166,PERCENTAGE,5,270,256.5,2026-05-23,2026-05-30,Promo 5/2026,NO
D00354,P1379,PERCENTAGE,5,555,527.25,2026-03-03,2026-03-15,Promo 3/2026,NO
D00355,P0573,PERCENTAGE,25,625,468.75,2026-03-03,2026-03-15,Promo 3/2026,NO
D00356,P1595,PERCENTAGE,30,506,354.2,2025-11-04,2025-11-21,Promo 11/2025,NO
D00357,P1746,PERCENTAGE,15,942,800.7,2026-09-24,2026-10-09,Promo 9/2026,YES
D00358,P0515,PERCENTAGE,10,921,828.9,2026-04-18,2026-05-11,Promo 4/2026,NO
D00359,P0806,PERCENTAGE,20,532,425.6,2026-03-12,2026-04-06,Promo 3/2026,NO
D00360,P0808,PERCENTAGE,10,234,210.6,2026-05-06,2026-05-17,Promo 5/2026,NO
D00361,P0723,PERCENTAGE,25,272,204.0,2026-02-02,2026-02-18,Promo 2/2026,NO
D00362,P0381,PERCENTAGE,30,299,209.3,2026-03-31,2026-04-14,Promo 3/2026,NO
D00363,P1299,PERCENTAGE,10,751,675.9,2025-11-24,2025-12-22,Promo 11/2025,NO
D00364,P1091,PERCENTAGE,30,312,218.4,2026-07-17,2026-08-11,Promo 7/2026,NO
D00365,P1735,PERCENTAGE,15,268,227.8,2026-07-19,2026-08-07,Promo 7/2026,NO
D00366,P1701,PERCENTAGE,10,1100,990.0,2026-06-06,2026-06-19,Promo 6/2026,NO
D00367,P1119,PERCENTAGE,25,421,315.75,2026-09-16,2026-09-26,Promo 9/2026,NO
D00368,P0697,PERCENTAGE,20,517,413.6,2026-07-07,2026-07-19,Promo 7/2026,NO
D00369,P0534,PERCENTAGE,5,403,382.85,2026-06-02,2026-06-30,Promo 6/2026,NO
D00370,P1394,PERCENTAGE,15,459,390.15,2026-07-22,2026-08-03,Promo 7/2026,NO
D00371,P1092,PERCENTAGE,15,611,519.35,2026-01-16,2026-02-15,Promo 1/2026,NO
D00372,P1910,PERCENTAGE,20,283,226.4,2026-08-21,2026-09-02,Promo 8/2026,NO
D00373,P1872,PERCENTAGE,15,288,244.8,2026-08-20,2026-09-08,Promo 8/2026,NO
D00374,P0344,PERCENTAGE,25,361,270.75,2025-09-28,2025-10-10,Promo 9/2025,NO
D00375,P0827,PERCENTAGE,25,579,434.25,2026-01-24,2026-02-07,Promo 1/2026,NO
D00376,P1779,PERCENTAGE,30,256,179.2,2025-12-31,2026-01-14,Promo 12/2025,NO
D00377,P0704,PERCENTAGE,25,357,267.75,2026-07-31,2026-08-26,Promo 7/2026,NO
D00378,P1601,PERCENTAGE,30,276,193.2,2026-09-25,2026-10-13,Promo 9/2026,YES
D00379,P0210,PERCENTAGE,10,279,251.1,2026-01-23,2026-02-15,Promo 1/2026,NO
D00380,P0218,PERCENTAGE,25,243,182.25,2026-04-04,2026-05-03,Promo 4/2026,NO
D00381,P0802,PERCENTAGE,15,904,768.4,2026-01-04,2026-01-22,Promo 1/2026,NO
D00382,P0053,PERCENTAGE,30,309,216.3,2025-11-11,2025-12-03,Promo 11/2025,NO
D00383,P1063,PERCENTAGE,15,73,62.05,2026-06-29,2026-07-18,Promo 6/2026,NO
D00384,P1945,PERCENTAGE,25,275,206.25,2025-11-28,2025-12-15,Promo 11/2025,NO
D00385,P0033,PERCENTAGE,25,1633,1224.75,2026-01-27,2026-02-13,Promo 1/2026,NO
D00386,P1549,PERCENTAGE,20,241,192.8,2025-12-22,2026-01-19,Promo 12/2025,NO
D00387,P0589,PERCENTAGE,15,481,408.85,2025-10-24,2025-11-07,Promo 10/2025,NO
D00388,P0016,PERCENTAGE,10,484,435.6,2026-06-08,2026-06-24,Promo 6/2026,NO
D00389,P1287,PERCENTAGE,25,344,258.0,2025-12-10,2025-12-20,Promo 12/2025,NO
D00390,P1798,PERCENTAGE,30,972,680.4,2026-04-01,2026-04-24,Promo 4/2026,NO
D00391,P1689,PERCENTAGE,25,830,622.5,2026-06-09,2026-06-18,Promo 6/2026,NO
D00392,P1898,PERCENTAGE,5,305,289.75,2026-05-24,2026-06-15,Promo 5/2026,NO
D00393,P1227,PERCENTAGE,20,209,167.2,2026-01-26,2026-02-07,Promo 1/2026,NO
D00394,P0097,PERCENTAGE,10,301,270.9,2026-08-22,2026-09-14,Promo 8/2026,NO
D00395,P1707,PERCENTAGE,30,578,404.6,2026-03-02,2026-03-19,Promo 3/2026,NO
D00396,P1192,PERCENTAGE,10,535,481.5,2025-11-02,2025-11-17,Promo 11/2025,NO
D00397,P1625,PERCENTAGE,5,222,210.9,2025-09-30,2025-10-09,Promo 9/2025,NO
D00398,P1718,PERCENTAGE,15,557,473.45,2025-10-16,2025-10-29,Promo 10/2025,NO
D00399,P0808,PERCENTAGE,15,234,198.9,2026-04-06,2026-04-15,Promo 4/2026,NO
D00400,P0667,PERCENTAGE,15,553,470.05,2026-04-04,2026-04-25,Promo 4/2026,NO
D00401,P0221,PERCENTAGE,15,433,368.05,2026-04-06,2026-04-23,Promo 4/2026,NO
D00402,P0415,PERCENTAGE,5,957,909.15,2025-12-11,2025-12-24,Promo 12/2025,NO
D00403,P1493,PERCENTAGE,10,416,374.4,2026-06-02,2026-06-20,Promo 6/2026,NO
D00404,P1269,PERCENTAGE,10,212,190.8,2025-11-30,2025-12-20,Promo 11/2025,NO
D00405,P0975,PERCENTAGE,30,378,264.6,2025-10-24,2025-11-16,Promo 10/2025,NO
D00406,P0200,PERCENTAGE,10,269,242.1,2026-04-06,2026-04-26,Promo 4/2026,NO
D00407,P0917,PERCENTAGE,15,614,521.9,2026-02-08,2026-02-16,Promo 2/2026,NO
D00408,P0033,PERCENTAGE,25,1633,1224.75,2025-10-20,2025-11-04,Promo 10/2025,NO
D00409,P1952,PERCENTAGE,10,371,333.9,2025-12-22,2026-01-20,Promo 12/2025,NO
D00410,P1771,PERCENTAGE,30,320,224.0,2026-03-07,2026-03-17,Promo 3/2026,NO
D00411,P0581,PERCENTAGE,5,284,269.8,2025-10-29,2025-11-06,Promo 10/2025,NO
D00412,P1590,PERCENTAGE,15,422,358.7,2026-07-17,2026-07-29,Promo 7/2026,NO
D00413,P0936,PERCENTAGE,20,464,371.2,2026-05-07,2026-06-02,Promo 5/2026,NO
D00414,P1084,PERCENTAGE,5,573,544.35,2026-07-18,2026-08-16,Promo 7/2026,NO
D00415,P1212,PERCENTAGE,25,870,652.5,2026-06-10,2026-07-02,Promo 6/2026,NO
D00416,P1150,PERCENTAGE,5,378,359.1,2025-12-04,2025-12-30,Promo 12/2025,NO
D00417,P1501,PERCENTAGE,10,683,614.7,2025-10-13,2025-11-04,Promo 10/2025,NO
D00418,P0014,PERCENTAGE,15,478,406.3,2025-11-21,2025-12-09,Promo 11/2025,NO
D00419,P0266,PERCENTAGE,10,582,523.8,2026-06-22,2026-07-15,Promo 6/2026,NO
D00420,P1079,PERCENTAGE,25,450,337.5,2026-02-02,2026-02-20,Promo 2/2026,NO
D00421,P0824,PERCENTAGE,10,473,425.7,2026-08-15,2026-08-26,Promo 8/2026,NO
D00422,P1916,PERCENTAGE,15,625,531.25,2026-05-25,2026-06-18,Promo 5/2026,NO
D00423,P1658,PERCENTAGE,20,433,346.4,2026-07-12,2026-08-01,Promo 7/2026,NO
D00424,P0120,PERCENTAGE,15,586,498.1,2026-08-16,2026-09-10,Promo 8/2026,NO
D00425,P1038,PERCENTAGE,20,430,344.0,2026-05-10,2026-05-31,Promo 5/2026,NO
D00426,P1104,PERCENTAGE,20,365,292.0,2026-05-16,2026-05-31,Promo 5/2026,NO
D00427,P0612,PERCENTAGE,10,393,353.7,2026-07-03,2026-07-14,Promo 7/2026,NO
D00428,P1010,PERCENTAGE,30,610,427.0,2025-10-23,2025-11-09,Promo 10/2025,NO
D00429,P1045,PERCENTAGE,15,563,478.55,2026-05-13,2026-06-12,Promo 5/2026,NO
D00430,P1830,PERCENTAGE,30,1251,875.7,2025-12-12,2025-12-27,Promo 12/2025,NO
D00431,P1109,PERCENTAGE,30,653,457.1,2026-04-14,2026-05-01,Promo 4/2026,NO
D00432,P1501,PERCENTAGE,25,683,512.25,2026-04-02,2026-04-22,Promo 4/2026,NO
D00433,P1976,PERCENTAGE,15,445,378.25,2025-12-10,2025-12-27,Promo 12/2025,NO
D00434,P1614,PERCENTAGE,30,456,319.2,2025-12-16,2026-01-11,Promo 12/2025,NO
D00435,P0590,PERCENTAGE,10,345,310.5,2026-03-23,2026-04-15,Promo 3/2026,NO
D00436,P0264,PERCENTAGE,15,311,264.35,2025-10-11,2025-11-06,Promo 10/2025,NO
D00437,P1865,PERCENTAGE,5,287,272.65,2025-12-08,2025-12-17,Promo 12/2025,NO
D00438,P1664,PERCENTAGE,30,1045,731.5,2026-01-19,2026-02-08,Promo 1/2026,NO
D00439,P0681,PERCENTAGE,5,486,461.7,2026-07-07,2026-07-18,Promo 7/2026,NO
D00440,P1910,PERCENTAGE,5,283,268.85,2025-12-06,2025-12-14,Promo 12/2025,NO
D00441,P0088,PERCENTAGE,10,297,267.3,2026-08-06,2026-08-22,Promo 8/2026,NO
D00442,P0763,PERCENTAGE,30,523,366.1,2026-01-18,2026-02-01,Promo 1/2026,NO
D00443,P1201,PERCENTAGE,30,265,185.5,2026-08-22,2026-09-05,Promo 8/2026,NO
D00444,P0149,PERCENTAGE,10,374,336.6,2026-01-24,2026-02-04,Promo 1/2026,NO
D00445,P1317,PERCENTAGE,5,220,209.0,2026-01-10,2026-01-27,Promo 1/2026,NO
D00446,P1779,PERCENTAGE,15,256,217.6,2026-08-20,2026-08-29,Promo 8/2026,NO
D00447,P0427,PERCENTAGE,5,212,201.4,2026-03-19,2026-04-05,Promo 3/2026,NO
D00448,P0697,PERCENTAGE,20,517,413.6,2026-01-15,2026-01-23,Promo 1/2026,NO
D00449,P1069,PERCENTAGE,10,417,375.3,2026-04-27,2026-05-24,Promo 4/2026,NO
D00450,P1297,PERCENTAGE,20,500,400.0,2026-05-20,2026-06-13,Promo 5/2026,NO
D00451,P1512,PERCENTAGE,10,229,206.1,2025-09-26,2025-10-24,Promo 9/2025,NO
D00452,P0206,PERCENTAGE,15,453,385.05,2026-07-25,2026-08-10,Promo 7/2026,NO
D00453,P0583,PERCENTAGE,25,366,274.5,2026-01-09,2026-02-01,Promo 1/2026,NO
D00454,P1264,PERCENTAGE,20,623,498.4,2026-04-05,2026-04-24,Promo 4/2026,NO
D00455,P1202,PERCENTAGE,25,224,168.0,2026-03-12,2026-04-10,Promo 3/2026,NO
D00456,P1005,PERCENTAGE,10,745,670.5,2025-10-05,2025-10-27,Promo 10/2025,NO
D00457,P1973,PERCENTAGE,30,296,207.2,2026-03-17,2026-03-31,Promo 3/2026,NO
D00458,P0867,PERCENTAGE,20,526,420.8,2026-07-14,2026-08-10,Promo 7/2026,NO
D00459,P1616,PERCENTAGE,20,302,241.6,2026-04-21,2026-05-21,Promo 4/2026,NO
D00460,P1945,PERCENTAGE,15,275,233.75,2026-03-06,2026-04-02,Promo 3/2026,NO
D00461,P0847,PERCENTAGE,10,214,192.6,2026-08-28,2026-09-27,Promo 8/2026,YES
D00462,P0014,PERCENTAGE,10,478,430.2,2025-11-14,2025-12-02,Promo 11/2025,NO
D00463,P1733,PERCENTAGE,25,292,219.0,2026-07-23,2026-08-22,Promo 7/2026,NO
D00464,P1442,PERCENTAGE,10,245,220.5,2025-12-22,2026-01-09,Promo 12/2025,NO
D00465,P0590,PERCENTAGE,10,345,310.5,2026-01-26,2026-02-04,Promo 1/2026,NO
D00466,P1077,PERCENTAGE,10,233,209.7,2025-10-21,2025-11-02,Promo 10/2025,NO
D00467,P1450,PERCENTAGE,25,463,347.25,2026-09-19,2026-09-29,Promo 9/2026,YES
D00468,P1510,PERCENTAGE,10,546,491.4,2026-09-04,2026-09-17,Promo 9/2026,NO
D00469,P1713,PERCENTAGE,5,382,362.9,2025-09-27,2025-10-08,Promo 9/2025,NO
D00470,P0410,PERCENTAGE,25,365,273.75,2026-06-21,2026-07-02,Promo 6/2026,NO
D00471,P1800,PERCENTAGE,30,354,247.8,2026-08-17,2026-08-24,Promo 8/2026,NO
D00472,P1284,PERCENTAGE,15,818,695.3,2026-03-27,2026-04-22,Promo 3/2026,NO
D00473,P0190,PERCENTAGE,5,526,499.7,2026-03-05,2026-03-24,Promo 3/2026,NO
D00474,P1513,PERCENTAGE,5,289,274.55,2026-01-28,2026-02-06,Promo 1/2026,NO
D00475,P1065,PERCENTAGE,10,401,360.9,2025-10-25,2025-11-14,Promo 10/2025,NO
D00476,P0538,PERCENTAGE,20,542,433.6,2026-07-24,2026-08-05,Promo 7/2026,NO
D00477,P0418,PERCENTAGE,30,236,165.2,2026-07-17,2026-08-10,Promo 7/2026,NO
D00478,P0949,PERCENTAGE,15,484,411.4,2026-05-20,2026-05-27,Promo 5/2026,NO
D00479,P1091,PERCENTAGE,10,312,280.8,2025-10-23,2025-11-14,Promo 10/2025,NO
D00480,P0828,PERCENTAGE,25,137,102.75,2026-07-28,2026-08-26,Promo 7/2026,NO
D00481,P0179,PERCENTAGE,30,408,285.6,2026-03-28,2026-04-18,Promo 3/2026,NO
D00482,P0363,PERCENTAGE,10,278,250.2,2026-05-28,2026-06-15,Promo 5/2026,NO
D00483,P0984,PERCENTAGE,20,1646,1316.8,2025-10-09,2025-10-26,Promo 10/2025,NO
D00484,P0534,PERCENTAGE,30,403,282.1,2026-09-17,2026-10-05,Promo 9/2026,YES
D00485,P1152,PERCENTAGE,30,312,218.4,2026-06-20,2026-07-05,Promo 6/2026,NO
D00486,P0991,PERCENTAGE,10,132,118.8,2026-04-30,2026-05-19,Promo 4/2026,NO
D00487,P0317,PERCENTAGE,25,82,61.5,2026-08-23,2026-08-31,Promo 8/2026,NO
D00488,P0667,PERCENTAGE,10,553,497.7,2026-07-26,2026-08-21,Promo 7/2026,NO
D00489,P0185,PERCENTAGE,25,239,179.25,2026-02-11,2026-03-11,Promo 2/2026,NO
D00490,P1520,PERCENTAGE,20,220,176.0,2025-10-30,2025-11-18,Promo 10/2025,NO
D00491,P1843,PERCENTAGE,30,287,200.9,2026-04-01,2026-04-25,Promo 4/2026,NO
D00492,P0494,PERCENTAGE,30,300,210.0,2026-06-22,2026-07-02,Promo 6/2026,NO
D00493,P0804,PERCENTAGE,5,244,231.8,2025-12-27,2026-01-20,Promo 12/2025,NO
D00494,P1780,PERCENTAGE,10,389,350.1,2026-06-08,2026-07-07,Promo 6/2026,NO
D00495,P0901,PERCENTAGE,5,1062,1008.9,2025-11-29,2025-12-26,Promo 11/2025,NO
D00496,P0961,PERCENTAGE,10,989,890.1,2026-08-27,2026-09-05,Promo 8/2026,NO
D00497,P0937,PERCENTAGE,30,1084,758.8,2026-04-23,2026-05-06,Promo 4/2026,NO
D00498,P0407,PERCENTAGE,20,304,243.2,2026-05-14,2026-06-12,Promo 5/2026,NO
D00499,P1492,PERCENTAGE,10,296,266.4,2026-02-07,2026-03-04,Promo 2/2026,NO
D00500,P1343,PERCENTAGE,25,484,363.0,2025-10-26,2025-11-07,Promo 10/2025,NO
D00501,P1960,PERCENTAGE,5,393,373.35,2026-01-08,2026-01-25,Promo 1/2026,NO
D00502,P0373,PERCENTAGE,10,178,160.2,2026-02-09,2026-02-20,Promo 2/2026,NO
D00503,P1181,PERCENTAGE,25,378,283.5,2026-02-21,2026-03-19,Promo 2/2026,NO
D00504,P0439,PERCENTAGE,30,617,431.9,2025-12-09,2025-12-29,Promo 12/2025,NO
D00505,P1806,PERCENTAGE,10,602,541.8,2026-01-03,2026-01-13,Promo 1/2026,NO
D00506,P1501,PERCENTAGE,20,683,546.4,2025-10-10,2025-10-27,Promo 10/2025,NO
D00507,P1347,PERCENTAGE,25,547,410.25,2026-05-18,2026-05-27,Promo 5/2026,NO
D00508,P1312,PERCENTAGE,15,481,408.85,2026-08-08,2026-08-22,Promo 8/2026,NO
D00509,P1133,PERCENTAGE,25,1051,788.25,2025-10-24,2025-11-04,Promo 10/2025,NO
D00510,P0485,PERCENTAGE,10,1051,945.9,2026-04-30,2026-05-17,Promo 4/2026,NO
D00511,P1338,PERCENTAGE,15,927,787.95,2026-07-31,2026-08-29,Promo 7/2026,NO
D00512,P1975,PERCENTAGE,10,333,299.7,2026-02-10,2026-03-07,Promo 2/2026,NO
D00513,P1753,PERCENTAGE,25,635,476.25,2026-04-11,2026-04-24,Promo 4/2026,NO
D00514,P0656,PERCENTAGE,25,428,321.0,2025-09-26,2025-10-12,Promo 9/2025,NO
D00515,P0547,PERCENTAGE,20,236,188.8,2026-02-06,2026-02-16,Promo 2/2026,NO
D00516,P1002,PERCENTAGE,30,417,291.9,2026-02-07,2026-03-06,Promo 2/2026,NO
D00517,P0949,PERCENTAGE,30,484,338.8,2026-04-25,2026-05-25,Promo 4/2026,NO
D00518,P1808,PERCENTAGE,20,636,508.8,2026-07-11,2026-07-25,Promo 7/2026,NO
D00519,P0331,PERCENTAGE,20,104,83.2,2025-10-26,2025-11-11,Promo 10/2025,NO
D00520,P0507,PERCENTAGE,5,437,415.15,2026-07-06,2026-07-31,Promo 7/2026,NO
D00521,P0682,PERCENTAGE,15,435,369.75,2026-07-09,2026-07-24,Promo 7/2026,NO
D00522,P1183,PERCENTAGE,20,578,462.4,2026-08-05,2026-08-31,Promo 8/2026,NO
D00523,P1466,PERCENTAGE,30,250,175.0,2025-11-02,2025-11-12,Promo 11/2025,NO
D00524,P0370,PERCENTAGE,20,622,497.6,2026-01-28,2026-02-23,Promo 1/2026,NO
D00525,P1690,PERCENTAGE,25,562,421.5,2026-09-08,2026-09-29,Promo 9/2026,YES
D00526,P0006,PERCENTAGE,10,455,409.5,2026-08-16,2026-09-10,Promo 8/2026,NO
D00527,P0358,PERCENTAGE,20,418,334.4,2026-03-20,2026-03-29,Promo 3/2026,NO
D00528,P0332,PERCENTAGE,5,471,447.45,2026-01-05,2026-01-22,Promo 1/2026,NO
D00529,P0505,PERCENTAGE,30,229,160.3,2026-01-09,2026-02-04,Promo 1/2026,NO
D00530,P0960,PERCENTAGE,25,541,405.75,2026-07-01,2026-07-23,Promo 7/2026,NO
D00531,P1473,PERCENTAGE,5,444,421.8,2026-08-02,2026-08-15,Promo 8/2026,NO
D00532,P1005,PERCENTAGE,30,745,521.5,2026-05-24,2026-06-10,Promo 5/2026,NO
D00533,P0284,PERCENTAGE,25,533,399.75,2026-02-25,2026-03-21,Promo 2/2026,NO
D00534,P1938,PERCENTAGE,25,215,161.25,2026-06-12,2026-06-26,Promo 6/2026,NO
D00535,P0268,PERCENTAGE,10,494,444.6,2026-02-15,2026-02-22,Promo 2/2026,NO
D00536,P1664,PERCENTAGE,30,1045,731.5,2025-12-31,2026-01-10,Promo 12/2025,NO
D00537,P0276,PERCENTAGE,15,232,197.2,2026-05-17,2026-06-05,Promo 5/2026,NO
D00538,P1494,PERCENTAGE,30,269,188.3,2026-06-11,2026-06-19,Promo 6/2026,NO
D00539,P1123,PERCENTAGE,10,542,487.8,2025-11-10,2025-11-22,Promo 11/2025,NO
D00540,P0078,PERCENTAGE,5,636,604.2,2026-09-19,2026-10-04,Promo 9/2026,YES
D00541,P1559,PERCENTAGE,25,553,414.75,2026-02-27,2026-03-21,Promo 2/2026,NO
D00542,P1243,PERCENTAGE,30,186,130.2,2025-10-14,2025-11-04,Promo 10/2025,NO
D00543,P1063,PERCENTAGE,25,73,54.75,2026-06-04,2026-06-27,Promo 6/2026,NO
D00544,P1769,PERCENTAGE,25,488,366.0,2026-04-05,2026-04-26,Promo 4/2026,NO
D00545,P0716,PERCENTAGE,30,299,209.3,2026-08-10,2026-08-23,Promo 8/2026,NO
D00546,P1420,PERCENTAGE,30,378,264.6,2026-03-28,2026-04-27,Promo 3/2026,NO
D00547,P1444,PERCENTAGE,15,570,484.5,2025-09-27,2025-10-25,Promo 9/2025,NO
D00548,P1054,PERCENTAGE,15,394,334.9,2025-10-15,2025-10-27,Promo 10/2025,NO
D00549,P0485,PERCENTAGE,30,1051,735.7,2026-01-14,2026-02-07,Promo 1/2026,NO
D00550,P0808,PERCENTAGE,5,234,222.3,2025-09-30,2025-10-08,Promo 9/2025,NO
D00551,P0414,PERCENTAGE,5,405,384.75,2026-05-12,2026-05-27,Promo 5/2026,NO
D00552,P0619,PERCENTAGE,10,462,415.8,2025-12-30,2026-01-18,Promo 12/2025,NO
D00553,P1322,PERCENTAGE,5,304,288.8,2026-09-07,2026-10-02,Promo 9/2026,YES
D00554,P1752,PERCENTAGE,25,106,79.5,2026-08-13,2026-08-30,Promo 8/2026,NO
D00555,P0225,PERCENTAGE,20,1607,1285.6,2026-08-03,2026-08-12,Promo 8/2026,NO
D00556,P0711,PERCENTAGE,10,445,400.5,2025-09-30,2025-10-13,Promo 9/2025,NO
D00557,P1786,PERCENTAGE,30,169,118.3,2026-07-01,2026-07-26,Promo 7/2026,NO
D00558,P1841,PERCENTAGE,5,676,642.2,2026-01-24,2026-01-31,Promo 1/2026,NO
D00559,P1596,PERCENTAGE,10,1667,1500.3,2026-01-27,2026-02-23,Promo 1/2026,NO
D00560,P1183,PERCENTAGE,10,578,520.2,2026-09-07,2026-10-07,Promo 9/2026,YES
D00561,P1929,PERCENTAGE,25,551,413.25,2026-01-25,2026-02-24,Promo 1/2026,NO
D00562,P0714,PERCENTAGE,30,474,331.8,2025-11-10,2025-11-17,Promo 11/2025,NO
D00563,P0190,PERCENTAGE,15,526,447.1,2026-04-23,2026-05-06,Promo 4/2026,NO
D00564,P0979,PERCENTAGE,15,591,502.35,2026-01-11,2026-02-07,Promo 1/2026,NO
D00565,P1778,PERCENTAGE,30,672,470.4,2025-10-03,2025-10-26,Promo 10/2025,NO
D00566,P0395,PERCENTAGE,5,468,444.6,2026-07-18,2026-08-13,Promo 7/2026,NO
D00567,P1687,PERCENTAGE,10,469,422.1,2025-12-31,2026-01-07,Promo 12/2025,NO
D00568,P1181,PERCENTAGE,20,378,302.4,2026-05-18,2026-06-09,Promo 5/2026,NO
D00569,P0170,PERCENTAGE,10,1023,920.7,2026-09-19,2026-10-17,Promo 9/2026,YES
D00570,P1216,PERCENTAGE,20,576,460.8,2026-07-29,2026-08-07,Promo 7/2026,NO
D00571,P1247,PERCENTAGE,5,932,885.4,2026-06-29,2026-07-10,Promo 6/2026,NO
D00572,P0815,PERCENTAGE,5,434,412.3,2026-04-26,2026-05-23,Promo 4/2026,NO
D00573,P0310,PERCENTAGE,30,95,66.5,2025-11-23,2025-12-04,Promo 11/2025,NO
D00574,P0237,PERCENTAGE,10,576,518.4,2025-12-04,2025-12-16,Promo 12/2025,NO
D00575,P0242,PERCENTAGE,30,543,380.1,2025-10-27,2025-11-25,Promo 10/2025,NO
D00576,P1967,PERCENTAGE,20,114,91.2,2026-08-04,2026-08-24,Promo 8/2026,NO
D00577,P0956,PERCENTAGE,30,625,437.5,2026-04-23,2026-05-04,Promo 4/2026,NO
D00578,P0110,PERCENTAGE,5,414,393.3,2025-10-05,2025-10-31,Promo 10/2025,NO
D00579,P1580,PERCENTAGE,30,845,591.5,2026-06-17,2026-07-15,Promo 6/2026,NO
D00580,P0183,PERCENTAGE,5,221,209.95,2025-12-16,2025-12-26,Promo 12/2025,NO
D00581,P0784,PERCENTAGE,20,275,220.0,2026-05-12,2026-05-22,Promo 5/2026,NO
D00582,P0266,PERCENTAGE,10,582,523.8,2026-02-21,2026-03-01,Promo 2/2026,NO
D00583,P0248,PERCENTAGE,25,483,362.25,2026-02-25,2026-03-27,Promo 2/2026,NO
D00584,P0066,PERCENTAGE,20,498,398.4,2026-07-21,2026-08-01,Promo 7/2026,NO
D00585,P1481,PERCENTAGE,15,420,357.0,2025-11-27,2025-12-25,Promo 11/2025,NO
D00586,P1521,PERCENTAGE,25,130,97.5,2026-07-20,2026-08-10,Promo 7/2026,NO
D00587,P1910,PERCENTAGE,10,283,254.7,2026-09-25,2026-10-08,Promo 9/2026,YES
D00588,P1896,PERCENTAGE,25,395,296.25,2026-07-09,2026-08-08,Promo 7/2026,NO
D00589,P1495,PERCENTAGE,10,224,201.6,2026-07-07,2026-07-15,Promo 7/2026,NO
D00590,P0602,PERCENTAGE,25,517,387.75,2025-10-11,2025-10-24,Promo 10/2025,NO
D00591,P0884,PERCENTAGE,20,588,470.4,2025-12-27,2026-01-13,Promo 12/2025,NO
D00592,P0427,PERCENTAGE,25,212,159.0,2026-04-13,2026-04-20,Promo 4/2026,NO
D00593,P1353,PERCENTAGE,10,352,316.8,2026-02-17,2026-03-10,Promo 2/2026,NO
D00594,P1333,PERCENTAGE,30,301,210.7,2026-09-16,2026-10-02,Promo 9/2026,YES
D00595,P1591,PERCENTAGE,25,394,295.5,2026-08-10,2026-08-20,Promo 8/2026,NO
D00596,P0307,PERCENTAGE,15,514,436.9,2026-04-25,2026-05-07,Promo 4/2026,NO
D00597,P0206,PERCENTAGE,5,453,430.35,2026-04-29,2026-05-15,Promo 4/2026,NO
D00598,P0047,PERCENTAGE,25,226,169.5,2026-02-28,2026-03-28,Promo 2/2026,NO
D00599,P0809,PERCENTAGE,30,986,690.2,2026-06-18,2026-07-11,Promo 6/2026,NO
D00600,P0288,PERCENTAGE,15,572,486.2,2026-01-12,2026-01-19,Promo 1/2026,NO
D00601,P1181,PERCENTAGE,30,378,264.6,2026-05-28,2026-06-14,Promo 5/2026,NO
D00602,P0276,PERCENTAGE,10,232,208.8,2026-06-22,2026-07-18,Promo 6/2026,NO
D00603,P0588,PERCENTAGE,20,511,408.8,2026-07-11,2026-07-22,Promo 7/2026,NO
D00604,P0036,PERCENTAGE,25,262,196.5,2025-10-04,2025-10-17,Promo 10/2025,NO
D00605,P1435,PERCENTAGE,15,217,184.45,2026-06-09,2026-06-27,Promo 6/2026,NO
D00606,P1478,PERCENTAGE,20,524,419.2,2026-03-17,2026-03-26,Promo 3/2026,NO
D00607,P1660,PERCENTAGE,30,649,454.3,2026-04-21,2026-05-21,Promo 4/2026,NO
D00608,P1342,PERCENTAGE,5,1013,962.35,2026-04-23,2026-05-06,Promo 4/2026,NO
D00609,P1466,PERCENTAGE,30,250,175.0,2025-09-30,2025-10-25,Promo 9/2025,NO
D00610,P1222,PERCENTAGE,15,614,521.9,2025-11-23,2025-12-04,Promo 11/2025,NO
D00611,P1596,PERCENTAGE,30,1667,1166.9,2026-02-25,2026-03-22,Promo 2/2026,NO
D00612,P1017,PERCENTAGE,5,525,498.75,2026-01-28,2026-02-07,Promo 1/2026,NO
D00613,P0469,PERCENTAGE,20,418,334.4,2025-11-26,2025-12-06,Promo 11/2025,NO
D00614,P0291,PERCENTAGE,15,475,403.75,2026-05-20,2026-06-02,Promo 5/2026,NO
D00615,P0869,PERCENTAGE,15,304,258.4,2026-06-24,2026-07-18,Promo 6/2026,NO
D00616,P0669,PERCENTAGE,25,367,275.25,2026-02-04,2026-02-22,Promo 2/2026,NO
D00617,P0794,PERCENTAGE,15,395,335.75,2025-10-31,2025-11-11,Promo 10/2025,NO
D00618,P0435,PERCENTAGE,5,192,182.4,2026-09-11,2026-09-26,Promo 9/2026,NO
D00619,P1929,PERCENTAGE,5,551,523.45,2026-02-21,2026-03-23,Promo 2/2026,NO
D00620,P1595,PERCENTAGE,10,506,455.4,2026-01-13,2026-01-20,Promo 1/2026,NO
D00621,P0289,PERCENTAGE,20,464,371.2,2026-06-21,2026-06-29,Promo 6/2026,NO
D00622,P0866,PERCENTAGE,5,304,288.8,2026-03-14,2026-04-01,Promo 3/2026,NO
D00623,P1258,PERCENTAGE,10,384,345.6,2026-06-28,2026-07-20,Promo 6/2026,NO
D00624,P0473,PERCENTAGE,25,825,618.75,2026-05-17,2026-06-08,Promo 5/2026,NO
D00625,P0570,PERCENTAGE,5,275,261.25,2025-12-15,2025-12-27,Promo 12/2025,NO
D00626,P1227,PERCENTAGE,25,209,156.75,2026-08-28,2026-09-05,Promo 8/2026,NO
D00627,P0908,PERCENTAGE,30,290,203.0,2025-12-14,2026-01-13,Promo 12/2025,NO
D00628,P1975,PERCENTAGE,5,333,316.35,2026-07-03,2026-07-23,Promo 7/2026,NO
D00629,P0873,PERCENTAGE,25,303,227.25,2025-12-26,2026-01-02,Promo 12/2025,NO
D00630,P0845,PERCENTAGE,10,220,198.0,2026-02-06,2026-02-17,Promo 2/2026,NO
D00631,P0260,PERCENTAGE,15,560,476.0,2026-07-02,2026-07-25,Promo 7/2026,NO
D00632,P1332,PERCENTAGE,5,434,412.3,2026-03-07,2026-03-24,Promo 3/2026,NO
D00633,P0655,PERCENTAGE,15,284,241.4,2025-11-16,2025-11-28,Promo 11/2025,NO
D00634,P1696,PERCENTAGE,30,497,347.9,2025-12-12,2026-01-08,Promo 12/2025,NO
D00635,P1315,PERCENTAGE,5,288,273.6,2025-10-17,2025-10-31,Promo 10/2025,NO
D00636,P1437,PERCENTAGE,30,429,300.3,2026-09-23,2026-10-09,Promo 9/2026,YES
D00637,P0067,PERCENTAGE,10,649,584.1,2025-12-08,2025-12-16,Promo 12/2025,NO
D00638,P0256,PERCENTAGE,5,398,378.1,2026-05-18,2026-06-13,Promo 5/2026,NO
D00639,P0744,PERCENTAGE,20,88,70.4,2026-03-26,2026-04-17,Promo 3/2026,NO
D00640,P1156,PERCENTAGE,30,307,214.9,2026-01-20,2026-02-10,Promo 1/2026,NO
D00641,P0755,PERCENTAGE,20,492,393.6,2026-01-06,2026-01-22,Promo 1/2026,NO
D00642,P1276,PERCENTAGE,5,370,351.5,2026-08-22,2026-09-09,Promo 8/2026,NO
D00643,P0907,PERCENTAGE,25,425,318.75,2025-10-04,2025-11-01,Promo 10/2025,NO
D00644,P1595,PERCENTAGE,15,506,430.1,2026-04-09,2026-04-27,Promo 4/2026,NO
D00645,P0584,PERCENTAGE,20,248,198.4,2026-09-13,2026-09-25,Promo 9/2026,NO
D00646,P1937,PERCENTAGE,10,453,407.7,2026-04-10,2026-04-25,Promo 4/2026,NO
D00647,P0983,PERCENTAGE,5,288,273.6,2026-09-10,2026-09-21,Promo 9/2026,NO
D00648,P1714,PERCENTAGE,15,578,491.3,2025-10-16,2025-11-06,Promo 10/2025,NO
D00649,P0890,PERCENTAGE,5,717,681.15,2026-07-18,2026-07-28,Promo 7/2026,NO
D00650,P0091,PERCENTAGE,25,377,282.75,2026-07-21,2026-07-29,Promo 7/2026,NO
D00651,P1576,PERCENTAGE,5,497,472.15,2026-08-18,2026-09-10,Promo 8/2026,NO
D00652,P0252,PERCENTAGE,5,476,452.2,2026-03-12,2026-03-25,Promo 3/2026,NO
D00653,P0055,PERCENTAGE,30,566,396.2,2026-04-03,2026-04-23,Promo 4/2026,NO
D00654,P1135,PERCENTAGE,10,564,507.6,2025-10-12,2025-10-22,Promo 10/2025,NO
D00655,P0921,PERCENTAGE,20,576,460.8,2026-04-10,2026-04-25,Promo 4/2026,NO
D00656,P1564,PERCENTAGE,5,543,515.85,2026-07-02,2026-07-24,Promo 7/2026,NO
D00657,P0332,PERCENTAGE,20,471,376.8,2026-05-19,2026-06-11,Promo 5/2026,NO
D00658,P0088,PERCENTAGE,25,297,222.75,2026-04-30,2026-05-07,Promo 4/2026,NO
D00659,P1059,PERCENTAGE,5,521,494.95,2026-04-01,2026-05-01,Promo 4/2026,NO
D00660,P1373,PERCENTAGE,15,394,334.9,2025-10-12,2025-11-02,Promo 10/2025,NO
D00661,P0220,PERCENTAGE,10,569,512.1,2026-05-15,2026-06-09,Promo 5/2026,NO
D00662,P0063,PERCENTAGE,30,98,68.6,2025-11-30,2025-12-10,Promo 11/2025,NO
D00663,P1996,PERCENTAGE,15,294,249.9,2025-10-11,2025-11-09,Promo 10/2025,NO
D00664,P0125,PERCENTAGE,20,342,273.6,2026-06-16,2026-06-25,Promo 6/2026,NO
D00665,P0401,PERCENTAGE,25,417,312.75,2026-06-30,2026-07-08,Promo 6/2026,NO
D00666,P0837,PERCENTAGE,20,662,529.6,2025-11-10,2025-11-20,Promo 11/2025,NO
D00667,P0505,PERCENTAGE,5,229,217.55,2026-05-16,2026-06-06,Promo 5/2026,NO
D00668,P1460,PERCENTAGE,10,467,420.3,2026-06-24,2026-07-11,Promo 6/2026,NO
D00669,P0164,PERCENTAGE,5,395,375.25,2026-05-22,2026-06-07,Promo 5/2026,NO
D00670,P0740,PERCENTAGE,25,609,456.75,2025-10-31,2025-11-15,Promo 10/2025,NO
D00671,P1008,PERCENTAGE,15,305,259.25,2026-04-24,2026-05-07,Promo 4/2026,NO
D00672,P1641,PERCENTAGE,20,1051,840.8,2026-08-17,2026-08-29,Promo 8/2026,NO
D00673,P0234,PERCENTAGE,30,1016,711.2,2026-07-03,2026-07-16,Promo 7/2026,NO
D00674,P0051,PERCENTAGE,5,289,274.55,2026-08-11,2026-09-05,Promo 8/2026,NO
D00675,P0892,PERCENTAGE,10,295,265.5,2026-06-22,2026-07-10,Promo 6/2026,NO
D00676,P1089,PERCENTAGE,25,425,318.75,2026-05-28,2026-06-25,Promo 5/2026,NO
D00677,P0728,PERCENTAGE,20,1680,1344.0,2026-09-04,2026-09-24,Promo 9/2026,NO
D00678,P1441,PERCENTAGE,20,454,363.2,2026-01-13,2026-02-08,Promo 1/2026,NO
D00679,P0520,PERCENTAGE,20,786,628.8,2026-08-28,2026-09-04,Promo 8/2026,NO
D00680,P0419,PERCENTAGE,5,259,246.05,2025-12-21,2026-01-14,Promo 12/2025,NO
D00681,P0012,PERCENTAGE,15,520,442.0,2025-10-26,2025-11-08,Promo 10/2025,NO
D00682,P1375,PERCENTAGE,10,468,421.2,2025-10-31,2025-11-26,Promo 10/2025,NO
D00683,P0825,PERCENTAGE,10,150,135.0,2025-12-12,2026-01-02,Promo 12/2025,NO
D00684,P1889,PERCENTAGE,15,623,529.55,2026-06-17,2026-07-07,Promo 6/2026,NO
D00685,P1822,PERCENTAGE,20,253,202.4,2026-08-24,2026-09-13,Promo 8/2026,NO
D00686,P1686,PERCENTAGE,10,236,212.4,2026-09-14,2026-09-23,Promo 9/2026,NO
D00687,P0724,PERCENTAGE,25,226,169.5,2025-11-21,2025-11-30,Promo 11/2025,NO
D00688,P1075,PERCENTAGE,10,214,192.6,2026-08-06,2026-08-17,Promo 8/2026,NO
D00689,P1433,PERCENTAGE,20,306,244.8,2026-02-24,2026-03-03,Promo 2/2026,NO
D00690,P0066,PERCENTAGE,5,498,473.1,2026-02-20,2026-03-07,Promo 2/2026,NO
D00691,P0826,PERCENTAGE,20,420,336.0,2025-11-03,2025-11-23,Promo 11/2025,NO
D00692,P0206,PERCENTAGE,15,453,385.05,2025-11-02,2025-11-19,Promo 11/2025,NO
D00693,P1284,PERCENTAGE,25,818,613.5,2026-02-03,2026-02-10,Promo 2/2026,NO
D00694,P1547,PERCENTAGE,5,380,361.0,2026-04-22,2026-05-02,Promo 4/2026,NO
D00695,P0104,PERCENTAGE,20,474,379.2,2026-01-11,2026-02-05,Promo 1/2026,NO
D00696,P0995,PERCENTAGE,30,309,216.3,2026-04-28,2026-05-19,Promo 4/2026,NO
D00697,P0255,PERCENTAGE,15,600,510.0,2026-02-04,2026-02-12,Promo 2/2026,NO
D00698,P0041,PERCENTAGE,30,836,585.2,2026-05-01,2026-05-28,Promo 5/2026,NO
D00699,P0538,PERCENTAGE,25,542,406.5,2025-10-14,2025-10-28,Promo 10/2025,NO
D00700,P1114,PERCENTAGE,25,182,136.5,2026-02-06,2026-02-15,Promo 2/2026,NO
D00701,P1681,PERCENTAGE,30,546,382.2,2025-11-28,2025-12-23,Promo 11/2025,NO
D00702,P1551,PERCENTAGE,30,504,352.8,2026-08-02,2026-08-31,Promo 8/2026,NO
D00703,P1293,PERCENTAGE,30,425,297.5,2026-02-28,2026-03-15,Promo 2/2026,NO
D00704,P1176,PERCENTAGE,5,609,578.55,2025-12-28,2026-01-14,Promo 12/2025,NO
D00705,P0511,PERCENTAGE,30,272,190.4,2025-12-07,2026-01-05,Promo 12/2025,NO
D00706,P0135,PERCENTAGE,15,567,481.95,2026-06-08,2026-06-20,Promo 6/2026,NO
D00707,P0087,PERCENTAGE,15,254,215.9,2025-11-11,2025-12-07,Promo 11/2025,NO
D00708,P1247,PERCENTAGE,25,932,699.0,2025-11-08,2025-11-16,Promo 11/2025,NO
D00709,P1655,PERCENTAGE,25,282,211.5,2026-05-14,2026-05-30,Promo 5/2026,NO
D00710,P1325,PERCENTAGE,25,490,367.5,2026-06-07,2026-06-29,Promo 6/2026,NO
D00711,P1904,PERCENTAGE,20,560,448.0,2026-03-01,2026-03-27,Promo 3/2026,NO
D00712,P1084,PERCENTAGE,20,573,458.4,2025-10-08,2025-11-04,Promo 10/2025,NO
D00713,P0459,PERCENTAGE,30,650,455.0,2026-01-18,2026-01-27,Promo 1/2026,NO
D00714,P0407,PERCENTAGE,20,304,243.2,2026-03-21,2026-04-15,Promo 3/2026,NO
D00715,P0900,PERCENTAGE,30,374,261.8,2026-08-02,2026-08-12,Promo 8/2026,NO
D00716,P1667,PERCENTAGE,20,446,356.8,2026-06-18,2026-07-07,Promo 6/2026,NO
D00717,P1235,PERCENTAGE,25,340,255.0,2026-06-14,2026-07-14,Promo 6/2026,NO
D00718,P0600,PERCENTAGE,5,400,380.0,2025-11-26,2025-12-16,Promo 11/2025,NO
D00719,P1860,PERCENTAGE,20,564,451.2,2025-11-21,2025-12-01,Promo 11/2025,NO
D00720,P0305,PERCENTAGE,10,341,306.9,2025-10-03,2025-10-25,Promo 10/2025,NO
D00721,P0588,PERCENTAGE,5,511,485.45,2026-01-25,2026-02-16,Promo 1/2026,NO
D00722,P0983,PERCENTAGE,25,288,216.0,2025-12-22,2026-01-06,Promo 12/2025,NO
D00723,P0509,PERCENTAGE,10,535,481.5,2026-05-17,2026-05-29,Promo 5/2026,NO
D00724,P1561,PERCENTAGE,15,389,330.65,2026-09-12,2026-10-02,Promo 9/2026,YES
D00725,P0375,PERCENTAGE,10,435,391.5,2026-03-27,2026-04-26,Promo 3/2026,NO
D00726,P1411,PERCENTAGE,25,1653,1239.75,2026-06-16,2026-07-14,Promo 6/2026,NO
D00727,P1211,PERCENTAGE,25,441,330.75,2025-09-28,2025-10-14,Promo 9/2025,NO
D00728,P1194,PERCENTAGE,25,408,306.0,2026-03-29,2026-04-08,Promo 3/2026,NO
D00729,P1251,PERCENTAGE,20,319,255.2,2026-03-30,2026-04-06,Promo 3/2026,NO
D00730,P0138,PERCENTAGE,30,310,217.0,2026-01-09,2026-01-24,Promo 1/2026,NO
D00731,P0339,PERCENTAGE,20,431,344.8,2026-02-14,2026-03-14,Promo 2/2026,NO
D00732,P0286,PERCENTAGE,5,550,522.5,2026-06-29,2026-07-12,Promo 6/2026,NO
D00733,P0957,PERCENTAGE,5,293,278.35,2026-01-12,2026-02-04,Promo 1/2026,NO
D00734,P0944,PERCENTAGE,25,238,178.5,2026-01-19,2026-01-31,Promo 1/2026,NO
D00735,P0217,PERCENTAGE,5,282,267.9,2026-03-31,2026-04-20,Promo 3/2026,NO
D00736,P0113,PERCENTAGE,10,486,437.4,2026-07-05,2026-08-02,Promo 7/2026,NO
D00737,P1363,PERCENTAGE,30,276,193.2,2026-06-24,2026-07-01,Promo 6/2026,NO
D00738,P1292,PERCENTAGE,30,505,353.5,2026-07-29,2026-08-25,Promo 7/2026,NO
D00739,P0532,PERCENTAGE,5,406,385.7,2025-10-18,2025-11-11,Promo 10/2025,NO
D00740,P1933,PERCENTAGE,5,485,460.75,2026-08-27,2026-09-10,Promo 8/2026,NO
D00741,P0757,PERCENTAGE,30,143,100.1,2026-04-20,2026-05-19,Promo 4/2026,NO
D00742,P1538,PERCENTAGE,25,565,423.75,2026-06-16,2026-07-11,Promo 6/2026,NO
D00743,P1051,PERCENTAGE,25,236,177.0,2026-09-07,2026-09-30,Promo 9/2026,YES
D00744,P1813,PERCENTAGE,25,561,420.75,2026-06-16,2026-07-07,Promo 6/2026,NO
D00745,P1845,PERCENTAGE,10,596,536.4,2026-07-23,2026-08-02,Promo 7/2026,NO
D00746,P0172,PERCENTAGE,20,364,291.2,2025-11-18,2025-11-25,Promo 11/2025,NO
D00747,P1497,PERCENTAGE,25,643,482.25,2026-09-17,2026-10-10,Promo 9/2026,YES
D00748,P1282,PERCENTAGE,25,347,260.25,2026-06-01,2026-06-17,Promo 6/2026,NO
D00749,P1901,PERCENTAGE,30,570,399.0,2026-09-08,2026-10-01,Promo 9/2026,YES
D00750,P0063,PERCENTAGE,5,98,93.1,2025-12-11,2026-01-04,Promo 12/2025,NO
D00751,P1901,PERCENTAGE,20,570,456.0,2025-10-27,2025-11-11,Promo 10/2025,NO
D00752,P0623,PERCENTAGE,25,256,192.0,2026-03-17,2026-03-28,Promo 3/2026,NO
D00753,P0330,PERCENTAGE,5,266,252.7,2026-07-14,2026-08-04,Promo 7/2026,NO
D00754,P1940,PERCENTAGE,15,325,276.25,2025-10-20,2025-11-12,Promo 10/2025,NO
D00755,P1051,PERCENTAGE,30,236,165.2,2026-01-16,2026-01-30,Promo 1/2026,NO
D00756,P1170,PERCENTAGE,20,1098,878.4,2026-02-24,2026-03-19,Promo 2/2026,NO
D00757,P0766,PERCENTAGE,20,214,171.2,2026-07-12,2026-07-19,Promo 7/2026,NO
D00758,P1105,PERCENTAGE,10,239,215.1,2025-10-24,2025-11-01,Promo 10/2025,NO
D00759,P1663,PERCENTAGE,5,387,367.65,2026-08-11,2026-08-26,Promo 8/2026,NO
D00760,P1107,PERCENTAGE,5,225,213.75,2026-05-23,2026-06-12,Promo 5/2026,NO
D00761,P0972,PERCENTAGE,15,521,442.85,2026-05-06,2026-05-28,Promo 5/2026,NO
D00762,P1366,PERCENTAGE,5,498,473.1,2026-02-04,2026-02-16,Promo 2/2026,NO
D00763,P1725,PERCENTAGE,10,278,250.2,2026-07-06,2026-07-25,Promo 7/2026,NO
D00764,P1154,PERCENTAGE,5,101,95.95,2025-12-29,2026-01-14,Promo 12/2025,NO
D00765,P1220,PERCENTAGE,20,240,192.0,2026-05-07,2026-05-16,Promo 5/2026,NO
D00766,P1566,PERCENTAGE,30,362,253.4,2026-01-09,2026-02-06,Promo 1/2026,NO
D00767,P0173,PERCENTAGE,10,269,242.1,2026-03-08,2026-03-31,Promo 3/2026,NO
D00768,P1825,PERCENTAGE,20,206,164.8,2026-09-01,2026-09-29,Promo 9/2026,YES
D00769,P1674,PERCENTAGE,25,281,210.75,2026-07-30,2026-08-14,Promo 7/2026,NO
D00770,P1621,PERCENTAGE,10,291,261.9,2026-04-02,2026-04-28,Promo 4/2026,NO
D00771,P1374,PERCENTAGE,20,438,350.4,2026-08-04,2026-08-28,Promo 8/2026,NO
D00772,P1852,PERCENTAGE,25,294,220.5,2026-02-23,2026-03-06,Promo 2/2026,NO
D00773,P0949,PERCENTAGE,30,484,338.8,2026-03-03,2026-03-22,Promo 3/2026,NO
D00774,P1185,PERCENTAGE,30,422,295.4,2025-11-16,2025-12-08,Promo 11/2025,NO
D00775,P1362,PERCENTAGE,30,308,215.6,2026-08-30,2026-09-07,Promo 8/2026,NO
D00776,P0548,PERCENTAGE,5,399,379.05,2026-03-03,2026-03-28,Promo 3/2026,NO
D00777,P0727,PERCENTAGE,10,407,366.3,2025-12-04,2026-01-02,Promo 12/2025,NO
D00778,P0242,PERCENTAGE,15,543,461.55,2025-12-31,2026-01-09,Promo 12/2025,NO
D00779,P1619,PERCENTAGE,25,530,397.5,2026-01-30,2026-02-19,Promo 1/2026,NO
D00780,P0231,PERCENTAGE,15,351,298.35,2026-06-26,2026-07-16,Promo 6/2026,NO
D00781,P0091,PERCENTAGE,20,377,301.6,2026-07-17,2026-08-10,Promo 7/2026,NO
D00782,P1316,PERCENTAGE,10,341,306.9,2026-05-07,2026-05-19,Promo 5/2026,NO
D00783,P0999,PERCENTAGE,15,514,436.9,2026-02-18,2026-03-18,Promo 2/2026,NO
D00784,P1831,PERCENTAGE,30,483,338.1,2026-09-19,2026-10-13,Promo 9/2026,YES
D00785,P1144,PERCENTAGE,10,273,245.7,2025-09-27,2025-10-14,Promo 9/2025,NO
D00786,P1481,PERCENTAGE,20,420,336.0,2026-02-14,2026-03-04,Promo 2/2026,NO
D00787,P0220,PERCENTAGE,20,569,455.2,2025-12-25,2026-01-19,Promo 12/2025,NO
D00788,P1635,PERCENTAGE,30,559,391.3,2025-10-01,2025-10-29,Promo 10/2025,NO
D00789,P1314,PERCENTAGE,20,572,457.6,2025-11-18,2025-11-30,Promo 11/2025,NO
D00790,P0600,PERCENTAGE,30,400,280.0,2026-07-13,2026-07-21,Promo 7/2026,NO
D00791,P1813,PERCENTAGE,25,561,420.75,2026-02-22,2026-03-14,Promo 2/2026,NO
D00792,P1438,PERCENTAGE,30,455,318.5,2025-10-24,2025-11-09,Promo 10/2025,NO
D00793,P1711,PERCENTAGE,25,379,284.25,2026-07-10,2026-07-29,Promo 7/2026,NO
D00794,P0786,PERCENTAGE,25,498,373.5,2026-04-21,2026-05-05,Promo 4/2026,NO
D00795,P1476,PERCENTAGE,15,577,490.45,2026-01-20,2026-02-15,Promo 1/2026,NO
D00796,P0880,PERCENTAGE,5,552,524.4,2025-10-02,2025-10-17,Promo 10/2025,NO
D00797,P0928,PERCENTAGE,25,549,411.75,2025-11-15,2025-12-01,Promo 11/2025,NO
D00798,P0311,PERCENTAGE,5,406,385.7,2026-02-18,2026-03-11,Promo 2/2026,NO
D00799,P0024,PERCENTAGE,10,592,532.8,2026-04-02,2026-04-26,Promo 4/2026,NO
D00800,P0693,PERCENTAGE,5,255,242.25,2026-08-07,2026-08-26,Promo 8/2026,NO
D00801,P0292,PERCENTAGE,10,525,472.5,2026-04-29,2026-05-17,Promo 4/2026,NO
D00802,P1188,PERCENTAGE,10,628,565.2,2026-09-13,2026-10-10,Promo 9/2026,YES
D00803,P0833,PERCENTAGE,15,254,215.9,2026-03-19,2026-04-12,Promo 3/2026,NO
D00804,P1120,PERCENTAGE,10,179,161.1,2025-09-28,2025-10-05,Promo 9/2025,NO
D00805,P1030,PERCENTAGE,25,225,168.75,2025-12-18,2026-01-01,Promo 12/2025,NO
D00806,P0545,PERCENTAGE,25,596,447.0,2026-09-13,2026-10-02,Promo 9/2026,YES
D00807,P1091,PERCENTAGE,30,312,218.4,2026-02-23,2026-03-18,Promo 2/2026,NO
D00808,P0467,PERCENTAGE,25,287,215.25,2026-04-14,2026-04-22,Promo 4/2026,NO
D00809,P1803,PERCENTAGE,20,787,629.6,2026-02-28,2026-03-11,Promo 2/2026,NO
D00810,P0530,PERCENTAGE,20,224,179.2,2025-10-14,2025-11-05,Promo 10/2025,NO
D00811,P0310,PERCENTAGE,25,95,71.25,2026-02-01,2026-02-22,Promo 2/2026,NO
D00812,P1233,PERCENTAGE,25,284,213.0,2026-09-21,2026-09-30,Promo 9/2026,YES
D00813,P0871,PERCENTAGE,5,347,329.65,2026-08-07,2026-09-02,Promo 8/2026,NO
D00814,P1707,PERCENTAGE,5,578,549.1,2025-10-16,2025-10-25,Promo 10/2025,NO
D00815,P0615,PERCENTAGE,5,343,325.85,2026-02-25,2026-03-10,Promo 2/2026,NO
D00816,P1700,PERCENTAGE,5,509,483.55,2025-12-26,2026-01-20,Promo 12/2025,NO
D00817,P1836,PERCENTAGE,30,465,325.5,2025-10-12,2025-10-26,Promo 10/2025,NO
D00818,P0733,PERCENTAGE,30,548,383.6,2026-02-26,2026-03-24,Promo 2/2026,NO
D00819,P1311,PERCENTAGE,10,212,190.8,2026-02-26,2026-03-11,Promo 2/2026,NO
D00820,P1464,PERCENTAGE,20,478,382.4,2025-12-27,2026-01-06,Promo 12/2025,NO
D00821,P0477,PERCENTAGE,10,359,323.1,2026-03-13,2026-04-04,Promo 3/2026,NO
D00822,P1474,PERCENTAGE,20,517,413.6,2026-08-14,2026-08-21,Promo 8/2026,NO
D00823,P0700,PERCENTAGE,10,459,413.1,2025-09-29,2025-10-13,Promo 9/2025,NO
D00824,P0090,PERCENTAGE,15,395,335.75,2026-02-17,2026-03-06,Promo 2/2026,NO
D00825,P1140,PERCENTAGE,25,498,373.5,2025-10-13,2025-10-23,Promo 10/2025,NO
D00826,P0821,PERCENTAGE,15,268,227.8,2025-11-15,2025-12-14,Promo 11/2025,NO
D00827,P0045,PERCENTAGE,10,582,523.8,2026-07-06,2026-07-24,Promo 7/2026,NO
D00828,P1857,PERCENTAGE,15,315,267.75,2026-04-20,2026-05-06,Promo 4/2026,NO
D00829,P1015,PERCENTAGE,10,322,289.8,2026-09-05,2026-09-20,Promo 9/2026,NO
D00830,P0256,PERCENTAGE,25,398,298.5,2026-06-01,2026-06-11,Promo 6/2026,NO
D00831,P0879,PERCENTAGE,15,294,249.9,2025-10-30,2025-11-26,Promo 10/2025,NO
D00832,P0065,PERCENTAGE,10,561,504.9,2026-06-04,2026-07-03,Promo 6/2026,NO
D00833,P0593,PERCENTAGE,15,494,419.9,2026-05-29,2026-06-05,Promo 5/2026,NO
D00834,P1614,PERCENTAGE,25,456,342.0,2026-03-11,2026-03-31,Promo 3/2026,NO
D00835,P0824,PERCENTAGE,5,473,449.35,2026-01-07,2026-01-29,Promo 1/2026,NO
D00836,P1548,PERCENTAGE,30,298,208.6,2026-08-17,2026-09-08,Promo 8/2026,NO
D00837,P1837,PERCENTAGE,30,366,256.2,2025-09-29,2025-10-08,Promo 9/2025,NO
D00838,P1582,PERCENTAGE,25,825,618.75,2026-05-26,2026-06-06,Promo 5/2026,NO
D00839,P1434,PERCENTAGE,15,222,188.7,2026-04-25,2026-05-21,Promo 4/2026,NO
D00840,P1103,PERCENTAGE,25,717,537.75,2026-05-12,2026-06-05,Promo 5/2026,NO
D00841,P1292,PERCENTAGE,5,505,479.75,2025-11-11,2025-12-05,Promo 11/2025,NO
D00842,P1109,PERCENTAGE,30,653,457.1,2025-09-30,2025-10-07,Promo 9/2025,NO
D00843,P1775,PERCENTAGE,20,485,388.0,2026-08-25,2026-09-15,Promo 8/2026,NO
D00844,P1707,PERCENTAGE,25,578,433.5,2025-12-19,2025-12-30,Promo 12/2025,NO
D00845,P0199,PERCENTAGE,15,812,690.2,2026-05-11,2026-05-20,Promo 5/2026,NO
D00846,P0907,PERCENTAGE,15,425,361.25,2025-10-13,2025-11-02,Promo 10/2025,NO
D00847,P1059,PERCENTAGE,5,521,494.95,2026-05-14,2026-05-28,Promo 5/2026,NO
D00848,P1720,PERCENTAGE,15,447,379.95,2025-11-10,2025-12-06,Promo 11/2025,NO
D00849,P0379,PERCENTAGE,20,189,151.2,2025-11-29,2025-12-26,Promo 11/2025,NO
D00850,P0772,PERCENTAGE,15,338,287.3,2025-10-18,2025-11-11,Promo 10/2025,NO
D00851,P0865,PERCENTAGE,25,675,506.25,2026-08-04,2026-09-01,Promo 8/2026,NO
D00852,P1103,PERCENTAGE,25,717,537.75,2026-07-10,2026-07-24,Promo 7/2026,NO
D00853,P1432,PERCENTAGE,25,175,131.25,2025-12-27,2026-01-15,Promo 12/2025,NO
D00854,P1427,PERCENTAGE,25,216,162.0,2026-06-01,2026-06-25,Promo 6/2026,NO
D00855,P0902,PERCENTAGE,15,389,330.65,2025-10-07,2025-10-30,Promo 10/2025,NO
D00856,P0781,PERCENTAGE,25,369,276.75,2025-11-20,2025-12-06,Promo 11/2025,NO
D00857,P1411,PERCENTAGE,5,1653,1570.35,2026-02-14,2026-03-03,Promo 2/2026,NO
D00858,P0697,PERCENTAGE,25,517,387.75,2025-11-17,2025-12-02,Promo 11/2025,NO
D00859,P0643,PERCENTAGE,30,303,212.1,2025-10-05,2025-10-13,Promo 10/2025,NO
D00860,P0227,PERCENTAGE,5,152,144.4,2026-05-20,2026-06-15,Promo 5/2026,NO
D00861,P0277,PERCENTAGE,30,1096,767.2,2026-01-05,2026-01-31,Promo 1/2026,NO
D00862,P1392,PERCENTAGE,10,186,167.4,2026-02-04,2026-02-12,Promo 2/2026,NO
D00863,P1731,PERCENTAGE,30,244,170.8,2025-11-26,2025-12-18,Promo 11/2025,NO
D00864,P0740,PERCENTAGE,10,609,548.1,2026-06-20,2026-07-19,Promo 6/2026,NO
D00865,P1903,PERCENTAGE,20,213,170.4,2025-12-12,2026-01-10,Promo 12/2025,NO
D00866,P0092,PERCENTAGE,15,356,302.6,2026-07-21,2026-07-31,Promo 7/2026,NO
D00867,P0145,PERCENTAGE,20,518,414.4,2026-03-23,2026-04-01,Promo 3/2026,NO
D00868,P0866,PERCENTAGE,30,304,212.8,2026-07-16,2026-08-15,Promo 7/2026,NO
D00869,P0127,PERCENTAGE,10,483,434.7,2026-02-17,2026-03-15,Promo 2/2026,NO
D00870,P1102,PERCENTAGE,25,515,386.25,2026-05-04,2026-05-23,Promo 5/2026,NO
D00871,P0425,PERCENTAGE,20,453,362.4,2026-03-26,2026-04-12,Promo 3/2026,NO
D00872,P0510,PERCENTAGE,20,432,345.6,2026-06-23,2026-07-22,Promo 6/2026,NO
D00873,P1327,PERCENTAGE,10,367,330.3,2026-05-16,2026-05-26,Promo 5/2026,NO
D00874,P1055,PERCENTAGE,25,403,302.25,2026-02-15,2026-03-02,Promo 2/2026,NO
D00875,P0672,PERCENTAGE,15,399,339.15,2025-12-24,2026-01-19,Promo 12/2025,NO
D00876,P0115,PERCENTAGE,20,225,180.0,2026-08-25,2026-09-16,Promo 8/2026,NO
D00877,P0016,PERCENTAGE,5,484,459.8,2025-11-08,2025-11-15,Promo 11/2025,NO
D00878,P1217,PERCENTAGE,30,330,231.0,2026-05-07,2026-06-03,Promo 5/2026,NO
D00879,P1173,PERCENTAGE,15,260,221.0,2026-06-05,2026-06-16,Promo 6/2026,NO
D00880,P0612,PERCENTAGE,25,393,294.75,2026-08-12,2026-09-06,Promo 8/2026,NO
D00881,P0513,PERCENTAGE,10,806,725.4,2025-12-07,2025-12-15,Promo 12/2025,NO
D00882,P0601,PERCENTAGE,20,328,262.4,2026-02-25,2026-03-16,Promo 2/2026,NO
D00883,P1398,PERCENTAGE,15,263,223.55,2025-10-12,2025-11-11,Promo 10/2025,NO
D00884,P1765,PERCENTAGE,25,1003,752.25,2025-10-15,2025-11-10,Promo 10/2025,NO
D00885,P0891,PERCENTAGE,20,453,362.4,2026-05-26,2026-06-17,Promo 5/2026,NO
D00886,P0841,PERCENTAGE,5,495,470.25,2026-07-01,2026-07-18,Promo 7/2026,NO
D00887,P1617,PERCENTAGE,20,427,341.6,2026-04-21,2026-05-06,Promo 4/2026,NO
D00888,P0332,PERCENTAGE,5,471,447.45,2026-03-12,2026-03-28,Promo 3/2026,NO
D00889,P0645,PERCENTAGE,20,599,479.2,2025-10-12,2025-10-30,Promo 10/2025,NO
D00890,P1004,PERCENTAGE,20,515,412.0,2025-11-16,2025-12-03,Promo 11/2025,NO
D00891,P1101,PERCENTAGE,5,356,338.2,2026-08-27,2026-09-21,Promo 8/2026,NO
D00892,P0923,PERCENTAGE,15,528,448.8,2026-03-24,2026-04-10,Promo 3/2026,NO
D00893,P1976,PERCENTAGE,10,445,400.5,2026-02-08,2026-02-21,Promo 2/2026,NO
D00894,P1601,PERCENTAGE,25,276,207.0,2026-09-17,2026-10-13,Promo 9/2026,YES
D00895,P0060,PERCENTAGE,20,430,344.0,2026-08-08,2026-08-19,Promo 8/2026,NO
D00896,P0497,PERCENTAGE,15,533,453.05,2026-04-05,2026-04-20,Promo 4/2026,NO
D00897,P1637,PERCENTAGE,20,341,272.8,2026-09-23,2026-10-12,Promo 9/2026,YES
D00898,P1605,PERCENTAGE,10,257,231.3,2026-01-18,2026-02-14,Promo 1/2026,NO
D00899,P0378,PERCENTAGE,20,577,461.6,2026-06-09,2026-06-26,Promo 6/2026,NO
D00900,P1435,PERCENTAGE,15,217,184.45,2026-01-28,2026-02-05,Promo 1/2026,NO
D00901,P0223,PERCENTAGE,20,222,177.6,2026-01-04,2026-01-31,Promo 1/2026,NO
D00902,P0685,PERCENTAGE,25,482,361.5,2026-08-07,2026-09-02,Promo 8/2026,NO
D00903,P0711,PERCENTAGE,10,445,400.5,2026-01-10,2026-01-18,Promo 1/2026,NO
D00904,P0019,PERCENTAGE,30,382,267.4,2026-05-28,2026-06-25,Promo 5/2026,NO
D00905,P0872,PERCENTAGE,10,568,511.2,2026-05-13,2026-05-25,Promo 5/2026,NO
D00906,P0243,PERCENTAGE,10,202,181.8,2025-11-18,2025-11-29,Promo 11/2025,NO
D00907,P0603,PERCENTAGE,10,599,539.1,2025-10-13,2025-11-03,Promo 10/2025,NO
D00908,P0877,PERCENTAGE,20,571,456.8,2026-01-27,2026-02-25,Promo 1/2026,NO
D00909,P1345,PERCENTAGE,20,606,484.8,2026-01-15,2026-01-31,Promo 1/2026,NO
D00910,P0822,PERCENTAGE,10,505,454.5,2026-07-13,2026-07-30,Promo 7/2026,NO
D00911,P1256,PERCENTAGE,5,344,326.8,2026-04-30,2026-05-19,Promo 4/2026,NO
D00912,P0057,PERCENTAGE,5,128,121.6,2026-05-18,2026-05-27,Promo 5/2026,NO
D00913,P0363,PERCENTAGE,15,278,236.3,2026-01-13,2026-02-11,Promo 1/2026,NO
D00914,P0205,PERCENTAGE,5,265,251.75,2026-06-22,2026-07-10,Promo 6/2026,NO
D00915,P1866,PERCENTAGE,25,602,451.5,2026-01-14,2026-01-29,Promo 1/2026,NO
D00916,P1093,PERCENTAGE,25,206,154.5,2026-09-20,2026-10-17,Promo 9/2026,YES
D00917,P0796,PERCENTAGE,5,455,432.25,2026-01-31,2026-02-07,Promo 1/2026,NO
D00918,P1558,PERCENTAGE,25,546,409.5,2025-12-22,2025-12-29,Promo 12/2025,NO
D00919,P0222,PERCENTAGE,20,630,504.0,2026-04-13,2026-05-08,Promo 4/2026,NO
D00920,P1058,PERCENTAGE,20,450,360.0,2025-10-31,2025-11-22,Promo 10/2025,NO
D00921,P1457,PERCENTAGE,20,574,459.2,2025-11-13,2025-12-07,Promo 11/2025,NO
D00922,P0262,PERCENTAGE,10,717,645.3,2026-04-30,2026-05-09,Promo 4/2026,NO
D00923,P0355,PERCENTAGE,25,562,421.5,2025-10-02,2025-10-28,Promo 10/2025,NO
D00924,P1808,PERCENTAGE,15,636,540.6,2026-05-28,2026-06-18,Promo 5/2026,NO
D00925,P1907,PERCENTAGE,5,320,304.0,2026-05-01,2026-05-16,Promo 5/2026,NO
D00926,P0914,PERCENTAGE,10,377,339.3,2025-11-11,2025-12-10,Promo 11/2025,NO
D00927,P0837,PERCENTAGE,15,662,562.7,2026-07-01,2026-07-13,Promo 7/2026,NO
D00928,P1308,PERCENTAGE,20,289,231.2,2026-04-26,2026-05-05,Promo 4/2026,NO
D00929,P0302,PERCENTAGE,30,1667,1166.9,2026-05-15,2026-05-25,Promo 5/2026,NO
D00930,P1884,PERCENTAGE,10,415,373.5,2026-02-24,2026-03-04,Promo 2/2026,NO
D00931,P0418,PERCENTAGE,25,236,177.0,2026-02-08,2026-02-23,Promo 2/2026,NO
D00932,P0469,PERCENTAGE,30,418,292.6,2026-05-28,2026-06-19,Promo 5/2026,NO
D00933,P0701,PERCENTAGE,10,622,559.8,2026-02-09,2026-03-01,Promo 2/2026,NO
D00934,P0709,PERCENTAGE,30,398,278.6,2026-04-19,2026-05-14,Promo 4/2026,NO
D00935,P1495,PERCENTAGE,20,224,179.2,2025-12-17,2026-01-10,Promo 12/2025,NO
D00936,P0099,PERCENTAGE,20,423,338.4,2026-01-14,2026-02-07,Promo 1/2026,NO
D00937,P0718,PERCENTAGE,30,622,435.4,2026-09-05,2026-09-17,Promo 9/2026,NO
D00938,P0755,PERCENTAGE,15,492,418.2,2026-08-17,2026-09-09,Promo 8/2026,NO
D00939,P0359,PERCENTAGE,15,528,448.8,2026-08-20,2026-08-31,Promo 8/2026,NO
D00940,P0253,PERCENTAGE,30,499,349.3,2026-01-13,2026-02-06,Promo 1/2026,NO
D00941,P1423,PERCENTAGE,10,491,441.9,2026-07-18,2026-08-10,Promo 7/2026,NO
D00942,P0665,PERCENTAGE,15,414,351.9,2026-02-01,2026-02-19,Promo 2/2026,NO
D00943,P1633,PERCENTAGE,15,366,311.1,2026-02-27,2026-03-07,Promo 2/2026,NO
D00944,P0065,PERCENTAGE,30,561,392.7,2026-03-02,2026-03-22,Promo 3/2026,NO
D00945,P0522,PERCENTAGE,15,357,303.45,2025-11-25,2025-12-22,Promo 11/2025,NO
D00946,P0753,PERCENTAGE,15,333,283.05,2026-08-28,2026-09-24,Promo 8/2026,NO
D00947,P0957,PERCENTAGE,15,293,249.05,2025-11-30,2025-12-30,Promo 11/2025,NO
D00948,P0299,PERCENTAGE,10,560,504.0,2026-05-15,2026-05-24,Promo 5/2026,NO
D00949,P0229,PERCENTAGE,10,210,189.0,2026-07-31,2026-08-13,Promo 7/2026,NO
D00950,P0316,PERCENTAGE,30,491,343.7,2026-06-19,2026-07-10,Promo 6/2026,NO
D00951,P0585,PERCENTAGE,25,418,313.5,2026-02-17,2026-03-15,Promo 2/2026,NO
D00952,P1568,PERCENTAGE,30,379,265.3,2025-11-23,2025-12-23,Promo 11/2025,NO
D00953,P1007,PERCENTAGE,30,1675,1172.5,2025-11-12,2025-12-08,Promo 11/2025,NO
D00954,P1503,PERCENTAGE,5,168,159.6,2026-04-05,2026-04-26,Promo 4/2026,NO
D00955,P0898,PERCENTAGE,20,440,352.0,2026-05-23,2026-06-05,Promo 5/2026,NO
D00956,P0498,PERCENTAGE,30,225,157.5,2026-04-06,2026-04-22,Promo 4/2026,NO
D00957,P1322,PERCENTAGE,30,304,212.8,2025-10-16,2025-11-13,Promo 10/2025,NO
D00958,P1521,PERCENTAGE,10,130,117.0,2026-01-26,2026-02-17,Promo 1/2026,NO
D00959,P0348,PERCENTAGE,5,215,204.25,2026-06-24,2026-07-07,Promo 6/2026,NO
D00960,P1777,PERCENTAGE,25,367,275.25,2026-03-03,2026-03-27,Promo 3/2026,NO
D00961,P0778,PERCENTAGE,30,230,161.0,2026-02-20,2026-03-04,Promo 2/2026,NO
D00962,P1679,PERCENTAGE,5,391,371.45,2025-09-30,2025-10-22,Promo 9/2025,NO
D00963,P0725,PERCENTAGE,30,447,312.9,2025-12-26,2026-01-02,Promo 12/2025,NO
D00964,P1342,PERCENTAGE,25,1013,759.75,2026-08-07,2026-08-15,Promo 8/2026,NO
D00965,P1641,PERCENTAGE,5,1051,998.45,2026-03-03,2026-03-29,Promo 3/2026,NO
D00966,P1606,PERCENTAGE,20,1275,1020.0,2025-11-04,2025-11-18,Promo 11/2025,NO
D00967,P1694,PERCENTAGE,5,536,509.2,2026-08-06,2026-08-21,Promo 8/2026,NO
D00968,P0674,PERCENTAGE,30,535,374.5,2026-03-08,2026-04-04,Promo 3/2026,NO
D00969,P0399,PERCENTAGE,5,167,158.65,2026-08-18,2026-09-06,Promo 8/2026,NO
D00970,P1247,PERCENTAGE,10,932,838.8,2025-11-19,2025-12-06,Promo 11/2025,NO
D00971,P1473,PERCENTAGE,25,444,333.0,2026-01-24,2026-02-16,Promo 1/2026,NO
D00972,P1700,PERCENTAGE,10,509,458.1,2026-04-24,2026-05-09,Promo 4/2026,NO
D00973,P1279,PERCENTAGE,10,751,675.9,2026-03-09,2026-03-26,Promo 3/2026,NO
D00974,P1737,PERCENTAGE,10,271,243.9,2025-10-07,2025-10-23,Promo 10/2025,NO
D00975,P0025,PERCENTAGE,5,454,431.3,2026-03-18,2026-04-16,Promo 3/2026,NO
D00976,P1614,PERCENTAGE,30,456,319.2,2025-09-30,2025-10-30,Promo 9/2025,NO
D00977,P0213,PERCENTAGE,25,180,135.0,2026-01-19,2026-01-28,Promo 1/2026,NO
D00978,P1465,PERCENTAGE,20,220,176.0,2026-03-19,2026-04-09,Promo 3/2026,NO
D00979,P0972,PERCENTAGE,25,521,390.75,2026-08-27,2026-09-12,Promo 8/2026,NO
D00980,P1054,PERCENTAGE,5,394,374.3,2026-06-01,2026-06-21,Promo 6/2026,NO
D00981,P0708,PERCENTAGE,10,284,255.6,2025-11-24,2025-12-09,Promo 11/2025,NO
D00982,P0521,PERCENTAGE,15,820,697.0,2026-07-17,2026-08-14,Promo 7/2026,NO
D00983,P1957,PERCENTAGE,15,484,411.4,2026-03-08,2026-03-23,Promo 3/2026,NO
D00984,P0537,PERCENTAGE,20,589,471.2,2026-09-11,2026-09-19,Promo 9/2026,NO
D00985,P1692,PERCENTAGE,25,402,301.5,2026-09-18,2026-10-01,Promo 9/2026,YES
D00986,P1679,PERCENTAGE,25,391,293.25,2026-03-02,2026-03-20,Promo 3/2026,NO
D00987,P1410,PERCENTAGE,5,490,465.5,2025-10-02,2025-10-24,Promo 10/2025,NO
D00988,P1235,PERCENTAGE,25,340,255.0,2025-11-15,2025-11-28,Promo 11/2025,NO
D00989,P0923,PERCENTAGE,30,528,369.6,2025-12-11,2026-01-04,Promo 12/2025,NO
D00990,P0220,PERCENTAGE,5,569,540.55,2026-02-10,2026-03-09,Promo 2/2026,NO
D00991,P1406,PERCENTAGE,30,227,158.9,2026-08-02,2026-09-01,Promo 8/2026,NO
D00992,P1372,PERCENTAGE,15,309,262.65,2025-10-20,2025-11-03,Promo 10/2025,NO
D00993,P1319,PERCENTAGE,25,385,288.75,2026-02-15,2026-02-25,Promo 2/2026,NO
D00994,P0302,PERCENTAGE,25,1667,1250.25,2026-04-09,2026-04-30,Promo 4/2026,NO
D00995,P1967,PERCENTAGE,25,114,85.5,2026-02-14,2026-03-09,Promo 2/2026,NO
D00996,P1354,PERCENTAGE,15,517,439.45,2025-10-06,2025-10-30,Promo 10/2025,NO
D00997,P1506,PERCENTAGE,20,220,176.0,2025-10-23,2025-11-18,Promo 10/2025,NO
D00998,P1164,PERCENTAGE,25,532,399.0,2026-02-18,2026-03-10,Promo 2/2026,NO
D00999,P1201,PERCENTAGE,25,265,198.75,2025-12-12,2026-01-04,Promo 12/2025,NO
D01000,P1591,PERCENTAGE,10,394,354.6,2026-06-17,2026-07-16,Promo 6/2026,NO
D01001,P1227,PERCENTAGE,5,209,198.55,2025-09-27,2025-10-13,Promo 9/2025,NO
D01002,P0645,PERCENTAGE,20,599,479.2,2025-10-22,2025-11-16,Promo 10/2025,NO
D01003,P1440,PERCENTAGE,10,208,187.2,2026-03-16,2026-04-07,Promo 3/2026,NO
D01004,P0215,PERCENTAGE,15,405,344.25,2025-12-24,2026-01-14,Promo 12/2025,NO
D01005,P1395,PERCENTAGE,10,304,273.6,2026-06-16,2026-07-01,Promo 6/2026,NO
D01006,P0772,PERCENTAGE,10,338,304.2,2026-07-04,2026-07-12,Promo 7/2026,NO
D01007,P1660,PERCENTAGE,5,649,616.55,2026-05-30,2026-06-29,Promo 5/2026,NO
D01008,P1226,PERCENTAGE,25,301,225.75,2025-10-31,2025-11-30,Promo 10/2025,NO
D01009,P1974,PERCENTAGE,20,229,183.2,2026-03-09,2026-04-07,Promo 3/2026,NO
D01010,P0518,PERCENTAGE,10,633,569.7,2026-04-07,2026-04-22,Promo 4/2026,NO
D01011,P0271,PERCENTAGE,10,810,729.0,2026-08-06,2026-08-30,Promo 8/2026,NO
D01012,P1329,PERCENTAGE,10,77,69.3,2025-11-01,2025-11-26,Promo 11/2025,NO
D01013,P0921,PERCENTAGE,10,576,518.4,2026-01-26,2026-02-18,Promo 1/2026,NO
D01014,P0483,PERCENTAGE,10,561,504.9,2026-03-09,2026-04-03,Promo 3/2026,NO
D01015,P1623,PERCENTAGE,5,593,563.35,2025-10-16,2025-10-27,Promo 10/2025,NO
D01016,P1999,PERCENTAGE,5,254,241.3,2026-02-07,2026-03-06,Promo 2/2026,NO
D01017,P1351,PERCENTAGE,25,368,276.0,2026-04-18,2026-05-10,Promo 4/2026,NO
D01018,P0062,PERCENTAGE,20,426,340.8,2026-03-15,2026-03-27,Promo 3/2026,NO
D01019,P1933,PERCENTAGE,25,485,363.75,2026-05-06,2026-05-19,Promo 5/2026,NO
D01020,P0354,PERCENTAGE,25,404,303.0,2025-10-20,2025-11-12,Promo 10/2025,NO
D01021,P1893,PERCENTAGE,5,422,400.9,2026-02-18,2026-03-19,Promo 2/2026,NO
D01022,P1184,PERCENTAGE,25,108,81.0,2025-11-15,2025-11-28,Promo 11/2025,NO
D01023,P0344,PERCENTAGE,10,361,324.9,2025-12-04,2025-12-14,Promo 12/2025,NO
D01024,P0092,PERCENTAGE,5,356,338.2,2026-01-03,2026-01-10,Promo 1/2026,NO
D01025,P0380,PERCENTAGE,10,535,481.5,2026-01-21,2026-02-02,Promo 1/2026,NO
D01026,P1821,PERCENTAGE,5,304,288.8,2025-10-25,2025-11-01,Promo 10/2025,NO
D01027,P0130,PERCENTAGE,30,175,122.5,2025-12-16,2026-01-08,Promo 12/2025,NO
D01028,P0791,PERCENTAGE,20,460,368.0,2025-12-30,2026-01-19,Promo 12/2025,NO
D01029,P0778,PERCENTAGE,5,230,218.5,2026-05-13,2026-05-21,Promo 5/2026,NO
D01030,P1864,PERCENTAGE,5,593,563.35,2026-01-30,2026-02-22,Promo 1/2026,NO
D01031,P1723,PERCENTAGE,30,571,399.7,2026-01-23,2026-02-18,Promo 1/2026,NO
D01032,P1376,PERCENTAGE,25,622,466.5,2026-03-16,2026-04-13,Promo 3/2026,NO
D01033,P0985,PERCENTAGE,30,355,248.5,2026-05-04,2026-05-23,Promo 5/2026,NO
D01034,P0250,PERCENTAGE,5,1686,1601.7,2026-01-07,2026-01-31,Promo 1/2026,NO
D01035,P0172,PERCENTAGE,15,364,309.4,2025-10-17,2025-10-30,Promo 10/2025,NO
D01036,P0764,PERCENTAGE,20,397,317.6,2026-06-28,2026-07-07,Promo 6/2026,NO
D01037,P0592,PERCENTAGE,5,260,247.0,2026-02-18,2026-03-20,Promo 2/2026,NO
D01038,P0482,PERCENTAGE,25,527,395.25,2026-01-06,2026-01-22,Promo 1/2026,NO
D01039,P1902,PERCENTAGE,15,1019,866.15,2026-07-07,2026-08-03,Promo 7/2026,NO
D01040,P0500,PERCENTAGE,30,296,207.2,2026-07-12,2026-07-21,Promo 7/2026,NO
D01041,P1208,PERCENTAGE,25,587,440.25,2026-02-14,2026-02-22,Promo 2/2026,NO
D01042,P1611,PERCENTAGE,20,410,328.0,2025-12-18,2026-01-02,Promo 12/2025,NO
D01043,P0863,PERCENTAGE,25,456,342.0,2025-11-02,2025-11-29,Promo 11/2025,NO
D01044,P0284,PERCENTAGE,10,533,479.7,2026-06-17,2026-07-04,Promo 6/2026,NO
D01045,P0634,PERCENTAGE,20,401,320.8,2026-08-07,2026-09-01,Promo 8/2026,NO
D01046,P0648,PERCENTAGE,30,450,315.0,2026-01-28,2026-02-07,Promo 1/2026,NO
D01047,P0072,PERCENTAGE,5,218,207.1,2026-06-22,2026-07-05,Promo 6/2026,NO
D01048,P1502,PERCENTAGE,5,213,202.35,2026-09-25,2026-10-16,Promo 9/2026,YES
D01049,P1711,PERCENTAGE,20,379,303.2,2026-09-17,2026-09-29,Promo 9/2026,YES
D01050,P0008,PERCENTAGE,15,312,265.2,2026-03-26,2026-04-10,Promo 3/2026,NO
D01051,P1933,PERCENTAGE,15,485,412.25,2026-05-10,2026-06-09,Promo 5/2026,NO
D01052,P1205,PERCENTAGE,20,416,332.8,2025-10-17,2025-11-07,Promo 10/2025,NO
D01053,P1709,PERCENTAGE,5,1026,974.7,2026-01-28,2026-02-14,Promo 1/2026,NO
D01054,P0041,PERCENTAGE,30,836,585.2,2026-07-03,2026-07-11,Promo 7/2026,NO
D01055,P0893,PERCENTAGE,20,688,550.4,2026-03-23,2026-04-20,Promo 3/2026,NO
D01056,P0799,PERCENTAGE,20,159,127.2,2025-11-12,2025-11-27,Promo 11/2025,NO
D01057,P0189,PERCENTAGE,5,212,201.4,2026-05-06,2026-05-13,Promo 5/2026,NO
D01058,P1854,PERCENTAGE,30,285,199.5,2026-09-23,2026-10-12,Promo 9/2026,YES
D01059,P1877,PERCENTAGE,15,679,577.15,2026-07-08,2026-07-24,Promo 7/2026,NO
D01060,P1777,PERCENTAGE,5,367,348.65,2025-10-27,2025-11-25,Promo 10/2025,NO
D01061,P0185,PERCENTAGE,30,239,167.3,2026-07-17,2026-07-31,Promo 7/2026,NO
D01062,P0578,PERCENTAGE,5,695,660.25,2026-06-02,2026-06-23,Promo 6/2026,NO
D01063,P1110,PERCENTAGE,15,150,127.5,2026-09-23,2026-10-03,Promo 9/2026,YES
D01064,P0817,PERCENTAGE,25,907,680.25,2026-04-17,2026-05-12,Promo 4/2026,NO
D01065,P0551,PERCENTAGE,25,542,406.5,2026-05-31,2026-06-22,Promo 5/2026,NO
D01066,P0086,PERCENTAGE,25,314,235.5,2026-05-07,2026-06-02,Promo 5/2026,NO
D01067,P0031,PERCENTAGE,15,313,266.05,2026-04-20,2026-05-14,Promo 4/2026,NO
D01068,P1557,PERCENTAGE,10,804,723.6,2026-02-27,2026-03-19,Promo 2/2026,NO
D01069,P0860,PERCENTAGE,25,338,253.5,2026-03-13,2026-03-26,Promo 3/2026,NO
D01070,P0603,PERCENTAGE,25,599,449.25,2026-07-11,2026-07-22,Promo 7/2026,NO
D01071,P0774,PERCENTAGE,25,421,315.75,2026-09-24,2026-10-24,Promo 9/2026,YES
D01072,P1163,PERCENTAGE,25,265,198.75,2026-01-20,2026-02-15,Promo 1/2026,NO
D01073,P0830,PERCENTAGE,10,204,183.6,2026-08-21,2026-09-09,Promo 8/2026,NO
D01074,P1243,PERCENTAGE,20,186,148.8,2026-07-02,2026-07-09,Promo 7/2026,NO
D01075,P1082,PERCENTAGE,10,331,297.9,2026-03-02,2026-03-26,Promo 3/2026,NO
D01076,P0888,PERCENTAGE,25,838,628.5,2026-05-09,2026-06-02,Promo 5/2026,NO
D01077,P1066,PERCENTAGE,30,281,196.7,2025-12-18,2026-01-12,Promo 12/2025,NO
D01078,P0243,PERCENTAGE,20,202,161.6,2026-03-11,2026-04-03,Promo 3/2026,NO
D01079,P1397,PERCENTAGE,30,467,326.9,2026-02-01,2026-02-28,Promo 2/2026,NO
D01080,P0994,PERCENTAGE,25,461,345.75,2026-02-23,2026-03-04,Promo 2/2026,NO
D01081,P0746,PERCENTAGE,5,351,333.45,2026-09-04,2026-09-22,Promo 9/2026,NO
D01082,P1645,PERCENTAGE,25,408,306.0,2025-11-12,2025-12-02,Promo 11/2025,NO
D01083,P0370,PERCENTAGE,15,622,528.7,2026-04-29,2026-05-20,Promo 4/2026,NO
D01084,P1729,PERCENTAGE,5,646,613.7,2025-12-26,2026-01-20,Promo 12/2025,NO
D01085,P0931,PERCENTAGE,20,628,502.4,2025-12-10,2025-12-17,Promo 12/2025,NO
D01086,P1420,PERCENTAGE,25,378,283.5,2026-09-03,2026-09-17,Promo 9/2026,NO
D01087,P0260,PERCENTAGE,5,560,532.0,2026-01-29,2026-02-07,Promo 1/2026,NO
D01088,P0272,PERCENTAGE,20,311,248.8,2026-06-30,2026-07-29,Promo 6/2026,NO
D01089,P1565,PERCENTAGE,15,561,476.85,2026-05-19,2026-06-09,Promo 5/2026,NO
D01090,P1740,PERCENTAGE,30,420,294.0,2026-04-06,2026-04-29,Promo 4/2026,NO
D01091,P1183,PERCENTAGE,25,578,433.5,2026-01-06,2026-01-18,Promo 1/2026,NO
D01092,P0779,PERCENTAGE,5,339,322.05,2026-05-27,2026-06-12,Promo 5/2026,NO
D01093,P0162,PERCENTAGE,25,371,278.25,2026-06-13,2026-06-20,Promo 6/2026,NO
D01094,P1559,PERCENTAGE,25,553,414.75,2026-05-01,2026-05-19,Promo 5/2026,NO
D01095,P1914,PERCENTAGE,10,477,429.3,2026-03-23,2026-04-01,Promo 3/2026,NO
D01096,P1606,PERCENTAGE,20,1275,1020.0,2026-02-26,2026-03-16,Promo 2/2026,NO
D01097,P0688,PERCENTAGE,25,808,606.0,2026-04-26,2026-05-13,Promo 4/2026,NO
D01098,P1990,PERCENTAGE,5,808,767.6,2025-09-28,2025-10-19,Promo 9/2025,NO
D01099,P0997,PERCENTAGE,20,599,479.2,2026-02-18,2026-03-06,Promo 2/2026,NO
D01100,P1447,PERCENTAGE,5,633,601.35,2026-06-19,2026-07-17,Promo 6/2026,NO
D01101,P1532,PERCENTAGE,10,703,632.7,2026-03-27,2026-04-18,Promo 3/2026,NO
D01102,P0608,PERCENTAGE,20,383,306.4,2025-10-15,2025-11-10,Promo 10/2025,NO
D01103,P0379,PERCENTAGE,5,189,179.55,2026-07-22,2026-08-01,Promo 7/2026,NO
D01104,P1110,PERCENTAGE,30,150,105.0,2025-12-07,2026-01-03,Promo 12/2025,NO
D01105,P1130,PERCENTAGE,10,349,314.1,2025-12-29,2026-01-13,Promo 12/2025,NO
D01106,P0189,PERCENTAGE,25,212,159.0,2026-07-12,2026-08-10,Promo 7/2026,NO
D01107,P1213,PERCENTAGE,20,328,262.4,2026-06-22,2026-07-03,Promo 6/2026,NO
D01108,P0893,PERCENTAGE,15,688,584.8,2026-03-30,2026-04-11,Promo 3/2026,NO
D01109,P0334,PERCENTAGE,10,569,512.1,2026-08-21,2026-09-16,Promo 8/2026,NO
D01110,P1932,PERCENTAGE,20,370,296.0,2026-03-29,2026-04-15,Promo 3/2026,NO
D01111,P1050,PERCENTAGE,25,860,645.0,2026-08-03,2026-08-12,Promo 8/2026,NO
D01112,P0921,PERCENTAGE,5,576,547.2,2026-07-06,2026-08-04,Promo 7/2026,NO
D01113,P1806,PERCENTAGE,15,602,511.7,2025-10-30,2025-11-29,Promo 10/2025,NO
D01114,P1498,PERCENTAGE,15,514,436.9,2026-04-24,2026-05-09,Promo 4/2026,NO
D01115,P1877,PERCENTAGE,10,679,611.1,2026-01-07,2026-01-17,Promo 1/2026,NO
D01116,P1687,PERCENTAGE,25,469,351.75,2025-12-29,2026-01-16,Promo 12/2025,NO
D01117,P1395,PERCENTAGE,15,304,258.4,2026-08-24,2026-09-11,Promo 8/2026,NO
D01118,P0996,PERCENTAGE,5,178,169.1,2025-09-28,2025-10-15,Promo 9/2025,NO
D01119,P0892,PERCENTAGE,25,295,221.25,2026-08-04,2026-08-15,Promo 8/2026,NO
D01120,P0006,PERCENTAGE,25,455,341.25,2026-06-02,2026-06-13,Promo 6/2026,NO
D01121,P0259,PERCENTAGE,15,532,452.2,2025-11-03,2025-11-25,Promo 11/2025,NO
D01122,P1701,PERCENTAGE,5,1100,1045.0,2026-05-02,2026-05-31,Promo 5/2026,NO
D01123,P1177,PERCENTAGE,5,557,529.15,2025-12-07,2026-01-06,Promo 12/2025,NO
D01124,P0102,PERCENTAGE,5,560,532.0,2025-11-28,2025-12-25,Promo 11/2025,NO
D01125,P0818,PERCENTAGE,10,562,505.8,2025-10-05,2025-11-03,Promo 10/2025,NO
D01126,P1841,PERCENTAGE,15,676,574.6,2026-05-18,2026-06-07,Promo 5/2026,NO
D01127,P0564,PERCENTAGE,5,767,728.65,2026-02-12,2026-03-05,Promo 2/2026,NO
D01128,P0352,PERCENTAGE,10,542,487.8,2026-03-12,2026-03-23,Promo 3/2026,NO
D01129,P0571,PERCENTAGE,20,464,371.2,2026-04-03,2026-04-15,Promo 4/2026,NO
D01130,P1031,PERCENTAGE,10,134,120.6,2025-12-28,2026-01-21,Promo 12/2025,NO
D01131,P1252,PERCENTAGE,15,420,357.0,2025-12-19,2026-01-18,Promo 12/2025,NO
D01132,P1814,PERCENTAGE,15,536,455.6,2025-12-08,2025-12-15,Promo 12/2025,NO
D01133,P0120,PERCENTAGE,5,586,556.7,2026-08-22,2026-09-13,Promo 8/2026,NO
D01134,P1066,PERCENTAGE,30,281,196.7,2026-08-09,2026-09-01,Promo 8/2026,NO
D01135,P0375,PERCENTAGE,10,435,391.5,2025-11-20,2025-12-19,Promo 11/2025,NO
D01136,P0537,PERCENTAGE,30,589,412.3,2026-06-21,2026-07-12,Promo 6/2026,NO
D01137,P0493,PERCENTAGE,5,262,248.9,2026-06-27,2026-07-08,Promo 6/2026,NO
D01138,P0860,PERCENTAGE,5,338,321.1,2026-05-18,2026-06-06,Promo 5/2026,NO
D01139,P1929,PERCENTAGE,25,551,413.25,2026-06-24,2026-07-12,Promo 6/2026,NO
D01140,P0013,PERCENTAGE,20,419,335.2,2026-03-31,2026-04-09,Promo 3/2026,NO
D01141,P0121,PERCENTAGE,15,464,394.4,2025-12-17,2026-01-10,Promo 12/2025,NO
D01142,P1314,PERCENTAGE,30,572,400.4,2026-07-28,2026-08-05,Promo 7/2026,NO
D01143,P0188,PERCENTAGE,5,1209,1148.55,2026-06-18,2026-07-13,Promo 6/2026,NO
D01144,P0762,PERCENTAGE,5,224,212.8,2025-11-16,2025-12-12,Promo 11/2025,NO
D01145,P0365,PERCENTAGE,20,595,476.0,2025-12-16,2025-12-26,Promo 12/2025,NO
D01146,P1672,PERCENTAGE,30,205,143.5,2026-05-03,2026-05-12,Promo 5/2026,NO
D01147,P0646,PERCENTAGE,10,304,273.6,2026-08-26,2026-09-15,Promo 8/2026,NO
D01148,P0166,PERCENTAGE,30,776,543.2,2026-03-02,2026-03-10,Promo 3/2026,NO
D01149,P1524,PERCENTAGE,15,1652,1404.2,2026-01-16,2026-01-30,Promo 1/2026,NO
D01150,P1940,PERCENTAGE,20,325,260.0,2026-01-04,2026-01-12,Promo 1/2026,NO
D01151,P1682,PERCENTAGE,25,374,280.5,2025-10-11,2025-10-22,Promo 10/2025,NO
D01152,P0409,PERCENTAGE,5,359,341.05,2025-12-07,2025-12-15,Promo 12/2025,NO
D01153,P0947,PERCENTAGE,5,980,931.0,2026-08-29,2026-09-18,Promo 8/2026,NO
D01154,P1216,PERCENTAGE,15,576,489.6,2026-05-01,2026-05-29,Promo 5/2026,NO
D01155,P0031,PERCENTAGE,5,313,297.35,2026-09-18,2026-10-10,Promo 9/2026,YES
D01156,P0526,PERCENTAGE,30,106,74.2,2025-11-16,2025-12-13,Promo 11/2025,NO
D01157,P0178,PERCENTAGE,25,480,360.0,2026-01-29,2026-02-23,Promo 1/2026,NO
D01158,P1609,PERCENTAGE,15,350,297.5,2025-12-28,2026-01-21,Promo 12/2025,NO
D01159,P1457,PERCENTAGE,15,574,487.9,2026-07-19,2026-08-17,Promo 7/2026,NO
D01160,P0601,PERCENTAGE,10,328,295.2,2025-11-28,2025-12-25,Promo 11/2025,NO
D01161,P0289,PERCENTAGE,25,464,348.0,2026-08-08,2026-08-31,Promo 8/2026,NO
D01162,P0960,PERCENTAGE,20,541,432.8,2026-02-26,2026-03-23,Promo 2/2026,NO
D01163,P1138,PERCENTAGE,25,470,352.5,2026-09-24,2026-10-07,Promo 9/2026,YES
D01164,P1772,PERCENTAGE,20,1059,847.2,2026-08-04,2026-08-22,Promo 8/2026,NO
D01165,P0270,PERCENTAGE,25,439,329.25,2026-09-08,2026-09-23,Promo 9/2026,NO
D01166,P0572,PERCENTAGE,20,490,392.0,2026-03-23,2026-04-02,Promo 3/2026,NO
D01167,P0847,PERCENTAGE,30,214,149.8,2026-02-19,2026-02-28,Promo 2/2026,NO
D01168,P1965,PERCENTAGE,25,848,636.0,2026-05-23,2026-06-22,Promo 5/2026,NO
D01169,P1055,PERCENTAGE,10,403,362.7,2026-08-25,2026-09-16,Promo 8/2026,NO
D01170,P0415,PERCENTAGE,15,957,813.45,2026-05-14,2026-06-07,Promo 5/2026,NO
D01171,P0170,PERCENTAGE,10,1023,920.7,2026-06-06,2026-07-06,Promo 6/2026,NO
D01172,P1585,PERCENTAGE,5,431,409.45,2025-12-07,2025-12-15,Promo 12/2025,NO
D01173,P0529,PERCENTAGE,15,215,182.75,2026-01-04,2026-01-12,Promo 1/2026,NO
D01174,P0315,PERCENTAGE,15,611,519.35,2025-11-29,2025-12-23,Promo 11/2025,NO
D01175,P1360,PERCENTAGE,25,269,201.75,2026-03-15,2026-04-03,Promo 3/2026,NO
D01176,P0455,PERCENTAGE,30,948,663.6,2026-03-28,2026-04-09,Promo 3/2026,NO
D01177,P0141,PERCENTAGE,20,234,187.2,2026-09-17,2026-10-03,Promo 9/2026,YES
D01178,P0437,PERCENTAGE,30,222,155.4,2025-12-26,2026-01-13,Promo 12/2025,NO
D01179,P0897,PERCENTAGE,15,246,209.1,2026-05-25,2026-06-17,Promo 5/2026,NO
D01180,P1565,PERCENTAGE,10,561,504.9,2026-09-23,2026-10-10,Promo 9/2026,YES
D01181,P1785,PERCENTAGE,10,966,869.4,2026-06-28,2026-07-18,Promo 6/2026,NO
D01182,P1086,PERCENTAGE,5,624,592.8,2025-11-26,2025-12-15,Promo 11/2025,NO
D01183,P1766,PERCENTAGE,15,522,443.7,2025-12-21,2026-01-14,Promo 12/2025,NO
D01184,P0892,PERCENTAGE,5,295,280.25,2026-07-02,2026-08-01,Promo 7/2026,NO
D01185,P0880,PERCENTAGE,20,552,441.6,2026-04-21,2026-05-04,Promo 4/2026,NO
D01186,P1205,PERCENTAGE,25,416,312.0,2026-08-28,2026-09-11,Promo 8/2026,NO
D01187,P1470,PERCENTAGE,15,259,220.15,2026-02-04,2026-02-20,Promo 2/2026,NO
D01188,P1907,PERCENTAGE,25,320,240.0,2026-06-06,2026-06-29,Promo 6/2026,NO
D01189,P0400,PERCENTAGE,25,330,247.5,2025-11-19,2025-12-05,Promo 11/2025,NO
D01190,P1982,PERCENTAGE,10,318,286.2,2025-10-14,2025-10-31,Promo 10/2025,NO
D01191,P1639,PERCENTAGE,10,476,428.4,2025-11-18,2025-12-07,Promo 11/2025,NO
D01192,P1887,PERCENTAGE,30,1212,848.4,2025-12-27,2026-01-12,Promo 12/2025,NO
D01193,P0832,PERCENTAGE,10,325,292.5,2026-06-19,2026-07-13,Promo 6/2026,NO
D01194,P0098,PERCENTAGE,15,836,710.6,2025-12-05,2025-12-22,Promo 12/2025,NO
D01195,P0109,PERCENTAGE,20,976,780.8,2025-10-04,2025-10-25,Promo 10/2025,NO
D01196,P1899,PERCENTAGE,15,307,260.95,2026-05-07,2026-06-05,Promo 5/2026,NO
D01197,P0103,PERCENTAGE,20,305,244.0,2025-11-01,2025-11-19,Promo 11/2025,NO
D01198,P0920,PERCENTAGE,25,675,506.25,2026-01-01,2026-01-18,Promo 1/2026,NO
D01199,P0722,PERCENTAGE,5,399,379.05,2026-06-20,2026-07-08,Promo 6/2026,NO
D01200,P1968,PERCENTAGE,20,549,439.2,2025-09-26,2025-10-08,Promo 9/2025,NO
D01201,P0422,PERCENTAGE,25,207,155.25,2025-10-21,2025-11-02,Promo 10/2025,NO
D01202,P1494,PERCENTAGE,5,269,255.55,2026-03-09,2026-04-04,Promo 3/2026,NO
D01203,P0070,PERCENTAGE,25,258,193.5,2026-05-23,2026-06-09,Promo 5/2026,NO
D01204,P1848,PERCENTAGE,15,431,366.35,2025-12-08,2025-12-18,Promo 12/2025,NO
D01205,P0088,PERCENTAGE,20,297,237.6,2025-12-23,2026-01-19,Promo 12/2025,NO
D01206,P1434,PERCENTAGE,15,222,188.7,2026-07-18,2026-08-17,Promo 7/2026,NO
D01207,P0057,PERCENTAGE,30,128,89.6,2026-08-02,2026-08-28,Promo 8/2026,NO
D01208,P0209,PERCENTAGE,10,360,324.0,2025-12-03,2025-12-13,Promo 12/2025,NO
D01209,P1948,PERCENTAGE,5,408,387.6,2026-04-14,2026-04-24,Promo 4/2026,NO
D01210,P0948,PERCENTAGE,25,608,456.0,2026-01-12,2026-01-31,Promo 1/2026,NO
D01211,P0195,PERCENTAGE,25,274,205.5,2026-01-17,2026-02-14,Promo 1/2026,NO
D01212,P0040,PERCENTAGE,10,477,429.3,2025-11-18,2025-12-05,Promo 11/2025,NO
D01213,P1650,PERCENTAGE,15,603,512.55,2025-12-17,2026-01-15,Promo 12/2025,NO
D01214,P1931,PERCENTAGE,20,828,662.4,2026-01-19,2026-02-16,Promo 1/2026,NO
D01215,P0797,PERCENTAGE,5,188,178.6,2026-04-06,2026-05-04,Promo 4/2026,NO
D01216,P1440,PERCENTAGE,10,208,187.2,2026-06-09,2026-06-21,Promo 6/2026,NO
D01217,P1299,PERCENTAGE,5,751,713.45,2025-10-23,2025-11-11,Promo 10/2025,NO
D01218,P1469,PERCENTAGE,25,168,126.0,2026-05-18,2026-06-05,Promo 5/2026,NO
D01219,P1883,PERCENTAGE,10,361,324.9,2026-05-13,2026-05-30,Promo 5/2026,NO
D01220,P1675,PERCENTAGE,15,279,237.15,2026-04-17,2026-05-16,Promo 4/2026,NO
D01221,P1927,PERCENTAGE,5,297,282.15,2025-11-23,2025-12-21,Promo 11/2025,NO
D01222,P0363,PERCENTAGE,5,278,264.1,2026-09-06,2026-09-15,Promo 9/2026,NO
D01223,P1366,PERCENTAGE,10,498,448.2,2026-05-20,2026-06-01,Promo 5/2026,NO
D01224,P0897,PERCENTAGE,15,246,209.1,2025-09-29,2025-10-24,Promo 9/2025,NO
D01225,P0732,PERCENTAGE,5,357,339.15,2026-08-02,2026-08-09,Promo 8/2026,NO
D01226,P0324,PERCENTAGE,20,636,508.8,2026-06-14,2026-07-13,Promo 6/2026,NO
D01227,P1883,PERCENTAGE,5,361,342.95,2026-04-01,2026-04-10,Promo 4/2026,NO
D01228,P0655,PERCENTAGE,5,284,269.8,2026-02-01,2026-02-18,Promo 2/2026,NO
D01229,P0440,PERCENTAGE,30,414,289.8,2026-08-10,2026-08-22,Promo 8/2026,NO
D01230,P1857,PERCENTAGE,15,315,267.75,2026-01-28,2026-02-24,Promo 1/2026,NO
D01231,P1406,PERCENTAGE,30,227,158.9,2026-08-26,2026-09-20,Promo 8/2026,NO
D01232,P0532,PERCENTAGE,20,406,324.8,2025-10-28,2025-11-24,Promo 10/2025,NO
D01233,P1824,PERCENTAGE,25,378,283.5,2026-01-31,2026-02-17,Promo 1/2026,NO
D01234,P0066,PERCENTAGE,20,498,398.4,2026-08-19,2026-09-04,Promo 8/2026,NO
D01235,P0090,PERCENTAGE,20,395,316.0,2026-01-08,2026-01-18,Promo 1/2026,NO
D01236,P1567,PERCENTAGE,20,551,440.8,2026-06-20,2026-07-19,Promo 6/2026,NO
D01237,P0392,PERCENTAGE,10,415,373.5,2026-02-05,2026-02-26,Promo 2/2026,NO
D01238,P1219,PERCENTAGE,25,398,298.5,2025-11-14,2025-11-22,Promo 11/2025,NO
D01239,P1907,PERCENTAGE,15,320,272.0,2026-09-09,2026-10-08,Promo 9/2026,YES
D01240,P1522,PERCENTAGE,25,291,218.25,2026-02-24,2026-03-24,Promo 2/2026,NO
D01241,P0750,PERCENTAGE,30,372,260.4,2025-10-18,2025-10-25,Promo 10/2025,NO
D01242,P1871,PERCENTAGE,10,413,371.7,2026-09-16,2026-10-14,Promo 9/2026,YES
D01243,P1539,PERCENTAGE,5,458,435.1,2026-09-20,2026-09-28,Promo 9/2026,YES
D01244,P0020,PERCENTAGE,20,413,330.4,2026-03-16,2026-04-01,Promo 3/2026,NO
D01245,P1961,PERCENTAGE,30,533,373.1,2026-01-29,2026-02-24,Promo 1/2026,NO
D01246,P0443,PERCENTAGE,15,359,305.15,2026-03-14,2026-04-13,Promo 3/2026,NO
D01247,P0025,PERCENTAGE,10,454,408.6,2026-05-04,2026-06-02,Promo 5/2026,NO
D01248,P1838,PERCENTAGE,25,522,391.5,2026-06-20,2026-06-30,Promo 6/2026,NO
D01249,P0007,PERCENTAGE,15,153,130.05,2026-05-20,2026-06-07,Promo 5/2026,NO
D01250,P0259,PERCENTAGE,5,532,505.4,2026-05-25,2026-06-07,Promo 5/2026,NO
D01251,P0878,PERCENTAGE,5,218,207.1,2025-10-22,2025-11-14,Promo 10/2025,NO
D01252,P1253,PERCENTAGE,30,248,173.6,2025-12-13,2025-12-29,Promo 12/2025,NO
D01253,P0132,PERCENTAGE,5,358,340.1,2026-04-28,2026-05-22,Promo 4/2026,NO
D01254,P0615,PERCENTAGE,30,343,240.1,2025-12-20,2026-01-15,Promo 12/2025,NO
D01255,P1864,PERCENTAGE,5,593,563.35,2025-11-13,2025-11-27,Promo 11/2025,NO
D01256,P1340,PERCENTAGE,15,448,380.8,2025-10-07,2025-11-02,Promo 10/2025,NO
D01257,P1263,PERCENTAGE,10,185,166.5,2025-09-27,2025-10-21,Promo 9/2025,NO
D01258,P0736,PERCENTAGE,15,442,375.7,2026-07-01,2026-07-15,Promo 7/2026,NO
D01259,P1863,PERCENTAGE,15,880,748.0,2026-08-15,2026-09-12,Promo 8/2026,NO
D01260,P1162,PERCENTAGE,15,270,229.5,2026-02-25,2026-03-08,Promo 2/2026,NO
D01261,P0094,PERCENTAGE,15,366,311.1,2026-07-29,2026-08-17,Promo 7/2026,NO
D01262,P0145,PERCENTAGE,5,518,492.1,2026-01-14,2026-01-22,Promo 1/2026,NO
D01263,P0835,PERCENTAGE,20,635,508.0,2025-12-30,2026-01-24,Promo 12/2025,NO
D01264,P1927,PERCENTAGE,25,297,222.75,2025-12-17,2025-12-24,Promo 12/2025,NO
D01265,P1320,PERCENTAGE,5,169,160.55,2026-06-14,2026-07-03,Promo 6/2026,NO
D01266,P1170,PERCENTAGE,20,1098,878.4,2025-11-25,2025-12-19,Promo 11/2025,NO
D01267,P0121,PERCENTAGE,5,464,440.8,2025-12-06,2025-12-30,Promo 12/2025,NO
D01268,P0793,PERCENTAGE,30,356,249.2,2026-07-23,2026-08-13,Promo 7/2026,NO
D01269,P0978,PERCENTAGE,15,424,360.4,2026-07-17,2026-07-25,Promo 7/2026,NO
D01270,P1594,PERCENTAGE,30,527,368.9,2026-03-12,2026-03-26,Promo 3/2026,NO
D01271,P0981,PERCENTAGE,25,155,116.25,2026-05-26,2026-06-10,Promo 5/2026,NO
D01272,P1423,PERCENTAGE,30,491,343.7,2026-07-04,2026-07-15,Promo 7/2026,NO
D01273,P1468,PERCENTAGE,10,587,528.3,2026-07-25,2026-08-22,Promo 7/2026,NO
D01274,P0397,PERCENTAGE,25,419,314.25,2025-11-23,2025-12-09,Promo 11/2025,NO
D01275,P0629,PERCENTAGE,25,384,288.0,2026-09-15,2026-10-14,Promo 9/2026,YES
D01276,P1973,PERCENTAGE,15,296,251.6,2025-11-14,2025-11-28,Promo 11/2025,NO
D01277,P0043,PERCENTAGE,5,870,826.5,2026-04-05,2026-04-24,Promo 4/2026,NO
D01278,P1006,PERCENTAGE,20,287,229.6,2026-03-19,2026-04-07,Promo 3/2026,NO
D01279,P1554,PERCENTAGE,10,271,243.9,2026-03-26,2026-04-12,Promo 3/2026,NO
D01280,P0672,PERCENTAGE,5,399,379.05,2026-03-26,2026-04-08,Promo 3/2026,NO
D01281,P0330,PERCENTAGE,30,266,186.2,2025-12-19,2026-01-06,Promo 12/2025,NO
D01282,P1697,PERCENTAGE,5,241,228.95,2025-12-14,2025-12-23,Promo 12/2025,NO
D01283,P1011,PERCENTAGE,10,205,184.5,2026-09-25,2026-10-14,Promo 9/2026,YES
D01284,P0642,PERCENTAGE,15,552,469.2,2025-10-25,2025-11-05,Promo 10/2025,NO
D01285,P1841,PERCENTAGE,20,676,540.8,2026-03-05,2026-03-17,Promo 3/2026,NO
D01286,P0586,PERCENTAGE,5,292,277.4,2026-09-05,2026-09-26,Promo 9/2026,NO
D01287,P1101,PERCENTAGE,15,356,302.6,2026-07-04,2026-07-16,Promo 7/2026,NO
D01288,P1193,PERCENTAGE,5,567,538.65,2026-04-10,2026-05-07,Promo 4/2026,NO
D01289,P0383,PERCENTAGE,30,145,101.5,2026-06-24,2026-07-19,Promo 6/2026,NO
D01290,P1439,PERCENTAGE,10,245,220.5,2025-10-09,2025-10-23,Promo 10/2025,NO
D01291,P1617,PERCENTAGE,10,427,384.3,2026-02-27,2026-03-15,Promo 2/2026,NO
D01292,P0678,PERCENTAGE,5,151,143.45,2026-03-01,2026-03-10,Promo 3/2026,NO
D01293,P0032,PERCENTAGE,30,561,392.7,2026-09-21,2026-09-29,Promo 9/2026,YES
D01294,P1171,PERCENTAGE,5,269,255.55,2026-01-20,2026-02-16,Promo 1/2026,NO
D01295,P1834,PERCENTAGE,20,538,430.4,2026-07-06,2026-08-03,Promo 7/2026,NO
D01296,P0096,PERCENTAGE,15,250,212.5,2026-03-30,2026-04-13,Promo 3/2026,NO
D01297,P0012,PERCENTAGE,30,520,364.0,2025-10-06,2025-10-30,Promo 10/2025,NO
D01298,P1139,PERCENTAGE,20,260,208.0,2026-09-20,2026-10-13,Promo 9/2026,YES
D01299,P0519,PERCENTAGE,10,816,734.4,2026-08-03,2026-08-10,Promo 8/2026,NO
D01300,P0311,PERCENTAGE,5,406,385.7,2026-03-17,2026-03-26,Promo 3/2026,NO
D01301,P0787,PERCENTAGE,20,137,109.6,2025-09-27,2025-10-18,Promo 9/2025,NO
D01302,P0451,PERCENTAGE,10,362,325.8,2025-12-15,2026-01-10,Promo 12/2025,NO
D01303,P1900,PERCENTAGE,5,567,538.65,2026-04-30,2026-05-16,Promo 4/2026,NO
D01304,P1836,PERCENTAGE,30,465,325.5,2026-02-13,2026-03-02,Promo 2/2026,NO
D01305,P1962,PERCENTAGE,20,358,286.4,2025-10-16,2025-11-02,Promo 10/2025,NO
D01306,P1545,PERCENTAGE,25,416,312.0,2025-12-27,2026-01-20,Promo 12/2025,NO
D01307,P1618,PERCENTAGE,25,570,427.5,2026-02-19,2026-03-12,Promo 2/2026,NO
D01308,P0663,PERCENTAGE,25,402,301.5,2026-08-01,2026-08-13,Promo 8/2026,NO
D01309,P0180,PERCENTAGE,10,619,557.1,2025-10-09,2025-11-03,Promo 10/2025,NO
D01310,P1510,PERCENTAGE,25,546,409.5,2026-02-03,2026-02-23,Promo 2/2026,NO
D01311,P0639,PERCENTAGE,10,206,185.4,2026-05-22,2026-06-10,Promo 5/2026,NO
D01312,P0096,PERCENTAGE,10,250,225.0,2026-01-25,2026-02-08,Promo 1/2026,NO
D01313,P0859,PERCENTAGE,30,349,244.3,2025-11-30,2025-12-12,Promo 11/2025,NO
D01314,P1633,PERCENTAGE,5,366,347.7,2026-05-26,2026-06-24,Promo 5/2026,NO
D01315,P0290,PERCENTAGE,20,399,319.2,2026-04-09,2026-04-27,Promo 4/2026,NO
D01316,P0725,PERCENTAGE,25,447,335.25,2026-08-01,2026-08-13,Promo 8/2026,NO
D01317,P0160,PERCENTAGE,15,154,130.9,2026-01-22,2026-02-12,Promo 1/2026,NO
D01318,P0949,PERCENTAGE,5,484,459.8,2025-11-17,2025-12-16,Promo 11/2025,NO
D01319,P1221,PERCENTAGE,10,221,198.9,2026-05-28,2026-06-04,Promo 5/2026,NO
D01320,P1859,PERCENTAGE,20,395,316.0,2026-01-15,2026-01-25,Promo 1/2026,NO
D01321,P0187,PERCENTAGE,15,503,427.55,2025-10-28,2025-11-09,Promo 10/2025,NO
D01322,P0463,PERCENTAGE,30,306,214.2,2026-07-05,2026-07-29,Promo 7/2026,NO
D01323,P0013,PERCENTAGE,10,419,377.1,2026-08-12,2026-08-25,Promo 8/2026,NO
D01324,P0884,PERCENTAGE,30,588,411.6,2025-10-10,2025-10-22,Promo 10/2025,NO
D01325,P0203,PERCENTAGE,30,283,198.1,2026-06-01,2026-06-27,Promo 6/2026,NO
D01326,P1486,PERCENTAGE,30,175,122.5,2026-03-28,2026-04-09,Promo 3/2026,NO
D01327,P0139,PERCENTAGE,15,856,727.6,2026-07-30,2026-08-22,Promo 7/2026,NO
D01328,P1610,PERCENTAGE,5,297,282.15,2026-06-27,2026-07-20,Promo 6/2026,NO
D01329,P1174,PERCENTAGE,20,394,315.2,2026-01-19,2026-02-18,Promo 1/2026,NO
D01330,P0009,PERCENTAGE,30,325,227.5,2026-07-05,2026-07-23,Promo 7/2026,NO
D01331,P1159,PERCENTAGE,5,255,242.25,2025-10-16,2025-11-05,Promo 10/2025,NO
D01332,P0218,PERCENTAGE,5,243,230.85,2025-11-16,2025-12-09,Promo 11/2025,NO
D01333,P0895,PERCENTAGE,10,530,477.0,2026-09-09,2026-10-03,Promo 9/2026,YES
D01334,P0761,PERCENTAGE,15,531,451.35,2026-04-06,2026-04-30,Promo 4/2026,NO
D01335,P1128,PERCENTAGE,5,747,709.65,2026-01-08,2026-02-07,Promo 1/2026,NO
D01336,P1206,PERCENTAGE,15,357,303.45,2025-10-03,2025-10-28,Promo 10/2025,NO
D01337,P1536,PERCENTAGE,20,621,496.8,2026-06-15,2026-07-14,Promo 6/2026,NO
D01338,P1993,PERCENTAGE,20,251,200.8,2026-06-04,2026-06-16,Promo 6/2026,NO
D01339,P1442,PERCENTAGE,30,245,171.5,2026-08-29,2026-09-08,Promo 8/2026,NO
D01340,P0782,PERCENTAGE,25,399,299.25,2026-03-13,2026-04-05,Promo 3/2026,NO
D01341,P0092,PERCENTAGE,30,356,249.2,2026-03-28,2026-04-05,Promo 3/2026,NO
D01342,P1537,PERCENTAGE,15,358,304.3,2026-07-26,2026-08-09,Promo 7/2026,NO
D01343,P0981,PERCENTAGE,25,155,116.25,2026-07-17,2026-08-15,Promo 7/2026,NO
D01344,P1237,PERCENTAGE,10,282,253.8,2026-02-15,2026-02-24,Promo 2/2026,NO
D01345,P1122,PERCENTAGE,20,664,531.2,2026-04-10,2026-05-06,Promo 4/2026,NO
D01346,P1931,PERCENTAGE,10,828,745.2,2025-11-29,2025-12-22,Promo 11/2025,NO
D01347,P1861,PERCENTAGE,25,317,237.75,2026-03-11,2026-04-02,Promo 3/2026,NO
D01348,P1842,PERCENTAGE,10,225,202.5,2026-03-21,2026-04-13,Promo 3/2026,NO
D01349,P0566,PERCENTAGE,15,200,170.0,2026-03-08,2026-03-24,Promo 3/2026,NO
D01350,P1775,PERCENTAGE,5,485,460.75,2025-11-18,2025-12-16,Promo 11/2025,NO
D01351,P0197,PERCENTAGE,25,846,634.5,2026-02-17,2026-02-28,Promo 2/2026,NO
D01352,P0345,PERCENTAGE,30,503,352.1,2026-05-05,2026-05-27,Promo 5/2026,NO
D01353,P0333,PERCENTAGE,5,161,152.95,2026-09-20,2026-09-28,Promo 9/2026,YES
D01354,P0364,PERCENTAGE,25,484,363.0,2025-09-26,2025-10-09,Promo 9/2025,NO
D01355,P1260,PERCENTAGE,15,328,278.8,2026-08-18,2026-09-11,Promo 8/2026,NO
D01356,P0262,PERCENTAGE,30,717,501.9,2026-09-20,2026-10-04,Promo 9/2026,YES
D01357,P0278,PERCENTAGE,30,296,207.2,2026-03-11,2026-03-22,Promo 3/2026,NO
D01358,P0122,PERCENTAGE,15,318,270.3,2026-08-14,2026-08-23,Promo 8/2026,NO
D01359,P0569,PERCENTAGE,15,510,433.5,2025-11-27,2025-12-19,Promo 11/2025,NO
D01360,P0571,PERCENTAGE,30,464,324.8,2025-10-01,2025-10-14,Promo 10/2025,NO
D01361,P1498,PERCENTAGE,10,514,462.6,2026-08-19,2026-09-18,Promo 8/2026,NO
D01362,P1762,PERCENTAGE,25,239,179.25,2025-10-11,2025-11-10,Promo 10/2025,NO
D01363,P0225,PERCENTAGE,5,1607,1526.65,2025-12-30,2026-01-19,Promo 12/2025,NO
D01364,P1995,PERCENTAGE,15,254,215.9,2026-06-27,2026-07-22,Promo 6/2026,NO
D01365,P1234,PERCENTAGE,30,580,406.0,2026-03-02,2026-03-15,Promo 3/2026,NO
D01366,P1436,PERCENTAGE,5,223,211.85,2025-12-09,2026-01-06,Promo 12/2025,NO
D01367,P0260,PERCENTAGE,30,560,392.0,2026-08-04,2026-08-31,Promo 8/2026,NO
D01368,P1505,PERCENTAGE,5,330,313.5,2026-04-11,2026-04-22,Promo 4/2026,NO
D01369,P0074,PERCENTAGE,30,154,107.8,2026-06-10,2026-06-23,Promo 6/2026,NO
D01370,P0104,PERCENTAGE,15,474,402.9,2026-02-11,2026-03-12,Promo 2/2026,NO
D01371,P1426,PERCENTAGE,10,377,339.3,2026-05-30,2026-06-13,Promo 5/2026,NO
D01372,P1746,PERCENTAGE,10,942,847.8,2026-08-20,2026-08-31,Promo 8/2026,NO
D01373,P1469,PERCENTAGE,20,168,134.4,2026-07-31,2026-08-22,Promo 7/2026,NO
D01374,P0736,PERCENTAGE,10,442,397.8,2026-08-06,2026-09-04,Promo 8/2026,NO
D01375,P1794,PERCENTAGE,5,287,272.65,2026-03-01,2026-03-15,Promo 3/2026,NO
D01376,P0764,PERCENTAGE,30,397,277.9,2026-09-03,2026-09-16,Promo 9/2026,NO
D01377,P0085,PERCENTAGE,10,684,615.6,2026-07-31,2026-08-23,Promo 7/2026,NO
D01378,P0192,PERCENTAGE,20,590,472.0,2026-01-05,2026-01-22,Promo 1/2026,NO
D01379,P1816,PERCENTAGE,5,795,755.25,2026-03-04,2026-03-24,Promo 3/2026,NO
D01380,P0520,PERCENTAGE,20,786,628.8,2026-07-06,2026-07-19,Promo 7/2026,NO
D01381,P0006,PERCENTAGE,30,455,318.5,2025-10-23,2025-10-31,Promo 10/2025,NO
D01382,P0706,PERCENTAGE,30,509,356.3,2026-01-13,2026-02-08,Promo 1/2026,NO
D01383,P0473,PERCENTAGE,20,825,660.0,2026-05-06,2026-05-27,Promo 5/2026,NO
D01384,P0942,PERCENTAGE,15,448,380.8,2026-03-18,2026-04-06,Promo 3/2026,NO
D01385,P1850,PERCENTAGE,25,571,428.25,2026-01-07,2026-01-17,Promo 1/2026,NO
D01386,P1252,PERCENTAGE,25,420,315.0,2026-01-26,2026-02-09,Promo 1/2026,NO
D01387,P0271,PERCENTAGE,5,810,769.5,2026-05-15,2026-06-12,Promo 5/2026,NO
D01388,P0047,PERCENTAGE,30,226,158.2,2026-04-02,2026-04-14,Promo 4/2026,NO
D01389,P1226,PERCENTAGE,5,301,285.95,2026-06-03,2026-06-23,Promo 6/2026,NO
D01390,P1399,PERCENTAGE,30,835,584.5,2026-05-11,2026-06-10,Promo 5/2026,NO
D01391,P0152,PERCENTAGE,20,232,185.6,2025-12-16,2026-01-01,Promo 12/2025,NO
D01392,P0775,PERCENTAGE,25,436,327.0,2025-11-05,2025-11-13,Promo 11/2025,NO
D01393,P1763,PERCENTAGE,10,214,192.6,2026-04-17,2026-05-12,Promo 4/2026,NO
D01394,P1535,PERCENTAGE,25,872,654.0,2026-09-20,2026-10-03,Promo 9/2026,YES
D01395,P0245,PERCENTAGE,5,556,528.2,2025-12-19,2026-01-03,Promo 12/2025,NO
D01396,P0508,PERCENTAGE,30,1661,1162.7,2026-05-11,2026-06-04,Promo 5/2026,NO
D01397,P1682,PERCENTAGE,15,374,317.9,2026-06-24,2026-07-03,Promo 6/2026,NO
D01398,P1270,PERCENTAGE,20,115,92.0,2026-07-22,2026-08-10,Promo 7/2026,NO
D01399,P0333,PERCENTAGE,10,161,144.9,2026-05-05,2026-05-30,Promo 5/2026,NO
D01400,P0167,PERCENTAGE,10,261,234.9,2026-06-16,2026-06-26,Promo 6/2026,NO
D01401,P0860,PERCENTAGE,20,338,270.4,2026-04-02,2026-04-09,Promo 4/2026,NO
D01402,P1027,PERCENTAGE,5,1700,1615.0,2026-07-13,2026-07-31,Promo 7/2026,NO
D01403,P0832,PERCENTAGE,25,325,243.75,2026-05-07,2026-05-25,Promo 5/2026,NO
D01404,P1985,PERCENTAGE,20,332,265.6,2026-08-17,2026-09-05,Promo 8/2026,NO
D01405,P0944,PERCENTAGE,5,238,226.1,2026-04-24,2026-05-13,Promo 4/2026,NO
D01406,P0479,PERCENTAGE,30,328,229.6,2026-06-27,2026-07-16,Promo 6/2026,NO
D01407,P1905,PERCENTAGE,10,140,126.0,2026-01-11,2026-01-20,Promo 1/2026,NO
D01408,P1169,PERCENTAGE,25,339,254.25,2026-08-19,2026-09-07,Promo 8/2026,NO
D01409,P0742,PERCENTAGE,15,306,260.1,2026-05-16,2026-05-24,Promo 5/2026,NO
D01410,P0621,PERCENTAGE,25,545,408.75,2026-07-29,2026-08-14,Promo 7/2026,NO
D01411,P1595,PERCENTAGE,15,506,430.1,2025-10-26,2025-11-11,Promo 10/2025,NO
D01412,P1344,PERCENTAGE,5,411,390.45,2026-01-04,2026-01-25,Promo 1/2026,NO
D01413,P1977,PERCENTAGE,20,619,495.2,2026-05-16,2026-06-04,Promo 5/2026,NO
D01414,P0403,PERCENTAGE,30,698,488.6,2026-09-15,2026-10-01,Promo 9/2026,YES
D01415,P1239,PERCENTAGE,10,314,282.6,2026-06-27,2026-07-26,Promo 6/2026,NO
D01416,P0461,PERCENTAGE,25,301,225.75,2026-04-10,2026-04-30,Promo 4/2026,NO
D01417,P0705,PERCENTAGE,5,562,533.9,2026-03-10,2026-03-26,Promo 3/2026,NO
D01418,P1326,PERCENTAGE,25,453,339.75,2025-10-09,2025-10-28,Promo 10/2025,NO
D01419,P0343,PERCENTAGE,20,486,388.8,2026-05-12,2026-05-25,Promo 5/2026,NO
D01420,P0266,PERCENTAGE,10,582,523.8,2026-07-10,2026-07-29,Promo 7/2026,NO
D01421,P0276,PERCENTAGE,20,232,185.6,2026-05-24,2026-06-03,Promo 5/2026,NO
D01422,P0182,PERCENTAGE,15,667,566.95,2026-09-06,2026-09-17,Promo 9/2026,NO
D01423,P0524,PERCENTAGE,10,458,412.2,2026-01-26,2026-02-15,Promo 1/2026,NO
D01424,P1363,PERCENTAGE,10,276,248.4,2026-08-08,2026-09-07,Promo 8/2026,NO
D01425,P0704,PERCENTAGE,30,357,249.9,2026-01-25,2026-02-18,Promo 1/2026,NO
D01426,P1425,PERCENTAGE,15,234,198.9,2025-10-01,2025-10-16,Promo 10/2025,NO
D01427,P1380,PERCENTAGE,10,258,232.2,2026-08-28,2026-09-07,Promo 8/2026,NO
D01428,P1391,PERCENTAGE,25,228,171.0,2026-01-13,2026-02-05,Promo 1/2026,NO
D01429,P1304,PERCENTAGE,5,330,313.5,2026-05-15,2026-06-08,Promo 5/2026,NO
D01430,P1506,PERCENTAGE,20,220,176.0,2026-06-25,2026-07-21,Promo 6/2026,NO
D01431,P1947,PERCENTAGE,30,177,123.9,2026-08-02,2026-08-28,Promo 8/2026,NO
D01432,P0201,PERCENTAGE,30,449,314.3,2026-06-10,2026-07-06,Promo 6/2026,NO
D01433,P1906,PERCENTAGE,20,539,431.2,2025-12-15,2025-12-26,Promo 12/2025,NO
D01434,P1310,PERCENTAGE,10,408,367.2,2025-11-20,2025-12-20,Promo 11/2025,NO
D01435,P0638,PERCENTAGE,30,98,68.6,2026-08-11,2026-08-20,Promo 8/2026,NO
D01436,P1348,PERCENTAGE,25,280,210.0,2026-03-06,2026-03-31,Promo 3/2026,NO
D01437,P1399,PERCENTAGE,20,835,668.0,2026-07-24,2026-08-08,Promo 7/2026,NO
D01438,P0452,PERCENTAGE,10,269,242.1,2026-08-30,2026-09-23,Promo 8/2026,NO
D01439,P0694,PERCENTAGE,10,463,416.7,2026-03-14,2026-03-25,Promo 3/2026,NO
D01440,P1475,PERCENTAGE,15,367,311.95,2026-01-19,2026-02-09,Promo 1/2026,NO
D01441,P1995,PERCENTAGE,10,254,228.6,2025-12-19,2026-01-06,Promo 12/2025,NO
D01442,P1366,PERCENTAGE,5,498,473.1,2025-11-14,2025-12-02,Promo 11/2025,NO
D01443,P1089,PERCENTAGE,10,425,382.5,2025-11-16,2025-11-30,Promo 11/2025,NO
D01444,P0503,PERCENTAGE,15,203,172.55,2026-07-12,2026-07-25,Promo 7/2026,NO
D01445,P1945,PERCENTAGE,5,275,261.25,2025-12-21,2026-01-19,Promo 12/2025,NO
D01446,P0494,PERCENTAGE,5,300,285.0,2026-05-13,2026-05-22,Promo 5/2026,NO
D01447,P1447,PERCENTAGE,15,633,538.05,2026-01-03,2026-01-31,Promo 1/2026,NO
D01448,P1084,PERCENTAGE,20,573,458.4,2026-09-07,2026-09-26,Promo 9/2026,NO
D01449,P0058,PERCENTAGE,15,488,414.8,2026-02-20,2026-03-22,Promo 2/2026,NO
D01450,P0547,PERCENTAGE,15,236,200.6,2025-11-04,2025-11-25,Promo 11/2025,NO
D01451,P1595,PERCENTAGE,30,506,354.2,2025-11-15,2025-12-04,Promo 11/2025,NO
D01452,P1877,PERCENTAGE,30,679,475.3,2025-11-04,2025-11-29,Promo 11/2025,NO
D01453,P1383,PERCENTAGE,15,204,173.4,2025-11-25,2025-12-17,Promo 11/2025,NO
D01454,P0678,PERCENTAGE,20,151,120.8,2026-07-02,2026-07-21,Promo 7/2026,NO
D01455,P1202,PERCENTAGE,30,224,156.8,2026-04-26,2026-05-26,Promo 4/2026,NO
D01456,P1634,PERCENTAGE,15,289,245.65,2026-05-11,2026-06-10,Promo 5/2026,NO
D01457,P1582,PERCENTAGE,30,825,577.5,2026-06-26,2026-07-13,Promo 6/2026,NO
D01458,P1940,PERCENTAGE,10,325,292.5,2026-09-23,2026-10-11,Promo 9/2026,YES
D01459,P1981,PERCENTAGE,10,240,216.0,2026-09-02,2026-09-22,Promo 9/2026,NO
D01460,P0760,PERCENTAGE,25,310,232.5,2026-04-21,2026-05-13,Promo 4/2026,NO
D01461,P1756,PERCENTAGE,15,376,319.6,2026-08-04,2026-08-23,Promo 8/2026,NO
D01462,P0792,PERCENTAGE,30,176,123.2,2026-06-05,2026-07-01,Promo 6/2026,NO
D01463,P1592,PERCENTAGE,25,1688,1266.0,2025-10-24,2025-11-12,Promo 10/2025,NO
D01464,P1971,PERCENTAGE,5,459,436.05,2026-06-09,2026-06-29,Promo 6/2026,NO
D01465,P0428,PERCENTAGE,15,353,300.05,2026-08-28,2026-09-08,Promo 8/2026,NO
D01466,P0162,PERCENTAGE,10,371,333.9,2026-09-14,2026-10-01,Promo 9/2026,YES
D01467,P0585,PERCENTAGE,15,418,355.3,2025-11-05,2025-11-12,Promo 11/2025,NO
D01468,P1097,PERCENTAGE,30,388,271.6,2026-01-31,2026-02-07,Promo 1/2026,NO
D01469,P1173,PERCENTAGE,15,260,221.0,2026-05-23,2026-06-18,Promo 5/2026,NO
D01470,P1879,PERCENTAGE,15,492,418.2,2026-01-15,2026-02-07,Promo 1/2026,NO
D01471,P0180,PERCENTAGE,15,619,526.15,2026-05-02,2026-05-14,Promo 5/2026,NO
D01472,P1558,PERCENTAGE,20,546,436.8,2026-09-23,2026-10-19,Promo 9/2026,YES
D01473,P0293,PERCENTAGE,15,633,538.05,2026-02-04,2026-02-22,Promo 2/2026,NO
D01474,P1180,PERCENTAGE,20,351,280.8,2025-12-23,2026-01-11,Promo 12/2025,NO
D01475,P0619,PERCENTAGE,20,462,369.6,2026-01-01,2026-01-13,Promo 1/2026,NO
D01476,P0232,PERCENTAGE,10,343,308.7,2025-10-02,2025-10-09,Promo 10/2025,NO
D01477,P0929,PERCENTAGE,15,394,334.9,2025-09-27,2025-10-08,Promo 9/2025,NO
D01478,P0491,PERCENTAGE,15,497,422.45,2026-06-24,2026-07-23,Promo 6/2026,NO
D01479,P1206,PERCENTAGE,5,357,339.15,2025-10-24,2025-11-08,Promo 10/2025,NO
D01480,P0372,PERCENTAGE,20,437,349.6,2025-12-05,2025-12-15,Promo 12/2025,NO
D01481,P1912,PERCENTAGE,15,178,151.3,2026-06-19,2026-06-27,Promo 6/2026,NO
D01482,P1368,PERCENTAGE,15,617,524.45,2026-03-19,2026-04-15,Promo 3/2026,NO
D01483,P1116,PERCENTAGE,25,300,225.0,2026-03-14,2026-03-27,Promo 3/2026,NO
D01484,P0508,PERCENTAGE,10,1661,1494.9,2026-07-10,2026-07-30,Promo 7/2026,NO
D01485,P1673,PERCENTAGE,5,260,247.0,2026-06-24,2026-07-10,Promo 6/2026,NO
D01486,P1591,PERCENTAGE,15,394,334.9,2026-09-17,2026-10-03,Promo 9/2026,YES
D01487,P0438,PERCENTAGE,30,440,308.0,2026-09-01,2026-09-09,Promo 9/2026,NO
D01488,P0928,PERCENTAGE,25,549,411.75,2025-11-28,2025-12-18,Promo 11/2025,NO
D01489,P0451,PERCENTAGE,30,362,253.4,2025-11-18,2025-12-09,Promo 11/2025,NO
D01490,P0463,PERCENTAGE,5,306,290.7,2026-09-14,2026-10-12,Promo 9/2026,YES
D01491,P1851,PERCENTAGE,5,285,270.75,2025-12-09,2025-12-16,Promo 12/2025,NO
D01492,P1094,PERCENTAGE,30,213,149.1,2026-08-09,2026-09-06,Promo 8/2026,NO
D01493,P1497,PERCENTAGE,5,643,610.85,2026-05-13,2026-06-04,Promo 5/2026,NO
D01494,P1926,PERCENTAGE,25,431,323.25,2026-04-20,2026-05-08,Promo 4/2026,NO
D01495,P1884,PERCENTAGE,10,415,373.5,2026-06-26,2026-07-07,Promo 6/2026,NO
D01496,P1909,PERCENTAGE,5,482,457.9,2026-09-16,2026-09-25,Promo 9/2026,NO
D01497,P0755,PERCENTAGE,30,492,344.4,2026-01-22,2026-02-15,Promo 1/2026,NO
D01498,P0915,PERCENTAGE,5,214,203.3,2026-09-25,2026-10-19,Promo 9/2026,YES
D01499,P0576,PERCENTAGE,15,1280,1088.0,2026-04-07,2026-04-19,Promo 4/2026,NO
D01500,P0429,PERCENTAGE,15,534,453.9,2026-01-20,2026-02-17,Promo 1/2026,NO
D01501,P0573,PERCENTAGE,30,625,437.5,2025-12-02,2025-12-14,Promo 12/2025,NO
D01502,P0887,PERCENTAGE,25,630,472.5,2026-08-13,2026-09-03,Promo 8/2026,NO
D01503,P0532,PERCENTAGE,15,406,345.1,2026-09-06,2026-10-04,Promo 9/2026,YES
D01504,P1333,PERCENTAGE,30,301,210.7,2026-09-21,2026-10-13,Promo 9/2026,YES
D01505,P0100,PERCENTAGE,5,265,251.75,2026-05-31,2026-06-22,Promo 5/2026,NO
D01506,P0398,PERCENTAGE,30,258,180.6,2025-11-27,2025-12-09,Promo 11/2025,NO
D01507,P1782,PERCENTAGE,30,1099,769.3,2026-02-05,2026-03-05,Promo 2/2026,NO
D01508,P0052,PERCENTAGE,30,204,142.8,2026-02-27,2026-03-22,Promo 2/2026,NO
D01509,P0842,PERCENTAGE,15,440,374.0,2026-06-30,2026-07-30,Promo 6/2026,NO
D01510,P1681,PERCENTAGE,10,546,491.4,2026-03-24,2026-04-07,Promo 3/2026,NO
D01511,P1854,PERCENTAGE,20,285,228.0,2026-07-12,2026-08-02,Promo 7/2026,NO
D01512,P0928,PERCENTAGE,10,549,494.1,2026-04-09,2026-05-04,Promo 4/2026,NO
D01513,P0881,PERCENTAGE,20,313,250.4,2026-06-23,2026-07-21,Promo 6/2026,NO
D01514,P0664,PERCENTAGE,20,267,213.6,2026-04-04,2026-04-17,Promo 4/2026,NO
D01515,P0400,PERCENTAGE,20,330,264.0,2025-10-20,2025-10-27,Promo 10/2025,NO
D01516,P0229,PERCENTAGE,15,210,178.5,2026-08-21,2026-08-29,Promo 8/2026,NO
D01517,P1323,PERCENTAGE,5,257,244.15,2026-04-13,2026-05-10,Promo 4/2026,NO
D01518,P1435,PERCENTAGE,15,217,184.45,2026-07-23,2026-08-03,Promo 7/2026,NO
D01519,P1667,PERCENTAGE,20,446,356.8,2026-04-08,2026-05-02,Promo 4/2026,NO
D01520,P0129,PERCENTAGE,5,289,274.55,2026-04-18,2026-05-06,Promo 4/2026,NO
D01521,P0667,PERCENTAGE,30,553,387.1,2025-11-19,2025-12-12,Promo 11/2025,NO
D01522,P1349,PERCENTAGE,5,412,391.4,2026-09-14,2026-09-22,Promo 9/2026,NO
D01523,P0052,PERCENTAGE,10,204,183.6,2025-11-15,2025-12-07,Promo 11/2025,NO
D01524,P1754,PERCENTAGE,30,583,408.1,2025-12-14,2025-12-26,Promo 12/2025,NO
D01525,P1494,PERCENTAGE,10,269,242.1,2026-03-19,2026-03-28,Promo 3/2026,NO
D01526,P0634,PERCENTAGE,10,401,360.9,2026-04-18,2026-05-05,Promo 4/2026,NO
D01527,P0949,PERCENTAGE,30,484,338.8,2026-06-02,2026-06-15,Promo 6/2026,NO
D01528,P0246,PERCENTAGE,20,312,249.6,2026-04-26,2026-05-03,Promo 4/2026,NO
D01529,P1238,PERCENTAGE,15,208,176.8,2026-06-05,2026-06-19,Promo 6/2026,NO
D01530,P1982,PERCENTAGE,25,318,238.5,2026-04-01,2026-04-30,Promo 4/2026,NO
D01531,P1622,PERCENTAGE,5,489,464.55,2025-10-18,2025-10-31,Promo 10/2025,NO
D01532,P1563,PERCENTAGE,20,236,188.8,2026-02-01,2026-02-24,Promo 2/2026,NO
D01533,P1651,PERCENTAGE,30,308,215.6,2026-06-08,2026-07-07,Promo 6/2026,NO
D01534,P0178,PERCENTAGE,20,480,384.0,2026-04-26,2026-05-08,Promo 4/2026,NO
D01535,P1861,PERCENTAGE,5,317,301.15,2026-08-21,2026-09-03,Promo 8/2026,NO
D01536,P0250,PERCENTAGE,10,1686,1517.4,2026-01-16,2026-02-04,Promo 1/2026,NO
D01537,P1275,PERCENTAGE,15,254,215.9,2025-10-22,2025-11-09,Promo 10/2025,NO
D01538,P1453,PERCENTAGE,10,299,269.1,2026-02-23,2026-03-18,Promo 2/2026,NO
D01539,P1589,PERCENTAGE,20,275,220.0,2026-04-16,2026-04-28,Promo 4/2026,NO
D01540,P1857,PERCENTAGE,30,315,220.5,2025-10-15,2025-10-22,Promo 10/2025,NO
D01541,P1231,PERCENTAGE,30,451,315.7,2026-02-22,2026-03-06,Promo 2/2026,NO
D01542,P1179,PERCENTAGE,30,182,127.4,2026-06-23,2026-07-20,Promo 6/2026,NO
D01543,P1753,PERCENTAGE,20,635,508.0,2025-10-25,2025-11-08,Promo 10/2025,NO
D01544,P0705,PERCENTAGE,10,562,505.8,2026-07-07,2026-08-06,Promo 7/2026,NO
D01545,P0765,PERCENTAGE,25,503,377.25,2025-12-12,2025-12-30,Promo 12/2025,NO
D01546,P1695,PERCENTAGE,30,800,560.0,2026-06-24,2026-07-22,Promo 6/2026,NO
D01547,P0437,PERCENTAGE,10,222,199.8,2026-07-03,2026-07-14,Promo 7/2026,NO
D01548,P0347,PERCENTAGE,10,619,557.1,2026-01-03,2026-01-30,Promo 1/2026,NO
D01549,P1420,PERCENTAGE,20,378,302.4,2026-05-07,2026-05-21,Promo 5/2026,NO
D01550,P1433,PERCENTAGE,25,306,229.5,2026-06-02,2026-06-15,Promo 6/2026,NO
D01551,P1831,PERCENTAGE,25,483,362.25,2026-02-16,2026-03-14,Promo 2/2026,NO
D01552,P1246,PERCENTAGE,10,599,539.1,2026-02-28,2026-03-07,Promo 2/2026,NO
D01553,P0589,PERCENTAGE,15,481,408.85,2026-01-22,2026-02-13,Promo 1/2026,NO
D01554,P1416,PERCENTAGE,30,86,60.2,2026-03-26,2026-04-09,Promo 3/2026,NO
D01555,P1602,PERCENTAGE,15,494,419.9,2026-07-13,2026-07-27,Promo 7/2026,NO
D01556,P0265,PERCENTAGE,10,628,565.2,2026-05-07,2026-05-27,Promo 5/2026,NO
D01557,P0875,PERCENTAGE,5,278,264.1,2026-05-16,2026-06-08,Promo 5/2026,NO
D01558,P0717,PERCENTAGE,5,191,181.45,2026-04-22,2026-05-14,Promo 4/2026,NO
D01559,P0814,PERCENTAGE,5,597,567.15,2026-08-29,2026-09-06,Promo 8/2026,NO
D01560,P1129,PERCENTAGE,20,435,348.0,2026-01-09,2026-01-17,Promo 1/2026,NO
D01561,P1048,PERCENTAGE,10,524,471.6,2026-02-25,2026-03-16,Promo 2/2026,NO
D01562,P1244,PERCENTAGE,20,585,468.0,2025-10-05,2025-10-15,Promo 10/2025,NO
D01563,P1566,PERCENTAGE,25,362,271.5,2026-07-15,2026-07-27,Promo 7/2026,NO
D01564,P1700,PERCENTAGE,10,509,458.1,2026-06-16,2026-07-05,Promo 6/2026,NO
D01565,P0080,PERCENTAGE,5,257,244.15,2026-01-30,2026-02-06,Promo 1/2026,NO
D01566,P1007,PERCENTAGE,5,1675,1591.25,2026-04-14,2026-04-25,Promo 4/2026,NO
D01567,P0812,PERCENTAGE,5,327,310.65,2026-03-11,2026-03-29,Promo 3/2026,NO
D01568,P1321,PERCENTAGE,25,303,227.25,2026-06-19,2026-07-03,Promo 6/2026,NO
D01569,P1829,PERCENTAGE,25,265,198.75,2026-03-17,2026-04-14,Promo 3/2026,NO
D01570,P1148,PERCENTAGE,30,147,102.9,2026-05-26,2026-06-07,Promo 5/2026,NO
D01571,P1447,PERCENTAGE,5,633,601.35,2026-01-08,2026-01-30,Promo 1/2026,NO
D01572,P1365,PERCENTAGE,30,218,152.6,2026-05-04,2026-05-24,Promo 5/2026,NO
D01573,P1891,PERCENTAGE,30,542,379.4,2026-07-23,2026-08-07,Promo 7/2026,NO
D01574,P1094,PERCENTAGE,15,213,181.05,2026-08-01,2026-08-20,Promo 8/2026,NO
D01575,P0980,PERCENTAGE,10,481,432.9,2026-02-23,2026-03-12,Promo 2/2026,NO
D01576,P0907,PERCENTAGE,15,425,361.25,2025-12-09,2025-12-20,Promo 12/2025,NO
D01577,P0298,PERCENTAGE,10,437,393.3,2026-09-04,2026-09-17,Promo 9/2026,NO
D01578,P1415,PERCENTAGE,10,446,401.4,2026-06-16,2026-06-27,Promo 6/2026,NO
D01579,P1951,PERCENTAGE,10,543,488.7,2026-04-24,2026-05-23,Promo 4/2026,NO
D01580,P1042,PERCENTAGE,5,483,458.85,2025-12-28,2026-01-24,Promo 12/2025,NO
D01581,P0218,PERCENTAGE,25,243,182.25,2025-09-27,2025-10-13,Promo 9/2025,NO
D01582,P0520,PERCENTAGE,10,786,707.4,2026-08-24,2026-09-11,Promo 8/2026,NO
D01583,P1148,PERCENTAGE,30,147,102.9,2026-05-25,2026-06-24,Promo 5/2026,NO
D01584,P1160,PERCENTAGE,10,927,834.3,2026-08-25,2026-09-23,Promo 8/2026,NO
D01585,P1671,PERCENTAGE,30,273,191.1,2026-09-17,2026-10-15,Promo 9/2026,YES
D01586,P1293,PERCENTAGE,10,425,382.5,2026-03-17,2026-03-29,Promo 3/2026,NO
D01587,P1504,PERCENTAGE,15,135,114.75,2025-11-24,2025-12-13,Promo 11/2025,NO
D01588,P0118,PERCENTAGE,20,416,332.8,2025-12-13,2025-12-25,Promo 12/2025,NO
D01589,P1682,PERCENTAGE,25,374,280.5,2026-02-26,2026-03-15,Promo 2/2026,NO
D01590,P0433,PERCENTAGE,15,300,255.0,2026-08-04,2026-08-31,Promo 8/2026,NO
D01591,P0101,PERCENTAGE,20,403,322.4,2025-11-11,2025-11-25,Promo 11/2025,NO
D01592,P1707,PERCENTAGE,30,578,404.6,2025-10-15,2025-11-14,Promo 10/2025,NO
D01593,P0981,PERCENTAGE,10,155,139.5,2026-08-17,2026-08-26,Promo 8/2026,NO
D01594,P1752,PERCENTAGE,30,106,74.2,2026-04-24,2026-05-04,Promo 4/2026,NO
D01595,P1089,PERCENTAGE,5,425,403.75,2025-10-19,2025-11-03,Promo 10/2025,NO
D01596,P0813,PERCENTAGE,30,487,340.9,2026-05-06,2026-05-28,Promo 5/2026,NO
D01597,P0565,PERCENTAGE,5,296,281.2,2026-09-02,2026-09-16,Promo 9/2026,NO
D01598,P0013,PERCENTAGE,20,419,335.2,2025-11-19,2025-12-17,Promo 11/2025,NO
D01599,P0646,PERCENTAGE,10,304,273.6,2026-03-07,2026-03-31,Promo 3/2026,NO
D01600,P1946,PERCENTAGE,15,289,245.65,2025-10-28,2025-11-07,Promo 10/2025,NO
D01601,P1338,PERCENTAGE,25,927,695.25,2026-02-22,2026-03-11,Promo 2/2026,NO
D01602,P0305,PERCENTAGE,5,341,323.95,2026-02-28,2026-03-28,Promo 2/2026,NO
D01603,P0147,PERCENTAGE,10,218,196.2,2025-11-16,2025-12-05,Promo 11/2025,NO
D01604,P0358,PERCENTAGE,20,418,334.4,2025-09-28,2025-10-26,Promo 9/2025,NO
D01605,P0118,PERCENTAGE,25,416,312.0,2025-11-03,2025-11-19,Promo 11/2025,NO
D01606,P1360,PERCENTAGE,20,269,215.2,2026-03-07,2026-03-21,Promo 3/2026,NO
D01607,P1170,PERCENTAGE,30,1098,768.6,2026-01-29,2026-02-20,Promo 1/2026,NO
D01608,P1346,PERCENTAGE,15,240,204.0,2026-02-11,2026-03-02,Promo 2/2026,NO
D01609,P0130,PERCENTAGE,15,175,148.75,2026-09-10,2026-10-10,Promo 9/2026,YES
D01610,P0567,PERCENTAGE,20,382,305.6,2026-01-27,2026-02-04,Promo 1/2026,NO
D01611,P0741,PERCENTAGE,15,204,173.4,2026-07-07,2026-07-22,Promo 7/2026,NO
D01612,P1165,PERCENTAGE,5,271,257.45,2026-03-19,2026-03-31,Promo 3/2026,NO
D01613,P1919,PERCENTAGE,30,263,184.1,2026-06-18,2026-07-16,Promo 6/2026,NO
D01614,P0138,PERCENTAGE,15,310,263.5,2026-04-10,2026-04-19,Promo 4/2026,NO
D01615,P0877,PERCENTAGE,30,571,399.7,2026-03-02,2026-03-17,Promo 3/2026,NO
D01616,P0148,PERCENTAGE,5,387,367.65,2026-01-11,2026-02-05,Promo 1/2026,NO
D01617,P1570,PERCENTAGE,30,437,305.9,2026-02-01,2026-02-18,Promo 2/2026,NO
D01618,P0676,PERCENTAGE,20,312,249.6,2026-04-07,2026-04-22,Promo 4/2026,NO
D01619,P0035,PERCENTAGE,25,286,214.5,2026-06-11,2026-07-09,Promo 6/2026,NO
D01620,P0188,PERCENTAGE,25,1209,906.75,2026-09-20,2026-10-20,Promo 9/2026,YES
D01621,P0770,PERCENTAGE,25,1690,1267.5,2026-04-17,2026-04-30,Promo 4/2026,NO
D01622,P1211,PERCENTAGE,15,441,374.85,2026-02-27,2026-03-20,Promo 2/2026,NO
D01623,P1121,PERCENTAGE,20,222,177.6,2026-01-29,2026-02-16,Promo 1/2026,NO
D01624,P1649,PERCENTAGE,10,564,507.6,2026-01-31,2026-02-08,Promo 1/2026,NO
D01625,P0978,PERCENTAGE,5,424,402.8,2026-07-14,2026-07-25,Promo 7/2026,NO
D01626,P0038,PERCENTAGE,15,285,242.25,2026-07-17,2026-07-29,Promo 7/2026,NO
D01627,P0891,PERCENTAGE,10,453,407.7,2026-02-12,2026-03-12,Promo 2/2026,NO
D01628,P0031,PERCENTAGE,5,313,297.35,2026-09-06,2026-10-02,Promo 9/2026,YES
D01629,P1776,PERCENTAGE,30,541,378.7,2026-04-05,2026-04-27,Promo 4/2026,NO
D01630,P0197,PERCENTAGE,10,846,761.4,2026-02-09,2026-03-11,Promo 2/2026,NO
D01631,P1356,PERCENTAGE,5,362,343.9,2025-11-03,2025-11-14,Promo 11/2025,NO
D01632,P0630,PERCENTAGE,5,408,387.6,2025-12-01,2025-12-14,Promo 12/2025,NO
D01633,P1171,PERCENTAGE,10,269,242.1,2026-01-02,2026-01-31,Promo 1/2026,NO
D01634,P0881,PERCENTAGE,25,313,234.75,2026-03-27,2026-04-15,Promo 3/2026,NO
D01635,P0948,PERCENTAGE,25,608,456.0,2026-03-12,2026-04-06,Promo 3/2026,NO
D01636,P1326,PERCENTAGE,20,453,362.4,2026-01-10,2026-01-29,Promo 1/2026,NO
D01637,P0075,PERCENTAGE,25,1021,765.75,2025-09-28,2025-10-21,Promo 9/2025,NO
D01638,P0972,PERCENTAGE,10,521,468.9,2025-09-28,2025-10-07,Promo 9/2025,NO
D01639,P0338,PERCENTAGE,20,296,236.8,2025-10-16,2025-11-07,Promo 10/2025,NO
D01640,P1830,PERCENTAGE,20,1251,1000.8,2026-02-23,2026-03-09,Promo 2/2026,NO
D01641,P0164,PERCENTAGE,25,395,296.25,2026-04-17,2026-04-29,Promo 4/2026,NO
D01642,P0271,PERCENTAGE,20,810,648.0,2026-03-18,2026-04-14,Promo 3/2026,NO
D01643,P0798,PERCENTAGE,30,244,170.8,2026-02-04,2026-02-11,Promo 2/2026,NO
D01644,P0943,PERCENTAGE,15,306,260.1,2026-04-16,2026-05-15,Promo 4/2026,NO
D01645,P1182,PERCENTAGE,25,435,326.25,2026-07-28,2026-08-21,Promo 7/2026,NO
D01646,P1274,PERCENTAGE,20,598,478.4,2026-08-06,2026-09-02,Promo 8/2026,NO
D01647,P1116,PERCENTAGE,20,300,240.0,2026-03-06,2026-03-24,Promo 3/2026,NO
D01648,P0486,PERCENTAGE,30,371,259.7,2026-08-05,2026-08-18,Promo 8/2026,NO
D01649,P1927,PERCENTAGE,30,297,207.9,2026-04-20,2026-05-18,Promo 4/2026,NO
D01650,P1171,PERCENTAGE,30,269,188.3,2026-08-24,2026-09-22,Promo 8/2026,NO
D01651,P0633,PERCENTAGE,10,475,427.5,2025-11-16,2025-11-26,Promo 11/2025,NO
D01652,P1235,PERCENTAGE,5,340,323.0,2026-01-17,2026-02-13,Promo 1/2026,NO
D01653,P1577,PERCENTAGE,20,575,460.0,2026-06-18,2026-07-05,Promo 6/2026,NO
D01654,P0633,PERCENTAGE,10,475,427.5,2025-10-18,2025-10-25,Promo 10/2025,NO
D01655,P1954,PERCENTAGE,25,256,192.0,2026-02-11,2026-03-11,Promo 2/2026,NO
D01656,P1485,PERCENTAGE,25,620,465.0,2025-10-23,2025-11-19,Promo 10/2025,NO
D01657,P0686,PERCENTAGE,10,529,476.1,2026-03-06,2026-03-20,Promo 3/2026,NO
D01658,P0256,PERCENTAGE,10,398,358.2,2026-02-21,2026-03-01,Promo 2/2026,NO
D01659,P0325,PERCENTAGE,5,286,271.7,2026-02-10,2026-03-07,Promo 2/2026,NO
D01660,P0142,PERCENTAGE,15,1059,900.15,2026-01-03,2026-01-10,Promo 1/2026,NO
D01661,P1587,PERCENTAGE,15,603,512.55,2026-01-30,2026-02-21,Promo 1/2026,NO
D01662,P1654,PERCENTAGE,20,419,335.2,2025-11-06,2025-11-21,Promo 11/2025,NO
D01663,P0580,PERCENTAGE,25,276,207.0,2025-11-24,2025-12-21,Promo 11/2025,NO
D01664,P0935,PERCENTAGE,15,336,285.6,2025-12-03,2025-12-25,Promo 12/2025,NO
D01665,P0015,PERCENTAGE,30,370,259.0,2026-09-07,2026-09-15,Promo 9/2026,NO
D01666,P0003,PERCENTAGE,10,655,589.5,2026-01-03,2026-01-23,Promo 1/2026,NO
D01667,P1983,PERCENTAGE,25,443,332.25,2026-08-26,2026-09-16,Promo 8/2026,NO
D01668,P0811,PERCENTAGE,15,385,327.25,2026-01-21,2026-02-06,Promo 1/2026,NO
D01669,P1116,PERCENTAGE,30,300,210.0,2026-01-04,2026-01-24,Promo 1/2026,NO
D01670,P1017,PERCENTAGE,20,525,420.0,2025-10-22,2025-11-07,Promo 10/2025,NO
D01671,P1173,PERCENTAGE,20,260,208.0,2026-07-21,2026-08-15,Promo 7/2026,NO
D01672,P0922,PERCENTAGE,15,697,592.45,2026-04-12,2026-04-21,Promo 4/2026,NO
D01673,P0860,PERCENTAGE,10,338,304.2,2026-05-12,2026-05-31,Promo 5/2026,NO
D01674,P1824,PERCENTAGE,15,378,321.3,2026-05-21,2026-06-10,Promo 5/2026,NO
D01675,P1415,PERCENTAGE,5,446,423.7,2026-03-28,2026-04-12,Promo 3/2026,NO
D01676,P1757,PERCENTAGE,15,280,238.0,2026-09-23,2026-10-01,Promo 9/2026,YES
D01677,P0048,PERCENTAGE,20,225,180.0,2026-01-18,2026-02-01,Promo 1/2026,NO
D01678,P0723,PERCENTAGE,15,272,231.2,2025-09-27,2025-10-26,Promo 9/2025,NO
D01679,P0452,PERCENTAGE,20,269,215.2,2025-11-20,2025-12-03,Promo 11/2025,NO
D01680,P0078,PERCENTAGE,25,636,477.0,2026-08-03,2026-09-02,Promo 8/2026,NO
D01681,P0791,PERCENTAGE,15,460,391.0,2026-08-21,2026-09-15,Promo 8/2026,NO
D01682,P0874,PERCENTAGE,25,411,308.25,2026-08-15,2026-08-27,Promo 8/2026,NO
D01683,P1972,PERCENTAGE,20,361,288.8,2025-12-13,2026-01-03,Promo 12/2025,NO
D01684,P0162,PERCENTAGE,5,371,352.45,2025-12-13,2026-01-09,Promo 12/2025,NO
D01685,P1159,PERCENTAGE,30,255,178.5,2026-04-19,2026-05-07,Promo 4/2026,NO
D01686,P0282,PERCENTAGE,25,378,283.5,2026-03-02,2026-03-31,Promo 3/2026,NO
D01687,P0779,PERCENTAGE,10,339,305.1,2026-09-15,2026-10-02,Promo 9/2026,YES
D01688,P0422,PERCENTAGE,5,207,196.65,2026-04-21,2026-05-20,Promo 4/2026,NO
D01689,P0760,PERCENTAGE,25,310,232.5,2026-03-10,2026-03-31,Promo 3/2026,NO
D01690,P1473,PERCENTAGE,5,444,421.8,2025-10-02,2025-10-14,Promo 10/2025,NO
D01691,P0754,PERCENTAGE,15,435,369.75,2026-04-13,2026-04-23,Promo 4/2026,NO
D01692,P0331,PERCENTAGE,25,104,78.0,2026-07-24,2026-08-05,Promo 7/2026,NO
D01693,P0948,PERCENTAGE,20,608,486.4,2025-12-25,2026-01-22,Promo 12/2025,NO
D01694,P0423,PERCENTAGE,20,608,486.4,2026-08-16,2026-09-01,Promo 8/2026,NO
D01695,P0481,PERCENTAGE,5,250,237.5,2026-01-27,2026-02-13,Promo 1/2026,NO
D01696,P1258,PERCENTAGE,15,384,326.4,2026-08-10,2026-09-02,Promo 8/2026,NO
D01697,P1272,PERCENTAGE,25,562,421.5,2026-03-27,2026-04-21,Promo 3/2026,NO
D01698,P1564,PERCENTAGE,15,543,461.55,2026-08-28,2026-09-23,Promo 8/2026,NO
D01699,P0806,PERCENTAGE,15,532,452.2,2025-10-12,2025-10-28,Promo 10/2025,NO
D01700,P0848,PERCENTAGE,30,628,439.6,2026-07-06,2026-07-26,Promo 7/2026,NO
D01701,P0508,PERCENTAGE,15,1661,1411.85,2025-10-20,2025-11-06,Promo 10/2025,NO
D01702,P1544,PERCENTAGE,15,376,319.6,2026-03-20,2026-04-05,Promo 3/2026,NO
D01703,P1527,PERCENTAGE,10,527,474.3,2025-10-03,2025-10-19,Promo 10/2025,NO
D01704,P1453,PERCENTAGE,15,299,254.15,2025-12-30,2026-01-08,Promo 12/2025,NO
D01705,P1622,PERCENTAGE,15,489,415.65,2026-03-03,2026-03-29,Promo 3/2026,NO
D01706,P0249,PERCENTAGE,20,474,379.2,2025-12-10,2026-01-04,Promo 12/2025,NO
D01707,P1901,PERCENTAGE,25,570,427.5,2025-10-13,2025-11-07,Promo 10/2025,NO
D01708,P0501,PERCENTAGE,25,263,197.25,2026-09-03,2026-09-17,Promo 9/2026,NO
D01709,P1708,PERCENTAGE,30,362,253.4,2026-05-25,2026-06-09,Promo 5/2026,NO
D01710,P0565,PERCENTAGE,25,296,222.0,2026-01-19,2026-02-09,Promo 1/2026,NO
D01711,P0584,PERCENTAGE,10,248,223.2,2026-08-06,2026-08-31,Promo 8/2026,NO
D01712,P1805,PERCENTAGE,15,631,536.35,2026-09-24,2026-10-14,Promo 9/2026,YES
D01713,P0541,PERCENTAGE,5,239,227.05,2026-01-07,2026-01-30,Promo 1/2026,NO
D01714,P1555,PERCENTAGE,30,246,172.2,2025-11-24,2025-12-22,Promo 11/2025,NO
D01715,P1433,PERCENTAGE,25,306,229.5,2026-09-16,2026-09-28,Promo 9/2026,YES
D01716,P0300,PERCENTAGE,10,397,357.3,2025-12-17,2025-12-25,Promo 12/2025,NO
D01717,P1216,PERCENTAGE,15,576,489.6,2026-04-13,2026-05-06,Promo 4/2026,NO
D01718,P0861,PERCENTAGE,10,429,386.1,2026-06-02,2026-06-28,Promo 6/2026,NO
D01719,P1481,PERCENTAGE,20,420,336.0,2026-03-04,2026-04-03,Promo 3/2026,NO
D01720,P1916,PERCENTAGE,10,625,562.5,2025-10-19,2025-11-13,Promo 10/2025,NO
D01721,P1371,PERCENTAGE,25,350,262.5,2025-12-02,2025-12-29,Promo 12/2025,NO
D01722,P1579,PERCENTAGE,25,211,158.25,2025-10-13,2025-11-07,Promo 10/2025,NO
D01723,P1758,PERCENTAGE,15,159,135.15,2026-08-01,2026-08-11,Promo 8/2026,NO
D01724,P0511,PERCENTAGE,10,272,244.8,2026-06-22,2026-07-02,Promo 6/2026,NO
D01725,P1982,PERCENTAGE,5,318,302.1,2026-02-02,2026-02-27,Promo 2/2026,NO
D01726,P0913,PERCENTAGE,10,487,438.3,2026-07-07,2026-07-15,Promo 7/2026,NO
D01727,P1416,PERCENTAGE,10,86,77.4,2025-10-14,2025-10-24,Promo 10/2025,NO
D01728,P1763,PERCENTAGE,20,214,171.2,2026-04-23,2026-05-01,Promo 4/2026,NO
D01729,P0981,PERCENTAGE,15,155,131.75,2026-05-21,2026-06-06,Promo 5/2026,NO
D01730,P1842,PERCENTAGE,25,225,168.75,2026-07-08,2026-07-26,Promo 7/2026,NO
D01731,P0395,PERCENTAGE,15,468,397.8,2026-04-21,2026-05-18,Promo 4/2026,NO
D01732,P1454,PERCENTAGE,20,301,240.8,2025-12-21,2026-01-08,Promo 12/2025,NO
D01733,P0690,PERCENTAGE,20,493,394.4,2025-10-07,2025-11-01,Promo 10/2025,NO
D01734,P0271,PERCENTAGE,10,810,729.0,2026-05-20,2026-05-28,Promo 5/2026,NO
D01735,P0501,PERCENTAGE,5,263,249.85,2026-07-24,2026-08-01,Promo 7/2026,NO
D01736,P0619,PERCENTAGE,15,462,392.7,2026-08-30,2026-09-24,Promo 8/2026,NO
D01737,P0887,PERCENTAGE,15,630,535.5,2026-01-11,2026-01-30,Promo 1/2026,NO
D01738,P1903,PERCENTAGE,5,213,202.35,2026-07-12,2026-07-23,Promo 7/2026,NO
D01739,P1482,PERCENTAGE,25,506,379.5,2025-10-22,2025-11-05,Promo 10/2025,NO
D01740,P1161,PERCENTAGE,5,608,577.6,2025-12-17,2025-12-24,Promo 12/2025,NO
D01741,P0290,PERCENTAGE,30,399,279.3,2026-01-08,2026-01-26,Promo 1/2026,NO
D01742,P0219,PERCENTAGE,10,549,494.1,2026-06-12,2026-06-22,Promo 6/2026,NO
D01743,P0418,PERCENTAGE,30,236,165.2,2026-05-08,2026-05-29,Promo 5/2026,NO
D01744,P0683,PERCENTAGE,20,526,420.8,2025-09-30,2025-10-18,Promo 9/2025,NO
D01745,P1083,PERCENTAGE,30,609,426.3,2026-05-10,2026-06-05,Promo 5/2026,NO
D01746,P0803,PERCENTAGE,10,272,244.8,2026-07-22,2026-08-08,Promo 7/2026,NO
D01747,P1193,PERCENTAGE,15,567,481.95,2026-03-13,2026-04-09,Promo 3/2026,NO
D01748,P1388,PERCENTAGE,20,203,162.4,2026-05-31,2026-06-07,Promo 5/2026,NO
D01749,P1138,PERCENTAGE,20,470,376.0,2025-10-21,2025-10-30,Promo 10/2025,NO
D01750,P1890,PERCENTAGE,25,356,267.0,2026-08-11,2026-09-06,Promo 8/2026,NO
D01751,P0448,PERCENTAGE,5,333,316.35,2026-05-19,2026-06-03,Promo 5/2026,NO
D01752,P1446,PERCENTAGE,15,938,797.3,2026-03-29,2026-04-22,Promo 3/2026,NO
D01753,P0612,PERCENTAGE,10,393,353.7,2026-05-15,2026-05-30,Promo 5/2026,NO
D01754,P1425,PERCENTAGE,15,234,198.9,2026-04-02,2026-04-21,Promo 4/2026,NO
D01755,P0795,PERCENTAGE,10,461,414.9,2026-08-29,2026-09-07,Promo 8/2026,NO
D01756,P0149,PERCENTAGE,10,374,336.6,2026-08-20,2026-09-13,Promo 8/2026,NO
D01757,P1128,PERCENTAGE,15,747,634.95,2026-09-18,2026-09-26,Promo 9/2026,NO
D01758,P1813,PERCENTAGE,10,561,504.9,2026-08-10,2026-08-26,Promo 8/2026,NO
D01759,P1824,PERCENTAGE,10,378,340.2,2026-09-08,2026-09-21,Promo 9/2026,NO
D01760,P1698,PERCENTAGE,20,547,437.6,2026-05-07,2026-05-19,Promo 5/2026,NO
D01761,P1911,PERCENTAGE,30,213,149.1,2026-09-01,2026-10-01,Promo 9/2026,YES
D01762,P0278,PERCENTAGE,5,296,281.2,2026-04-03,2026-04-17,Promo 4/2026,NO
D01763,P0400,PERCENTAGE,15,330,280.5,2025-11-17,2025-12-08,Promo 11/2025,NO
D01764,P0600,PERCENTAGE,10,400,360.0,2026-08-18,2026-09-02,Promo 8/2026,NO
D01765,P0833,PERCENTAGE,10,254,228.6,2026-01-09,2026-02-05,Promo 1/2026,NO
D01766,P0221,PERCENTAGE,5,433,411.35,2026-02-03,2026-02-19,Promo 2/2026,NO
D01767,P0476,PERCENTAGE,30,591,413.7,2025-11-24,2025-12-15,Promo 11/2025,NO
D01768,P1463,PERCENTAGE,25,687,515.25,2026-04-29,2026-05-19,Promo 4/2026,NO
D01769,P1034,PERCENTAGE,30,546,382.2,2026-01-08,2026-02-06,Promo 1/2026,NO
D01770,P1382,PERCENTAGE,30,784,548.8,2025-11-07,2025-11-26,Promo 11/2025,NO
D01771,P1601,PERCENTAGE,25,276,207.0,2025-12-16,2025-12-23,Promo 12/2025,NO
D01772,P0067,PERCENTAGE,25,649,486.75,2026-02-13,2026-03-12,Promo 2/2026,NO
D01773,P0643,PERCENTAGE,30,303,212.1,2026-02-24,2026-03-25,Promo 2/2026,NO
D01774,P1838,PERCENTAGE,10,522,469.8,2026-05-20,2026-06-14,Promo 5/2026,NO
D01775,P1763,PERCENTAGE,15,214,181.9,2026-01-08,2026-01-27,Promo 1/2026,NO
D01776,P1543,PERCENTAGE,25,265,198.75,2026-04-18,2026-04-26,Promo 4/2026,NO
D01777,P0314,PERCENTAGE,30,139,97.3,2025-10-01,2025-10-10,Promo 10/2025,NO
D01778,P1325,PERCENTAGE,30,490,343.0,2026-01-20,2026-02-11,Promo 1/2026,NO
D01779,P0898,PERCENTAGE,15,440,374.0,2026-01-27,2026-02-05,Promo 1/2026,NO
D01780,P0954,PERCENTAGE,15,359,305.15,2026-09-16,2026-09-29,Promo 9/2026,YES
D01781,P0077,PERCENTAGE,15,506,430.1,2025-10-12,2025-10-25,Promo 10/2025,NO
D01782,P1724,PERCENTAGE,15,599,509.15,2026-03-25,2026-04-02,Promo 3/2026,NO
D01783,P0318,PERCENTAGE,10,399,359.1,2025-12-14,2026-01-07,Promo 12/2025,NO
D01784,P1626,PERCENTAGE,15,359,305.15,2026-02-10,2026-02-18,Promo 2/2026,NO
D01785,P0335,PERCENTAGE,10,297,267.3,2026-07-15,2026-08-08,Promo 7/2026,NO
D01786,P1249,PERCENTAGE,15,523,444.55,2026-07-22,2026-08-11,Promo 7/2026,NO
D01787,P0801,PERCENTAGE,15,601,510.85,2026-02-19,2026-03-03,Promo 2/2026,NO
D01788,P0919,PERCENTAGE,15,516,438.6,2026-07-14,2026-08-13,Promo 7/2026,NO
D01789,P1787,PERCENTAGE,10,641,576.9,2026-06-21,2026-07-04,Promo 6/2026,NO
D01790,P0412,PERCENTAGE,10,293,263.7,2026-04-05,2026-04-28,Promo 4/2026,NO
D01791,P0314,PERCENTAGE,25,139,104.25,2026-01-20,2026-02-03,Promo 1/2026,NO
D01792,P0020,PERCENTAGE,10,413,371.7,2026-04-11,2026-04-18,Promo 4/2026,NO
D01793,P0276,PERCENTAGE,15,232,197.2,2025-10-01,2025-10-20,Promo 10/2025,NO
D01794,P1175,PERCENTAGE,5,289,274.55,2026-05-06,2026-05-19,Promo 5/2026,NO
D01795,P0419,PERCENTAGE,5,259,246.05,2026-01-29,2026-02-12,Promo 1/2026,NO
D01796,P0045,PERCENTAGE,10,582,523.8,2026-04-07,2026-04-20,Promo 4/2026,NO
D01797,P0520,PERCENTAGE,20,786,628.8,2026-06-01,2026-06-22,Promo 6/2026,NO
D01798,P0904,PERCENTAGE,5,266,252.7,2026-06-01,2026-07-01,Promo 6/2026,NO
D01799,P1418,PERCENTAGE,5,221,209.95,2025-12-21,2026-01-18,Promo 12/2025,NO
D01800,P1846,PERCENTAGE,20,251,200.8,2026-05-06,2026-05-27,Promo 5/2026,NO
D01801,P0748,PERCENTAGE,5,430,408.5,2026-01-01,2026-01-22,Promo 1/2026,NO
D01802,P1753,PERCENTAGE,20,635,508.0,2026-06-15,2026-06-26,Promo 6/2026,NO
D01803,P1590,PERCENTAGE,20,422,337.6,2025-10-03,2025-10-29,Promo 10/2025,NO
D01804,P1250,PERCENTAGE,15,469,398.65,2026-09-05,2026-09-22,Promo 9/2026,NO
D01805,P0511,PERCENTAGE,30,272,190.4,2026-02-03,2026-02-11,Promo 2/2026,NO
D01806,P0356,PERCENTAGE,15,471,400.35,2026-05-10,2026-06-06,Promo 5/2026,NO
D01807,P0759,PERCENTAGE,10,538,484.2,2026-08-13,2026-08-21,Promo 8/2026,NO
D01808,P0161,PERCENTAGE,10,518,466.2,2026-05-27,2026-06-10,Promo 5/2026,NO
D01809,P1505,PERCENTAGE,25,330,247.5,2026-07-18,2026-08-11,Promo 7/2026,NO
D01810,P1577,PERCENTAGE,15,575,488.75,2026-04-27,2026-05-19,Promo 4/2026,NO
D01811,P0350,PERCENTAGE,10,168,151.2,2025-10-13,2025-10-20,Promo 10/2025,NO
D01812,P0444,PERCENTAGE,15,338,287.3,2025-11-19,2025-12-18,Promo 11/2025,NO
D01813,P1880,PERCENTAGE,10,300,270.0,2026-06-08,2026-06-16,Promo 6/2026,NO
D01814,P0261,PERCENTAGE,25,332,249.0,2026-03-12,2026-03-28,Promo 3/2026,NO
D01815,P0939,PERCENTAGE,5,468,444.6,2025-09-26,2025-10-21,Promo 9/2025,NO
D01816,P1658,PERCENTAGE,30,433,303.1,2025-11-30,2025-12-07,Promo 11/2025,NO
D01817,P0187,PERCENTAGE,20,503,402.4,2026-07-01,2026-07-30,Promo 7/2026,NO
D01818,P0334,PERCENTAGE,10,569,512.1,2026-05-23,2026-06-20,Promo 5/2026,NO
D01819,P1633,PERCENTAGE,10,366,329.4,2026-01-01,2026-01-17,Promo 1/2026,NO
D01820,P0107,PERCENTAGE,15,201,170.85,2026-01-08,2026-01-16,Promo 1/2026,NO
D01821,P0900,PERCENTAGE,30,374,261.8,2025-11-22,2025-12-12,Promo 11/2025,NO
D01822,P1877,PERCENTAGE,15,679,577.15,2026-06-05,2026-07-03,Promo 6/2026,NO
D01823,P1809,PERCENTAGE,25,186,139.5,2026-08-30,2026-09-20,Promo 8/2026,NO
D01824,P1495,PERCENTAGE,5,224,212.8,2026-08-06,2026-08-28,Promo 8/2026,NO
D01825,P1316,PERCENTAGE,30,341,238.7,2026-08-24,2026-09-22,Promo 8/2026,NO
D01826,P1015,PERCENTAGE,15,322,273.7,2025-10-13,2025-10-28,Promo 10/2025,NO
D01827,P0848,PERCENTAGE,5,628,596.6,2026-08-03,2026-08-29,Promo 8/2026,NO
D01828,P1612,PERCENTAGE,25,545,408.75,2025-12-25,2026-01-06,Promo 12/2025,NO
D01829,P1896,PERCENTAGE,15,395,335.75,2025-10-30,2025-11-07,Promo 10/2025,NO
D01830,P0792,PERCENTAGE,15,176,149.6,2026-02-10,2026-03-09,Promo 2/2026,NO
D01831,P1110,PERCENTAGE,10,150,135.0,2026-09-14,2026-10-08,Promo 9/2026,YES
D01832,P1787,PERCENTAGE,20,641,512.8,2026-04-20,2026-05-01,Promo 4/2026,NO
D01833,P1616,PERCENTAGE,30,302,211.4,2026-05-17,2026-06-08,Promo 5/2026,NO
D01834,P1289,PERCENTAGE,10,417,375.3,2026-07-19,2026-08-05,Promo 7/2026,NO
D01835,P1036,PERCENTAGE,5,606,575.7,2025-11-19,2025-12-01,Promo 11/2025,NO
D01836,P0319,PERCENTAGE,15,431,366.35,2026-02-01,2026-02-27,Promo 2/2026,NO
D01837,P0083,PERCENTAGE,25,648,486.0,2026-04-16,2026-05-15,Promo 4/2026,NO
D01838,P0703,PERCENTAGE,20,879,703.2,2026-01-12,2026-01-31,Promo 1/2026,NO
D01839,P1553,PERCENTAGE,25,636,477.0,2026-05-21,2026-06-06,Promo 5/2026,NO
D01840,P1460,PERCENTAGE,15,467,396.95,2026-08-18,2026-09-10,Promo 8/2026,NO
D01841,P1485,PERCENTAGE,30,620,434.0,2026-08-30,2026-09-10,Promo 8/2026,NO
D01842,P1940,PERCENTAGE,10,325,292.5,2025-10-02,2025-10-24,Promo 10/2025,NO
D01843,P0511,PERCENTAGE,30,272,190.4,2026-03-27,2026-04-09,Promo 3/2026,NO
D01844,P0925,PERCENTAGE,25,536,402.0,2025-12-09,2025-12-18,Promo 12/2025,NO
D01845,P1627,PERCENTAGE,10,303,272.7,2026-08-19,2026-08-29,Promo 8/2026,NO
D01846,P0267,PERCENTAGE,5,535,508.25,2026-01-25,2026-02-03,Promo 1/2026,NO
D01847,P0097,PERCENTAGE,5,301,285.95,2025-11-24,2025-12-17,Promo 11/2025,NO
D01848,P0938,PERCENTAGE,25,689,516.75,2025-10-11,2025-10-19,Promo 10/2025,NO
D01849,P0483,PERCENTAGE,30,561,392.7,2025-12-23,2026-01-10,Promo 12/2025,NO
D01850,P1410,PERCENTAGE,25,490,367.5,2025-11-02,2025-11-22,Promo 11/2025,NO
D01851,P1654,PERCENTAGE,30,419,293.3,2026-05-02,2026-05-28,Promo 5/2026,NO
D01852,P0103,PERCENTAGE,30,305,213.5,2026-07-11,2026-07-20,Promo 7/2026,NO
D01853,P0931,PERCENTAGE,5,628,596.6,2026-03-15,2026-04-06,Promo 3/2026,NO
D01854,P0597,PERCENTAGE,30,500,350.0,2026-06-11,2026-06-19,Promo 6/2026,NO
D01855,P1635,PERCENTAGE,30,559,391.3,2026-03-23,2026-04-06,Promo 3/2026,NO
D01856,P1226,PERCENTAGE,10,301,270.9,2026-03-27,2026-04-14,Promo 3/2026,NO
D01857,P0213,PERCENTAGE,25,180,135.0,2026-01-14,2026-02-09,Promo 1/2026,NO
D01858,P1265,PERCENTAGE,15,370,314.5,2026-04-20,2026-05-19,Promo 4/2026,NO
D01859,P0727,PERCENTAGE,10,407,366.3,2026-03-14,2026-04-09,Promo 3/2026,NO
D01860,P0652,PERCENTAGE,30,415,290.5,2026-03-23,2026-04-02,Promo 3/2026,NO
D01861,P1012,PERCENTAGE,5,543,515.85,2026-02-13,2026-02-25,Promo 2/2026,NO
D01862,P0360,PERCENTAGE,10,541,486.9,2026-05-20,2026-06-11,Promo 5/2026,NO
D01863,P1937,PERCENTAGE,20,453,362.4,2026-02-14,2026-03-16,Promo 2/2026,NO
D01864,P0522,PERCENTAGE,10,357,321.3,2025-11-09,2025-11-23,Promo 11/2025,NO
D01865,P1142,PERCENTAGE,20,636,508.8,2026-06-07,2026-06-19,Promo 6/2026,NO
D01866,P0335,PERCENTAGE,5,297,282.15,2026-01-23,2026-02-10,Promo 1/2026,NO
D01867,P1756,PERCENTAGE,15,376,319.6,2025-10-21,2025-11-01,Promo 10/2025,NO
D01868,P0296,PERCENTAGE,5,467,443.65,2026-04-13,2026-05-02,Promo 4/2026,NO
D01869,P0361,PERCENTAGE,20,174,139.2,2026-09-10,2026-10-08,Promo 9/2026,YES
D01870,P0657,PERCENTAGE,30,201,140.7,2026-03-10,2026-03-25,Promo 3/2026,NO
D01871,P1211,PERCENTAGE,30,441,308.7,2026-07-09,2026-07-28,Promo 7/2026,NO
D01872,P1741,PERCENTAGE,10,1282,1153.8,2026-01-07,2026-01-20,Promo 1/2026,NO
D01873,P1516,PERCENTAGE,30,352,246.4,2026-09-14,2026-09-21,Promo 9/2026,NO
D01874,P1418,PERCENTAGE,25,221,165.75,2026-06-19,2026-07-02,Promo 6/2026,NO
D01875,P0415,PERCENTAGE,15,957,813.45,2026-04-16,2026-05-02,Promo 4/2026,NO
D01876,P0619,PERCENTAGE,20,462,369.6,2026-07-03,2026-07-10,Promo 7/2026,NO
D01877,P0625,PERCENTAGE,25,671,503.25,2025-11-26,2025-12-19,Promo 11/2025,NO
D01878,P1023,PERCENTAGE,25,250,187.5,2025-12-13,2026-01-08,Promo 12/2025,NO
D01879,P1189,PERCENTAGE,15,1624,1380.4,2025-09-27,2025-10-04,Promo 9/2025,NO
D01880,P0555,PERCENTAGE,20,350,280.0,2026-04-08,2026-04-15,Promo 4/2026,NO
D01881,P1648,PERCENTAGE,10,810,729.0,2026-04-16,2026-04-23,Promo 4/2026,NO
D01882,P1762,PERCENTAGE,15,239,203.15,2026-07-16,2026-08-11,Promo 7/2026,NO
D01883,P1400,PERCENTAGE,20,143,114.4,2026-07-04,2026-07-27,Promo 7/2026,NO
D01884,P1402,PERCENTAGE,15,435,369.75,2025-11-15,2025-11-24,Promo 11/2025,NO
D01885,P1254,PERCENTAGE,15,239,203.15,2026-08-17,2026-08-30,Promo 8/2026,NO
D01886,P1614,PERCENTAGE,30,456,319.2,2026-05-19,2026-06-09,Promo 5/2026,NO
D01887,P1018,PERCENTAGE,15,979,832.15,2026-01-28,2026-02-23,Promo 1/2026,NO
D01888,P1438,PERCENTAGE,10,455,409.5,2026-07-28,2026-08-16,Promo 7/2026,NO
D01889,P0875,PERCENTAGE,30,278,194.6,2026-06-02,2026-06-30,Promo 6/2026,NO
D01890,P0429,PERCENTAGE,10,534,480.6,2026-04-15,2026-05-11,Promo 4/2026,NO
D01891,P1518,PERCENTAGE,15,359,305.15,2026-08-31,2026-09-20,Promo 8/2026,NO
D01892,P0478,PERCENTAGE,15,417,354.45,2026-02-26,2026-03-10,Promo 2/2026,NO
D01893,P0927,PERCENTAGE,20,615,492.0,2026-06-23,2026-07-15,Promo 6/2026,NO
D01894,P0654,PERCENTAGE,10,308,277.2,2026-04-13,2026-04-25,Promo 4/2026,NO
D01895,P1868,PERCENTAGE,15,577,490.45,2026-08-05,2026-08-30,Promo 8/2026,NO
D01896,P0315,PERCENTAGE,5,611,580.45,2026-09-25,2026-10-15,Promo 9/2026,YES
D01897,P0165,PERCENTAGE,20,871,696.8,2026-01-11,2026-01-29,Promo 1/2026,NO
D01898,P1112,PERCENTAGE,5,173,164.35,2025-11-06,2025-11-17,Promo 11/2025,NO
D01899,P1658,PERCENTAGE,25,433,324.75,2026-05-05,2026-05-16,Promo 5/2026,NO
D01900,P0057,PERCENTAGE,30,128,89.6,2026-03-08,2026-03-26,Promo 3/2026,NO
D01901,P1173,PERCENTAGE,30,260,182.0,2025-11-26,2025-12-08,Promo 11/2025,NO
D01902,P0310,PERCENTAGE,25,95,71.25,2025-12-30,2026-01-15,Promo 12/2025,NO
D01903,P0240,PERCENTAGE,5,450,427.5,2026-06-04,2026-06-21,Promo 6/2026,NO
D01904,P1893,PERCENTAGE,20,422,337.6,2026-07-20,2026-08-02,Promo 7/2026,NO
D01905,P0087,PERCENTAGE,10,254,228.6,2025-12-20,2026-01-14,Promo 12/2025,NO
D01906,P0651,PERCENTAGE,15,358,304.3,2025-11-30,2025-12-28,Promo 11/2025,NO
D01907,P1436,PERCENTAGE,25,223,167.25,2026-09-07,2026-09-26,Promo 9/2026,NO
D01908,P0477,PERCENTAGE,20,359,287.2,2026-03-11,2026-03-25,Promo 3/2026,NO
D01909,P0949,PERCENTAGE,30,484,338.8,2025-10-08,2025-11-07,Promo 10/2025,NO
D01910,P1664,PERCENTAGE,10,1045,940.5,2026-07-09,2026-08-05,Promo 7/2026,NO
D01911,P0837,PERCENTAGE,10,662,595.8,2026-06-02,2026-06-28,Promo 6/2026,NO
D01912,P1481,PERCENTAGE,15,420,357.0,2026-02-13,2026-03-13,Promo 2/2026,NO
D01913,P1565,PERCENTAGE,10,561,504.9,2026-07-03,2026-07-11,Promo 7/2026,NO
D01914,P0884,PERCENTAGE,20,588,470.4,2026-04-27,2026-05-06,Promo 4/2026,NO
D01915,P0687,PERCENTAGE,30,317,221.9,2026-02-19,2026-03-06,Promo 2/2026,NO
D01916,P1277,PERCENTAGE,25,557,417.75,2026-07-01,2026-07-08,Promo 7/2026,NO
D01917,P1324,PERCENTAGE,30,411,287.7,2026-05-25,2026-06-18,Promo 5/2026,NO
D01918,P0696,PERCENTAGE,5,273,259.35,2026-07-16,2026-07-29,Promo 7/2026,NO
D01919,P0420,PERCENTAGE,30,268,187.6,2026-01-12,2026-01-22,Promo 1/2026,NO
D01920,P0457,PERCENTAGE,30,365,255.5,2025-11-29,2025-12-23,Promo 11/2025,NO
D01921,P1558,PERCENTAGE,5,546,518.7,2026-03-23,2026-03-31,Promo 3/2026,NO
D01922,P0559,PERCENTAGE,25,509,381.75,2026-03-08,2026-04-01,Promo 3/2026,NO
D01923,P1745,PERCENTAGE,10,552,496.8,2026-08-17,2026-09-15,Promo 8/2026,NO
D01924,P1753,PERCENTAGE,10,635,571.5,2026-03-31,2026-04-09,Promo 3/2026,NO
D01925,P1678,PERCENTAGE,30,383,268.1,2026-01-17,2026-01-26,Promo 1/2026,NO
D01926,P0363,PERCENTAGE,10,278,250.2,2026-09-21,2026-10-01,Promo 9/2026,YES
D01927,P1946,PERCENTAGE,10,289,260.1,2026-04-14,2026-04-23,Promo 4/2026,NO
D01928,P0763,PERCENTAGE,30,523,366.1,2025-12-16,2026-01-01,Promo 12/2025,NO
D01929,P1048,PERCENTAGE,30,524,366.8,2025-11-03,2025-11-13,Promo 11/2025,NO
D01930,P1457,PERCENTAGE,15,574,487.9,2026-08-21,2026-09-14,Promo 8/2026,NO
D01931,P0315,PERCENTAGE,20,611,488.8,2026-03-17,2026-04-10,Promo 3/2026,NO
D01932,P0855,PERCENTAGE,25,941,705.75,2025-12-09,2025-12-31,Promo 12/2025,NO
D01933,P0823,PERCENTAGE,15,357,303.45,2026-06-24,2026-07-01,Promo 6/2026,NO
D01934,P0213,PERCENTAGE,25,180,135.0,2025-09-26,2025-10-06,Promo 9/2025,NO
D01935,P1088,PERCENTAGE,15,640,544.0,2026-02-22,2026-03-09,Promo 2/2026,NO
D01936,P1140,PERCENTAGE,25,498,373.5,2026-03-01,2026-03-09,Promo 3/2026,NO
D01937,P0798,PERCENTAGE,15,244,207.4,2025-12-05,2025-12-21,Promo 12/2025,NO
D01938,P1537,PERCENTAGE,10,358,322.2,2026-08-19,2026-09-16,Promo 8/2026,NO
D01939,P0002,PERCENTAGE,5,188,178.6,2026-05-13,2026-06-01,Promo 5/2026,NO
D01940,P0364,PERCENTAGE,25,484,363.0,2025-12-17,2026-01-09,Promo 12/2025,NO
D01941,P1876,PERCENTAGE,20,359,287.2,2026-06-08,2026-06-29,Promo 6/2026,NO
D01942,P1308,PERCENTAGE,25,289,216.75,2026-06-02,2026-06-24,Promo 6/2026,NO
D01943,P0501,PERCENTAGE,15,263,223.55,2026-09-16,2026-10-09,Promo 9/2026,YES
D01944,P0671,PERCENTAGE,30,320,224.0,2026-06-17,2026-07-06,Promo 6/2026,NO
D01945,P1307,PERCENTAGE,20,379,303.2,2025-10-29,2025-11-14,Promo 10/2025,NO
D01946,P1937,PERCENTAGE,20,453,362.4,2026-02-17,2026-03-19,Promo 2/2026,NO
D01947,P0637,PERCENTAGE,30,399,279.3,2025-10-31,2025-11-10,Promo 10/2025,NO
D01948,P1221,PERCENTAGE,20,221,176.8,2026-08-07,2026-09-06,Promo 8/2026,NO
D01949,P0265,PERCENTAGE,10,628,565.2,2026-04-19,2026-05-05,Promo 4/2026,NO
D01950,P1349,PERCENTAGE,10,412,370.8,2026-09-19,2026-09-29,Promo 9/2026,YES
D01951,P1251,PERCENTAGE,10,319,287.1,2026-09-08,2026-10-07,Promo 9/2026,YES
D01952,P1905,PERCENTAGE,20,140,112.0,2026-08-02,2026-08-13,Promo 8/2026,NO
D01953,P0367,PERCENTAGE,5,426,404.7,2026-07-19,2026-08-01,Promo 7/2026,NO
D01954,P0375,PERCENTAGE,5,435,413.25,2025-10-31,2025-11-16,Promo 10/2025,NO
D01955,P1414,PERCENTAGE,5,202,191.9,2026-03-27,2026-04-04,Promo 3/2026,NO
D01956,P0583,PERCENTAGE,10,366,329.4,2026-04-24,2026-05-20,Promo 4/2026,NO
D01957,P0519,PERCENTAGE,25,816,612.0,2026-04-08,2026-04-21,Promo 4/2026,NO
D01958,P1630,PERCENTAGE,5,285,270.75,2025-11-23,2025-12-09,Promo 11/2025,NO
D01959,P1501,PERCENTAGE,20,683,546.4,2026-01-18,2026-02-10,Promo 1/2026,NO
D01960,P1879,PERCENTAGE,25,492,369.0,2026-07-25,2026-08-23,Promo 7/2026,NO
D01961,P1774,PERCENTAGE,5,231,219.45,2025-11-21,2025-11-30,Promo 11/2025,NO
D01962,P0965,PERCENTAGE,25,128,96.0,2026-09-05,2026-09-26,Promo 9/2026,NO
D01963,P0315,PERCENTAGE,20,611,488.8,2026-02-21,2026-03-18,Promo 2/2026,NO
D01964,P1249,PERCENTAGE,25,523,392.25,2026-08-11,2026-09-06,Promo 8/2026,NO
D01965,P0569,PERCENTAGE,25,510,382.5,2026-02-13,2026-03-14,Promo 2/2026,NO
D01966,P1079,PERCENTAGE,5,450,427.5,2026-08-11,2026-09-07,Promo 8/2026,NO
D01967,P0330,PERCENTAGE,25,266,199.5,2026-02-04,2026-03-05,Promo 2/2026,NO
D01968,P0408,PERCENTAGE,5,151,143.45,2026-05-02,2026-06-01,Promo 5/2026,NO
D01969,P1126,PERCENTAGE,5,555,527.25,2026-01-25,2026-02-02,Promo 1/2026,NO
D01970,P0450,PERCENTAGE,20,371,296.8,2026-03-05,2026-03-25,Promo 3/2026,NO
D01971,P0840,PERCENTAGE,5,644,611.8,2026-05-25,2026-06-24,Promo 5/2026,NO
D01972,P1410,PERCENTAGE,30,490,343.0,2026-04-27,2026-05-09,Promo 4/2026,NO
D01973,P1447,PERCENTAGE,5,633,601.35,2026-05-14,2026-05-22,Promo 5/2026,NO
D01974,P0012,PERCENTAGE,15,520,442.0,2026-08-16,2026-08-29,Promo 8/2026,NO
D01975,P1532,PERCENTAGE,10,703,632.7,2025-10-05,2025-10-29,Promo 10/2025,NO
D01976,P0690,PERCENTAGE,10,493,443.7,2026-09-23,2026-10-17,Promo 9/2026,YES
D01977,P0812,PERCENTAGE,10,327,294.3,2026-03-08,2026-03-18,Promo 3/2026,NO
D01978,P0008,PERCENTAGE,15,312,265.2,2026-09-21,2026-10-18,Promo 9/2026,YES
D01979,P0096,PERCENTAGE,15,250,212.5,2025-11-24,2025-12-06,Promo 11/2025,NO
D01980,P0554,PERCENTAGE,10,294,264.6,2025-12-26,2026-01-18,Promo 12/2025,NO
D01981,P1842,PERCENTAGE,10,225,202.5,2025-11-16,2025-12-10,Promo 11/2025,NO
D01982,P1454,PERCENTAGE,5,301,285.95,2026-03-23,2026-04-10,Promo 3/2026,NO
D01983,P1133,PERCENTAGE,30,1051,735.7,2026-07-04,2026-07-16,Promo 7/2026,NO
D01984,P1895,PERCENTAGE,20,1670,1336.0,2025-11-21,2025-12-17,Promo 11/2025,NO
D01985,P0351,PERCENTAGE,30,449,314.3,2025-12-20,2026-01-14,Promo 12/2025,NO
D01986,P1572,PERCENTAGE,25,954,715.5,2026-06-06,2026-06-14,Promo 6/2026,NO
D01987,P0123,PERCENTAGE,20,362,289.6,2026-03-28,2026-04-16,Promo 3/2026,NO
D01988,P1094,PERCENTAGE,30,213,149.1,2025-11-11,2025-12-01,Promo 11/2025,NO
D01989,P0336,PERCENTAGE,20,255,204.0,2026-03-19,2026-04-08,Promo 3/2026,NO
D01990,P1912,PERCENTAGE,10,178,160.2,2026-05-26,2026-06-09,Promo 5/2026,NO
D01991,P0364,PERCENTAGE,25,484,363.0,2026-04-09,2026-04-22,Promo 4/2026,NO
D01992,P1807,PERCENTAGE,25,580,435.0,2026-05-08,2026-06-03,Promo 5/2026,NO
D01993,P1829,PERCENTAGE,20,265,212.0,2025-10-06,2025-11-03,Promo 10/2025,NO
D01994,P1618,PERCENTAGE,10,570,513.0,2025-11-23,2025-12-06,Promo 11/2025,NO
D01995,P1669,PERCENTAGE,20,468,374.4,2026-09-04,2026-09-24,Promo 9/2026,NO
D01996,P1844,PERCENTAGE,30,477,333.9,2025-12-01,2025-12-10,Promo 12/2025,NO
D01997,P1036,PERCENTAGE,15,606,515.1,2025-12-23,2026-01-19,Promo 12/2025,NO
D01998,P0234,PERCENTAGE,30,1016,711.2,2026-03-28,2026-04-21,Promo 3/2026,NO
D01999,P1870,PERCENTAGE,20,434,347.2,2026-06-16,2026-06-28,Promo 6/2026,NO
D02000,P0815,PERCENTAGE,20,434,347.2,2026-08-13,2026-08-23,Promo 8/2026,NO
D02001,P0508,PERCENTAGE,20,1661,1328.8,2026-05-06,2026-05-30,Promo 5/2026,NO
D02002,P0625,PERCENTAGE,5,671,637.45,2025-10-17,2025-10-24,Promo 10/2025,NO
D02003,P1994,PERCENTAGE,5,300,285.0,2025-10-09,2025-10-22,Promo 10/2025,NO
D02004,P0318,PERCENTAGE,30,399,279.3,2026-06-28,2026-07-21,Promo 6/2026,NO
D02005,P1621,PERCENTAGE,10,291,261.9,2026-08-07,2026-08-20,Promo 8/2026,NO
D02006,P1844,PERCENTAGE,10,477,429.3,2026-08-01,2026-08-30,Promo 8/2026,NO
D02007,P1247,PERCENTAGE,10,932,838.8,2026-07-19,2026-07-29,Promo 7/2026,NO
D02008,P1379,PERCENTAGE,25,555,416.25,2026-03-11,2026-04-03,Promo 3/2026,NO
D02009,P1498,PERCENTAGE,10,514,462.6,2026-01-26,2026-02-13,Promo 1/2026,NO
D02010,P1839,PERCENTAGE,10,369,332.1,2026-08-11,2026-09-01,Promo 8/2026,NO
D02011,P1510,PERCENTAGE,25,546,409.5,2026-01-09,2026-02-08,Promo 1/2026,NO
D02012,P1754,PERCENTAGE,5,583,553.85,2026-08-31,2026-09-23,Promo 8/2026,NO
D02013,P0977,PERCENTAGE,15,1057,898.45,2026-08-02,2026-08-31,Promo 8/2026,NO
D02014,P1921,PERCENTAGE,30,127,88.9,2026-06-30,2026-07-29,Promo 6/2026,NO
D02015,P0041,PERCENTAGE,20,836,668.8,2026-04-24,2026-05-16,Promo 4/2026,NO
D02016,P1010,PERCENTAGE,20,610,488.0,2026-05-27,2026-06-06,Promo 5/2026,NO
D02017,P1333,PERCENTAGE,5,301,285.95,2026-05-31,2026-06-20,Promo 5/2026,NO
D02018,P1548,PERCENTAGE,30,298,208.6,2026-03-18,2026-04-17,Promo 3/2026,NO
D02019,P0759,PERCENTAGE,25,538,403.5,2025-10-17,2025-10-29,Promo 10/2025,NO
D02020,P0013,PERCENTAGE,30,419,293.3,2026-06-13,2026-07-07,Promo 6/2026,NO
D02021,P1071,PERCENTAGE,5,331,314.45,2026-09-06,2026-10-03,Promo 9/2026,YES
D02022,P1666,PERCENTAGE,15,447,379.95,2026-04-28,2026-05-12,Promo 4/2026,NO
D02023,P1578,PERCENTAGE,5,165,156.75,2026-01-12,2026-02-07,Promo 1/2026,NO
D02024,P0261,PERCENTAGE,20,332,265.6,2026-08-06,2026-09-01,Promo 8/2026,NO
D02025,P0911,PERCENTAGE,20,553,442.4,2026-03-25,2026-04-04,Promo 3/2026,NO
D02026,P0944,PERCENTAGE,25,238,178.5,2026-03-18,2026-04-16,Promo 3/2026,NO
D02027,P0227,PERCENTAGE,15,152,129.2,2026-05-09,2026-06-03,Promo 5/2026,NO
D02028,P0859,PERCENTAGE,25,349,261.75,2026-01-29,2026-02-22,Promo 1/2026,NO
D02029,P1318,PERCENTAGE,10,249,224.1,2026-06-26,2026-07-20,Promo 6/2026,NO
D02030,P1419,PERCENTAGE,15,293,249.05,2026-01-04,2026-01-22,Promo 1/2026,NO
D02031,P1354,PERCENTAGE,20,517,413.6,2025-10-23,2025-11-04,Promo 10/2025,NO
D02032,P1505,PERCENTAGE,30,330,231.0,2026-05-27,2026-06-03,Promo 5/2026,NO
D02033,P1467,PERCENTAGE,30,77,53.9,2026-07-30,2026-08-10,Promo 7/2026,NO
D02034,P1437,PERCENTAGE,20,429,343.2,2026-03-17,2026-04-05,Promo 3/2026,NO
D02035,P0755,PERCENTAGE,30,492,344.4,2026-03-08,2026-03-27,Promo 3/2026,NO
D02036,P1094,PERCENTAGE,20,213,170.4,2026-04-06,2026-04-18,Promo 4/2026,NO
D02037,P1253,PERCENTAGE,15,248,210.8,2026-01-25,2026-02-19,Promo 1/2026,NO
D02038,P1699,PERCENTAGE,5,284,269.8,2026-01-25,2026-02-05,Promo 1/2026,NO
D02039,P0663,PERCENTAGE,20,402,321.6,2025-12-13,2025-12-26,Promo 12/2025,NO
D02040,P0631,PERCENTAGE,25,351,263.25,2026-05-14,2026-06-06,Promo 5/2026,NO
D02041,P1215,PERCENTAGE,25,524,393.0,2026-04-17,2026-04-29,Promo 4/2026,NO
D02042,P0704,PERCENTAGE,15,357,303.45,2025-10-26,2025-11-09,Promo 10/2025,NO
D02043,P1234,PERCENTAGE,15,580,493.0,2026-08-09,2026-09-06,Promo 8/2026,NO
D02044,P0892,PERCENTAGE,30,295,206.5,2026-09-02,2026-09-29,Promo 9/2026,YES
D02045,P0019,PERCENTAGE,20,382,305.6,2026-08-27,2026-09-26,Promo 8/2026,NO
D02046,P0611,PERCENTAGE,10,507,456.3,2026-04-25,2026-05-20,Promo 4/2026,NO
D02047,P1765,PERCENTAGE,25,1003,752.25,2026-04-24,2026-05-01,Promo 4/2026,NO
D02048,P0912,PERCENTAGE,15,474,402.9,2026-05-26,2026-06-22,Promo 5/2026,NO
D02049,P0974,PERCENTAGE,10,133,119.7,2026-06-19,2026-07-15,Promo 6/2026,NO
D02050,P0844,PERCENTAGE,20,332,265.6,2025-10-11,2025-11-05,Promo 10/2025,NO
D02051,P0624,PERCENTAGE,5,491,466.45,2026-08-19,2026-09-09,Promo 8/2026,NO
D02052,P1176,PERCENTAGE,25,609,456.75,2026-03-20,2026-04-08,Promo 3/2026,NO
D02053,P0993,PERCENTAGE,5,634,602.3,2026-07-13,2026-08-06,Promo 7/2026,NO
D02054,P0008,PERCENTAGE,25,312,234.0,2025-12-16,2026-01-11,Promo 12/2025,NO
D02055,P0937,PERCENTAGE,15,1084,921.4,2026-03-24,2026-04-21,Promo 3/2026,NO
D02056,P1393,PERCENTAGE,20,450,360.0,2026-04-13,2026-04-28,Promo 4/2026,NO
D02057,P1146,PERCENTAGE,15,334,283.9,2025-10-21,2025-11-18,Promo 10/2025,NO
D02058,P1266,PERCENTAGE,25,284,213.0,2026-02-09,2026-02-25,Promo 2/2026,NO
D02059,P0831,PERCENTAGE,15,201,170.85,2026-05-10,2026-05-19,Promo 5/2026,NO
D02060,P1953,PERCENTAGE,25,509,381.75,2025-10-21,2025-11-03,Promo 10/2025,NO
D02061,P1644,PERCENTAGE,25,286,214.5,2026-01-28,2026-02-20,Promo 1/2026,NO
D02062,P1735,PERCENTAGE,15,268,227.8,2026-04-05,2026-04-15,Promo 4/2026,NO
D02063,P0842,PERCENTAGE,20,440,352.0,2026-05-17,2026-05-31,Promo 5/2026,NO
D02064,P0592,PERCENTAGE,20,260,208.0,2025-10-18,2025-11-10,Promo 10/2025,NO
D02065,P1933,PERCENTAGE,30,485,339.5,2026-04-30,2026-05-17,Promo 4/2026,NO
D02066,P0423,PERCENTAGE,20,608,486.4,2026-05-09,2026-06-08,Promo 5/2026,NO
D02067,P1191,PERCENTAGE,25,166,124.5,2026-01-21,2026-02-14,Promo 1/2026,NO
D02068,P0219,PERCENTAGE,20,549,439.2,2026-02-16,2026-03-04,Promo 2/2026,NO
D02069,P1591,PERCENTAGE,25,394,295.5,2026-04-12,2026-05-06,Promo 4/2026,NO
D02070,P0058,PERCENTAGE,15,488,414.8,2026-05-20,2026-06-05,Promo 5/2026,NO
D02071,P0648,PERCENTAGE,5,450,427.5,2026-07-18,2026-08-13,Promo 7/2026,NO
D02072,P0342,PERCENTAGE,30,639,447.3,2026-06-29,2026-07-26,Promo 6/2026,NO
D02073,P1055,PERCENTAGE,20,403,322.4,2026-05-27,2026-06-03,Promo 5/2026,NO
D02074,P0670,PERCENTAGE,10,392,352.8,2026-02-24,2026-03-06,Promo 2/2026,NO
D02075,P1712,PERCENTAGE,5,292,277.4,2025-11-30,2025-12-12,Promo 11/2025,NO
D02076,P0817,PERCENTAGE,10,907,816.3,2026-03-02,2026-03-23,Promo 3/2026,NO
D02077,P0081,PERCENTAGE,20,493,394.4,2026-08-13,2026-09-01,Promo 8/2026,NO
D02078,P0594,PERCENTAGE,25,363,272.25,2026-04-27,2026-05-23,Promo 4/2026,NO
D02079,P1847,PERCENTAGE,5,658,625.1,2025-12-16,2025-12-23,Promo 12/2025,NO
D02080,P1721,PERCENTAGE,25,394,295.5,2026-04-10,2026-04-22,Promo 4/2026,NO
D02081,P0555,PERCENTAGE,25,350,262.5,2026-01-06,2026-01-21,Promo 1/2026,NO
D02082,P0735,PERCENTAGE,25,465,348.75,2026-04-27,2026-05-07,Promo 4/2026,NO
D02083,P1578,PERCENTAGE,10,165,148.5,2026-04-12,2026-04-19,Promo 4/2026,NO
D02084,P1140,PERCENTAGE,25,498,373.5,2026-03-17,2026-04-11,Promo 3/2026,NO
D02085,P1138,PERCENTAGE,10,470,423.0,2026-03-04,2026-04-01,Promo 3/2026,NO
D02086,P1648,PERCENTAGE,5,810,769.5,2025-12-14,2025-12-31,Promo 12/2025,NO
D02087,P0989,PERCENTAGE,15,173,147.05,2026-04-17,2026-05-15,Promo 4/2026,NO
D02088,P1669,PERCENTAGE,25,468,351.0,2025-10-04,2025-10-28,Promo 10/2025,NO
D02089,P0486,PERCENTAGE,25,371,278.25,2026-08-26,2026-09-21,Promo 8/2026,NO
D02090,P1510,PERCENTAGE,20,546,436.8,2025-11-25,2025-12-10,Promo 11/2025,NO
D02091,P1707,PERCENTAGE,30,578,404.6,2025-10-02,2025-10-12,Promo 10/2025,NO
D02092,P1134,PERCENTAGE,15,619,526.15,2026-06-19,2026-07-09,Promo 6/2026,NO
D02093,P1773,PERCENTAGE,10,368,331.2,2026-03-31,2026-04-07,Promo 3/2026,NO
D02094,P0306,PERCENTAGE,20,326,260.8,2026-02-27,2026-03-17,Promo 2/2026,NO
D02095,P1875,PERCENTAGE,5,616,585.2,2025-10-26,2025-11-03,Promo 10/2025,NO
D02096,P0002,PERCENTAGE,10,188,169.2,2025-11-23,2025-12-01,Promo 11/2025,NO
D02097,P1392,PERCENTAGE,15,186,158.1,2025-12-27,2026-01-26,Promo 12/2025,NO
D02098,P0800,PERCENTAGE,30,1001,700.7,2026-05-14,2026-06-02,Promo 5/2026,NO
D02099,P0209,PERCENTAGE,25,360,270.0,2026-02-28,2026-03-26,Promo 2/2026,NO
D02100,P0729,PERCENTAGE,30,286,200.2,2026-06-17,2026-06-30,Promo 6/2026,NO
D02101,P0036,PERCENTAGE,15,262,222.7,2025-11-07,2025-11-26,Promo 11/2025,NO
D02102,P0600,PERCENTAGE,5,400,380.0,2025-12-05,2025-12-29,Promo 12/2025,NO
D02103,P0535,PERCENTAGE,25,1017,762.75,2025-11-09,2025-11-22,Promo 11/2025,NO
D02104,P1691,PERCENTAGE,20,359,287.2,2026-09-24,2026-10-18,Promo 9/2026,YES
D02105,P1362,PERCENTAGE,15,308,261.8,2026-05-29,2026-06-18,Promo 5/2026,NO
D02106,P0920,PERCENTAGE,25,675,506.25,2026-07-28,2026-08-05,Promo 7/2026,NO
D02107,P1030,PERCENTAGE,20,225,180.0,2026-06-12,2026-07-12,Promo 6/2026,NO
D02108,P1869,PERCENTAGE,5,393,373.35,2026-05-18,2026-06-14,Promo 5/2026,NO
D02109,P0243,PERCENTAGE,25,202,151.5,2025-10-06,2025-10-28,Promo 10/2025,NO
D02110,P0332,PERCENTAGE,20,471,376.8,2026-05-29,2026-06-25,Promo 5/2026,NO
D02111,P1646,PERCENTAGE,5,304,288.8,2026-08-22,2026-08-29,Promo 8/2026,NO
D02112,P0232,PERCENTAGE,30,343,240.1,2026-02-02,2026-02-15,Promo 2/2026,NO
D02113,P0876,PERCENTAGE,15,406,345.1,2026-07-09,2026-08-07,Promo 7/2026,NO
D02114,P0252,PERCENTAGE,5,476,452.2,2025-10-30,2025-11-13,Promo 10/2025,NO
D02115,P0556,PERCENTAGE,15,235,199.75,2026-04-26,2026-05-12,Promo 4/2026,NO
D02116,P1945,PERCENTAGE,15,275,233.75,2026-09-02,2026-09-13,Promo 9/2026,NO
D02117,P1232,PERCENTAGE,25,306,229.5,2026-08-05,2026-08-13,Promo 8/2026,NO
D02118,P0806,PERCENTAGE,20,532,425.6,2026-04-26,2026-05-11,Promo 4/2026,NO
D02119,P1363,PERCENTAGE,15,276,234.6,2025-11-03,2025-11-23,Promo 11/2025,NO
D02120,P1145,PERCENTAGE,20,239,191.2,2025-11-25,2025-12-13,Promo 11/2025,NO
D02121,P0338,PERCENTAGE,15,296,251.6,2026-09-21,2026-09-29,Promo 9/2026,YES
D02122,P0774,PERCENTAGE,10,421,378.9,2026-05-04,2026-05-15,Promo 5/2026,NO
D02123,P0240,PERCENTAGE,15,450,382.5,2026-06-04,2026-06-22,Promo 6/2026,NO
D02124,P1252,PERCENTAGE,25,420,315.0,2026-07-29,2026-08-18,Promo 7/2026,NO
D02125,P1787,PERCENTAGE,20,641,512.8,2026-04-23,2026-05-04,Promo 4/2026,NO
D02126,P0646,PERCENTAGE,20,304,243.2,2026-04-17,2026-04-29,Promo 4/2026,NO
D02127,P0378,PERCENTAGE,10,577,519.3,2026-06-02,2026-06-12,Promo 6/2026,NO
D02128,P1248,PERCENTAGE,5,388,368.6,2026-02-23,2026-03-12,Promo 2/2026,NO
D02129,P0484,PERCENTAGE,10,569,512.1,2026-08-21,2026-09-17,Promo 8/2026,NO
D02130,P1327,PERCENTAGE,30,367,256.9,2026-06-07,2026-06-23,Promo 6/2026,NO
D02131,P0901,PERCENTAGE,5,1062,1008.9,2026-07-27,2026-08-11,Promo 7/2026,NO
D02132,P1022,PERCENTAGE,15,585,497.25,2026-07-19,2026-08-10,Promo 7/2026,NO
D02133,P1845,PERCENTAGE,20,596,476.8,2025-11-03,2025-11-19,Promo 11/2025,NO
D02134,P1109,PERCENTAGE,15,653,555.05,2026-04-12,2026-05-10,Promo 4/2026,NO
D02135,P1609,PERCENTAGE,15,350,297.5,2026-07-20,2026-08-07,Promo 7/2026,NO
D02136,P1224,PERCENTAGE,10,487,438.3,2025-11-16,2025-12-12,Promo 11/2025,NO
D02137,P0896,PERCENTAGE,15,224,190.4,2026-08-08,2026-08-20,Promo 8/2026,NO
D02138,P0198,PERCENTAGE,10,262,235.8,2026-08-05,2026-08-29,Promo 8/2026,NO
D02139,P0462,PERCENTAGE,15,293,249.05,2025-10-06,2025-10-13,Promo 10/2025,NO
D02140,P1002,PERCENTAGE,5,417,396.15,2026-06-04,2026-06-15,Promo 6/2026,NO
D02141,P0589,PERCENTAGE,15,481,408.85,2026-08-13,2026-09-12,Promo 8/2026,NO
D02142,P0713,PERCENTAGE,10,1635,1471.5,2026-04-03,2026-04-13,Promo 4/2026,NO
D02143,P0341,PERCENTAGE,30,235,164.5,2025-09-28,2025-10-24,Promo 9/2025,NO
D02144,P0116,PERCENTAGE,5,426,404.7,2026-09-16,2026-10-16,Promo 9/2026,YES
D02145,P0511,PERCENTAGE,20,272,217.6,2026-03-01,2026-03-12,Promo 3/2026,NO
D02146,P1349,PERCENTAGE,10,412,370.8,2026-02-23,2026-03-04,Promo 2/2026,NO
D02147,P1906,PERCENTAGE,5,539,512.05,2026-06-30,2026-07-29,Promo 6/2026,NO
D02148,P1596,PERCENTAGE,20,1667,1333.6,2026-07-18,2026-08-01,Promo 7/2026,NO
D02149,P1891,PERCENTAGE,30,542,379.4,2026-08-22,2026-09-02,Promo 8/2026,NO
D02150,P1298,PERCENTAGE,20,424,339.2,2026-05-15,2026-06-06,Promo 5/2026,NO
D02151,P0322,PERCENTAGE,20,477,381.6,2025-10-10,2025-10-25,Promo 10/2025,NO
D02152,P1098,PERCENTAGE,30,387,270.9,2026-08-31,2026-09-24,Promo 8/2026,NO
D02153,P1499,PERCENTAGE,10,345,310.5,2025-11-10,2025-12-06,Promo 11/2025,NO
D02154,P0710,PERCENTAGE,25,295,221.25,2025-10-14,2025-10-31,Promo 10/2025,NO
D02155,P1459,PERCENTAGE,30,526,368.2,2026-03-21,2026-04-07,Promo 3/2026,NO
D02156,P1135,PERCENTAGE,15,564,479.4,2026-05-11,2026-05-23,Promo 5/2026,NO
D02157,P0371,PERCENTAGE,25,493,369.75,2025-11-16,2025-12-14,Promo 11/2025,NO
D02158,P0626,PERCENTAGE,10,532,478.8,2025-12-20,2026-01-17,Promo 12/2025,NO
D02159,P1724,PERCENTAGE,15,599,509.15,2026-03-31,2026-04-11,Promo 3/2026,NO
D02160,P1460,PERCENTAGE,15,467,396.95,2026-07-25,2026-08-04,Promo 7/2026,NO
D02161,P0832,PERCENTAGE,5,325,308.75,2025-11-21,2025-12-14,Promo 11/2025,NO
D02162,P0672,PERCENTAGE,20,399,319.2,2026-05-12,2026-05-30,Promo 5/2026,NO
D02163,P1260,PERCENTAGE,5,328,311.6,2026-04-29,2026-05-20,Promo 4/2026,NO
D02164,P0137,PERCENTAGE,5,322,305.9,2025-11-20,2025-12-07,Promo 11/2025,NO
D02165,P1877,PERCENTAGE,5,679,645.05,2026-02-23,2026-03-18,Promo 2/2026,NO
D02166,P1745,PERCENTAGE,30,552,386.4,2026-04-28,2026-05-06,Promo 4/2026,NO
D02167,P0744,PERCENTAGE,15,88,74.8,2026-05-19,2026-06-14,Promo 5/2026,NO
D02168,P0190,PERCENTAGE,15,526,447.1,2026-09-07,2026-09-28,Promo 9/2026,YES
D02169,P0931,PERCENTAGE,15,628,533.8,2025-12-24,2026-01-08,Promo 12/2025,NO
D02170,P0966,PERCENTAGE,10,553,497.7,2025-12-21,2026-01-08,Promo 12/2025,NO
D02171,P1308,PERCENTAGE,10,289,260.1,2026-01-10,2026-01-28,Promo 1/2026,NO
D02172,P1582,PERCENTAGE,10,825,742.5,2026-09-12,2026-09-28,Promo 9/2026,YES
D02173,P0898,PERCENTAGE,25,440,330.0,2026-06-27,2026-07-27,Promo 6/2026,NO
D02174,P1523,PERCENTAGE,30,956,669.2,2026-04-12,2026-04-28,Promo 4/2026,NO
D02175,P0230,PERCENTAGE,20,332,265.6,2026-06-10,2026-06-20,Promo 6/2026,NO
D02176,P0730,PERCENTAGE,25,509,381.75,2026-09-22,2026-10-08,Promo 9/2026,YES
D02177,P1439,PERCENTAGE,25,245,183.75,2026-08-21,2026-09-11,Promo 8/2026,NO
D02178,P0409,PERCENTAGE,15,359,305.15,2026-03-14,2026-03-30,Promo 3/2026,NO
D02179,P1736,PERCENTAGE,25,259,194.25,2026-06-09,2026-06-22,Promo 6/2026,NO
D02180,P0076,PERCENTAGE,15,872,741.2,2026-01-21,2026-02-04,Promo 1/2026,NO
D02181,P1001,PERCENTAGE,25,207,155.25,2026-05-19,2026-06-12,Promo 5/2026,NO
D02182,P0063,PERCENTAGE,10,98,88.2,2026-09-11,2026-09-24,Promo 9/2026,NO
D02183,P0256,PERCENTAGE,25,398,298.5,2026-03-21,2026-04-03,Promo 3/2026,NO
D02184,P0863,PERCENTAGE,5,456,433.2,2026-09-18,2026-09-27,Promo 9/2026,YES
D02185,P1410,PERCENTAGE,10,490,441.0,2025-10-13,2025-10-27,Promo 10/2025,NO
D02186,P1691,PERCENTAGE,30,359,251.3,2025-12-29,2026-01-21,Promo 12/2025,NO
D02187,P1881,PERCENTAGE,25,294,220.5,2026-06-30,2026-07-12,Promo 6/2026,NO
D02188,P0875,PERCENTAGE,5,278,264.1,2026-01-26,2026-02-18,Promo 1/2026,NO
D02189,P0972,PERCENTAGE,25,521,390.75,2025-10-13,2025-11-06,Promo 10/2025,NO
D02190,P1822,PERCENTAGE,10,253,227.7,2026-03-08,2026-04-01,Promo 3/2026,NO
D02191,P0140,PERCENTAGE,15,253,215.05,2026-04-04,2026-04-16,Promo 4/2026,NO
D02192,P0983,PERCENTAGE,25,288,216.0,2026-01-31,2026-02-22,Promo 1/2026,NO
D02193,P0403,PERCENTAGE,5,698,663.1,2026-03-23,2026-04-08,Promo 3/2026,NO
D02194,P1695,PERCENTAGE,25,800,600.0,2026-04-12,2026-05-02,Promo 4/2026,NO
D02195,P0377,PERCENTAGE,15,370,314.5,2026-05-22,2026-06-19,Promo 5/2026,NO
D02196,P0129,PERCENTAGE,15,289,245.65,2026-03-05,2026-03-17,Promo 3/2026,NO
D02197,P0251,PERCENTAGE,20,378,302.4,2026-08-26,2026-09-24,Promo 8/2026,NO
D02198,P0627,PERCENTAGE,20,313,250.4,2026-04-15,2026-05-02,Promo 4/2026,NO
D02199,P1704,PERCENTAGE,30,569,398.3,2026-07-27,2026-08-09,Promo 7/2026,NO
D02200,P1898,PERCENTAGE,15,305,259.25,2026-07-06,2026-08-05,Promo 7/2026,NO
D02201,P0464,PERCENTAGE,20,275,220.0,2026-08-27,2026-09-19,Promo 8/2026,NO
D02202,P0103,PERCENTAGE,5,305,289.75,2025-12-22,2026-01-14,Promo 12/2025,NO
D02203,P1157,PERCENTAGE,5,332,315.4,2025-12-09,2025-12-27,Promo 12/2025,NO
D02204,P0871,PERCENTAGE,30,347,242.9,2026-02-04,2026-02-26,Promo 2/2026,NO
D02205,P0386,PERCENTAGE,15,514,436.9,2026-02-10,2026-02-25,Promo 2/2026,NO
D02206,P1781,PERCENTAGE,20,460,368.0,2026-06-21,2026-07-13,Promo 6/2026,NO
D02207,P0180,PERCENTAGE,30,619,433.3,2026-03-18,2026-04-09,Promo 3/2026,NO
D02208,P0907,PERCENTAGE,30,425,297.5,2025-10-01,2025-10-20,Promo 10/2025,NO
D02209,P1912,PERCENTAGE,10,178,160.2,2026-08-02,2026-08-27,Promo 8/2026,NO
D02210,P1657,PERCENTAGE,20,617,493.6,2026-04-03,2026-04-28,Promo 4/2026,NO
D02211,P1910,PERCENTAGE,5,283,268.85,2026-03-16,2026-04-01,Promo 3/2026,NO
D02212,P0460,PERCENTAGE,10,325,292.5,2025-12-26,2026-01-14,Promo 12/2025,NO
D02213,P0280,PERCENTAGE,25,375,281.25,2026-07-10,2026-08-05,Promo 7/2026,NO
D02214,P1179,PERCENTAGE,15,182,154.7,2025-11-04,2025-11-23,Promo 11/2025,NO
D02215,P1289,PERCENTAGE,20,417,333.6,2026-07-20,2026-08-04,Promo 7/2026,NO
D02216,P1990,PERCENTAGE,15,808,686.8,2025-12-01,2025-12-09,Promo 12/2025,NO
D02217,P1249,PERCENTAGE,25,523,392.25,2026-08-18,2026-09-12,Promo 8/2026,NO
D02218,P1200,PERCENTAGE,5,587,557.65,2026-08-04,2026-09-02,Promo 8/2026,NO
D02219,P0076,PERCENTAGE,5,872,828.4,2026-06-08,2026-06-16,Promo 6/2026,NO
D02220,P1091,PERCENTAGE,25,312,234.0,2026-09-10,2026-10-04,Promo 9/2026,YES
D02221,P0697,PERCENTAGE,20,517,413.6,2026-09-02,2026-09-16,Promo 9/2026,NO
D02222,P1183,PERCENTAGE,5,578,549.1,2025-12-19,2026-01-12,Promo 12/2025,NO
D02223,P1856,PERCENTAGE,10,599,539.1,2025-11-03,2025-12-01,Promo 11/2025,NO
D02224,P1452,PERCENTAGE,15,325,276.25,2026-01-29,2026-02-10,Promo 1/2026,NO
D02225,P0195,PERCENTAGE,30,274,191.8,2026-01-31,2026-02-09,Promo 1/2026,NO
D02226,P1107,PERCENTAGE,25,225,168.75,2026-02-05,2026-02-25,Promo 2/2026,NO
D02227,P1359,PERCENTAGE,25,411,308.25,2026-05-29,2026-06-14,Promo 5/2026,NO
D02228,P1853,PERCENTAGE,15,735,624.75,2025-10-12,2025-10-24,Promo 10/2025,NO
D02229,P1333,PERCENTAGE,15,301,255.85,2026-06-17,2026-07-06,Promo 6/2026,NO
D02230,P0568,PERCENTAGE,30,278,194.6,2026-08-19,2026-09-11,Promo 8/2026,NO
D02231,P1591,PERCENTAGE,25,394,295.5,2026-07-21,2026-08-06,Promo 7/2026,NO
D02232,P1269,PERCENTAGE,30,212,148.4,2026-01-27,2026-02-22,Promo 1/2026,NO
D02233,P1484,PERCENTAGE,20,763,610.4,2026-03-15,2026-04-09,Promo 3/2026,NO
D02234,P0760,PERCENTAGE,20,310,248.0,2026-06-15,2026-06-27,Promo 6/2026,NO
D02235,P1150,PERCENTAGE,15,378,321.3,2026-09-12,2026-10-04,Promo 9/2026,YES
D02236,P0673,PERCENTAGE,30,330,231.0,2025-10-08,2025-11-06,Promo 10/2025,NO
D02237,P1170,PERCENTAGE,15,1098,933.3,2026-02-11,2026-03-06,Promo 2/2026,NO
D02238,P0259,PERCENTAGE,25,532,399.0,2025-11-14,2025-12-14,Promo 11/2025,NO
D02239,P0228,PERCENTAGE,25,478,358.5,2026-06-02,2026-06-10,Promo 6/2026,NO
D02240,P0367,PERCENTAGE,10,426,383.4,2025-11-01,2025-11-10,Promo 11/2025,NO
D02241,P0904,PERCENTAGE,30,266,186.2,2026-04-17,2026-05-12,Promo 4/2026,NO
D02242,P0948,PERCENTAGE,30,608,425.6,2026-03-30,2026-04-23,Promo 3/2026,NO
D02243,P1248,PERCENTAGE,30,388,271.6,2026-05-23,2026-06-20,Promo 5/2026,NO
D02244,P1733,PERCENTAGE,30,292,204.4,2026-05-18,2026-05-27,Promo 5/2026,NO
D02245,P1680,PERCENTAGE,10,269,242.1,2026-06-15,2026-07-01,Promo 6/2026,NO
D02246,P1084,PERCENTAGE,25,573,429.75,2026-09-01,2026-09-14,Promo 9/2026,NO
D02247,P1310,PERCENTAGE,25,408,306.0,2026-07-10,2026-07-31,Promo 7/2026,NO
D02248,P1841,PERCENTAGE,5,676,642.2,2025-12-21,2026-01-11,Promo 12/2025,NO
D02249,P0030,PERCENTAGE,15,329,279.65,2026-04-14,2026-05-09,Promo 4/2026,NO
D02250,P1084,PERCENTAGE,15,573,487.05,2026-01-10,2026-01-25,Promo 1/2026,NO
D02251,P1896,PERCENTAGE,15,395,335.75,2026-06-29,2026-07-09,Promo 6/2026,NO
D02252,P1618,PERCENTAGE,15,570,484.5,2026-08-11,2026-08-24,Promo 8/2026,NO
D02253,P0872,PERCENTAGE,20,568,454.4,2026-01-12,2026-01-24,Promo 1/2026,NO
D02254,P1072,PERCENTAGE,20,274,219.2,2026-01-06,2026-01-29,Promo 1/2026,NO
D02255,P0215,PERCENTAGE,5,405,384.75,2025-10-13,2025-10-25,Promo 10/2025,NO
D02256,P1488,PERCENTAGE,10,404,363.6,2026-01-24,2026-02-20,Promo 1/2026,NO
D02257,P0061,PERCENTAGE,10,501,450.9,2026-02-15,2026-03-10,Promo 2/2026,NO
D02258,P1030,PERCENTAGE,15,225,191.25,2026-04-11,2026-05-01,Promo 4/2026,NO
D02259,P1739,PERCENTAGE,25,548,411.0,2026-04-22,2026-05-02,Promo 4/2026,NO
D02260,P1588,PERCENTAGE,5,356,338.2,2025-12-16,2026-01-10,Promo 12/2025,NO
D02261,P0504,PERCENTAGE,25,548,411.0,2025-11-05,2025-11-27,Promo 11/2025,NO
D02262,P1709,PERCENTAGE,25,1026,769.5,2025-10-25,2025-11-03,Promo 10/2025,NO
D02263,P0564,PERCENTAGE,15,767,651.95,2026-01-24,2026-02-18,Promo 1/2026,NO
D02264,P0024,PERCENTAGE,5,592,562.4,2025-10-20,2025-11-19,Promo 10/2025,NO
D02265,P1629,PERCENTAGE,25,355,266.25,2026-01-23,2026-02-20,Promo 1/2026,NO
D02266,P1878,PERCENTAGE,30,585,409.5,2026-09-05,2026-09-30,Promo 9/2026,YES
D02267,P1291,PERCENTAGE,10,341,306.9,2026-04-01,2026-04-11,Promo 4/2026,NO
D02268,P0912,PERCENTAGE,20,474,379.2,2025-10-15,2025-11-09,Promo 10/2025,NO
D02269,P0097,PERCENTAGE,15,301,255.85,2026-06-05,2026-06-22,Promo 6/2026,NO
D02270,P0303,PERCENTAGE,25,474,355.5,2026-09-18,2026-10-08,Promo 9/2026,YES
D02271,P1894,PERCENTAGE,20,398,318.4,2026-06-25,2026-07-20,Promo 6/2026,NO
D02272,P0426,PERCENTAGE,10,407,366.3,2025-11-04,2025-11-22,Promo 11/2025,NO
D02273,P0184,PERCENTAGE,30,559,391.3,2026-07-15,2026-08-12,Promo 7/2026,NO
D02274,P0642,PERCENTAGE,30,552,386.4,2025-11-24,2025-12-17,Promo 11/2025,NO
D02275,P1103,PERCENTAGE,5,717,681.15,2026-09-24,2026-10-24,Promo 9/2026,YES
D02276,P0952,PERCENTAGE,30,226,158.2,2025-12-23,2025-12-30,Promo 12/2025,NO
D02277,P1575,PERCENTAGE,30,354,247.8,2026-06-04,2026-06-21,Promo 6/2026,NO
D02278,P0400,PERCENTAGE,10,330,297.0,2026-07-31,2026-08-28,Promo 7/2026,NO
D02279,P0809,PERCENTAGE,5,986,936.7,2026-01-29,2026-02-28,Promo 1/2026,NO
D02280,P1525,PERCENTAGE,5,1023,971.85,2026-08-22,2026-09-01,Promo 8/2026,NO
D02281,P1179,PERCENTAGE,10,182,163.8,2025-10-15,2025-11-09,Promo 10/2025,NO
D02282,P0164,PERCENTAGE,5,395,375.25,2025-12-12,2025-12-26,Promo 12/2025,NO
D02283,P1964,PERCENTAGE,25,305,228.75,2026-02-28,2026-03-11,Promo 2/2026,NO
D02284,P1747,PERCENTAGE,25,262,196.5,2026-04-22,2026-05-14,Promo 4/2026,NO
D02285,P0630,PERCENTAGE,10,408,367.2,2026-03-17,2026-04-13,Promo 3/2026,NO
D02286,P1774,PERCENTAGE,15,231,196.35,2025-11-09,2025-11-27,Promo 11/2025,NO
D02287,P0249,PERCENTAGE,10,474,426.6,2026-01-29,2026-02-28,Promo 1/2026,NO
D02288,P0874,PERCENTAGE,5,411,390.45,2026-05-27,2026-06-21,Promo 5/2026,NO
D02289,P0121,PERCENTAGE,30,464,324.8,2026-07-14,2026-08-06,Promo 7/2026,NO
D02290,P0672,PERCENTAGE,25,399,299.25,2026-02-25,2026-03-07,Promo 2/2026,NO
D02291,P1753,PERCENTAGE,25,635,476.25,2026-08-10,2026-09-08,Promo 8/2026,NO
D02292,P0252,PERCENTAGE,5,476,452.2,2026-09-23,2026-10-09,Promo 9/2026,YES
D02293,P0672,PERCENTAGE,5,399,379.05,2026-07-24,2026-08-04,Promo 7/2026,NO
D02294,P0614,PERCENTAGE,10,397,357.3,2026-04-21,2026-05-20,Promo 4/2026,NO
D02295,P0945,PERCENTAGE,10,251,225.9,2026-05-17,2026-06-05,Promo 5/2026,NO
D02296,P0143,PERCENTAGE,15,355,301.75,2025-10-24,2025-11-22,Promo 10/2025,NO
D02297,P1629,PERCENTAGE,25,355,266.25,2026-07-11,2026-08-02,Promo 7/2026,NO
D02298,P0422,PERCENTAGE,20,207,165.6,2025-10-10,2025-10-29,Promo 10/2025,NO
D02299,P0287,PERCENTAGE,20,416,332.8,2026-05-10,2026-05-19,Promo 5/2026,NO
D02300,P0445,PERCENTAGE,30,272,190.4,2026-06-01,2026-06-19,Promo 6/2026,NO
D02301,P1044,PERCENTAGE,30,405,283.5,2026-03-15,2026-04-10,Promo 3/2026,NO
D02302,P0822,PERCENTAGE,25,505,378.75,2026-09-02,2026-09-16,Promo 9/2026,NO
D02303,P0429,PERCENTAGE,15,534,453.9,2026-08-30,2026-09-13,Promo 8/2026,NO
D02304,P1636,PERCENTAGE,25,259,194.25,2026-03-19,2026-03-27,Promo 3/2026,NO
D02305,P1443,PERCENTAGE,5,303,287.85,2026-05-23,2026-06-19,Promo 5/2026,NO
D02306,P0684,PERCENTAGE,25,471,353.25,2026-03-18,2026-04-04,Promo 3/2026,NO
D02307,P1998,PERCENTAGE,20,395,316.0,2026-04-22,2026-05-01,Promo 4/2026,NO
D02308,P0752,PERCENTAGE,30,387,270.9,2025-10-16,2025-11-01,Promo 10/2025,NO
D02309,P0923,PERCENTAGE,30,528,369.6,2026-08-31,2026-09-14,Promo 8/2026,NO
D02310,P0177,PERCENTAGE,30,241,168.7,2026-09-03,2026-09-20,Promo 9/2026,NO
D02311,P1763,PERCENTAGE,20,214,171.2,2025-11-20,2025-12-09,Promo 11/2025,NO
D02312,P0491,PERCENTAGE,25,497,372.75,2025-12-25,2026-01-16,Promo 12/2025,NO
D02313,P1164,PERCENTAGE,10,532,478.8,2026-06-01,2026-06-19,Promo 6/2026,NO
D02314,P0711,PERCENTAGE,5,445,422.75,2026-01-21,2026-01-31,Promo 1/2026,NO
D02315,P0778,PERCENTAGE,15,230,195.5,2026-08-04,2026-08-18,Promo 8/2026,NO
D02316,P0805,PERCENTAGE,30,1638,1146.6,2026-07-25,2026-08-20,Promo 7/2026,NO
D02317,P0088,PERCENTAGE,30,297,207.9,2026-05-27,2026-06-07,Promo 5/2026,NO
D02318,P1717,PERCENTAGE,25,162,121.5,2026-01-07,2026-01-21,Promo 1/2026,NO
D02319,P0966,PERCENTAGE,20,553,442.4,2026-02-11,2026-02-23,Promo 2/2026,NO
D02320,P0936,PERCENTAGE,5,464,440.8,2026-03-10,2026-03-22,Promo 3/2026,NO
D02321,P1116,PERCENTAGE,25,300,225.0,2026-04-12,2026-05-02,Promo 4/2026,NO
D02322,P1569,PERCENTAGE,30,614,429.8,2026-01-17,2026-02-05,Promo 1/2026,NO
D02323,P0840,PERCENTAGE,5,644,611.8,2026-01-06,2026-01-23,Promo 1/2026,NO
D02324,P1873,PERCENTAGE,10,471,423.9,2026-03-05,2026-03-21,Promo 3/2026,NO
D02325,P0363,PERCENTAGE,25,278,208.5,2026-03-28,2026-04-06,Promo 3/2026,NO
D02326,P0774,PERCENTAGE,15,421,357.85,2026-05-07,2026-05-22,Promo 5/2026,NO
D02327,P0141,PERCENTAGE,30,234,163.8,2026-08-06,2026-09-03,Promo 8/2026,NO
D02328,P0845,PERCENTAGE,5,220,209.0,2026-01-17,2026-01-25,Promo 1/2026,NO
D02329,P1830,PERCENTAGE,5,1251,1188.45,2025-10-05,2025-10-31,Promo 10/2025,NO
D02330,P1427,PERCENTAGE,20,216,172.8,2026-09-16,2026-10-03,Promo 9/2026,YES
D02331,P1300,PERCENTAGE,10,369,332.1,2026-07-18,2026-08-04,Promo 7/2026,NO
D02332,P1097,PERCENTAGE,30,388,271.6,2025-12-25,2026-01-10,Promo 12/2025,NO
D02333,P0839,PERCENTAGE,15,277,235.45,2026-08-10,2026-08-18,Promo 8/2026,NO
D02334,P1998,PERCENTAGE,15,395,335.75,2026-07-22,2026-08-01,Promo 7/2026,NO
D02335,P0077,PERCENTAGE,10,506,455.4,2026-03-09,2026-04-06,Promo 3/2026,NO
D02336,P1148,PERCENTAGE,25,147,110.25,2026-07-04,2026-07-11,Promo 7/2026,NO
D02337,P0278,PERCENTAGE,20,296,236.8,2026-08-24,2026-09-06,Promo 8/2026,NO
D02338,P0017,PERCENTAGE,15,387,328.95,2026-03-10,2026-03-21,Promo 3/2026,NO
D02339,P0997,PERCENTAGE,20,599,479.2,2026-01-19,2026-02-01,Promo 1/2026,NO
D02340,P0865,PERCENTAGE,10,675,607.5,2026-08-08,2026-08-31,Promo 8/2026,NO
D02341,P1787,PERCENTAGE,5,641,608.95,2025-10-04,2025-10-19,Promo 10/2025,NO
D02342,P1298,PERCENTAGE,15,424,360.4,2025-10-21,2025-11-18,Promo 10/2025,NO
D02343,P0555,PERCENTAGE,20,350,280.0,2026-03-12,2026-03-22,Promo 3/2026,NO
D02344,P1084,PERCENTAGE,25,573,429.75,2025-12-19,2026-01-02,Promo 12/2025,NO
D02345,P1213,PERCENTAGE,15,328,278.8,2026-09-25,2026-10-08,Promo 9/2026,YES
D02346,P1898,PERCENTAGE,5,305,289.75,2025-11-17,2025-12-12,Promo 11/2025,NO
D02347,P0844,PERCENTAGE,25,332,249.0,2026-05-22,2026-05-30,Promo 5/2026,NO
D02348,P0857,PERCENTAGE,20,420,336.0,2026-01-28,2026-02-16,Promo 1/2026,NO
D02349,P0533,PERCENTAGE,30,652,456.4,2026-03-31,2026-04-28,Promo 3/2026,NO
D02350,P1762,PERCENTAGE,25,239,179.25,2025-12-19,2026-01-15,Promo 12/2025,NO
D02351,P1977,PERCENTAGE,30,619,433.3,2026-07-17,2026-07-24,Promo 7/2026,NO
D02352,P1167,PERCENTAGE,10,564,507.6,2026-04-07,2026-04-19,Promo 4/2026,NO
D02353,P1036,PERCENTAGE,25,606,454.5,2026-04-10,2026-04-25,Promo 4/2026,NO
D02354,P1923,PERCENTAGE,25,513,384.75,2026-06-10,2026-07-03,Promo 6/2026,NO
D02355,P0931,PERCENTAGE,15,628,533.8,2025-12-15,2026-01-01,Promo 12/2025,NO
D02356,P1546,PERCENTAGE,15,377,320.45,2026-08-29,2026-09-08,Promo 8/2026,NO
D02357,P1753,PERCENTAGE,30,635,444.5,2025-11-11,2025-11-25,Promo 11/2025,NO
D02358,P1703,PERCENTAGE,15,1091,927.35,2026-02-10,2026-03-06,Promo 2/2026,NO
D02359,P1534,PERCENTAGE,20,356,284.8,2026-05-10,2026-05-21,Promo 5/2026,NO
D02360,P1733,PERCENTAGE,20,292,233.6,2026-04-07,2026-04-17,Promo 4/2026,NO
D02361,P0929,PERCENTAGE,15,394,334.9,2026-02-15,2026-02-28,Promo 2/2026,NO
D02362,P0044,PERCENTAGE,30,287,200.9,2026-03-20,2026-04-09,Promo 3/2026,NO
D02363,P1651,PERCENTAGE,25,308,231.0,2026-06-27,2026-07-21,Promo 6/2026,NO
D02364,P0246,PERCENTAGE,5,312,296.4,2026-09-17,2026-10-06,Promo 9/2026,YES
D02365,P1719,PERCENTAGE,15,214,181.9,2025-11-27,2025-12-27,Promo 11/2025,NO
D02366,P1569,PERCENTAGE,5,614,583.3,2026-05-17,2026-05-30,Promo 5/2026,NO
D02367,P0625,PERCENTAGE,10,671,603.9,2026-09-14,2026-10-09,Promo 9/2026,YES
D02368,P1032,PERCENTAGE,25,985,738.75,2026-06-26,2026-07-05,Promo 6/2026,NO
D02369,P1039,PERCENTAGE,20,305,244.0,2026-06-12,2026-06-25,Promo 6/2026,NO
D02370,P1124,PERCENTAGE,20,312,249.6,2025-11-22,2025-12-13,Promo 11/2025,NO
D02371,P1336,PERCENTAGE,30,256,179.2,2026-06-10,2026-06-28,Promo 6/2026,NO
D02372,P1970,PERCENTAGE,25,662,496.5,2026-03-15,2026-03-29,Promo 3/2026,NO
D02373,P1500,PERCENTAGE,10,285,256.5,2025-12-25,2026-01-07,Promo 12/2025,NO
D02374,P0829,PERCENTAGE,15,387,328.95,2025-11-05,2025-11-27,Promo 11/2025,NO
D02375,P0921,PERCENTAGE,5,576,547.2,2026-04-11,2026-04-26,Promo 4/2026,NO
D02376,P0194,PERCENTAGE,10,267,240.3,2026-02-25,2026-03-26,Promo 2/2026,NO
D02377,P0018,PERCENTAGE,25,436,327.0,2026-05-01,2026-05-08,Promo 5/2026,NO
D02378,P1276,PERCENTAGE,5,370,351.5,2026-07-23,2026-08-10,Promo 7/2026,NO
D02379,P0396,PERCENTAGE,25,1026,769.5,2026-07-11,2026-08-07,Promo 7/2026,NO
D02380,P1789,PERCENTAGE,20,323,258.4,2025-12-15,2025-12-22,Promo 12/2025,NO
D02381,P0382,PERCENTAGE,25,383,287.25,2026-06-28,2026-07-09,Promo 6/2026,NO
D02382,P0811,PERCENTAGE,10,385,346.5,2025-10-10,2025-10-28,Promo 10/2025,NO
D02383,P0542,PERCENTAGE,10,345,310.5,2025-11-18,2025-11-26,Promo 11/2025,NO
D02384,P1893,PERCENTAGE,15,422,358.7,2026-05-03,2026-05-12,Promo 5/2026,NO
D02385,P1342,PERCENTAGE,10,1013,911.7,2026-08-14,2026-08-28,Promo 8/2026,NO
D02386,P1832,PERCENTAGE,5,285,270.75,2025-10-30,2025-11-25,Promo 10/2025,NO
D02387,P0072,PERCENTAGE,30,218,152.6,2026-02-01,2026-02-28,Promo 2/2026,NO
D02388,P0730,PERCENTAGE,20,509,407.2,2026-05-01,2026-05-22,Promo 5/2026,NO
D02389,P0275,PERCENTAGE,5,309,293.55,2026-02-16,2026-03-03,Promo 2/2026,NO
D02390,P1553,PERCENTAGE,15,636,540.6,2026-09-18,2026-09-27,Promo 9/2026,YES
D02391,P0041,PERCENTAGE,5,836,794.2,2026-06-26,2026-07-25,Promo 6/2026,NO
D02392,P1414,PERCENTAGE,20,202,161.6,2026-06-10,2026-07-09,Promo 6/2026,NO
D02393,P1212,PERCENTAGE,30,870,609.0,2026-01-22,2026-02-06,Promo 1/2026,NO
D02394,P0205,PERCENTAGE,25,265,198.75,2026-06-02,2026-06-15,Promo 6/2026,NO
D02395,P0327,PERCENTAGE,15,481,408.85,2025-11-28,2025-12-16,Promo 11/2025,NO
D02396,P1600,PERCENTAGE,10,403,362.7,2026-08-11,2026-09-04,Promo 8/2026,NO
D02397,P1318,PERCENTAGE,5,249,236.55,2025-12-23,2025-12-31,Promo 12/2025,NO
D02398,P1273,PERCENTAGE,20,938,750.4,2025-12-23,2026-01-21,Promo 12/2025,NO
D02399,P1262,PERCENTAGE,15,559,475.15,2025-12-02,2025-12-12,Promo 12/2025,NO
D02400,P1956,PERCENTAGE,30,306,214.2,2026-01-20,2026-01-31,Promo 1/2026,NO
D02401,P0296,PERCENTAGE,15,467,396.95,2025-10-31,2025-11-24,Promo 10/2025,NO
D02402,P1950,PERCENTAGE,20,515,412.0,2026-02-18,2026-02-25,Promo 2/2026,NO
D02403,P1203,PERCENTAGE,30,535,374.5,2026-08-23,2026-09-22,Promo 8/2026,NO
D02404,P1143,PERCENTAGE,20,283,226.4,2026-07-08,2026-07-19,Promo 7/2026,NO
D02405,P1525,PERCENTAGE,20,1023,818.4,2026-02-17,2026-03-04,Promo 2/2026,NO
D02406,P1773,PERCENTAGE,25,368,276.0,2025-10-22,2025-11-11,Promo 10/2025,NO
D02407,P0420,PERCENTAGE,10,268,241.2,2026-04-27,2026-05-09,Promo 4/2026,NO
D02408,P0765,PERCENTAGE,5,503,477.85,2026-02-07,2026-03-01,Promo 2/2026,NO
D02409,P1725,PERCENTAGE,15,278,236.3,2026-05-27,2026-06-07,Promo 5/2026,NO
D02410,P0380,PERCENTAGE,15,535,454.75,2026-07-09,2026-07-16,Promo 7/2026,NO
D02411,P0543,PERCENTAGE,30,516,361.2,2026-01-02,2026-01-29,Promo 1/2026,NO
D02412,P1380,PERCENTAGE,10,258,232.2,2026-04-22,2026-05-04,Promo 4/2026,NO
D02413,P0859,PERCENTAGE,5,349,331.55,2025-12-31,2026-01-10,Promo 12/2025,NO
D02414,P1093,PERCENTAGE,25,206,154.5,2026-05-10,2026-05-18,Promo 5/2026,NO
D02415,P0073,PERCENTAGE,10,638,574.2,2026-03-13,2026-03-29,Promo 3/2026,NO
D02416,P0784,PERCENTAGE,25,275,206.25,2026-08-01,2026-08-21,Promo 8/2026,NO
D02417,P0204,PERCENTAGE,30,913,639.1,2026-02-24,2026-03-15,Promo 2/2026,NO
D02418,P0441,PERCENTAGE,5,523,496.85,2025-10-05,2025-10-27,Promo 10/2025,NO
D02419,P0025,PERCENTAGE,10,454,408.6,2026-03-26,2026-04-19,Promo 3/2026,NO
D02420,P0818,PERCENTAGE,20,562,449.6,2026-09-14,2026-10-13,Promo 9/2026,YES
D02421,P1337,PERCENTAGE,10,571,513.9,2025-12-15,2025-12-23,Promo 12/2025,NO
D02422,P1914,PERCENTAGE,10,477,429.3,2026-01-20,2026-01-28,Promo 1/2026,NO
D02423,P0066,PERCENTAGE,25,498,373.5,2026-01-17,2026-02-03,Promo 1/2026,NO
D02424,P1597,PERCENTAGE,10,321,288.9,2026-07-31,2026-08-19,Promo 7/2026,NO
D02425,P1830,PERCENTAGE,20,1251,1000.8,2026-02-22,2026-03-24,Promo 2/2026,NO
D02426,P0278,PERCENTAGE,5,296,281.2,2026-08-20,2026-09-14,Promo 8/2026,NO
D02427,P0739,PERCENTAGE,10,486,437.4,2026-03-27,2026-04-16,Promo 3/2026,NO
D02428,P1963,PERCENTAGE,25,614,460.5,2026-06-28,2026-07-23,Promo 6/2026,NO
D02429,P0064,PERCENTAGE,5,509,483.55,2026-01-02,2026-01-19,Promo 1/2026,NO
D02430,P0953,PERCENTAGE,20,555,444.0,2026-02-23,2026-03-21,Promo 2/2026,NO
D02431,P0642,PERCENTAGE,5,552,524.4,2025-12-03,2025-12-11,Promo 12/2025,NO
D02432,P0197,PERCENTAGE,20,846,676.8,2026-07-05,2026-07-19,Promo 7/2026,NO
D02433,P0280,PERCENTAGE,15,375,318.75,2025-11-12,2025-12-07,Promo 11/2025,NO
D02434,P1978,PERCENTAGE,5,637,605.15,2026-02-07,2026-02-14,Promo 2/2026,NO
D02435,P1636,PERCENTAGE,20,259,207.2,2026-07-11,2026-07-24,Promo 7/2026,NO
D02436,P1261,PERCENTAGE,20,543,434.4,2026-05-29,2026-06-07,Promo 5/2026,NO
D02437,P0389,PERCENTAGE,5,312,296.4,2026-05-06,2026-06-02,Promo 5/2026,NO
D02438,P0925,PERCENTAGE,10,536,482.4,2026-02-11,2026-02-23,Promo 2/2026,NO
D02439,P0192,PERCENTAGE,5,590,560.5,2026-04-25,2026-05-08,Promo 4/2026,NO
D02440,P1108,PERCENTAGE,20,588,470.4,2026-01-14,2026-02-08,Promo 1/2026,NO
D02441,P0085,PERCENTAGE,30,684,478.8,2026-06-05,2026-06-28,Promo 6/2026,NO
D02442,P0968,PERCENTAGE,5,298,283.1,2025-10-27,2025-11-23,Promo 10/2025,NO
D02443,P0799,PERCENTAGE,20,159,127.2,2026-09-18,2026-09-29,Promo 9/2026,YES
D02444,P0381,PERCENTAGE,5,299,284.05,2026-05-27,2026-06-03,Promo 5/2026,NO
D02445,P1648,PERCENTAGE,15,810,688.5,2026-04-03,2026-04-20,Promo 4/2026,NO
D02446,P1783,PERCENTAGE,30,381,266.7,2026-01-07,2026-01-22,Promo 1/2026,NO
D02447,P1523,PERCENTAGE,20,956,764.8,2026-07-10,2026-07-20,Promo 7/2026,NO
D02448,P1016,PERCENTAGE,5,251,238.45,2026-09-22,2026-10-17,Promo 9/2026,YES
D02449,P0343,PERCENTAGE,25,486,364.5,2026-09-19,2026-09-28,Promo 9/2026,YES
D02450,P0971,PERCENTAGE,5,303,287.85,2026-09-21,2026-10-12,Promo 9/2026,YES
D02451,P0526,PERCENTAGE,15,106,90.1,2026-05-20,2026-06-03,Promo 5/2026,NO
D02452,P0834,PERCENTAGE,5,368,349.6,2025-11-09,2025-11-20,Promo 11/2025,NO
D02453,P1690,PERCENTAGE,10,562,505.8,2026-03-09,2026-03-25,Promo 3/2026,NO
D02454,P0601,PERCENTAGE,10,328,295.2,2025-10-20,2025-11-01,Promo 10/2025,NO
D02455,P0739,PERCENTAGE,10,486,437.4,2026-03-16,2026-03-25,Promo 3/2026,NO
D02456,P1327,PERCENTAGE,20,367,293.6,2025-09-27,2025-10-04,Promo 9/2025,NO
D02457,P0296,PERCENTAGE,15,467,396.95,2026-02-03,2026-02-15,Promo 2/2026,NO
D02458,P0440,PERCENTAGE,25,414,310.5,2025-10-01,2025-10-16,Promo 10/2025,NO
D02459,P1547,PERCENTAGE,5,380,361.0,2025-11-27,2025-12-08,Promo 11/2025,NO
D02460,P1955,PERCENTAGE,30,235,164.5,2026-09-09,2026-10-07,Promo 9/2026,YES
D02461,P1496,PERCENTAGE,5,368,349.6,2025-11-29,2025-12-24,Promo 11/2025,NO
D02462,P0557,PERCENTAGE,15,214,181.9,2025-10-25,2025-11-24,Promo 10/2025,NO
D02463,P1687,PERCENTAGE,20,469,375.2,2026-04-13,2026-05-05,Promo 4/2026,NO
D02464,P1810,PERCENTAGE,10,372,334.8,2026-06-11,2026-06-30,Promo 6/2026,NO
D02465,P1264,PERCENTAGE,5,623,591.85,2025-11-01,2025-11-14,Promo 11/2025,NO
D02466,P1382,PERCENTAGE,10,784,705.6,2026-03-02,2026-03-22,Promo 3/2026,NO
D02467,P1314,PERCENTAGE,30,572,400.4,2026-05-03,2026-05-21,Promo 5/2026,NO
D02468,P0647,PERCENTAGE,5,357,339.15,2026-04-28,2026-05-12,Promo 4/2026,NO
D02469,P1891,PERCENTAGE,10,542,487.8,2025-10-23,2025-11-14,Promo 10/2025,NO
D02470,P0838,PERCENTAGE,5,503,477.85,2026-06-03,2026-06-30,Promo 6/2026,NO
D02471,P0954,PERCENTAGE,25,359,269.25,2026-08-15,2026-08-31,Promo 8/2026,NO
D02472,P1475,PERCENTAGE,25,367,275.25,2026-01-15,2026-01-22,Promo 1/2026,NO
D02473,P1988,PERCENTAGE,30,393,275.1,2026-09-07,2026-09-18,Promo 9/2026,NO
D02474,P0554,PERCENTAGE,15,294,249.9,2025-11-03,2025-12-02,Promo 11/2025,NO
D02475,P0736,PERCENTAGE,25,442,331.5,2025-12-23,2026-01-16,Promo 12/2025,NO
D02476,P0719,PERCENTAGE,5,799,759.05,2026-07-28,2026-08-16,Promo 7/2026,NO
D02477,P0076,PERCENTAGE,10,872,784.8,2026-07-19,2026-07-29,Promo 7/2026,NO
D02478,P0218,PERCENTAGE,25,243,182.25,2026-01-20,2026-02-17,Promo 1/2026,NO
D02479,P0227,PERCENTAGE,15,152,129.2,2026-08-17,2026-09-10,Promo 8/2026,NO
D02480,P1191,PERCENTAGE,5,166,157.7,2026-01-10,2026-01-22,Promo 1/2026,NO
D02481,P1650,PERCENTAGE,20,603,482.4,2026-06-12,2026-07-06,Promo 6/2026,NO
D02482,P1804,PERCENTAGE,20,451,360.8,2026-03-31,2026-04-29,Promo 3/2026,NO
D02483,P0585,PERCENTAGE,30,418,292.6,2026-02-23,2026-03-21,Promo 2/2026,NO
D02484,P1644,PERCENTAGE,25,286,214.5,2026-06-24,2026-07-14,Promo 6/2026,NO
D02485,P0523,PERCENTAGE,20,416,332.8,2026-09-06,2026-09-30,Promo 9/2026,YES
D02486,P0877,PERCENTAGE,25,571,428.25,2025-10-18,2025-11-15,Promo 10/2025,NO
D02487,P0863,PERCENTAGE,10,456,410.4,2026-06-26,2026-07-09,Promo 6/2026,NO
D02488,P0950,PERCENTAGE,20,418,334.4,2026-05-13,2026-05-21,Promo 5/2026,NO
D02489,P1860,PERCENTAGE,5,564,535.8,2026-01-03,2026-01-26,Promo 1/2026,NO
D02490,P1077,PERCENTAGE,15,233,198.05,2026-08-09,2026-08-25,Promo 8/2026,NO
D02491,P0935,PERCENTAGE,15,336,285.6,2026-05-02,2026-05-09,Promo 5/2026,NO
D02492,P1047,PERCENTAGE,30,709,496.3,2025-12-13,2025-12-27,Promo 12/2025,NO
D02493,P0898,PERCENTAGE,30,440,308.0,2026-06-22,2026-07-16,Promo 6/2026,NO
D02494,P2000,PERCENTAGE,5,411,390.45,2026-04-03,2026-04-28,Promo 4/2026,NO
D02495,P0225,PERCENTAGE,25,1607,1205.25,2026-08-06,2026-08-14,Promo 8/2026,NO
D02496,P1005,PERCENTAGE,15,745,633.25,2026-03-19,2026-04-14,Promo 3/2026,NO
D02497,P1734,PERCENTAGE,25,1677,1257.75,2026-01-15,2026-01-26,Promo 1/2026,NO
D02498,P0176,PERCENTAGE,20,470,376.0,2025-10-06,2025-10-22,Promo 10/2025,NO
D02499,P0090,PERCENTAGE,5,395,375.25,2026-07-08,2026-07-27,Promo 7/2026,NO
D02500,P1170,PERCENTAGE,30,1098,768.6,2025-11-14,2025-12-14,Promo 11/2025,NO
D02501,P1565,PERCENTAGE,25,561,420.75,2026-05-13,2026-05-26,Promo 5/2026,NO
D02502,P0805,PERCENTAGE,25,1638,1228.5,2026-08-06,2026-09-05,Promo 8/2026,NO
D02503,P1281,PERCENTAGE,10,304,273.6,2026-07-02,2026-07-15,Promo 7/2026,NO
D02504,P1609,PERCENTAGE,15,350,297.5,2026-08-25,2026-09-08,Promo 8/2026,NO
D02505,P0571,PERCENTAGE,25,464,348.0,2025-11-13,2025-11-28,Promo 11/2025,NO
D02506,P1045,PERCENTAGE,20,563,450.4,2026-04-22,2026-05-07,Promo 4/2026,NO
D02507,P0920,PERCENTAGE,5,675,641.25,2026-03-02,2026-03-25,Promo 3/2026,NO
D02508,P0324,PERCENTAGE,5,636,604.2,2026-01-16,2026-01-30,Promo 1/2026,NO
D02509,P1176,PERCENTAGE,25,609,456.75,2026-06-11,2026-07-01,Promo 6/2026,NO
D02510,P0653,PERCENTAGE,15,531,451.35,2026-05-31,2026-06-20,Promo 5/2026,NO
D02511,P0384,PERCENTAGE,10,1088,979.2,2025-12-28,2026-01-26,Promo 12/2025,NO
D02512,P1753,PERCENTAGE,5,635,603.25,2025-12-13,2025-12-25,Promo 12/2025,NO
D02513,P0136,PERCENTAGE,10,491,441.9,2026-07-22,2026-08-04,Promo 7/2026,NO
D02514,P1523,PERCENTAGE,30,956,669.2,2026-09-23,2026-10-15,Promo 9/2026,YES
D02515,P1406,PERCENTAGE,30,227,158.9,2025-10-07,2025-10-18,Promo 10/2025,NO
D02516,P1775,PERCENTAGE,5,485,460.75,2026-08-07,2026-08-25,Promo 8/2026,NO
D02517,P1849,PERCENTAGE,15,445,378.25,2025-11-23,2025-11-30,Promo 11/2025,NO
D02518,P1800,PERCENTAGE,10,354,318.6,2026-03-09,2026-03-22,Promo 3/2026,NO
D02519,P0005,PERCENTAGE,5,248,235.6,2026-08-23,2026-08-30,Promo 8/2026,NO
D02520,P0038,PERCENTAGE,25,285,213.75,2026-05-30,2026-06-22,Promo 5/2026,NO
D02521,P0772,PERCENTAGE,10,338,304.2,2026-02-08,2026-02-24,Promo 2/2026,NO
D02522,P1524,PERCENTAGE,30,1652,1156.4,2026-09-23,2026-10-12,Promo 9/2026,YES
D02523,P0929,PERCENTAGE,10,394,354.6,2026-07-13,2026-08-07,Promo 7/2026,NO
D02524,P0228,PERCENTAGE,25,478,358.5,2025-10-07,2025-10-14,Promo 10/2025,NO
D02525,P0007,PERCENTAGE,25,153,114.75,2026-05-07,2026-05-30,Promo 5/2026,NO
D02526,P1171,PERCENTAGE,25,269,201.75,2026-07-04,2026-07-13,Promo 7/2026,NO
D02527,P0249,PERCENTAGE,15,474,402.9,2026-06-03,2026-06-13,Promo 6/2026,NO
D02528,P0832,PERCENTAGE,5,325,308.75,2026-05-11,2026-05-18,Promo 5/2026,NO
D02529,P1188,PERCENTAGE,5,628,596.6,2026-02-22,2026-03-13,Promo 2/2026,NO
D02530,P1163,PERCENTAGE,30,265,185.5,2026-06-27,2026-07-24,Promo 6/2026,NO
D02531,P0312,PERCENTAGE,10,657,591.3,2026-08-10,2026-08-21,Promo 8/2026,NO
D02532,P1404,PERCENTAGE,20,475,380.0,2025-12-07,2025-12-20,Promo 12/2025,NO
D02533,P1913,PERCENTAGE,20,471,376.8,2025-11-10,2025-12-10,Promo 11/2025,NO
D02534,P1704,PERCENTAGE,25,569,426.75,2026-04-30,2026-05-28,Promo 4/2026,NO
D02535,P1090,PERCENTAGE,25,966,724.5,2026-09-06,2026-10-06,Promo 9/2026,YES
D02536,P0942,PERCENTAGE,30,448,313.6,2025-12-08,2026-01-06,Promo 12/2025,NO
D02537,P1266,PERCENTAGE,5,284,269.8,2026-03-06,2026-03-25,Promo 3/2026,NO
D02538,P0019,PERCENTAGE,25,382,286.5,2026-02-19,2026-03-21,Promo 2/2026,NO
D02539,P0690,PERCENTAGE,15,493,419.05,2026-03-20,2026-04-13,Promo 3/2026,NO
D02540,P1726,PERCENTAGE,5,698,663.1,2026-03-23,2026-04-16,Promo 3/2026,NO
D02541,P0871,PERCENTAGE,20,347,277.6,2025-11-12,2025-11-27,Promo 11/2025,NO
D02542,P0796,PERCENTAGE,10,455,409.5,2026-05-16,2026-05-24,Promo 5/2026,NO
D02543,P0104,PERCENTAGE,5,474,450.3,2026-07-12,2026-08-07,Promo 7/2026,NO
D02544,P1672,PERCENTAGE,25,205,153.75,2026-02-19,2026-03-14,Promo 2/2026,NO
D02545,P0568,PERCENTAGE,30,278,194.6,2026-03-06,2026-03-20,Promo 3/2026,NO
D02546,P0511,PERCENTAGE,20,272,217.6,2026-03-05,2026-03-15,Promo 3/2026,NO
D02547,P1824,PERCENTAGE,5,378,359.1,2026-03-14,2026-04-13,Promo 3/2026,NO
D02548,P1711,PERCENTAGE,10,379,341.1,2025-10-26,2025-11-16,Promo 10/2025,NO
D02549,P0169,PERCENTAGE,5,529,502.55,2025-09-26,2025-10-19,Promo 9/2025,NO
D02550,P1808,PERCENTAGE,5,636,604.2,2025-11-19,2025-12-06,Promo 11/2025,NO
D02551,P0190,PERCENTAGE,30,526,368.2,2026-01-25,2026-02-20,Promo 1/2026,NO
D02552,P1138,PERCENTAGE,30,470,329.0,2026-07-12,2026-07-30,Promo 7/2026,NO
D02553,P1422,PERCENTAGE,15,365,310.25,2026-02-26,2026-03-15,Promo 2/2026,NO
D02554,P1027,PERCENTAGE,10,1700,1530.0,2026-09-16,2026-10-11,Promo 9/2026,YES
D02555,P1972,PERCENTAGE,15,361,306.85,2025-12-28,2026-01-08,Promo 12/2025,NO
D02556,P1993,PERCENTAGE,5,251,238.45,2026-01-11,2026-01-24,Promo 1/2026,NO
D02557,P1303,PERCENTAGE,15,567,481.95,2025-12-02,2025-12-30,Promo 12/2025,NO
D02558,P0025,PERCENTAGE,5,454,431.3,2026-08-07,2026-08-25,Promo 8/2026,NO
D02559,P0417,PERCENTAGE,15,515,437.75,2026-09-18,2026-10-02,Promo 9/2026,YES
D02560,P0569,PERCENTAGE,20,510,408.0,2025-10-08,2025-10-28,Promo 10/2025,NO
D02561,P0062,PERCENTAGE,20,426,340.8,2025-11-17,2025-12-04,Promo 11/2025,NO
D02562,P0769,PERCENTAGE,25,403,302.25,2026-07-31,2026-08-26,Promo 7/2026,NO
D02563,P1224,PERCENTAGE,15,487,413.95,2026-08-21,2026-09-06,Promo 8/2026,NO
D02564,P1192,PERCENTAGE,30,535,374.5,2026-08-17,2026-09-01,Promo 8/2026,NO
D02565,P1768,PERCENTAGE,20,218,174.4,2025-11-14,2025-12-04,Promo 11/2025,NO
D02566,P0905,PERCENTAGE,10,295,265.5,2025-11-16,2025-12-15,Promo 11/2025,NO
D02567,P0110,PERCENTAGE,5,414,393.3,2026-06-17,2026-06-25,Promo 6/2026,NO
D02568,P1128,PERCENTAGE,10,747,672.3,2026-06-24,2026-07-09,Promo 6/2026,NO
D02569,P1805,PERCENTAGE,30,631,441.7,2025-12-20,2026-01-19,Promo 12/2025,NO
D02570,P0033,PERCENTAGE,10,1633,1469.7,2026-01-08,2026-02-06,Promo 1/2026,NO
D02571,P1577,PERCENTAGE,25,575,431.25,2026-05-22,2026-05-31,Promo 5/2026,NO
D02572,P1411,PERCENTAGE,25,1653,1239.75,2026-05-12,2026-05-23,Promo 5/2026,NO
D02573,P1886,PERCENTAGE,10,374,336.6,2026-04-25,2026-05-22,Promo 4/2026,NO
D02574,P0456,PERCENTAGE,25,341,255.75,2025-10-11,2025-11-01,Promo 10/2025,NO
D02575,P1222,PERCENTAGE,15,614,521.9,2025-10-24,2025-10-31,Promo 10/2025,NO
D02576,P0306,PERCENTAGE,20,326,260.8,2026-09-10,2026-09-21,Promo 9/2026,NO
D02577,P0069,PERCENTAGE,25,402,301.5,2025-12-16,2026-01-03,Promo 12/2025,NO
D02578,P1026,PERCENTAGE,5,365,346.75,2026-07-04,2026-07-26,Promo 7/2026,NO
D02579,P0537,PERCENTAGE,30,589,412.3,2026-03-14,2026-03-31,Promo 3/2026,NO
D02580,P1854,PERCENTAGE,10,285,256.5,2026-03-09,2026-03-30,Promo 3/2026,NO
D02581,P0466,PERCENTAGE,15,960,816.0,2026-04-29,2026-05-26,Promo 4/2026,NO
D02582,P1989,PERCENTAGE,10,302,271.8,2025-12-20,2026-01-09,Promo 12/2025,NO
D02583,P0639,PERCENTAGE,10,206,185.4,2026-09-07,2026-09-21,Promo 9/2026,NO
D02584,P0706,PERCENTAGE,20,509,407.2,2026-03-08,2026-03-15,Promo 3/2026,NO
D02585,P0018,PERCENTAGE,15,436,370.6,2026-04-03,2026-04-12,Promo 4/2026,NO
D02586,P0327,PERCENTAGE,25,481,360.75,2026-02-12,2026-02-22,Promo 2/2026,NO
D02587,P1581,PERCENTAGE,25,212,159.0,2026-05-23,2026-06-03,Promo 5/2026,NO
D02588,P1130,PERCENTAGE,30,349,244.3,2026-07-10,2026-07-27,Promo 7/2026,NO
D02589,P0220,PERCENTAGE,25,569,426.75,2025-10-02,2025-10-12,Promo 10/2025,NO
D02590,P1407,PERCENTAGE,20,315,252.0,2025-11-01,2025-11-10,Promo 11/2025,NO
D02591,P1287,PERCENTAGE,10,344,309.6,2026-03-29,2026-04-25,Promo 3/2026,NO
D02592,P1996,PERCENTAGE,15,294,249.9,2026-08-27,2026-09-14,Promo 8/2026,NO
D02593,P1157,PERCENTAGE,5,332,315.4,2026-03-20,2026-04-05,Promo 3/2026,NO
D02594,P1364,PERCENTAGE,20,1606,1284.8,2026-05-22,2026-06-01,Promo 5/2026,NO
D02595,P1810,PERCENTAGE,5,372,353.4,2025-10-24,2025-11-01,Promo 10/2025,NO
D02596,P0952,PERCENTAGE,25,226,169.5,2026-01-31,2026-02-12,Promo 1/2026,NO
D02597,P0449,PERCENTAGE,5,517,491.15,2025-11-23,2025-12-08,Promo 11/2025,NO
D02598,P0874,PERCENTAGE,20,411,328.8,2026-05-30,2026-06-06,Promo 5/2026,NO
D02599,P0111,PERCENTAGE,5,1266,1202.7,2026-01-22,2026-02-02,Promo 1/2026,NO
D02600,P1151,PERCENTAGE,10,175,157.5,2026-01-11,2026-02-03,Promo 1/2026,NO
D02601,P0294,PERCENTAGE,20,339,271.2,2026-08-08,2026-08-17,Promo 8/2026,NO
D02602,P0061,PERCENTAGE,5,501,475.95,2026-03-01,2026-03-31,Promo 3/2026,NO
D02603,P1801,PERCENTAGE,30,531,371.7,2025-11-11,2025-11-23,Promo 11/2025,NO
D02604,P0411,PERCENTAGE,10,605,544.5,2026-01-10,2026-02-04,Promo 1/2026,NO
D02605,P1506,PERCENTAGE,30,220,154.0,2026-01-18,2026-02-07,Promo 1/2026,NO
D02606,P0141,PERCENTAGE,15,234,198.9,2025-10-06,2025-10-15,Promo 10/2025,NO
D02607,P0257,PERCENTAGE,5,656,623.2,2026-05-23,2026-06-19,Promo 5/2026,NO
D02608,P1853,PERCENTAGE,15,735,624.75,2025-11-28,2025-12-22,Promo 11/2025,NO
D02609,P1465,PERCENTAGE,15,220,187.0,2025-12-17,2025-12-24,Promo 12/2025,NO
D02610,P1020,PERCENTAGE,30,577,403.9,2025-12-30,2026-01-19,Promo 12/2025,NO
D02611,P0892,PERCENTAGE,15,295,250.75,2026-07-24,2026-08-07,Promo 7/2026,NO
D02612,P1958,PERCENTAGE,30,554,387.8,2026-08-25,2026-09-09,Promo 8/2026,NO
D02613,P0640,PERCENTAGE,20,581,464.8,2026-02-09,2026-03-11,Promo 2/2026,NO
D02614,P0095,PERCENTAGE,15,418,355.3,2025-10-20,2025-11-16,Promo 10/2025,NO
D02615,P0364,PERCENTAGE,10,484,435.6,2026-03-22,2026-04-12,Promo 3/2026,NO
D02616,P0859,PERCENTAGE,10,349,314.1,2026-01-22,2026-02-18,Promo 1/2026,NO
D02617,P0615,PERCENTAGE,20,343,274.4,2026-08-22,2026-08-29,Promo 8/2026,NO
D02618,P0220,PERCENTAGE,25,569,426.75,2026-02-26,2026-03-07,Promo 2/2026,NO
D02619,P0682,PERCENTAGE,10,435,391.5,2026-09-13,2026-09-20,Promo 9/2026,NO
D02620,P0750,PERCENTAGE,20,372,297.6,2026-02-13,2026-03-15,Promo 2/2026,NO
D02621,P1523,PERCENTAGE,30,956,669.2,2026-03-13,2026-03-26,Promo 3/2026,NO
D02622,P1975,PERCENTAGE,30,333,233.1,2026-09-03,2026-09-19,Promo 9/2026,NO
D02623,P1008,PERCENTAGE,10,305,274.5,2026-01-23,2026-02-07,Promo 1/2026,NO
D02624,P0482,PERCENTAGE,15,527,447.95,2025-11-19,2025-12-13,Promo 11/2025,NO
D02625,P1969,PERCENTAGE,20,550,440.0,2026-08-29,2026-09-07,Promo 8/2026,NO
D02626,P1006,PERCENTAGE,20,287,229.6,2026-08-06,2026-08-30,Promo 8/2026,NO
D02627,P0347,PERCENTAGE,10,619,557.1,2026-02-19,2026-03-08,Promo 2/2026,NO
D02628,P1551,PERCENTAGE,5,504,478.8,2026-08-07,2026-09-06,Promo 8/2026,NO
D02629,P1392,PERCENTAGE,10,186,167.4,2025-10-16,2025-11-06,Promo 10/2025,NO
D02630,P1369,PERCENTAGE,10,835,751.5,2025-11-07,2025-11-26,Promo 11/2025,NO
D02631,P0928,PERCENTAGE,5,549,521.55,2026-04-27,2026-05-20,Promo 4/2026,NO
D02632,P0803,PERCENTAGE,20,272,217.6,2026-02-22,2026-03-23,Promo 2/2026,NO
D02633,P1658,PERCENTAGE,20,433,346.4,2025-12-30,2026-01-17,Promo 12/2025,NO
D02634,P1909,PERCENTAGE,30,482,337.4,2026-04-04,2026-04-23,Promo 4/2026,NO
D02635,P1952,PERCENTAGE,10,371,333.9,2026-07-14,2026-07-25,Promo 7/2026,NO
D02636,P0566,PERCENTAGE,5,200,190.0,2025-11-14,2025-12-10,Promo 11/2025,NO
D02637,P1801,PERCENTAGE,20,531,424.8,2026-02-20,2026-03-12,Promo 2/2026,NO
D02638,P1746,PERCENTAGE,25,942,706.5,2025-12-19,2026-01-09,Promo 12/2025,NO
D02639,P1046,PERCENTAGE,15,380,323.0,2025-10-21,2025-11-16,Promo 10/2025,NO
D02640,P0601,PERCENTAGE,20,328,262.4,2026-05-04,2026-05-25,Promo 5/2026,NO
D02641,P1700,PERCENTAGE,5,509,483.55,2026-05-11,2026-06-08,Promo 5/2026,NO
D02642,P0327,PERCENTAGE,25,481,360.75,2026-07-26,2026-08-03,Promo 7/2026,NO
D02643,P1309,PERCENTAGE,10,340,306.0,2026-07-14,2026-08-01,Promo 7/2026,NO
D02644,P0031,PERCENTAGE,5,313,297.35,2026-02-11,2026-03-03,Promo 2/2026,NO
D02645,P1997,PERCENTAGE,5,238,226.1,2026-07-08,2026-07-31,Promo 7/2026,NO
D02646,P0622,PERCENTAGE,25,331,248.25,2026-09-12,2026-10-07,Promo 9/2026,YES
D02647,P0990,PERCENTAGE,15,449,381.65,2026-06-02,2026-06-13,Promo 6/2026,NO
D02648,P0258,PERCENTAGE,10,1074,966.6,2026-02-21,2026-03-10,Promo 2/2026,NO
D02649,P1770,PERCENTAGE,15,296,251.6,2026-09-08,2026-09-21,Promo 9/2026,NO
D02650,P0630,PERCENTAGE,5,408,387.6,2026-05-21,2026-06-06,Promo 5/2026,NO
D02651,P1487,PERCENTAGE,20,320,256.0,2026-05-30,2026-06-29,Promo 5/2026,NO
D02652,P1544,PERCENTAGE,20,376,300.8,2026-02-03,2026-02-27,Promo 2/2026,NO
D02653,P0313,PERCENTAGE,5,504,478.8,2026-02-11,2026-02-22,Promo 2/2026,NO
D02654,P0178,PERCENTAGE,15,480,408.0,2026-05-10,2026-06-06,Promo 5/2026,NO
D02655,P0887,PERCENTAGE,15,630,535.5,2026-07-17,2026-08-12,Promo 7/2026,NO
D02656,P1512,PERCENTAGE,15,229,194.65,2025-11-26,2025-12-08,Promo 11/2025,NO
D02657,P0731,PERCENTAGE,15,424,360.4,2026-06-01,2026-06-26,Promo 6/2026,NO
D02658,P1610,PERCENTAGE,10,297,267.3,2025-12-05,2025-12-12,Promo 12/2025,NO
D02659,P1987,PERCENTAGE,20,269,215.2,2026-04-02,2026-04-30,Promo 4/2026,NO
D02660,P1416,PERCENTAGE,15,86,73.1,2026-06-19,2026-07-05,Promo 6/2026,NO
D02661,P1317,PERCENTAGE,5,220,209.0,2026-03-15,2026-03-25,Promo 3/2026,NO
D02662,P0208,PERCENTAGE,30,236,165.2,2026-02-18,2026-03-19,Promo 2/2026,NO
D02663,P1255,PERCENTAGE,20,420,336.0,2026-08-22,2026-09-04,Promo 8/2026,NO
D02664,P1120,PERCENTAGE,25,179,134.25,2026-09-03,2026-09-12,Promo 9/2026,NO
D02665,P1088,PERCENTAGE,10,640,576.0,2026-01-06,2026-01-27,Promo 1/2026,NO
D02666,P0511,PERCENTAGE,5,272,258.4,2026-08-07,2026-09-04,Promo 8/2026,NO
D02667,P0879,PERCENTAGE,10,294,264.6,2025-10-31,2025-11-16,Promo 10/2025,NO
D02668,P0462,PERCENTAGE,15,293,249.05,2026-01-19,2026-02-16,Promo 1/2026,NO
D02669,P1202,PERCENTAGE,15,224,190.4,2026-05-20,2026-06-12,Promo 5/2026,NO
D02670,P1791,PERCENTAGE,25,380,285.0,2025-10-13,2025-10-25,Promo 10/2025,NO
D02671,P1483,PERCENTAGE,5,251,238.45,2025-10-06,2025-10-29,Promo 10/2025,NO
D02672,P1059,PERCENTAGE,15,521,442.85,2025-12-19,2026-01-13,Promo 12/2025,NO
D02673,P1642,PERCENTAGE,20,614,491.2,2026-09-21,2026-10-15,Promo 9/2026,YES
D02674,P0048,PERCENTAGE,20,225,180.0,2026-08-25,2026-09-13,Promo 8/2026,NO
D02675,P0532,PERCENTAGE,5,406,385.7,2026-07-30,2026-08-17,Promo 7/2026,NO
D02676,P1735,PERCENTAGE,5,268,254.6,2026-09-17,2026-09-27,Promo 9/2026,YES
D02677,P0090,PERCENTAGE,10,395,355.5,2026-08-08,2026-08-17,Promo 8/2026,NO
D02678,P0330,PERCENTAGE,15,266,226.1,2026-04-26,2026-05-12,Promo 4/2026,NO
D02679,P0402,PERCENTAGE,30,646,452.2,2026-01-29,2026-02-28,Promo 1/2026,NO
D02680,P0572,PERCENTAGE,5,490,465.5,2025-09-26,2025-10-26,Promo 9/2025,NO
D02681,P0382,PERCENTAGE,10,383,344.7,2025-12-04,2025-12-11,Promo 12/2025,NO
D02682,P0243,PERCENTAGE,30,202,141.4,2026-07-11,2026-07-30,Promo 7/2026,NO
D02683,P0105,PERCENTAGE,15,236,200.6,2026-08-03,2026-08-29,Promo 8/2026,NO
D02684,P1524,PERCENTAGE,25,1652,1239.0,2026-02-02,2026-02-22,Promo 2/2026,NO
D02685,P0009,PERCENTAGE,10,325,292.5,2026-02-06,2026-02-28,Promo 2/2026,NO
D02686,P0292,PERCENTAGE,5,525,498.75,2025-10-20,2025-11-18,Promo 10/2025,NO
D02687,P1496,PERCENTAGE,30,368,257.6,2026-07-05,2026-07-28,Promo 7/2026,NO
D02688,P0789,PERCENTAGE,5,367,348.65,2026-07-03,2026-07-11,Promo 7/2026,NO
D02689,P0415,PERCENTAGE,10,957,861.3,2025-12-15,2025-12-23,Promo 12/2025,NO
D02690,P1432,PERCENTAGE,10,175,157.5,2026-08-15,2026-08-25,Promo 8/2026,NO
D02691,P1218,PERCENTAGE,20,425,340.0,2026-09-24,2026-10-18,Promo 9/2026,YES
D02692,P1696,PERCENTAGE,25,497,372.75,2026-07-26,2026-08-21,Promo 7/2026,NO
D02693,P1238,PERCENTAGE,5,208,197.6,2026-01-09,2026-01-18,Promo 1/2026,NO
D02694,P0184,PERCENTAGE,15,559,475.15,2026-07-25,2026-08-02,Promo 7/2026,NO
D02695,P1922,PERCENTAGE,5,418,397.1,2026-01-16,2026-01-29,Promo 1/2026,NO
D02696,P0610,PERCENTAGE,20,376,300.8,2026-09-20,2026-09-30,Promo 9/2026,YES
D02697,P0493,PERCENTAGE,5,262,248.9,2026-06-18,2026-07-17,Promo 6/2026,NO
D02698,P1017,PERCENTAGE,30,525,367.5,2026-01-03,2026-01-13,Promo 1/2026,NO
D02699,P1208,PERCENTAGE,20,587,469.6,2026-08-31,2026-09-27,Promo 8/2026,YES
D02700,P1137,PERCENTAGE,20,477,381.6,2026-04-27,2026-05-05,Promo 4/2026,NO
D02701,P1599,PERCENTAGE,30,509,356.3,2026-02-28,2026-03-10,Promo 2/2026,NO
D02702,P1812,PERCENTAGE,30,609,426.3,2026-03-31,2026-04-19,Promo 3/2026,NO
D02703,P1811,PERCENTAGE,10,491,441.9,2025-11-19,2025-12-07,Promo 11/2025,NO
D02704,P1401,PERCENTAGE,30,377,263.9,2025-12-05,2025-12-31,Promo 12/2025,NO
D02705,P1539,PERCENTAGE,5,458,435.1,2026-04-21,2026-05-21,Promo 4/2026,NO
D02706,P1040,PERCENTAGE,15,265,225.25,2026-09-14,2026-09-24,Promo 9/2026,NO
D02707,P1192,PERCENTAGE,30,535,374.5,2026-04-22,2026-05-08,Promo 4/2026,NO
D02708,P1732,PERCENTAGE,30,388,271.6,2025-12-23,2026-01-13,Promo 12/2025,NO
D02709,P1683,PERCENTAGE,25,281,210.75,2026-05-06,2026-05-23,Promo 5/2026,NO
D02710,P1777,PERCENTAGE,15,367,311.95,2025-09-26,2025-10-03,Promo 9/2025,NO
D02711,P1288,PERCENTAGE,5,163,154.85,2026-01-20,2026-01-29,Promo 1/2026,NO
D02712,P0422,PERCENTAGE,20,207,165.6,2026-03-27,2026-04-13,Promo 3/2026,NO
D02713,P0458,PERCENTAGE,15,516,438.6,2026-07-16,2026-08-08,Promo 7/2026,NO
D02714,P0340,PERCENTAGE,30,222,155.4,2025-12-28,2026-01-07,Promo 12/2025,NO
D02715,P0047,PERCENTAGE,20,226,180.8,2025-12-25,2026-01-06,Promo 12/2025,NO
D02716,P1144,PERCENTAGE,25,273,204.75,2025-10-21,2025-11-18,Promo 10/2025,NO
D02717,P1777,PERCENTAGE,20,367,293.6,2026-01-02,2026-01-25,Promo 1/2026,NO
D02718,P1526,PERCENTAGE,5,222,210.9,2026-09-20,2026-10-12,Promo 9/2026,YES
D02719,P0282,PERCENTAGE,20,378,302.4,2026-02-13,2026-03-11,Promo 2/2026,NO
D02720,P1558,PERCENTAGE,5,546,518.7,2026-01-11,2026-02-09,Promo 1/2026,NO
D02721,P0465,PERCENTAGE,20,194,155.2,2026-02-19,2026-03-01,Promo 2/2026,NO
D02722,P1937,PERCENTAGE,20,453,362.4,2026-07-06,2026-07-16,Promo 7/2026,NO
D02723,P0874,PERCENTAGE,5,411,390.45,2026-07-09,2026-08-02,Promo 7/2026,NO
D02724,P1414,PERCENTAGE,25,202,151.5,2026-06-23,2026-07-03,Promo 6/2026,NO
D02725,P1596,PERCENTAGE,25,1667,1250.25,2025-10-28,2025-11-19,Promo 10/2025,NO
D02726,P1999,PERCENTAGE,10,254,228.6,2026-02-18,2026-03-01,Promo 2/2026,NO
D02727,P1831,PERCENTAGE,10,483,434.7,2026-06-19,2026-07-17,Promo 6/2026,NO
D02728,P1221,PERCENTAGE,25,221,165.75,2026-04-01,2026-04-28,Promo 4/2026,NO
D02729,P0787,PERCENTAGE,15,137,116.45,2026-01-17,2026-02-08,Promo 1/2026,NO
D02730,P1005,PERCENTAGE,5,745,707.75,2026-05-09,2026-06-02,Promo 5/2026,NO
D02731,P0406,PERCENTAGE,20,339,271.2,2026-08-14,2026-08-31,Promo 8/2026,NO
D02732,P1716,PERCENTAGE,10,492,442.8,2025-12-11,2025-12-19,Promo 12/2025,NO
D02733,P0917,PERCENTAGE,20,614,491.2,2025-11-22,2025-12-16,Promo 11/2025,NO
D02734,P1769,PERCENTAGE,5,488,463.6,2026-02-11,2026-02-18,Promo 2/2026,NO
D02735,P0373,PERCENTAGE,15,178,151.3,2025-11-01,2025-11-25,Promo 11/2025,NO
D02736,P0031,PERCENTAGE,30,313,219.1,2025-11-09,2025-12-09,Promo 11/2025,NO
D02737,P1468,PERCENTAGE,25,587,440.25,2026-01-05,2026-01-23,Promo 1/2026,NO
D02738,P1607,PERCENTAGE,15,648,550.8,2026-06-23,2026-07-14,Promo 6/2026,NO
D02739,P1776,PERCENTAGE,25,541,405.75,2026-07-26,2026-08-03,Promo 7/2026,NO
D02740,P0031,PERCENTAGE,10,313,281.7,2026-05-12,2026-06-08,Promo 5/2026,NO
D02741,P0527,PERCENTAGE,30,462,323.4,2026-03-22,2026-04-07,Promo 3/2026,NO
D02742,P0398,PERCENTAGE,10,258,232.2,2026-04-18,2026-05-01,Promo 4/2026,NO
D02743,P1795,PERCENTAGE,20,485,388.0,2026-04-14,2026-04-26,Promo 4/2026,NO
D02744,P0333,PERCENTAGE,5,161,152.95,2026-03-26,2026-04-14,Promo 3/2026,NO
D02745,P1199,PERCENTAGE,5,364,345.8,2026-05-12,2026-05-31,Promo 5/2026,NO
D02746,P1234,PERCENTAGE,30,580,406.0,2026-08-11,2026-08-30,Promo 8/2026,NO
D02747,P1130,PERCENTAGE,15,349,296.65,2026-01-27,2026-02-17,Promo 1/2026,NO
D02748,P0532,PERCENTAGE,20,406,324.8,2025-12-17,2026-01-14,Promo 12/2025,NO
D02749,P0967,PERCENTAGE,5,330,313.5,2025-10-20,2025-11-08,Promo 10/2025,NO
D02750,P1641,PERCENTAGE,20,1051,840.8,2025-11-17,2025-12-15,Promo 11/2025,NO
D02751,P1399,PERCENTAGE,15,835,709.75,2026-08-31,2026-09-09,Promo 8/2026,NO
D02752,P0895,PERCENTAGE,25,530,397.5,2026-06-20,2026-07-19,Promo 6/2026,NO
D02753,P0243,PERCENTAGE,10,202,181.8,2025-09-29,2025-10-24,Promo 9/2025,NO
D02754,P1741,PERCENTAGE,15,1282,1089.7,2026-01-16,2026-02-14,Promo 1/2026,NO
D02755,P1534,PERCENTAGE,10,356,320.4,2025-10-01,2025-10-10,Promo 10/2025,NO
D02756,P0660,PERCENTAGE,5,312,296.4,2026-05-10,2026-06-09,Promo 5/2026,NO
D02757,P0237,PERCENTAGE,20,576,460.8,2026-01-29,2026-02-14,Promo 1/2026,NO
D02758,P1687,PERCENTAGE,10,469,422.1,2026-01-14,2026-02-02,Promo 1/2026,NO
D02759,P0149,PERCENTAGE,5,374,355.3,2025-12-29,2026-01-20,Promo 12/2025,NO
D02760,P1901,PERCENTAGE,5,570,541.5,2026-03-16,2026-03-29,Promo 3/2026,NO
D02761,P0405,PERCENTAGE,15,346,294.1,2026-04-06,2026-04-14,Promo 4/2026,NO
D02762,P1928,PERCENTAGE,30,352,246.4,2026-06-05,2026-06-28,Promo 6/2026,NO
D02763,P1571,PERCENTAGE,15,271,230.35,2026-03-14,2026-03-26,Promo 3/2026,NO
D02764,P0578,PERCENTAGE,10,695,625.5,2026-03-10,2026-04-08,Promo 3/2026,NO
D02765,P1533,PERCENTAGE,30,173,121.1,2025-11-01,2025-11-11,Promo 11/2025,NO
D02766,P1270,PERCENTAGE,25,115,86.25,2026-04-13,2026-04-27,Promo 4/2026,NO
D02767,P1184,PERCENTAGE,10,108,97.2,2025-12-10,2025-12-26,Promo 12/2025,NO
D02768,P1110,PERCENTAGE,15,150,127.5,2025-10-16,2025-11-08,Promo 10/2025,NO
D02769,P0136,PERCENTAGE,10,491,441.9,2026-06-24,2026-07-01,Promo 6/2026,NO
D02770,P0021,PERCENTAGE,15,321,272.85,2026-04-19,2026-04-29,Promo 4/2026,NO
D02771,P1513,PERCENTAGE,20,289,231.2,2026-08-04,2026-08-30,Promo 8/2026,NO
D02772,P1658,PERCENTAGE,5,433,411.35,2026-02-18,2026-02-25,Promo 2/2026,NO
D02773,P0648,PERCENTAGE,10,450,405.0,2026-04-08,2026-04-16,Promo 4/2026,NO
D02774,P0302,PERCENTAGE,5,1667,1583.65,2025-10-16,2025-11-03,Promo 10/2025,NO
D02775,P1867,PERCENTAGE,5,220,209.0,2025-10-19,2025-11-07,Promo 10/2025,NO
D02776,P0976,PERCENTAGE,30,410,287.0,2025-11-03,2025-11-21,Promo 11/2025,NO
D02777,P1564,PERCENTAGE,30,543,380.1,2026-07-03,2026-07-27,Promo 7/2026,NO
D02778,P0795,PERCENTAGE,30,461,322.7,2026-06-23,2026-07-09,Promo 6/2026,NO
D02779,P0828,PERCENTAGE,30,137,95.9,2026-04-22,2026-05-06,Promo 4/2026,NO
D02780,P0474,PERCENTAGE,30,560,392.0,2026-03-31,2026-04-26,Promo 3/2026,NO
D02781,P1767,PERCENTAGE,15,304,258.4,2025-12-29,2026-01-12,Promo 12/2025,NO
D02782,P0635,PERCENTAGE,25,578,433.5,2025-10-29,2025-11-07,Promo 10/2025,NO
D02783,P0192,PERCENTAGE,5,590,560.5,2026-01-25,2026-02-11,Promo 1/2026,NO
D02784,P0035,PERCENTAGE,5,286,271.7,2025-12-15,2025-12-30,Promo 12/2025,NO
D02785,P1868,PERCENTAGE,20,577,461.6,2026-05-10,2026-05-30,Promo 5/2026,NO
D02786,P0532,PERCENTAGE,10,406,365.4,2025-10-28,2025-11-19,Promo 10/2025,NO
D02787,P1036,PERCENTAGE,25,606,454.5,2026-01-30,2026-02-19,Promo 1/2026,NO
D02788,P1753,PERCENTAGE,5,635,603.25,2025-10-31,2025-11-17,Promo 10/2025,NO
D02789,P0968,PERCENTAGE,10,298,268.2,2026-09-25,2026-10-19,Promo 9/2026,YES
D02790,P0691,PERCENTAGE,15,530,450.5,2025-10-21,2025-11-20,Promo 10/2025,NO
D02791,P1567,PERCENTAGE,5,551,523.45,2026-01-01,2026-01-12,Promo 1/2026,NO
D02792,P1119,PERCENTAGE,5,421,399.95,2025-12-23,2026-01-13,Promo 12/2025,NO
D02793,P1859,PERCENTAGE,20,395,316.0,2026-03-13,2026-03-30,Promo 3/2026,NO
D02794,P1654,PERCENTAGE,5,419,398.05,2026-03-31,2026-04-11,Promo 3/2026,NO
D02795,P0480,PERCENTAGE,25,449,336.75,2026-04-21,2026-05-09,Promo 4/2026,NO
D02796,P1567,PERCENTAGE,25,551,413.25,2026-03-05,2026-03-27,Promo 3/2026,NO
D02797,P1038,PERCENTAGE,5,430,408.5,2025-12-01,2025-12-18,Promo 12/2025,NO
D02798,P0742,PERCENTAGE,15,306,260.1,2026-05-29,2026-06-09,Promo 5/2026,NO
D02799,P0771,PERCENTAGE,30,651,455.7,2025-11-05,2025-11-13,Promo 11/2025,NO
D02800,P1562,PERCENTAGE,30,312,218.4,2026-08-02,2026-08-28,Promo 8/2026,NO
D02801,P0946,PERCENTAGE,10,572,514.8,2025-10-01,2025-10-15,Promo 10/2025,NO
D02802,P1504,PERCENTAGE,20,135,108.0,2026-04-02,2026-04-09,Promo 4/2026,NO
D02803,P0315,PERCENTAGE,15,611,519.35,2026-08-02,2026-08-18,Promo 8/2026,NO
D02804,P0892,PERCENTAGE,30,295,206.5,2026-04-27,2026-05-15,Promo 4/2026,NO
D02805,P1581,PERCENTAGE,15,212,180.2,2025-10-26,2025-11-15,Promo 10/2025,NO
D02806,P1584,PERCENTAGE,20,416,332.8,2026-04-27,2026-05-18,Promo 4/2026,NO
D02807,P0290,PERCENTAGE,5,399,379.05,2026-03-22,2026-04-09,Promo 3/2026,NO
D02808,P0133,PERCENTAGE,20,386,308.8,2025-11-02,2025-11-12,Promo 11/2025,NO
D02809,P0056,PERCENTAGE,20,474,379.2,2025-10-13,2025-10-26,Promo 10/2025,NO
D02810,P0126,PERCENTAGE,25,151,113.25,2026-05-22,2026-06-12,Promo 5/2026,NO
D02811,P0251,PERCENTAGE,15,378,321.3,2026-06-13,2026-07-02,Promo 6/2026,NO
D02812,P1650,PERCENTAGE,15,603,512.55,2026-03-02,2026-03-29,Promo 3/2026,NO
D02813,P0985,PERCENTAGE,25,355,266.25,2026-05-29,2026-06-25,Promo 5/2026,NO
D02814,P1542,PERCENTAGE,10,618,556.2,2026-04-17,2026-05-09,Promo 4/2026,NO
D02815,P1362,PERCENTAGE,30,308,215.6,2026-01-28,2026-02-05,Promo 1/2026,NO
D02816,P0444,PERCENTAGE,5,338,321.1,2026-03-09,2026-03-31,Promo 3/2026,NO
D02817,P0652,PERCENTAGE,15,415,352.75,2026-01-20,2026-02-03,Promo 1/2026,NO
D02818,P1086,PERCENTAGE,5,624,592.8,2025-11-15,2025-11-27,Promo 11/2025,NO
D02819,P1820,PERCENTAGE,20,457,365.6,2026-02-01,2026-02-17,Promo 2/2026,NO
D02820,P1683,PERCENTAGE,5,281,266.95,2026-07-18,2026-08-03,Promo 7/2026,NO
D02821,P1031,PERCENTAGE,15,134,113.9,2026-03-21,2026-04-19,Promo 3/2026,NO
D02822,P0941,PERCENTAGE,30,380,266.0,2026-08-17,2026-08-29,Promo 8/2026,NO
D02823,P0786,PERCENTAGE,5,498,473.1,2025-10-16,2025-10-28,Promo 10/2025,NO
D02824,P1153,PERCENTAGE,10,470,423.0,2026-03-02,2026-03-19,Promo 3/2026,NO
D02825,P0532,PERCENTAGE,20,406,324.8,2026-06-02,2026-06-30,Promo 6/2026,NO
D02826,P1082,PERCENTAGE,20,331,264.8,2026-04-26,2026-05-07,Promo 4/2026,NO
D02827,P1830,PERCENTAGE,20,1251,1000.8,2026-06-06,2026-06-18,Promo 6/2026,NO
D02828,P1137,PERCENTAGE,25,477,357.75,2026-08-17,2026-09-02,Promo 8/2026,NO
D02829,P0094,PERCENTAGE,20,366,292.8,2025-09-26,2025-10-16,Promo 9/2025,NO
D02830,P0878,PERCENTAGE,15,218,185.3,2025-11-20,2025-12-01,Promo 11/2025,NO
D02831,P0022,PERCENTAGE,20,297,237.6,2026-08-27,2026-09-23,Promo 8/2026,NO
D02832,P1828,PERCENTAGE,20,455,364.0,2026-03-11,2026-04-08,Promo 3/2026,NO
D02833,P0424,PERCENTAGE,10,259,233.1,2026-08-11,2026-09-02,Promo 8/2026,NO
D02834,P1937,PERCENTAGE,5,453,430.35,2026-05-08,2026-06-06,Promo 5/2026,NO
D02835,P0423,PERCENTAGE,15,608,516.8,2026-06-07,2026-06-20,Promo 6/2026,NO
D02836,P1489,PERCENTAGE,25,343,257.25,2025-12-11,2025-12-30,Promo 12/2025,NO
D02837,P0975,PERCENTAGE,20,378,302.4,2025-12-29,2026-01-27,Promo 12/2025,NO
D02838,P0284,PERCENTAGE,15,533,453.05,2026-09-20,2026-10-16,Promo 9/2026,YES
D02839,P0257,PERCENTAGE,10,656,590.4,2026-08-06,2026-08-29,Promo 8/2026,NO
D02840,P0884,PERCENTAGE,30,588,411.6,2026-07-03,2026-07-26,Promo 7/2026,NO
D02841,P1712,PERCENTAGE,20,292,233.6,2025-10-24,2025-11-19,Promo 10/2025,NO
D02842,P0107,PERCENTAGE,20,201,160.8,2026-02-17,2026-03-17,Promo 2/2026,NO
D02843,P1422,PERCENTAGE,5,365,346.75,2026-09-26,2026-10-11,Promo 9/2026,YES
D02844,P1059,PERCENTAGE,25,521,390.75,2026-01-06,2026-01-25,Promo 1/2026,NO
D02845,P1212,PERCENTAGE,30,870,609.0,2025-12-04,2025-12-18,Promo 12/2025,NO
D02846,P0362,PERCENTAGE,5,473,449.35,2026-06-27,2026-07-26,Promo 6/2026,NO
D02847,P0686,PERCENTAGE,15,529,449.65,2026-07-11,2026-07-25,Promo 7/2026,NO
D02848,P0532,PERCENTAGE,5,406,385.7,2025-12-11,2025-12-29,Promo 12/2025,NO
D02849,P1615,PERCENTAGE,5,142,134.9,2025-09-30,2025-10-28,Promo 9/2025,NO
D02850,P1075,PERCENTAGE,25,214,160.5,2026-03-01,2026-03-12,Promo 3/2026,NO
D02851,P0972,PERCENTAGE,10,521,468.9,2025-10-08,2025-11-02,Promo 10/2025,NO
D02852,P0857,PERCENTAGE,30,420,294.0,2025-10-16,2025-10-25,Promo 10/2025,NO
D02853,P1960,PERCENTAGE,15,393,334.05,2025-12-06,2026-01-01,Promo 12/2025,NO
D02854,P1749,PERCENTAGE,20,318,254.4,2025-12-10,2025-12-30,Promo 12/2025,NO
D02855,P1949,PERCENTAGE,15,314,266.9,2025-10-17,2025-10-24,Promo 10/2025,NO
D02856,P0644,PERCENTAGE,10,529,476.1,2025-12-06,2026-01-03,Promo 12/2025,NO
D02857,P1344,PERCENTAGE,30,411,287.7,2026-04-09,2026-04-26,Promo 4/2026,NO
D02858,P0843,PERCENTAGE,20,449,359.2,2026-03-12,2026-03-20,Promo 3/2026,NO
D02859,P1509,PERCENTAGE,20,143,114.4,2026-08-31,2026-09-23,Promo 8/2026,NO
D02860,P1220,PERCENTAGE,20,240,192.0,2026-02-03,2026-02-25,Promo 2/2026,NO
D02861,P1456,PERCENTAGE,15,401,340.85,2026-06-04,2026-06-22,Promo 6/2026,NO
D02862,P0522,PERCENTAGE,10,357,321.3,2026-06-21,2026-07-11,Promo 6/2026,NO
D02863,P1742,PERCENTAGE,5,507,481.65,2026-09-26,2026-10-21,Promo 9/2026,YES
D02864,P1443,PERCENTAGE,5,303,287.85,2026-02-03,2026-02-17,Promo 2/2026,NO
D02865,P1703,PERCENTAGE,25,1091,818.25,2026-09-14,2026-09-29,Promo 9/2026,YES
D02866,P0302,PERCENTAGE,10,1667,1500.3,2026-06-23,2026-07-15,Promo 6/2026,NO
D02867,P0431,PERCENTAGE,20,526,420.8,2025-10-03,2025-11-02,Promo 10/2025,NO
D02868,P1715,PERCENTAGE,10,229,206.1,2026-06-15,2026-07-06,Promo 6/2026,NO
D02869,P1493,PERCENTAGE,10,416,374.4,2026-01-30,2026-02-11,Promo 1/2026,NO
D02870,P0123,PERCENTAGE,30,362,253.4,2026-09-16,2026-09-28,Promo 9/2026,YES
D02871,P0360,PERCENTAGE,30,541,378.7,2026-08-14,2026-08-25,Promo 8/2026,NO
D02872,P0988,PERCENTAGE,5,510,484.5,2025-11-18,2025-11-28,Promo 11/2025,NO
D02873,P1560,PERCENTAGE,5,407,386.65,2025-11-30,2025-12-21,Promo 11/2025,NO
D02874,P1701,PERCENTAGE,15,1100,935.0,2026-01-15,2026-02-11,Promo 1/2026,NO
D02875,P1817,PERCENTAGE,20,1040,832.0,2026-07-10,2026-07-30,Promo 7/2026,NO
D02876,P1243,PERCENTAGE,5,186,176.7,2025-11-02,2025-11-24,Promo 11/2025,NO
D02877,P0219,PERCENTAGE,20,549,439.2,2025-11-02,2025-11-14,Promo 11/2025,NO
D02878,P0118,PERCENTAGE,15,416,353.6,2026-01-16,2026-01-28,Promo 1/2026,NO
D02879,P1264,PERCENTAGE,25,623,467.25,2026-07-29,2026-08-16,Promo 7/2026,NO
D02880,P0234,PERCENTAGE,15,1016,863.6,2025-11-24,2025-12-09,Promo 11/2025,NO
D02881,P1715,PERCENTAGE,25,229,171.75,2025-10-06,2025-10-25,Promo 10/2025,NO
D02882,P1182,PERCENTAGE,25,435,326.25,2026-03-01,2026-03-15,Promo 3/2026,NO
D02883,P0067,PERCENTAGE,15,649,551.65,2026-03-03,2026-03-15,Promo 3/2026,NO
D02884,P1926,PERCENTAGE,5,431,409.45,2026-03-31,2026-04-20,Promo 3/2026,NO
D02885,P1957,PERCENTAGE,25,484,363.0,2025-10-10,2025-10-17,Promo 10/2025,NO
D02886,P0425,PERCENTAGE,25,453,339.75,2025-11-05,2025-11-17,Promo 11/2025,NO
D02887,P0384,PERCENTAGE,5,1088,1033.6,2026-01-26,2026-02-07,Promo 1/2026,NO
D02888,P1530,PERCENTAGE,20,604,483.2,2025-10-25,2025-11-19,Promo 10/2025,NO
D02889,P1628,PERCENTAGE,25,585,438.75,2026-01-03,2026-01-10,Promo 1/2026,NO
D02890,P0196,PERCENTAGE,15,451,383.35,2026-01-28,2026-02-09,Promo 1/2026,NO
D02891,P1390,PERCENTAGE,20,351,280.8,2026-07-09,2026-07-24,Promo 7/2026,NO
D02892,P1015,PERCENTAGE,5,322,305.9,2026-05-12,2026-05-20,Promo 5/2026,NO
D02893,P0865,PERCENTAGE,25,675,506.25,2026-05-03,2026-05-10,Promo 5/2026,NO
D02894,P1779,PERCENTAGE,5,256,243.2,2025-11-20,2025-12-11,Promo 11/2025,NO
D02895,P0952,PERCENTAGE,5,226,214.7,2025-10-03,2025-10-16,Promo 10/2025,NO
D02896,P1652,PERCENTAGE,5,563,534.85,2025-11-02,2025-11-21,Promo 11/2025,NO
D02897,P1893,PERCENTAGE,10,422,379.8,2026-08-25,2026-09-15,Promo 8/2026,NO
D02898,P1817,PERCENTAGE,5,1040,988.0,2026-03-01,2026-03-18,Promo 3/2026,NO
D02899,P1404,PERCENTAGE,5,475,451.25,2026-03-09,2026-03-17,Promo 3/2026,NO
D02900,P0597,PERCENTAGE,25,500,375.0,2026-09-07,2026-09-20,Promo 9/2026,NO
D02901,P0428,PERCENTAGE,10,353,317.7,2026-01-01,2026-01-21,Promo 1/2026,NO
D02902,P1711,PERCENTAGE,20,379,303.2,2025-12-14,2025-12-26,Promo 12/2025,NO
D02903,P0520,PERCENTAGE,15,786,668.1,2026-08-21,2026-09-09,Promo 8/2026,NO
D02904,P1183,PERCENTAGE,10,578,520.2,2026-07-10,2026-07-20,Promo 7/2026,NO
D02905,P1768,PERCENTAGE,20,218,174.4,2026-04-15,2026-04-27,Promo 4/2026,NO
D02906,P1154,PERCENTAGE,15,101,85.85,2025-11-19,2025-12-10,Promo 11/2025,NO
D02907,P0888,PERCENTAGE,10,838,754.2,2025-11-14,2025-12-08,Promo 11/2025,NO
D02908,P0011,PERCENTAGE,25,557,417.75,2025-11-17,2025-12-01,Promo 11/2025,NO
D02909,P1962,PERCENTAGE,25,358,268.5,2026-08-23,2026-08-31,Promo 8/2026,NO
D02910,P1519,PERCENTAGE,20,1659,1327.2,2025-11-18,2025-12-05,Promo 11/2025,NO
D02911,P0533,PERCENTAGE,5,652,619.4,2026-01-11,2026-01-23,Promo 1/2026,NO
D02912,P1805,PERCENTAGE,15,631,536.35,2025-10-10,2025-11-05,Promo 10/2025,NO
D02913,P1493,PERCENTAGE,25,416,312.0,2025-10-08,2025-11-01,Promo 10/2025,NO
D02914,P0666,PERCENTAGE,5,497,472.15,2026-01-28,2026-02-26,Promo 1/2026,NO
D02915,P1237,PERCENTAGE,10,282,253.8,2025-12-25,2026-01-24,Promo 12/2025,NO
D02916,P1239,PERCENTAGE,10,314,282.6,2026-08-29,2026-09-09,Promo 8/2026,NO
D02917,P0947,PERCENTAGE,30,980,686.0,2026-05-12,2026-05-24,Promo 5/2026,NO
D02918,P1553,PERCENTAGE,20,636,508.8,2025-11-15,2025-11-27,Promo 11/2025,NO
D02919,P1108,PERCENTAGE,5,588,558.6,2025-12-06,2025-12-18,Promo 12/2025,NO
D02920,P1833,PERCENTAGE,25,229,171.75,2026-06-11,2026-06-21,Promo 6/2026,NO
D02921,P1684,PERCENTAGE,20,527,421.6,2025-12-03,2025-12-17,Promo 12/2025,NO
D02922,P0713,PERCENTAGE,30,1635,1144.5,2025-10-14,2025-10-22,Promo 10/2025,NO
D02923,P0612,PERCENTAGE,25,393,294.75,2026-02-17,2026-03-09,Promo 2/2026,NO
D02924,P0122,PERCENTAGE,10,318,286.2,2026-02-19,2026-03-11,Promo 2/2026,NO
D02925,P1472,PERCENTAGE,20,398,318.4,2025-11-19,2025-12-10,Promo 11/2025,NO
D02926,P0810,PERCENTAGE,30,538,376.6,2026-06-07,2026-06-24,Promo 6/2026,NO
D02927,P1688,PERCENTAGE,10,602,541.8,2025-10-06,2025-10-27,Promo 10/2025,NO
D02928,P1768,PERCENTAGE,10,218,196.2,2025-11-02,2025-11-26,Promo 11/2025,NO
D02929,P1320,PERCENTAGE,15,169,143.65,2026-06-10,2026-06-28,Promo 6/2026,NO
D02930,P0421,PERCENTAGE,25,237,177.75,2026-07-10,2026-08-01,Promo 7/2026,NO
D02931,P0543,PERCENTAGE,25,516,387.0,2026-05-22,2026-06-21,Promo 5/2026,NO
D02932,P1284,PERCENTAGE,25,818,613.5,2026-07-17,2026-08-04,Promo 7/2026,NO
D02933,P0048,PERCENTAGE,20,225,180.0,2025-10-14,2025-11-13,Promo 10/2025,NO
D02934,P0002,PERCENTAGE,25,188,141.0,2026-08-22,2026-09-15,Promo 8/2026,NO
D02935,P0891,PERCENTAGE,15,453,385.05,2025-10-25,2025-11-01,Promo 10/2025,NO
D02936,P0858,PERCENTAGE,30,294,205.8,2025-11-09,2025-12-01,Promo 11/2025,NO
D02937,P0745,PERCENTAGE,20,282,225.6,2026-07-17,2026-07-24,Promo 7/2026,NO
D02938,P0348,PERCENTAGE,5,215,204.25,2025-12-15,2026-01-08,Promo 12/2025,NO
D02939,P0021,PERCENTAGE,30,321,224.7,2026-01-03,2026-02-01,Promo 1/2026,NO
D02940,P1890,PERCENTAGE,5,356,338.2,2026-04-21,2026-05-16,Promo 4/2026,NO
D02941,P1966,PERCENTAGE,10,303,272.7,2026-01-23,2026-02-18,Promo 1/2026,NO
D02942,P0096,PERCENTAGE,10,250,225.0,2025-12-16,2025-12-28,Promo 12/2025,NO
D02943,P1581,PERCENTAGE,5,212,201.4,2025-12-21,2026-01-08,Promo 12/2025,NO
D02944,P1591,PERCENTAGE,15,394,334.9,2026-05-07,2026-05-21,Promo 5/2026,NO
D02945,P1270,PERCENTAGE,5,115,109.25,2025-11-04,2025-11-19,Promo 11/2025,NO
D02946,P0531,PERCENTAGE,25,311,233.25,2025-12-09,2026-01-03,Promo 12/2025,NO
D02947,P1872,PERCENTAGE,5,288,273.6,2025-12-23,2026-01-17,Promo 12/2025,NO
D02948,P0462,PERCENTAGE,10,293,263.7,2026-06-02,2026-06-14,Promo 6/2026,NO
D02949,P0714,PERCENTAGE,10,474,426.6,2025-12-02,2025-12-16,Promo 12/2025,NO
D02950,P0423,PERCENTAGE,10,608,547.2,2026-02-14,2026-02-21,Promo 2/2026,NO
D02951,P1961,PERCENTAGE,10,533,479.7,2025-12-05,2025-12-19,Promo 12/2025,NO
D02952,P0733,PERCENTAGE,5,548,520.6,2026-04-14,2026-04-22,Promo 4/2026,NO
D02953,P0316,PERCENTAGE,15,491,417.35,2026-02-20,2026-03-19,Promo 2/2026,NO
D02954,P1650,PERCENTAGE,15,603,512.55,2025-11-10,2025-11-28,Promo 11/2025,NO
D02955,P1748,PERCENTAGE,5,98,93.1,2026-08-01,2026-08-11,Promo 8/2026,NO
D02956,P1267,PERCENTAGE,30,456,319.2,2025-12-18,2026-01-01,Promo 12/2025,NO
D02957,P0692,PERCENTAGE,15,133,113.05,2025-11-26,2025-12-13,Promo 11/2025,NO
D02958,P1631,PERCENTAGE,30,142,99.4,2025-12-29,2026-01-26,Promo 12/2025,NO
D02959,P1839,PERCENTAGE,5,369,350.55,2026-07-07,2026-07-21,Promo 7/2026,NO
D02960,P1752,PERCENTAGE,20,106,84.8,2026-05-16,2026-06-10,Promo 5/2026,NO
D02961,P1033,PERCENTAGE,25,465,348.75,2026-01-02,2026-01-26,Promo 1/2026,NO
D02962,P0584,PERCENTAGE,30,248,173.6,2026-02-03,2026-02-16,Promo 2/2026,NO
D02963,P1278,PERCENTAGE,10,245,220.5,2026-08-15,2026-08-29,Promo 8/2026,NO
D02964,P0395,PERCENTAGE,10,468,421.2,2026-08-25,2026-09-10,Promo 8/2026,NO
D02965,P1741,PERCENTAGE,10,1282,1153.8,2026-03-04,2026-03-23,Promo 3/2026,NO
D02966,P1883,PERCENTAGE,10,361,324.9,2026-06-16,2026-07-11,Promo 6/2026,NO
D02967,P0874,PERCENTAGE,10,411,369.9,2026-01-14,2026-01-21,Promo 1/2026,NO
D02968,P1663,PERCENTAGE,25,387,290.25,2026-02-02,2026-02-09,Promo 2/2026,NO
D02969,P0711,PERCENTAGE,25,445,333.75,2025-11-14,2025-12-14,Promo 11/2025,NO
D02970,P1517,PERCENTAGE,25,249,186.75,2025-12-19,2026-01-15,Promo 12/2025,NO
D02971,P0473,PERCENTAGE,5,825,783.75,2026-01-22,2026-02-02,Promo 1/2026,NO
D02972,P1704,PERCENTAGE,15,569,483.65,2025-12-07,2025-12-22,Promo 12/2025,NO
D02973,P0186,PERCENTAGE,10,642,577.8,2026-04-08,2026-05-03,Promo 4/2026,NO
D02974,P0118,PERCENTAGE,20,416,332.8,2026-02-28,2026-03-17,Promo 2/2026,NO
D02975,P1539,PERCENTAGE,25,458,343.5,2026-01-19,2026-02-07,Promo 1/2026,NO
D02976,P0642,PERCENTAGE,25,552,414.0,2026-07-23,2026-08-18,Promo 7/2026,NO
D02977,P1260,PERCENTAGE,10,328,295.2,2026-08-04,2026-08-12,Promo 8/2026,NO
D02978,P0242,PERCENTAGE,10,543,488.7,2026-01-19,2026-02-02,Promo 1/2026,NO
D02979,P1981,PERCENTAGE,20,240,192.0,2026-05-20,2026-06-08,Promo 5/2026,NO
D02980,P0406,PERCENTAGE,5,339,322.05,2026-03-16,2026-04-07,Promo 3/2026,NO
D02981,P0942,PERCENTAGE,15,448,380.8,2026-03-11,2026-04-05,Promo 3/2026,NO
D02982,P0762,PERCENTAGE,15,224,190.4,2026-07-30,2026-08-11,Promo 7/2026,NO
D02983,P0135,PERCENTAGE,5,567,538.65,2025-09-27,2025-10-16,Promo 9/2025,NO
D02984,P0374,PERCENTAGE,25,577,432.75,2025-12-02,2025-12-17,Promo 12/2025,NO
D02985,P1313,PERCENTAGE,5,1213,1152.35,2026-01-06,2026-01-31,Promo 1/2026,NO
D02986,P0417,PERCENTAGE,20,515,412.0,2026-05-10,2026-05-27,Promo 5/2026,NO
D02987,P1275,PERCENTAGE,5,254,241.3,2026-04-12,2026-05-07,Promo 4/2026,NO
D02988,P0272,PERCENTAGE,10,311,279.9,2026-03-12,2026-03-31,Promo 3/2026,NO
D02989,P0915,PERCENTAGE,5,214,203.3,2026-03-11,2026-04-09,Promo 3/2026,NO
D02990,P0470,PERCENTAGE,5,628,596.6,2025-12-10,2026-01-01,Promo 12/2025,NO
D02991,P0763,PERCENTAGE,10,523,470.7,2026-01-07,2026-02-06,Promo 1/2026,NO
D02992,P0821,PERCENTAGE,10,268,241.2,2025-12-02,2025-12-22,Promo 12/2025,NO
D02993,P1751,PERCENTAGE,15,581,493.85,2026-07-12,2026-08-03,Promo 7/2026,NO
D02994,P0653,PERCENTAGE,10,531,477.9,2025-10-17,2025-11-14,Promo 10/2025,NO
D02995,P1748,PERCENTAGE,25,98,73.5,2026-07-06,2026-08-02,Promo 7/2026,NO
D02996,P1880,PERCENTAGE,20,300,240.0,2026-08-06,2026-08-21,Promo 8/2026,NO
D02997,P0785,PERCENTAGE,5,1003,952.85,2026-05-10,2026-05-21,Promo 5/2026,NO
D02998,P1437,PERCENTAGE,5,429,407.55,2026-02-11,2026-03-09,Promo 2/2026,NO
D02999,P0872,PERCENTAGE,5,568,539.6,2025-12-31,2026-01-21,Promo 12/2025,NO
D03000,P1657,PERCENTAGE,10,617,555.3,2026-03-14,2026-03-21,Promo 3/2026,NO
D03001,P0010,PERCENTAGE,25,351,263.25,2026-07-14,2026-08-08,Promo 7/2026,NO
D03002,P0325,PERCENTAGE,30,286,200.2,2026-03-21,2026-04-20,Promo 3/2026,NO
D03003,P1801,PERCENTAGE,25,531,398.25,2026-05-31,2026-06-15,Promo 5/2026,NO
D03004,P0646,PERCENTAGE,10,304,273.6,2026-06-13,2026-06-28,Promo 6/2026,NO
D03005,P0126,PERCENTAGE,10,151,135.9,2026-03-28,2026-04-09,Promo 3/2026,NO
D03006,P1445,PERCENTAGE,5,494,469.3,2026-05-26,2026-06-04,Promo 5/2026,NO
D03007,P0725,PERCENTAGE,30,447,312.9,2026-09-12,2026-09-26,Promo 9/2026,NO
D03008,P1762,PERCENTAGE,15,239,203.15,2026-08-28,2026-09-15,Promo 8/2026,NO
D03009,P0021,PERCENTAGE,15,321,272.85,2026-08-10,2026-08-20,Promo 8/2026,NO
D03010,P0555,PERCENTAGE,10,350,315.0,2025-12-29,2026-01-28,Promo 12/2025,NO
D03011,P1581,PERCENTAGE,10,212,190.8,2026-01-11,2026-01-21,Promo 1/2026,NO
D03012,P1192,PERCENTAGE,30,535,374.5,2026-06-10,2026-06-20,Promo 6/2026,NO
D03013,P0614,PERCENTAGE,10,397,357.3,2026-05-06,2026-06-03,Promo 5/2026,NO
D03014,P1724,PERCENTAGE,5,599,569.05,2026-04-27,2026-05-20,Promo 4/2026,NO
D03015,P1744,PERCENTAGE,20,463,370.4,2026-05-31,2026-06-22,Promo 5/2026,NO
D03016,P1879,PERCENTAGE,25,492,369.0,2026-05-26,2026-06-16,Promo 5/2026,NO
D03017,P1307,PERCENTAGE,10,379,341.1,2026-02-13,2026-02-28,Promo 2/2026,NO
D03018,P0955,PERCENTAGE,25,565,423.75,2025-12-03,2025-12-14,Promo 12/2025,NO
D03019,P0767,PERCENTAGE,30,324,226.8,2026-05-25,2026-06-24,Promo 5/2026,NO
D03020,P0515,PERCENTAGE,10,921,828.9,2026-03-28,2026-04-08,Promo 3/2026,NO
D03021,P1989,PERCENTAGE,5,302,286.9,2026-08-14,2026-09-06,Promo 8/2026,NO
D03022,P1117,PERCENTAGE,10,434,390.6,2025-12-25,2026-01-23,Promo 12/2025,NO
D03023,P1677,PERCENTAGE,15,345,293.25,2026-02-11,2026-03-10,Promo 2/2026,NO
D03024,P1635,PERCENTAGE,30,559,391.3,2026-03-02,2026-03-19,Promo 3/2026,NO
D03025,P1435,PERCENTAGE,25,217,162.75,2026-08-16,2026-08-26,Promo 8/2026,NO
D03026,P1210,PERCENTAGE,10,437,393.3,2026-07-23,2026-08-22,Promo 7/2026,NO
D03027,P1900,PERCENTAGE,5,567,538.65,2025-10-31,2025-11-16,Promo 10/2025,NO
D03028,P1581,PERCENTAGE,25,212,159.0,2026-02-02,2026-02-24,Promo 2/2026,NO
D03029,P1009,PERCENTAGE,5,164,155.8,2026-06-20,2026-07-10,Promo 6/2026,NO
D03030,P1010,PERCENTAGE,30,610,427.0,2025-12-03,2025-12-22,Promo 12/2025,NO
D03031,P1699,PERCENTAGE,25,284,213.0,2026-02-21,2026-03-06,Promo 2/2026,NO
D03032,P1970,PERCENTAGE,10,662,595.8,2026-03-02,2026-03-16,Promo 3/2026,NO
D03033,P1552,PERCENTAGE,10,579,521.1,2026-02-17,2026-03-14,Promo 2/2026,NO
D03034,P1208,PERCENTAGE,25,587,440.25,2026-08-08,2026-08-28,Promo 8/2026,NO
D03035,P0726,PERCENTAGE,5,1678,1594.1,2026-02-02,2026-02-20,Promo 2/2026,NO
D03036,P1788,PERCENTAGE,25,587,440.25,2026-05-02,2026-05-10,Promo 5/2026,NO
D03037,P0340,PERCENTAGE,15,222,188.7,2026-08-20,2026-09-10,Promo 8/2026,NO
D03038,P1468,PERCENTAGE,25,587,440.25,2025-10-21,2025-11-18,Promo 10/2025,NO
D03039,P0594,PERCENTAGE,20,363,290.4,2026-01-07,2026-01-22,Promo 1/2026,NO
D03040,P0118,PERCENTAGE,25,416,312.0,2026-04-03,2026-04-20,Promo 4/2026,NO
D03041,P1304,PERCENTAGE,25,330,247.5,2026-07-19,2026-08-06,Promo 7/2026,NO
D03042,P1506,PERCENTAGE,25,220,165.0,2026-09-09,2026-10-02,Promo 9/2026,YES
D03043,P0394,PERCENTAGE,30,377,263.9,2026-02-24,2026-03-20,Promo 2/2026,NO
D03044,P0352,PERCENTAGE,15,542,460.7,2025-11-26,2025-12-25,Promo 11/2025,NO
D03045,P0896,PERCENTAGE,30,224,156.8,2026-02-16,2026-03-10,Promo 2/2026,NO
D03046,P0277,PERCENTAGE,20,1096,876.8,2026-07-28,2026-08-09,Promo 7/2026,NO
D03047,P0037,PERCENTAGE,30,456,319.2,2025-12-30,2026-01-22,Promo 12/2025,NO
D03048,P0546,PERCENTAGE,20,353,282.4,2026-08-30,2026-09-21,Promo 8/2026,NO
D03049,P0257,PERCENTAGE,30,656,459.2,2026-06-01,2026-06-26,Promo 6/2026,NO
D03050,P1596,PERCENTAGE,10,1667,1500.3,2026-04-12,2026-04-30,Promo 4/2026,NO
D03051,P0625,PERCENTAGE,10,671,603.9,2025-10-19,2025-11-15,Promo 10/2025,NO
D03052,P1792,PERCENTAGE,15,623,529.55,2026-05-24,2026-06-23,Promo 5/2026,NO
D03053,P0765,PERCENTAGE,5,503,477.85,2026-09-16,2026-10-11,Promo 9/2026,YES
D03054,P0803,PERCENTAGE,10,272,244.8,2026-03-06,2026-03-30,Promo 3/2026,NO
D03055,P0326,PERCENTAGE,10,202,181.8,2026-03-06,2026-03-18,Promo 3/2026,NO
D03056,P1781,PERCENTAGE,15,460,391.0,2026-01-20,2026-01-27,Promo 1/2026,NO
D03057,P1547,PERCENTAGE,5,380,361.0,2025-11-05,2025-11-29,Promo 11/2025,NO
D03058,P0376,PERCENTAGE,15,569,483.65,2026-01-07,2026-02-06,Promo 1/2026,NO
D03059,P1630,PERCENTAGE,30,285,199.5,2026-03-28,2026-04-24,Promo 3/2026,NO
D03060,P0831,PERCENTAGE,10,201,180.9,2026-07-26,2026-08-11,Promo 7/2026,NO
D03061,P0916,PERCENTAGE,10,275,247.5,2026-02-16,2026-03-12,Promo 2/2026,NO
D03062,P0843,PERCENTAGE,10,449,404.1,2025-12-20,2026-01-14,Promo 12/2025,NO
D03063,P1558,PERCENTAGE,15,546,464.1,2025-12-31,2026-01-12,Promo 12/2025,NO
D03064,P1324,PERCENTAGE,5,411,390.45,2026-03-02,2026-03-11,Promo 3/2026,NO
D03065,P1744,PERCENTAGE,10,463,416.7,2026-08-21,2026-09-02,Promo 8/2026,NO
D03066,P0504,PERCENTAGE,15,548,465.8,2026-05-09,2026-05-18,Promo 5/2026,NO
D03067,P0589,PERCENTAGE,25,481,360.75,2026-06-24,2026-07-19,Promo 6/2026,NO
D03068,P0359,PERCENTAGE,25,528,396.0,2026-02-17,2026-02-24,Promo 2/2026,NO
D03069,P1614,PERCENTAGE,5,456,433.2,2025-11-26,2025-12-22,Promo 11/2025,NO
D03070,P1439,PERCENTAGE,30,245,171.5,2026-01-16,2026-02-05,Promo 1/2026,NO
D03071,P0808,PERCENTAGE,10,234,210.6,2026-09-02,2026-10-01,Promo 9/2026,YES
D03072,P0909,PERCENTAGE,5,525,498.75,2026-03-16,2026-03-27,Promo 3/2026,NO
D03073,P0840,PERCENTAGE,20,644,515.2,2026-07-24,2026-07-31,Promo 7/2026,NO
D03074,P0538,PERCENTAGE,15,542,460.7,2026-01-09,2026-01-17,Promo 1/2026,NO
D03075,P1972,PERCENTAGE,25,361,270.75,2026-09-19,2026-10-07,Promo 9/2026,YES
D03076,P0882,PERCENTAGE,10,510,459.0,2026-07-19,2026-07-31,Promo 7/2026,NO
D03077,P0137,PERCENTAGE,20,322,257.6,2026-02-25,2026-03-13,Promo 2/2026,NO
D03078,P1326,PERCENTAGE,5,453,430.35,2026-03-13,2026-03-20,Promo 3/2026,NO
D03079,P1469,PERCENTAGE,10,168,151.2,2026-07-02,2026-07-28,Promo 7/2026,NO
D03080,P0154,PERCENTAGE,5,222,210.9,2026-01-27,2026-02-26,Promo 1/2026,NO
D03081,P1558,PERCENTAGE,5,546,518.7,2026-06-12,2026-07-07,Promo 6/2026,NO
D03082,P0450,PERCENTAGE,10,371,333.9,2025-12-25,2026-01-12,Promo 12/2025,NO
D03083,P1563,PERCENTAGE,10,236,212.4,2026-02-04,2026-02-28,Promo 2/2026,NO
D03084,P1269,PERCENTAGE,10,212,190.8,2025-12-15,2025-12-26,Promo 12/2025,NO
D03085,P0329,PERCENTAGE,15,89,75.65,2026-05-01,2026-05-22,Promo 5/2026,NO
D03086,P0192,PERCENTAGE,5,590,560.5,2026-05-09,2026-06-03,Promo 5/2026,NO
D03087,P0456,PERCENTAGE,20,341,272.8,2026-06-24,2026-07-01,Promo 6/2026,NO
D03088,P1424,PERCENTAGE,5,472,448.4,2026-06-20,2026-07-10,Promo 6/2026,NO
D03089,P1977,PERCENTAGE,5,619,588.05,2026-06-24,2026-07-17,Promo 6/2026,NO
D03090,P0295,PERCENTAGE,20,208,166.4,2026-09-20,2026-10-12,Promo 9/2026,YES
D03091,P1350,PERCENTAGE,5,325,308.75,2026-03-03,2026-03-20,Promo 3/2026,NO
D03092,P0820,PERCENTAGE,15,1273,1082.05,2025-11-14,2025-12-03,Promo 11/2025,NO
D03093,P0228,PERCENTAGE,30,478,334.6,2026-07-18,2026-08-17,Promo 7/2026,NO
D03094,P0857,PERCENTAGE,5,420,399.0,2026-05-30,2026-06-21,Promo 5/2026,NO
D03095,P1999,PERCENTAGE,20,254,203.2,2026-09-03,2026-09-14,Promo 9/2026,NO
D03096,P0801,PERCENTAGE,15,601,510.85,2026-07-20,2026-08-02,Promo 7/2026,NO
D03097,P1452,PERCENTAGE,25,325,243.75,2026-05-07,2026-06-05,Promo 5/2026,NO
D03098,P1924,PERCENTAGE,15,493,419.05,2026-04-28,2026-05-05,Promo 4/2026,NO
D03099,P0031,PERCENTAGE,25,313,234.75,2026-09-05,2026-09-22,Promo 9/2026,NO
D03100,P0468,PERCENTAGE,20,395,316.0,2026-02-04,2026-02-16,Promo 2/2026,NO
D03101,P0410,PERCENTAGE,15,365,310.25,2026-07-13,2026-08-02,Promo 7/2026,NO
D03102,P0185,PERCENTAGE,20,239,191.2,2026-01-01,2026-01-21,Promo 1/2026,NO
D03103,P1350,PERCENTAGE,10,325,292.5,2025-11-24,2025-12-08,Promo 11/2025,NO
D03104,P1379,PERCENTAGE,5,555,527.25,2026-01-16,2026-01-29,Promo 1/2026,NO
D03105,P1777,PERCENTAGE,10,367,330.3,2025-12-13,2026-01-02,Promo 12/2025,NO
D03106,P0235,PERCENTAGE,5,452,429.4,2026-09-01,2026-09-28,Promo 9/2026,YES
D03107,P1919,PERCENTAGE,25,263,197.25,2026-09-14,2026-09-29,Promo 9/2026,YES
D03108,P0580,PERCENTAGE,30,276,193.2,2026-06-27,2026-07-06,Promo 6/2026,NO
D03109,P1977,PERCENTAGE,20,619,495.2,2026-07-16,2026-08-01,Promo 7/2026,NO
D03110,P0282,PERCENTAGE,10,378,340.2,2026-02-23,2026-03-24,Promo 2/2026,NO
D03111,P0204,PERCENTAGE,20,913,730.4,2026-04-05,2026-04-23,Promo 4/2026,NO
D03112,P0566,PERCENTAGE,15,200,170.0,2026-09-19,2026-09-29,Promo 9/2026,YES
D03113,P1875,PERCENTAGE,30,616,431.2,2026-05-14,2026-05-27,Promo 5/2026,NO
D03114,P0942,PERCENTAGE,10,448,403.2,2025-11-23,2025-12-14,Promo 11/2025,NO
D03115,P0963,PERCENTAGE,30,554,387.8,2026-01-19,2026-02-07,Promo 1/2026,NO
D03116,P1072,PERCENTAGE,15,274,232.9,2025-11-05,2025-11-27,Promo 11/2025,NO
D03117,P1948,PERCENTAGE,20,408,326.4,2026-02-04,2026-02-12,Promo 2/2026,NO
D03118,P0865,PERCENTAGE,30,675,472.5,2026-03-29,2026-04-11,Promo 3/2026,NO
D03119,P1619,PERCENTAGE,15,530,450.5,2025-10-27,2025-11-22,Promo 10/2025,NO
D03120,P0599,PERCENTAGE,10,283,254.7,2025-11-25,2025-12-21,Promo 11/2025,NO
D03121,P1997,PERCENTAGE,5,238,226.1,2026-06-01,2026-06-16,Promo 6/2026,NO
D03122,P1803,PERCENTAGE,20,787,629.6,2026-03-22,2026-03-31,Promo 3/2026,NO
D03123,P0970,PERCENTAGE,15,653,555.05,2026-08-27,2026-09-13,Promo 8/2026,NO
D03124,P0205,PERCENTAGE,25,265,198.75,2026-06-03,2026-06-27,Promo 6/2026,NO
D03125,P0904,PERCENTAGE,5,266,252.7,2026-06-24,2026-07-03,Promo 6/2026,NO
D03126,P1712,PERCENTAGE,20,292,233.6,2026-09-23,2026-10-19,Promo 9/2026,YES
D03127,P1261,PERCENTAGE,25,543,407.25,2026-03-07,2026-03-20,Promo 3/2026,NO
D03128,P0354,PERCENTAGE,15,404,343.4,2025-12-11,2026-01-09,Promo 12/2025,NO
D03129,P0375,PERCENTAGE,5,435,413.25,2026-07-12,2026-07-24,Promo 7/2026,NO
D03130,P0588,PERCENTAGE,25,511,383.25,2026-05-26,2026-06-09,Promo 5/2026,NO
D03131,P0912,PERCENTAGE,15,474,402.9,2026-04-26,2026-05-11,Promo 4/2026,NO
D03132,P1581,PERCENTAGE,15,212,180.2,2026-09-22,2026-10-01,Promo 9/2026,YES
D03133,P1575,PERCENTAGE,20,354,283.2,2025-12-22,2026-01-03,Promo 12/2025,NO
D03134,P0449,PERCENTAGE,15,517,439.45,2026-01-29,2026-02-16,Promo 1/2026,NO
D03135,P0878,PERCENTAGE,15,218,185.3,2026-01-09,2026-01-22,Promo 1/2026,NO
D03136,P1027,PERCENTAGE,20,1700,1360.0,2025-12-17,2026-01-11,Promo 12/2025,NO
D03137,P0524,PERCENTAGE,20,458,366.4,2026-09-26,2026-10-21,Promo 9/2026,YES
D03138,P1559,PERCENTAGE,5,553,525.35,2026-06-09,2026-06-21,Promo 6/2026,NO
D03139,P0736,PERCENTAGE,15,442,375.7,2026-01-15,2026-02-08,Promo 1/2026,NO
D03140,P0758,PERCENTAGE,30,521,364.7,2026-03-04,2026-03-18,Promo 3/2026,NO
D03141,P0776,PERCENTAGE,10,460,414.0,2026-04-27,2026-05-17,Promo 4/2026,NO
D03142,P1146,PERCENTAGE,25,334,250.5,2026-01-31,2026-02-08,Promo 1/2026,NO
D03143,P0576,PERCENTAGE,30,1280,896.0,2026-04-08,2026-04-29,Promo 4/2026,NO
D03144,P0355,PERCENTAGE,10,562,505.8,2026-07-13,2026-08-05,Promo 7/2026,NO
D03145,P0889,PERCENTAGE,30,452,316.4,2026-03-11,2026-04-09,Promo 3/2026,NO
D03146,P0546,PERCENTAGE,5,353,335.35,2025-12-30,2026-01-26,Promo 12/2025,NO
D03147,P0025,PERCENTAGE,5,454,431.3,2026-06-12,2026-07-08,Promo 6/2026,NO
D03148,P0695,PERCENTAGE,10,373,335.7,2026-05-08,2026-05-31,Promo 5/2026,NO
D03149,P1791,PERCENTAGE,15,380,323.0,2025-10-06,2025-11-02,Promo 10/2025,NO
D03150,P1814,PERCENTAGE,15,536,455.6,2026-03-05,2026-03-27,Promo 3/2026,NO
D03151,P1520,PERCENTAGE,15,220,187.0,2026-07-27,2026-08-08,Promo 7/2026,NO
D03152,P0188,PERCENTAGE,20,1209,967.2,2025-11-04,2025-12-04,Promo 11/2025,NO
D03153,P0571,PERCENTAGE,10,464,417.6,2026-02-25,2026-03-14,Promo 2/2026,NO
D03154,P1598,PERCENTAGE,25,296,222.0,2026-07-06,2026-08-01,Promo 7/2026,NO
D03155,P0033,PERCENTAGE,5,1633,1551.35,2026-04-23,2026-05-18,Promo 4/2026,NO
D03156,P1600,PERCENTAGE,10,403,362.7,2025-11-22,2025-12-14,Promo 11/2025,NO
D03157,P1093,PERCENTAGE,5,206,195.7,2026-01-18,2026-02-02,Promo 1/2026,NO
D03158,P1377,PERCENTAGE,20,546,436.8,2026-05-03,2026-05-11,Promo 5/2026,NO
D03159,P0625,PERCENTAGE,20,671,536.8,2026-03-27,2026-04-23,Promo 3/2026,NO
D03160,P1301,PERCENTAGE,20,309,247.2,2026-05-13,2026-06-12,Promo 5/2026,NO
D03161,P0193,PERCENTAGE,15,412,350.2,2026-06-01,2026-06-15,Promo 6/2026,NO
D03162,P0934,PERCENTAGE,25,368,276.0,2025-12-26,2026-01-18,Promo 12/2025,NO
D03163,P0537,PERCENTAGE,15,589,500.65,2026-05-23,2026-06-05,Promo 5/2026,NO
D03164,P0937,PERCENTAGE,5,1084,1029.8,2026-05-20,2026-06-08,Promo 5/2026,NO
D03165,P1491,PERCENTAGE,20,402,321.6,2026-07-15,2026-07-24,Promo 7/2026,NO
D03166,P1111,PERCENTAGE,20,480,384.0,2026-09-06,2026-10-03,Promo 9/2026,YES
D03167,P1973,PERCENTAGE,15,296,251.6,2026-07-17,2026-08-06,Promo 7/2026,NO
D03168,P0526,PERCENTAGE,20,106,84.8,2026-04-26,2026-05-17,Promo 4/2026,NO
D03169,P0270,PERCENTAGE,30,439,307.3,2026-07-28,2026-08-16,Promo 7/2026,NO
D03170,P1547,PERCENTAGE,10,380,342.0,2026-06-08,2026-06-27,Promo 6/2026,NO
D03171,P1134,PERCENTAGE,5,619,588.05,2025-10-25,2025-11-12,Promo 10/2025,NO
D03172,P1350,PERCENTAGE,15,325,276.25,2026-03-06,2026-04-04,Promo 3/2026,NO
D03173,P0179,PERCENTAGE,25,408,306.0,2025-11-02,2025-11-20,Promo 11/2025,NO
D03174,P1673,PERCENTAGE,25,260,195.0,2026-02-10,2026-03-12,Promo 2/2026,NO
D03175,P1248,PERCENTAGE,25,388,291.0,2026-08-26,2026-09-03,Promo 8/2026,NO
D03176,P1922,PERCENTAGE,5,418,397.1,2025-12-22,2026-01-02,Promo 12/2025,NO
D03177,P0928,PERCENTAGE,20,549,439.2,2026-06-14,2026-07-13,Promo 6/2026,NO
D03178,P0342,PERCENTAGE,25,639,479.25,2026-04-08,2026-04-18,Promo 4/2026,NO
D03179,P0023,PERCENTAGE,25,506,379.5,2025-10-28,2025-11-13,Promo 10/2025,NO
D03180,P0686,PERCENTAGE,5,529,502.55,2025-11-04,2025-12-03,Promo 11/2025,NO
D03181,P0931,PERCENTAGE,30,628,439.6,2026-02-25,2026-03-21,Promo 2/2026,NO
D03182,P0789,PERCENTAGE,5,367,348.65,2026-09-09,2026-09-25,Promo 9/2026,NO
D03183,P2000,PERCENTAGE,10,411,369.9,2026-07-26,2026-08-13,Promo 7/2026,NO
D03184,P0844,PERCENTAGE,20,332,265.6,2026-04-14,2026-04-22,Promo 4/2026,NO
D03185,P0692,PERCENTAGE,5,133,126.35,2026-06-07,2026-06-21,Promo 6/2026,NO
D03186,P1446,PERCENTAGE,10,938,844.2,2025-12-11,2026-01-01,Promo 12/2025,NO
D03187,P0547,PERCENTAGE,20,236,188.8,2026-06-22,2026-07-17,Promo 6/2026,NO
D03188,P1043,PERCENTAGE,10,223,200.7,2026-03-24,2026-04-06,Promo 3/2026,NO
D03189,P0056,PERCENTAGE,20,474,379.2,2025-10-30,2025-11-21,Promo 10/2025,NO
D03190,P1321,PERCENTAGE,20,303,242.4,2025-10-07,2025-11-04,Promo 10/2025,NO
D03191,P0433,PERCENTAGE,5,300,285.0,2025-12-30,2026-01-18,Promo 12/2025,NO
D03192,P0965,PERCENTAGE,30,128,89.6,2025-10-04,2025-10-14,Promo 10/2025,NO
D03193,P1123,PERCENTAGE,10,542,487.8,2026-04-07,2026-04-19,Promo 4/2026,NO
D03194,P1506,PERCENTAGE,10,220,198.0,2026-08-05,2026-08-25,Promo 8/2026,NO
D03195,P0841,PERCENTAGE,20,495,396.0,2025-12-15,2026-01-09,Promo 12/2025,NO
D03196,P1316,PERCENTAGE,15,341,289.85,2026-03-29,2026-04-07,Promo 3/2026,NO
D03197,P1259,PERCENTAGE,5,355,337.25,2025-11-15,2025-12-08,Promo 11/2025,NO
D03198,P0926,PERCENTAGE,25,492,369.0,2026-02-20,2026-03-19,Promo 2/2026,NO
D03199,P1039,PERCENTAGE,20,305,244.0,2025-10-18,2025-11-04,Promo 10/2025,NO
D03200,P0447,PERCENTAGE,25,284,213.0,2026-03-28,2026-04-14,Promo 3/2026,NO
D03201,P1385,PERCENTAGE,25,323,242.25,2026-06-21,2026-06-29,Promo 6/2026,NO
D03202,P0794,PERCENTAGE,20,395,316.0,2025-11-29,2025-12-12,Promo 11/2025,NO
D03203,P1173,PERCENTAGE,20,260,208.0,2026-07-23,2026-08-05,Promo 7/2026,NO
D03204,P0624,PERCENTAGE,30,491,343.7,2026-08-14,2026-08-26,Promo 8/2026,NO
D03205,P1427,PERCENTAGE,25,216,162.0,2026-07-23,2026-08-21,Promo 7/2026,NO
D03206,P1266,PERCENTAGE,25,284,213.0,2025-09-27,2025-10-19,Promo 9/2025,NO
D03207,P0819,PERCENTAGE,5,682,647.9,2025-11-02,2025-12-02,Promo 11/2025,NO
D03208,P1729,PERCENTAGE,15,646,549.1,2026-01-10,2026-02-06,Promo 1/2026,NO
D03209,P0661,PERCENTAGE,5,806,765.7,2026-04-22,2026-05-20,Promo 4/2026,NO
D03210,P1305,PERCENTAGE,15,295,250.75,2026-05-22,2026-06-16,Promo 5/2026,NO
D03211,P0283,PERCENTAGE,10,502,451.8,2026-03-09,2026-03-19,Promo 3/2026,NO
D03212,P1423,PERCENTAGE,20,491,392.8,2026-08-08,2026-08-16,Promo 8/2026,NO
D03213,P0538,PERCENTAGE,30,542,379.4,2026-04-01,2026-04-25,Promo 4/2026,NO
D03214,P0866,PERCENTAGE,30,304,212.8,2026-04-29,2026-05-08,Promo 4/2026,NO
D03215,P1117,PERCENTAGE,20,434,347.2,2026-09-12,2026-10-10,Promo 9/2026,YES
D03216,P1482,PERCENTAGE,20,506,404.8,2026-06-29,2026-07-06,Promo 6/2026,NO
D03217,P0834,PERCENTAGE,20,368,294.4,2025-10-03,2025-10-16,Promo 10/2025,NO
D03218,P0383,PERCENTAGE,5,145,137.75,2026-04-29,2026-05-08,Promo 4/2026,NO
D03219,P0824,PERCENTAGE,10,473,425.7,2026-09-09,2026-10-04,Promo 9/2026,YES
D03220,P1907,PERCENTAGE,30,320,224.0,2025-11-19,2025-11-26,Promo 11/2025,NO
D03221,P0972,PERCENTAGE,10,521,468.9,2026-02-23,2026-03-20,Promo 2/2026,NO
D03222,P1191,PERCENTAGE,10,166,149.4,2026-07-07,2026-07-30,Promo 7/2026,NO
D03223,P1719,PERCENTAGE,25,214,160.5,2026-01-10,2026-01-19,Promo 1/2026,NO
D03224,P1379,PERCENTAGE,25,555,416.25,2026-05-06,2026-05-30,Promo 5/2026,NO
D03225,P1906,PERCENTAGE,10,539,485.1,2025-12-15,2026-01-06,Promo 12/2025,NO
D03226,P0246,PERCENTAGE,25,312,234.0,2025-11-10,2025-11-21,Promo 11/2025,NO
D03227,P0858,PERCENTAGE,30,294,205.8,2025-11-16,2025-12-03,Promo 11/2025,NO
D03228,P1978,PERCENTAGE,10,637,573.3,2025-11-12,2025-11-26,Promo 11/2025,NO
D03229,P0950,PERCENTAGE,5,418,397.1,2026-01-14,2026-02-04,Promo 1/2026,NO
D03230,P1511,PERCENTAGE,5,432,410.4,2026-02-27,2026-03-23,Promo 2/2026,NO
D03231,P0867,PERCENTAGE,15,526,447.1,2026-07-27,2026-08-22,Promo 7/2026,NO
D03232,P0538,PERCENTAGE,10,542,487.8,2025-12-11,2025-12-30,Promo 12/2025,NO
D03233,P1203,PERCENTAGE,15,535,454.75,2026-05-13,2026-05-25,Promo 5/2026,NO
D03234,P0062,PERCENTAGE,10,426,383.4,2026-07-21,2026-08-19,Promo 7/2026,NO
D03235,P1425,PERCENTAGE,25,234,175.5,2026-01-19,2026-02-12,Promo 1/2026,NO
D03236,P1407,PERCENTAGE,30,315,220.5,2026-07-27,2026-08-10,Promo 7/2026,NO
D03237,P1992,PERCENTAGE,5,382,362.9,2026-07-23,2026-08-20,Promo 7/2026,NO
D03238,P1580,PERCENTAGE,10,845,760.5,2026-03-16,2026-04-02,Promo 3/2026,NO
D03239,P0620,PERCENTAGE,30,1086,760.2,2026-02-27,2026-03-26,Promo 2/2026,NO
D03240,P1232,PERCENTAGE,30,306,214.2,2025-12-06,2025-12-13,Promo 12/2025,NO
D03241,P0232,PERCENTAGE,15,343,291.55,2026-01-29,2026-02-16,Promo 1/2026,NO
D03242,P1588,PERCENTAGE,25,356,267.0,2026-06-02,2026-06-28,Promo 6/2026,NO
D03243,P0858,PERCENTAGE,20,294,235.2,2026-01-11,2026-01-18,Promo 1/2026,NO
D03244,P0780,PERCENTAGE,25,483,362.25,2026-08-17,2026-08-29,Promo 8/2026,NO
D03245,P0131,PERCENTAGE,25,331,248.25,2025-11-20,2025-12-07,Promo 11/2025,NO
D03246,P1679,PERCENTAGE,25,391,293.25,2026-07-13,2026-08-03,Promo 7/2026,NO
D03247,P0389,PERCENTAGE,5,312,296.4,2026-05-08,2026-05-26,Promo 5/2026,NO
D03248,P0530,PERCENTAGE,25,224,168.0,2026-08-14,2026-09-06,Promo 8/2026,NO
D03249,P0333,PERCENTAGE,15,161,136.85,2026-05-29,2026-06-12,Promo 5/2026,NO
D03250,P1150,PERCENTAGE,25,378,283.5,2025-11-28,2025-12-28,Promo 11/2025,NO
D03251,P1589,PERCENTAGE,15,275,233.75,2026-02-23,2026-03-23,Promo 2/2026,NO
D03252,P1611,PERCENTAGE,10,410,369.0,2026-08-19,2026-08-27,Promo 8/2026,NO
D03253,P1429,PERCENTAGE,10,282,253.8,2026-06-25,2026-07-24,Promo 6/2026,NO
D03254,P1390,PERCENTAGE,30,351,245.7,2026-01-19,2026-01-28,Promo 1/2026,NO
D03255,P0955,PERCENTAGE,30,565,395.5,2026-02-06,2026-03-02,Promo 2/2026,NO
D03256,P0229,PERCENTAGE,20,210,168.0,2026-07-14,2026-08-05,Promo 7/2026,NO
D03257,P1029,PERCENTAGE,5,669,635.55,2026-03-02,2026-03-21,Promo 3/2026,NO
D03258,P1299,PERCENTAGE,20,751,600.8,2025-12-14,2026-01-10,Promo 12/2025,NO
D03259,P0556,PERCENTAGE,30,235,164.5,2026-09-17,2026-10-01,Promo 9/2026,YES
D03260,P1389,PERCENTAGE,5,539,512.05,2026-08-08,2026-08-25,Promo 8/2026,NO
D03261,P1809,PERCENTAGE,30,186,130.2,2025-12-09,2026-01-01,Promo 12/2025,NO
D03262,P1188,PERCENTAGE,5,628,596.6,2026-05-16,2026-05-26,Promo 5/2026,NO
D03263,P0778,PERCENTAGE,30,230,161.0,2025-11-07,2025-11-22,Promo 11/2025,NO
D03264,P1808,PERCENTAGE,25,636,477.0,2026-03-23,2026-04-22,Promo 3/2026,NO
D03265,P1348,PERCENTAGE,10,280,252.0,2025-11-18,2025-12-15,Promo 11/2025,NO
D03266,P1047,PERCENTAGE,5,709,673.55,2026-07-13,2026-07-30,Promo 7/2026,NO
D03267,P0004,PERCENTAGE,10,615,553.5,2026-09-22,2026-10-13,Promo 9/2026,YES
D03268,P1587,PERCENTAGE,5,603,572.85,2026-05-11,2026-05-21,Promo 5/2026,NO
D03269,P0975,PERCENTAGE,5,378,359.1,2026-08-26,2026-09-21,Promo 8/2026,NO
D03270,P0320,PERCENTAGE,20,198,158.4,2026-08-05,2026-09-01,Promo 8/2026,NO
D03271,P0612,PERCENTAGE,5,393,373.35,2026-05-12,2026-06-02,Promo 5/2026,NO
D03272,P1802,PERCENTAGE,5,246,233.7,2026-05-28,2026-06-10,Promo 5/2026,NO
D03273,P0064,PERCENTAGE,25,509,381.75,2026-09-10,2026-10-07,Promo 9/2026,YES
D03274,P1105,PERCENTAGE,5,239,227.05,2026-01-20,2026-02-12,Promo 1/2026,NO
D03275,P1312,PERCENTAGE,5,481,456.95,2025-09-30,2025-10-21,Promo 9/2025,NO
D03276,P0327,PERCENTAGE,20,481,384.8,2025-12-18,2025-12-29,Promo 12/2025,NO
D03277,P1083,PERCENTAGE,10,609,548.1,2026-02-26,2026-03-24,Promo 2/2026,NO
D03278,P1938,PERCENTAGE,20,215,172.0,2026-08-10,2026-09-03,Promo 8/2026,NO
D03279,P0357,PERCENTAGE,30,409,286.3,2026-05-06,2026-05-22,Promo 5/2026,NO
D03280,P1706,PERCENTAGE,15,375,318.75,2026-01-05,2026-01-28,Promo 1/2026,NO
D03281,P0669,PERCENTAGE,5,367,348.65,2026-04-10,2026-05-08,Promo 4/2026,NO
D03282,P1743,PERCENTAGE,5,336,319.2,2026-08-20,2026-09-10,Promo 8/2026,NO
D03283,P0302,PERCENTAGE,25,1667,1250.25,2026-06-11,2026-07-04,Promo 6/2026,NO
D03284,P1352,PERCENTAGE,25,353,264.75,2025-10-27,2025-11-13,Promo 10/2025,NO
D03285,P1949,PERCENTAGE,25,314,235.5,2026-06-12,2026-06-24,Promo 6/2026,NO
D03286,P1314,PERCENTAGE,30,572,400.4,2025-11-07,2025-11-28,Promo 11/2025,NO
D03287,P1293,PERCENTAGE,15,425,361.25,2025-12-05,2025-12-14,Promo 12/2025,NO
D03288,P0155,PERCENTAGE,20,241,192.8,2026-06-02,2026-06-26,Promo 6/2026,NO
D03289,P0005,PERCENTAGE,20,248,198.4,2026-03-05,2026-03-30,Promo 3/2026,NO
D03290,P1404,PERCENTAGE,5,475,451.25,2026-06-25,2026-07-25,Promo 6/2026,NO
D03291,P1229,PERCENTAGE,20,256,204.8,2026-09-14,2026-09-24,Promo 9/2026,NO
D03292,P0352,PERCENTAGE,20,542,433.6,2026-02-21,2026-03-12,Promo 2/2026,NO
D03293,P0803,PERCENTAGE,10,272,244.8,2026-07-02,2026-07-09,Promo 7/2026,NO
D03294,P1142,PERCENTAGE,5,636,604.2,2026-01-17,2026-02-09,Promo 1/2026,NO
D03295,P0274,PERCENTAGE,5,467,443.65,2026-05-04,2026-05-18,Promo 5/2026,NO
D03296,P1280,PERCENTAGE,5,1601,1520.95,2026-03-23,2026-04-13,Promo 3/2026,NO
D03297,P0117,PERCENTAGE,30,553,387.1,2025-10-30,2025-11-11,Promo 10/2025,NO
D03298,P1890,PERCENTAGE,20,356,284.8,2026-05-24,2026-06-06,Promo 5/2026,NO
D03299,P1378,PERCENTAGE,15,402,341.7,2026-03-04,2026-03-19,Promo 3/2026,NO
D03300,P0552,PERCENTAGE,10,333,299.7,2026-03-20,2026-04-06,Promo 3/2026,NO
D03301,P1645,PERCENTAGE,25,408,306.0,2026-06-14,2026-07-03,Promo 6/2026,NO
D03302,P1291,PERCENTAGE,30,341,238.7,2025-10-05,2025-10-17,Promo 10/2025,NO
D03303,P1315,PERCENTAGE,15,288,244.8,2026-03-04,2026-03-21,Promo 3/2026,NO
D03304,P1069,PERCENTAGE,30,417,291.9,2026-06-17,2026-07-09,Promo 6/2026,NO
D03305,P1844,PERCENTAGE,5,477,453.15,2026-09-06,2026-09-15,Promo 9/2026,NO
D03306,P0366,PERCENTAGE,5,1058,1005.1,2026-04-27,2026-05-27,Promo 4/2026,NO
D03307,P1529,PERCENTAGE,15,522,443.7,2025-12-22,2026-01-19,Promo 12/2025,NO
D03308,P1906,PERCENTAGE,30,539,377.3,2025-12-19,2025-12-30,Promo 12/2025,NO
D03309,P0611,PERCENTAGE,10,507,456.3,2026-01-31,2026-02-28,Promo 1/2026,NO
D03310,P1796,PERCENTAGE,15,1032,877.2,2025-12-20,2026-01-02,Promo 12/2025,NO
D03311,P0836,PERCENTAGE,25,422,316.5,2026-05-17,2026-05-24,Promo 5/2026,NO
D03312,P1200,PERCENTAGE,5,587,557.65,2025-11-08,2025-11-19,Promo 11/2025,NO
D03313,P1960,PERCENTAGE,10,393,353.7,2025-10-08,2025-10-29,Promo 10/2025,NO
D03314,P0746,PERCENTAGE,10,351,315.9,2025-11-05,2025-11-12,Promo 11/2025,NO
D03315,P0375,PERCENTAGE,25,435,326.25,2026-02-24,2026-03-11,Promo 2/2026,NO
D03316,P1168,PERCENTAGE,20,576,460.8,2025-11-06,2025-11-25,Promo 11/2025,NO
D03317,P1686,PERCENTAGE,30,236,165.2,2025-11-30,2025-12-08,Promo 11/2025,NO
D03318,P0512,PERCENTAGE,25,314,235.5,2026-02-08,2026-02-27,Promo 2/2026,NO
D03319,P1330,PERCENTAGE,20,539,431.2,2026-07-27,2026-08-03,Promo 7/2026,NO
D03320,P0271,PERCENTAGE,15,810,688.5,2026-07-23,2026-08-06,Promo 7/2026,NO
D03321,P0769,PERCENTAGE,15,403,342.55,2026-05-05,2026-05-16,Promo 5/2026,NO
D03322,P1730,PERCENTAGE,30,398,278.6,2025-10-06,2025-10-22,Promo 10/2025,NO
D03323,P0087,PERCENTAGE,15,254,215.9,2025-11-09,2025-11-27,Promo 11/2025,NO
D03324,P0456,PERCENTAGE,30,341,238.7,2026-02-28,2026-03-20,Promo 2/2026,NO
D03325,P0524,PERCENTAGE,25,458,343.5,2026-07-24,2026-08-02,Promo 7/2026,NO
D03326,P1434,PERCENTAGE,25,222,166.5,2026-07-02,2026-07-23,Promo 7/2026,NO
D03327,P1618,PERCENTAGE,15,570,484.5,2025-12-30,2026-01-14,Promo 12/2025,NO
D03328,P1392,PERCENTAGE,5,186,176.7,2026-05-04,2026-05-18,Promo 5/2026,NO
D03329,P1790,PERCENTAGE,20,622,497.6,2026-05-17,2026-06-15,Promo 5/2026,NO
D03330,P0558,PERCENTAGE,25,601,450.75,2026-01-09,2026-02-02,Promo 1/2026,NO
D03331,P0301,PERCENTAGE,5,339,322.05,2026-07-07,2026-07-25,Promo 7/2026,NO
D03332,P1791,PERCENTAGE,30,380,266.0,2026-05-11,2026-06-05,Promo 5/2026,NO
D03333,P0926,PERCENTAGE,20,492,393.6,2025-10-09,2025-10-23,Promo 10/2025,NO
D03334,P1061,PERCENTAGE,15,229,194.65,2026-07-18,2026-08-02,Promo 7/2026,NO
D03335,P1924,PERCENTAGE,30,493,345.1,2026-07-15,2026-08-03,Promo 7/2026,NO
D03336,P0842,PERCENTAGE,10,440,396.0,2025-10-27,2025-11-09,Promo 10/2025,NO
D03337,P1968,PERCENTAGE,10,549,494.1,2025-12-10,2025-12-24,Promo 12/2025,NO
D03338,P0877,PERCENTAGE,5,571,542.45,2025-12-22,2026-01-10,Promo 12/2025,NO
D03339,P0826,PERCENTAGE,20,420,336.0,2025-12-24,2026-01-19,Promo 12/2025,NO
D03340,P1589,PERCENTAGE,25,275,206.25,2026-01-09,2026-02-01,Promo 1/2026,NO
D03341,P0836,PERCENTAGE,15,422,358.7,2026-01-09,2026-02-03,Promo 1/2026,NO
D03342,P0151,PERCENTAGE,10,231,207.9,2025-12-18,2026-01-05,Promo 12/2025,NO
D03343,P1191,PERCENTAGE,15,166,141.1,2026-03-29,2026-04-23,Promo 3/2026,NO
D03344,P1673,PERCENTAGE,20,260,208.0,2026-09-17,2026-10-15,Promo 9/2026,YES
D03345,P1854,PERCENTAGE,10,285,256.5,2026-06-11,2026-06-22,Promo 6/2026,NO
D03346,P1533,PERCENTAGE,5,173,164.35,2026-03-07,2026-03-22,Promo 3/2026,NO
D03347,P0381,PERCENTAGE,25,299,224.25,2026-08-15,2026-09-07,Promo 8/2026,NO
D03348,P0793,PERCENTAGE,10,356,320.4,2026-04-01,2026-04-13,Promo 4/2026,NO
D03349,P1969,PERCENTAGE,20,550,440.0,2026-06-08,2026-07-03,Promo 6/2026,NO
D03350,P1270,PERCENTAGE,10,115,103.5,2026-08-02,2026-08-09,Promo 8/2026,NO
D03351,P0787,PERCENTAGE,20,137,109.6,2025-12-14,2026-01-02,Promo 12/2025,NO
D03352,P0149,PERCENTAGE,20,374,299.2,2026-06-19,2026-07-14,Promo 6/2026,NO
D03353,P1195,PERCENTAGE,20,993,794.4,2026-01-10,2026-01-22,Promo 1/2026,NO
D03354,P0388,PERCENTAGE,15,252,214.2,2026-04-21,2026-05-10,Promo 4/2026,NO
D03355,P1250,PERCENTAGE,25,469,351.75,2026-07-31,2026-08-26,Promo 7/2026,NO
D03356,P1347,PERCENTAGE,10,547,492.3,2025-11-03,2025-11-28,Promo 11/2025,NO
D03357,P1874,PERCENTAGE,30,418,292.6,2026-01-13,2026-02-08,Promo 1/2026,NO
D03358,P1621,PERCENTAGE,30,291,203.7,2025-10-13,2025-11-06,Promo 10/2025,NO
D03359,P0508,PERCENTAGE,10,1661,1494.9,2026-08-12,2026-08-29,Promo 8/2026,NO
D03360,P1540,PERCENTAGE,25,487,365.25,2026-05-02,2026-06-01,Promo 5/2026,NO
D03361,P0978,PERCENTAGE,20,424,339.2,2026-04-25,2026-05-19,Promo 4/2026,NO
D03362,P1055,PERCENTAGE,20,403,322.4,2026-08-01,2026-08-30,Promo 8/2026,NO
D03363,P1015,PERCENTAGE,20,322,257.6,2026-06-21,2026-07-17,Promo 6/2026,NO
D03364,P0384,PERCENTAGE,15,1088,924.8,2026-01-07,2026-01-27,Promo 1/2026,NO
D03365,P0026,PERCENTAGE,15,562,477.7,2025-10-30,2025-11-09,Promo 10/2025,NO
D03366,P0506,PERCENTAGE,15,550,467.5,2026-07-05,2026-07-28,Promo 7/2026,NO
D03367,P0354,PERCENTAGE,5,404,383.8,2025-10-20,2025-11-12,Promo 10/2025,NO
D03368,P1941,PERCENTAGE,15,553,470.05,2025-10-23,2025-11-18,Promo 10/2025,NO
D03369,P1666,PERCENTAGE,10,447,402.3,2026-08-27,2026-09-06,Promo 8/2026,NO
D03370,P0671,PERCENTAGE,10,320,288.0,2026-03-13,2026-04-08,Promo 3/2026,NO
D03371,P1082,PERCENTAGE,30,331,231.7,2026-04-05,2026-04-18,Promo 4/2026,NO
D03372,P1999,PERCENTAGE,25,254,190.5,2026-05-17,2026-05-26,Promo 5/2026,NO
D03373,P0317,PERCENTAGE,10,82,73.8,2025-12-19,2026-01-07,Promo 12/2025,NO
D03374,P0021,PERCENTAGE,5,321,304.95,2025-10-10,2025-10-17,Promo 10/2025,NO
D03375,P1837,PERCENTAGE,5,366,347.7,2025-10-24,2025-11-09,Promo 10/2025,NO
D03376,P0610,PERCENTAGE,5,376,357.2,2026-01-01,2026-01-28,Promo 1/2026,NO
D03377,P1349,PERCENTAGE,30,412,288.4,2026-09-13,2026-10-04,Promo 9/2026,YES
D03378,P1905,PERCENTAGE,20,140,112.0,2026-04-25,2026-05-06,Promo 4/2026,NO
D03379,P1721,PERCENTAGE,25,394,295.5,2025-10-31,2025-11-30,Promo 10/2025,NO
D03380,P1530,PERCENTAGE,5,604,573.8,2025-11-05,2025-11-21,Promo 11/2025,NO
D03381,P1518,PERCENTAGE,30,359,251.3,2026-02-28,2026-03-28,Promo 2/2026,NO
D03382,P0465,PERCENTAGE,5,194,184.3,2025-09-30,2025-10-16,Promo 9/2025,NO
D03383,P1498,PERCENTAGE,25,514,385.5,2026-01-13,2026-01-22,Promo 1/2026,NO
D03384,P0446,PERCENTAGE,15,525,446.25,2026-05-08,2026-05-18,Promo 5/2026,NO
D03385,P0035,PERCENTAGE,10,286,257.4,2026-06-07,2026-06-30,Promo 6/2026,NO
D03386,P1663,PERCENTAGE,25,387,290.25,2026-06-28,2026-07-20,Promo 6/2026,NO
D03387,P0659,PERCENTAGE,10,571,513.9,2026-05-13,2026-06-09,Promo 5/2026,NO
D03388,P1728,PERCENTAGE,25,302,226.5,2026-06-10,2026-07-02,Promo 6/2026,NO
D03389,P0272,PERCENTAGE,5,311,295.45,2026-06-08,2026-07-03,Promo 6/2026,NO
D03390,P1256,PERCENTAGE,25,344,258.0,2025-10-28,2025-11-17,Promo 10/2025,NO
D03391,P1320,PERCENTAGE,15,169,143.65,2026-07-22,2026-08-19,Promo 7/2026,NO
D03392,P0786,PERCENTAGE,15,498,423.3,2025-10-05,2025-10-17,Promo 10/2025,NO
D03393,P1521,PERCENTAGE,30,130,91.0,2025-10-14,2025-11-12,Promo 10/2025,NO
D03394,P0278,PERCENTAGE,15,296,251.6,2026-08-21,2026-08-28,Promo 8/2026,NO
D03395,P0675,PERCENTAGE,25,205,153.75,2026-01-24,2026-02-22,Promo 1/2026,NO
D03396,P1330,PERCENTAGE,10,539,485.1,2026-06-07,2026-06-15,Promo 6/2026,NO
D03397,P1063,PERCENTAGE,10,73,65.7,2026-09-10,2026-09-24,Promo 9/2026,NO
D03398,P0690,PERCENTAGE,10,493,443.7,2026-09-19,2026-09-26,Promo 9/2026,NO
D03399,P1168,PERCENTAGE,20,576,460.8,2025-11-27,2025-12-17,Promo 11/2025,NO
D03400,P0877,PERCENTAGE,25,571,428.25,2026-09-08,2026-09-18,Promo 9/2026,NO
D03401,P1275,PERCENTAGE,15,254,215.9,2026-09-15,2026-10-09,Promo 9/2026,YES
D03402,P1855,PERCENTAGE,25,412,309.0,2025-10-11,2025-10-30,Promo 10/2025,NO
D03403,P0257,PERCENTAGE,25,656,492.0,2025-11-23,2025-12-17,Promo 11/2025,NO
D03404,P1887,PERCENTAGE,5,1212,1151.4,2026-04-19,2026-05-16,Promo 4/2026,NO
D03405,P1756,PERCENTAGE,15,376,319.6,2026-05-02,2026-05-21,Promo 5/2026,NO
D03406,P1094,PERCENTAGE,10,213,191.7,2026-08-14,2026-08-21,Promo 8/2026,NO
D03407,P0175,PERCENTAGE,20,1214,971.2,2026-09-03,2026-10-01,Promo 9/2026,YES
D03408,P0747,PERCENTAGE,10,416,374.4,2026-03-07,2026-04-03,Promo 3/2026,NO
D03409,P1916,PERCENTAGE,5,625,593.75,2026-08-23,2026-09-13,Promo 8/2026,NO
D03410,P1261,PERCENTAGE,20,543,434.4,2026-03-06,2026-03-26,Promo 3/2026,NO
D03411,P0206,PERCENTAGE,25,453,339.75,2026-09-20,2026-10-10,Promo 9/2026,YES
D03412,P1172,PERCENTAGE,15,274,232.9,2025-11-11,2025-12-03,Promo 11/2025,NO
D03413,P0314,PERCENTAGE,30,139,97.3,2026-03-01,2026-03-31,Promo 3/2026,NO
D03414,P1315,PERCENTAGE,15,288,244.8,2026-09-16,2026-09-23,Promo 9/2026,NO
D03415,P0635,PERCENTAGE,10,578,520.2,2026-04-25,2026-05-11,Promo 4/2026,NO
D03416,P1006,PERCENTAGE,15,287,243.95,2025-10-08,2025-10-18,Promo 10/2025,NO
D03417,P1456,PERCENTAGE,10,401,360.9,2026-07-13,2026-07-30,Promo 7/2026,NO
D03418,P0462,PERCENTAGE,5,293,278.35,2025-10-24,2025-11-21,Promo 10/2025,NO
D03419,P0398,PERCENTAGE,20,258,206.4,2026-09-01,2026-09-29,Promo 9/2026,YES
D03420,P1268,PERCENTAGE,15,672,571.2,2026-05-25,2026-06-13,Promo 5/2026,NO
D03421,P0199,PERCENTAGE,5,812,771.4,2026-05-17,2026-05-25,Promo 5/2026,NO
D03422,P1017,PERCENTAGE,20,525,420.0,2025-10-11,2025-11-02,Promo 10/2025,NO
D03423,P0403,PERCENTAGE,30,698,488.6,2025-12-30,2026-01-11,Promo 12/2025,NO
D03424,P0151,PERCENTAGE,20,231,184.8,2026-01-17,2026-02-04,Promo 1/2026,NO
D03425,P0128,PERCENTAGE,10,436,392.4,2025-11-21,2025-12-11,Promo 11/2025,NO
D03426,P0177,PERCENTAGE,25,241,180.75,2025-11-12,2025-12-10,Promo 11/2025,NO
D03427,P0368,PERCENTAGE,5,393,373.35,2026-08-20,2026-08-31,Promo 8/2026,NO
D03428,P1424,PERCENTAGE,15,472,401.2,2026-07-21,2026-08-16,Promo 7/2026,NO
D03429,P1525,PERCENTAGE,25,1023,767.25,2025-12-12,2026-01-07,Promo 12/2025,NO
D03430,P1480,PERCENTAGE,5,462,438.9,2026-01-04,2026-01-29,Promo 1/2026,NO
D03431,P0407,PERCENTAGE,25,304,228.0,2026-04-08,2026-04-30,Promo 4/2026,NO
D03432,P0397,PERCENTAGE,10,419,377.1,2026-09-08,2026-09-29,Promo 9/2026,YES
D03433,P0083,PERCENTAGE,10,648,583.2,2026-07-11,2026-07-27,Promo 7/2026,NO
D03434,P1499,PERCENTAGE,10,345,310.5,2026-09-23,2026-10-09,Promo 9/2026,YES
D03435,P1745,PERCENTAGE,15,552,469.2,2026-01-31,2026-02-15,Promo 1/2026,NO
D03436,P1734,PERCENTAGE,20,1677,1341.6,2026-01-21,2026-02-06,Promo 1/2026,NO
D03437,P1127,PERCENTAGE,25,519,389.25,2026-04-28,2026-05-05,Promo 4/2026,NO
D03438,P1597,PERCENTAGE,15,321,272.85,2026-01-05,2026-01-27,Promo 1/2026,NO
D03439,P0884,PERCENTAGE,5,588,558.6,2026-09-05,2026-09-26,Promo 9/2026,NO
D03440,P1536,PERCENTAGE,25,621,465.75,2025-11-25,2025-12-15,Promo 11/2025,NO
D03441,P1774,PERCENTAGE,10,231,207.9,2025-10-19,2025-11-02,Promo 10/2025,NO
D03442,P0646,PERCENTAGE,5,304,288.8,2025-12-16,2025-12-23,Promo 12/2025,NO
D03443,P1417,PERCENTAGE,20,221,176.8,2026-01-27,2026-02-16,Promo 1/2026,NO
D03444,P0659,PERCENTAGE,5,571,542.45,2025-12-11,2026-01-06,Promo 12/2025,NO
D03445,P0147,PERCENTAGE,20,218,174.4,2025-10-25,2025-11-21,Promo 10/2025,NO
D03446,P0070,PERCENTAGE,30,258,180.6,2026-03-10,2026-04-03,Promo 3/2026,NO
D03447,P1748,PERCENTAGE,15,98,83.3,2025-10-19,2025-10-28,Promo 10/2025,NO
D03448,P0990,PERCENTAGE,30,449,314.3,2026-06-23,2026-07-07,Promo 6/2026,NO
D03449,P1969,PERCENTAGE,30,550,385.0,2026-03-30,2026-04-11,Promo 3/2026,NO
D03450,P1770,PERCENTAGE,25,296,222.0,2026-05-03,2026-05-28,Promo 5/2026,NO
D03451,P0711,PERCENTAGE,5,445,422.75,2026-06-13,2026-06-28,Promo 6/2026,NO
D03452,P0721,PERCENTAGE,20,353,282.4,2025-11-02,2025-11-15,Promo 11/2025,NO
D03453,P1990,PERCENTAGE,15,808,686.8,2026-04-02,2026-04-10,Promo 4/2026,NO
D03454,P1240,PERCENTAGE,5,294,279.3,2026-08-17,2026-09-10,Promo 8/2026,NO
D03455,P1628,PERCENTAGE,15,585,497.25,2026-09-25,2026-10-18,Promo 9/2026,YES
D03456,P0003,PERCENTAGE,15,655,556.75,2026-09-21,2026-10-09,Promo 9/2026,YES
D03457,P1116,PERCENTAGE,30,300,210.0,2026-05-13,2026-05-22,Promo 5/2026,NO
D03458,P1493,PERCENTAGE,30,416,291.2,2025-11-03,2025-11-13,Promo 11/2025,NO
D03459,P0658,PERCENTAGE,20,403,322.4,2025-12-14,2025-12-29,Promo 12/2025,NO
D03460,P0556,PERCENTAGE,30,235,164.5,2026-09-18,2026-10-14,Promo 9/2026,YES
D03461,P0804,PERCENTAGE,30,244,170.8,2026-04-25,2026-05-13,Promo 4/2026,NO
D03462,P0510,PERCENTAGE,25,432,324.0,2026-02-21,2026-03-21,Promo 2/2026,NO
D03463,P0240,PERCENTAGE,20,450,360.0,2025-10-18,2025-10-26,Promo 10/2025,NO
D03464,P1325,PERCENTAGE,20,490,392.0,2025-10-27,2025-11-18,Promo 10/2025,NO
D03465,P0006,PERCENTAGE,5,455,432.25,2026-01-29,2026-02-14,Promo 1/2026,NO
D03466,P0024,PERCENTAGE,25,592,444.0,2026-07-28,2026-08-11,Promo 7/2026,NO
D03467,P1828,PERCENTAGE,5,455,432.25,2026-03-31,2026-04-29,Promo 3/2026,NO
D03468,P0638,PERCENTAGE,15,98,83.3,2025-11-03,2025-11-19,Promo 11/2025,NO
D03469,P0241,PERCENTAGE,25,184,138.0,2026-08-24,2026-09-08,Promo 8/2026,NO
D03470,P0038,PERCENTAGE,10,285,256.5,2026-06-25,2026-07-21,Promo 6/2026,NO
D03471,P1891,PERCENTAGE,30,542,379.4,2026-09-04,2026-09-28,Promo 9/2026,YES
D03472,P0307,PERCENTAGE,10,514,462.6,2025-10-29,2025-11-07,Promo 10/2025,NO
D03473,P1648,PERCENTAGE,25,810,607.5,2026-07-30,2026-08-06,Promo 7/2026,NO
D03474,P1395,PERCENTAGE,10,304,273.6,2026-04-06,2026-05-01,Promo 4/2026,NO
D03475,P0784,PERCENTAGE,20,275,220.0,2025-11-10,2025-11-22,Promo 11/2025,NO
D03476,P1572,PERCENTAGE,30,954,667.8,2025-12-13,2026-01-12,Promo 12/2025,NO
D03477,P0082,PERCENTAGE,10,589,530.1,2026-09-01,2026-09-24,Promo 9/2026,NO
D03478,P0762,PERCENTAGE,25,224,168.0,2025-11-17,2025-12-11,Promo 11/2025,NO
D03479,P0818,PERCENTAGE,30,562,393.4,2026-07-26,2026-08-10,Promo 7/2026,NO
D03480,P1287,PERCENTAGE,30,344,240.8,2026-06-26,2026-07-26,Promo 6/2026,NO
D03481,P0044,PERCENTAGE,30,287,200.9,2025-11-02,2025-11-23,Promo 11/2025,NO
D03482,P1094,PERCENTAGE,25,213,159.75,2026-05-10,2026-05-17,Promo 5/2026,NO
D03483,P0311,PERCENTAGE,20,406,324.8,2026-06-17,2026-07-04,Promo 6/2026,NO
D03484,P0323,PERCENTAGE,25,1272,954.0,2026-01-24,2026-02-22,Promo 1/2026,NO
D03485,P0693,PERCENTAGE,5,255,242.25,2026-09-20,2026-10-09,Promo 9/2026,YES
D03486,P0579,PERCENTAGE,30,864,604.8,2026-08-21,2026-09-10,Promo 8/2026,NO
D03487,P1453,PERCENTAGE,25,299,224.25,2026-08-09,2026-08-22,Promo 8/2026,NO
D03488,P1776,PERCENTAGE,10,541,486.9,2025-10-02,2025-11-01,Promo 10/2025,NO
D03489,P0485,PERCENTAGE,15,1051,893.35,2025-11-17,2025-12-17,Promo 11/2025,NO
D03490,P0856,PERCENTAGE,10,455,409.5,2026-01-21,2026-02-03,Promo 1/2026,NO
D03491,P0114,PERCENTAGE,10,361,324.9,2026-09-12,2026-10-08,Promo 9/2026,YES
D03492,P0960,PERCENTAGE,15,541,459.85,2026-03-25,2026-04-09,Promo 3/2026,NO
D03493,P1741,PERCENTAGE,5,1282,1217.9,2026-06-12,2026-07-05,Promo 6/2026,NO
D03494,P1860,PERCENTAGE,25,564,423.0,2026-08-28,2026-09-05,Promo 8/2026,NO
D03495,P1561,PERCENTAGE,20,389,311.2,2025-09-27,2025-10-19,Promo 9/2025,NO
D03496,P0088,PERCENTAGE,25,297,222.75,2025-11-27,2025-12-27,Promo 11/2025,NO
D03497,P1977,PERCENTAGE,25,619,464.25,2026-09-23,2026-10-17,Promo 9/2026,YES
D03498,P0990,PERCENTAGE,5,449,426.55,2026-04-16,2026-05-12,Promo 4/2026,NO
D03499,P0345,PERCENTAGE,5,503,477.85,2026-04-29,2026-05-27,Promo 4/2026,NO
D03500,P1466,PERCENTAGE,5,250,237.5,2026-08-03,2026-08-29,Promo 8/2026,NO
D03501,P1433,PERCENTAGE,25,306,229.5,2026-06-07,2026-06-16,Promo 6/2026,NO
D03502,P1108,PERCENTAGE,30,588,411.6,2025-10-30,2025-11-28,Promo 10/2025,NO
D03503,P1289,PERCENTAGE,15,417,354.45,2026-01-16,2026-01-30,Promo 1/2026,NO
D03504,P0162,PERCENTAGE,5,371,352.45,2025-10-31,2025-11-13,Promo 10/2025,NO
D03505,P1395,PERCENTAGE,10,304,273.6,2025-11-11,2025-11-30,Promo 11/2025,NO
D03506,P0776,PERCENTAGE,5,460,437.0,2025-11-16,2025-11-26,Promo 11/2025,NO
D03507,P0687,PERCENTAGE,25,317,237.75,2026-08-18,2026-09-02,Promo 8/2026,NO
D03508,P1134,PERCENTAGE,15,619,526.15,2026-04-21,2026-05-15,Promo 4/2026,NO
D03509,P0097,PERCENTAGE,15,301,255.85,2026-03-23,2026-04-04,Promo 3/2026,NO
D03510,P1640,PERCENTAGE,20,626,500.8,2026-08-22,2026-09-05,Promo 8/2026,NO
D03511,P0382,PERCENTAGE,30,383,268.1,2026-05-29,2026-06-08,Promo 5/2026,NO
D03512,P0229,PERCENTAGE,25,210,157.5,2026-01-20,2026-02-16,Promo 1/2026,NO
D03513,P0826,PERCENTAGE,5,420,399.0,2026-01-27,2026-02-12,Promo 1/2026,NO
D03514,P0932,PERCENTAGE,30,417,291.9,2025-11-18,2025-12-16,Promo 11/2025,NO
D03515,P0326,PERCENTAGE,10,202,181.8,2026-09-13,2026-09-20,Promo 9/2026,NO
D03516,P0643,PERCENTAGE,10,303,272.7,2026-04-02,2026-04-28,Promo 4/2026,NO
D03517,P1854,PERCENTAGE,20,285,228.0,2026-09-23,2026-10-21,Promo 9/2026,YES
D03518,P0015,PERCENTAGE,20,370,296.0,2026-06-23,2026-07-15,Promo 6/2026,NO
D03519,P1950,PERCENTAGE,15,515,437.75,2025-10-25,2025-11-12,Promo 10/2025,NO
D03520,P1457,PERCENTAGE,15,574,487.9,2026-07-23,2026-08-08,Promo 7/2026,NO
D03521,P0984,PERCENTAGE,30,1646,1152.2,2026-09-21,2026-10-20,Promo 9/2026,YES
D03522,P1964,PERCENTAGE,5,305,289.75,2026-05-19,2026-06-12,Promo 5/2026,NO
D03523,P1391,PERCENTAGE,30,228,159.6,2025-12-17,2025-12-28,Promo 12/2025,NO
D03524,P1882,PERCENTAGE,30,520,364.0,2026-03-14,2026-03-27,Promo 3/2026,NO
D03525,P0164,PERCENTAGE,20,395,316.0,2026-03-30,2026-04-08,Promo 3/2026,NO
D03526,P0593,PERCENTAGE,20,494,395.2,2026-08-21,2026-09-20,Promo 8/2026,NO
D03527,P0151,PERCENTAGE,25,231,173.25,2026-04-12,2026-05-07,Promo 4/2026,NO
D03528,P0695,PERCENTAGE,30,373,261.1,2026-02-16,2026-03-02,Promo 2/2026,NO
D03529,P1181,PERCENTAGE,15,378,321.3,2026-04-04,2026-04-24,Promo 4/2026,NO
D03530,P1795,PERCENTAGE,20,485,388.0,2026-02-20,2026-03-11,Promo 2/2026,NO
D03531,P0836,PERCENTAGE,10,422,379.8,2026-01-18,2026-02-07,Promo 1/2026,NO
D03532,P0369,PERCENTAGE,10,261,234.9,2026-08-26,2026-09-12,Promo 8/2026,NO
D03533,P1440,PERCENTAGE,25,208,156.0,2026-03-11,2026-03-30,Promo 3/2026,NO
D03534,P1890,PERCENTAGE,5,356,338.2,2025-12-07,2025-12-25,Promo 12/2025,NO
D03535,P0476,PERCENTAGE,5,591,561.45,2026-05-19,2026-05-30,Promo 5/2026,NO
D03536,P1535,PERCENTAGE,20,872,697.6,2025-10-23,2025-11-01,Promo 10/2025,NO
D03537,P1516,PERCENTAGE,25,352,264.0,2025-12-27,2026-01-12,Promo 12/2025,NO
D03538,P0034,PERCENTAGE,10,287,258.3,2026-04-29,2026-05-17,Promo 4/2026,NO
D03539,P0996,PERCENTAGE,25,178,133.5,2026-07-29,2026-08-19,Promo 7/2026,NO
D03540,P0013,PERCENTAGE,10,419,377.1,2025-10-26,2025-11-14,Promo 10/2025,NO
D03541,P1059,PERCENTAGE,20,521,416.8,2025-10-10,2025-10-18,Promo 10/2025,NO
D03542,P0678,PERCENTAGE,5,151,143.45,2026-09-17,2026-10-06,Promo 9/2026,YES
D03543,P0485,PERCENTAGE,5,1051,998.45,2026-05-31,2026-06-19,Promo 5/2026,NO
D03544,P0811,PERCENTAGE,10,385,346.5,2026-04-07,2026-04-27,Promo 4/2026,NO
D03545,P1699,PERCENTAGE,5,284,269.8,2026-01-21,2026-02-08,Promo 1/2026,NO
D03546,P0091,PERCENTAGE,10,377,339.3,2026-05-22,2026-06-21,Promo 5/2026,NO
D03547,P1088,PERCENTAGE,30,640,448.0,2025-11-08,2025-11-17,Promo 11/2025,NO
D03548,P1326,PERCENTAGE,30,453,317.1,2026-06-08,2026-06-28,Promo 6/2026,NO
D03549,P0545,PERCENTAGE,5,596,566.2,2026-02-20,2026-03-18,Promo 2/2026,NO
D03550,P1117,PERCENTAGE,25,434,325.5,2025-11-12,2025-11-22,Promo 11/2025,NO
D03551,P0023,PERCENTAGE,10,506,455.4,2026-07-26,2026-08-20,Promo 7/2026,NO
D03552,P0090,PERCENTAGE,25,395,296.25,2026-05-08,2026-05-18,Promo 5/2026,NO
D03553,P0338,PERCENTAGE,5,296,281.2,2026-01-15,2026-02-14,Promo 1/2026,NO
D03554,P0486,PERCENTAGE,30,371,259.7,2025-11-30,2025-12-07,Promo 11/2025,NO
D03555,P0294,PERCENTAGE,15,339,288.15,2025-12-31,2026-01-11,Promo 12/2025,NO
D03556,P0048,PERCENTAGE,25,225,168.75,2026-06-02,2026-06-17,Promo 6/2026,NO
D03557,P0695,PERCENTAGE,10,373,335.7,2025-11-23,2025-12-22,Promo 11/2025,NO
D03558,P0410,PERCENTAGE,20,365,292.0,2025-11-11,2025-11-29,Promo 11/2025,NO
D03559,P1165,PERCENTAGE,20,271,216.8,2026-02-08,2026-03-09,Promo 2/2026,NO
D03560,P1224,PERCENTAGE,15,487,413.95,2026-01-14,2026-01-28,Promo 1/2026,NO
D03561,P1757,PERCENTAGE,5,280,266.0,2026-09-01,2026-09-26,Promo 9/2026,NO
D03562,P1330,PERCENTAGE,10,539,485.1,2025-10-14,2025-11-02,Promo 10/2025,NO
D03563,P0086,PERCENTAGE,5,314,298.3,2025-10-25,2025-11-20,Promo 10/2025,NO
D03564,P1468,PERCENTAGE,25,587,440.25,2026-06-28,2026-07-18,Promo 6/2026,NO
D03565,P0089,PERCENTAGE,10,329,296.1,2025-12-27,2026-01-17,Promo 12/2025,NO
D03566,P0715,PERCENTAGE,20,642,513.6,2025-10-28,2025-11-13,Promo 10/2025,NO
D03567,P1355,PERCENTAGE,15,331,281.35,2026-09-18,2026-10-03,Promo 9/2026,YES
D03568,P1662,PERCENTAGE,15,715,607.75,2026-02-03,2026-03-02,Promo 2/2026,NO
D03569,P1210,PERCENTAGE,10,437,393.3,2025-12-19,2025-12-27,Promo 12/2025,NO
D03570,P0654,PERCENTAGE,15,308,261.8,2026-02-01,2026-03-03,Promo 2/2026,NO
D03571,P1141,PERCENTAGE,25,413,309.75,2025-10-15,2025-10-31,Promo 10/2025,NO
D03572,P1421,PERCENTAGE,15,215,182.75,2026-03-04,2026-03-21,Promo 3/2026,NO
D03573,P0462,PERCENTAGE,25,293,219.75,2026-05-15,2026-05-24,Promo 5/2026,NO
D03574,P0255,PERCENTAGE,25,600,450.0,2026-06-10,2026-06-17,Promo 6/2026,NO
D03575,P1292,PERCENTAGE,25,505,378.75,2026-03-13,2026-03-23,Promo 3/2026,NO
D03576,P1472,PERCENTAGE,25,398,298.5,2026-06-10,2026-07-06,Promo 6/2026,NO
D03577,P0798,PERCENTAGE,15,244,207.4,2025-12-07,2026-01-03,Promo 12/2025,NO
D03578,P0718,PERCENTAGE,25,622,466.5,2026-02-23,2026-03-08,Promo 2/2026,NO
D03579,P0581,PERCENTAGE,15,284,241.4,2025-10-21,2025-11-07,Promo 10/2025,NO
D03580,P0816,PERCENTAGE,20,322,257.6,2026-03-02,2026-03-14,Promo 3/2026,NO
D03581,P1776,PERCENTAGE,10,541,486.9,2026-04-26,2026-05-22,Promo 4/2026,NO
D03582,P1627,PERCENTAGE,30,303,212.1,2026-01-02,2026-01-20,Promo 1/2026,NO
D03583,P0306,PERCENTAGE,5,326,309.7,2026-08-08,2026-08-30,Promo 8/2026,NO
D03584,P1263,PERCENTAGE,20,185,148.0,2026-02-06,2026-02-14,Promo 2/2026,NO
D03585,P0645,PERCENTAGE,30,599,419.3,2026-02-03,2026-02-23,Promo 2/2026,NO
D03586,P0779,PERCENTAGE,5,339,322.05,2025-11-29,2025-12-13,Promo 11/2025,NO
D03587,P1986,PERCENTAGE,20,625,500.0,2026-01-29,2026-02-08,Promo 1/2026,NO
D03588,P1661,PERCENTAGE,20,225,180.0,2025-12-03,2025-12-14,Promo 12/2025,NO
D03589,P0635,PERCENTAGE,25,578,433.5,2026-07-17,2026-08-06,Promo 7/2026,NO
D03590,P0063,PERCENTAGE,20,98,78.4,2026-06-07,2026-06-14,Promo 6/2026,NO
D03591,P0607,PERCENTAGE,20,476,380.8,2026-04-06,2026-05-03,Promo 4/2026,NO
D03592,P0316,PERCENTAGE,20,491,392.8,2026-07-10,2026-07-29,Promo 7/2026,NO
D03593,P0033,PERCENTAGE,10,1633,1469.7,2026-01-25,2026-02-07,Promo 1/2026,NO
D03594,P0724,PERCENTAGE,5,226,214.7,2026-09-07,2026-09-25,Promo 9/2026,NO
D03595,P1033,PERCENTAGE,15,465,395.25,2025-10-25,2025-11-01,Promo 10/2025,NO
D03596,P0146,PERCENTAGE,15,244,207.4,2025-09-26,2025-10-09,Promo 9/2025,NO
D03597,P1395,PERCENTAGE,5,304,288.8,2025-11-18,2025-11-27,Promo 11/2025,NO
D03598,P0904,PERCENTAGE,10,266,239.4,2026-05-29,2026-06-26,Promo 5/2026,NO
D03599,P1487,PERCENTAGE,30,320,224.0,2026-02-14,2026-02-23,Promo 2/2026,NO
D03600,P0867,PERCENTAGE,20,526,420.8,2026-01-13,2026-01-23,Promo 1/2026,NO
D03601,P0648,PERCENTAGE,20,450,360.0,2026-04-02,2026-04-10,Promo 4/2026,NO
D03602,P0711,PERCENTAGE,25,445,333.75,2026-07-02,2026-07-23,Promo 7/2026,NO
D03603,P1172,PERCENTAGE,5,274,260.3,2026-08-06,2026-08-24,Promo 8/2026,NO
D03604,P0265,PERCENTAGE,10,628,565.2,2025-10-21,2025-11-05,Promo 10/2025,NO
D03605,P0619,PERCENTAGE,5,462,438.9,2026-09-23,2026-10-06,Promo 9/2026,YES
D03606,P0503,PERCENTAGE,25,203,152.25,2026-06-27,2026-07-14,Promo 6/2026,NO
D03607,P0630,PERCENTAGE,20,408,326.4,2026-03-26,2026-04-20,Promo 3/2026,NO
D03608,P0544,PERCENTAGE,5,220,209.0,2026-05-10,2026-06-08,Promo 5/2026,NO
D03609,P0769,PERCENTAGE,15,403,342.55,2026-04-24,2026-05-24,Promo 4/2026,NO
D03610,P1527,PERCENTAGE,15,527,447.95,2026-05-15,2026-05-28,Promo 5/2026,NO
D03611,P0199,PERCENTAGE,30,812,568.4,2026-06-26,2026-07-13,Promo 6/2026,NO
D03612,P1423,PERCENTAGE,20,491,392.8,2026-05-22,2026-06-16,Promo 5/2026,NO
D03613,P0112,PERCENTAGE,15,960,816.0,2026-01-11,2026-02-10,Promo 1/2026,NO
D03614,P0943,PERCENTAGE,5,306,290.7,2026-04-16,2026-05-11,Promo 4/2026,NO
D03615,P1912,PERCENTAGE,30,178,124.6,2026-04-18,2026-04-27,Promo 4/2026,NO
D03616,P1554,PERCENTAGE,30,271,189.7,2026-09-16,2026-10-09,Promo 9/2026,YES
D03617,P1306,PERCENTAGE,25,432,324.0,2026-09-14,2026-10-08,Promo 9/2026,YES
D03618,P0815,PERCENTAGE,20,434,347.2,2026-02-12,2026-03-14,Promo 2/2026,NO
D03619,P1919,PERCENTAGE,15,263,223.55,2026-03-10,2026-04-08,Promo 3/2026,NO
D03620,P0829,PERCENTAGE,25,387,290.25,2026-02-24,2026-03-09,Promo 2/2026,NO
D03621,P0880,PERCENTAGE,15,552,469.2,2026-05-18,2026-06-06,Promo 5/2026,NO
D03622,P1813,PERCENTAGE,5,561,532.95,2026-01-13,2026-02-06,Promo 1/2026,NO
D03623,P0482,PERCENTAGE,10,527,474.3,2026-04-10,2026-04-27,Promo 4/2026,NO
D03624,P1462,PERCENTAGE,25,298,223.5,2026-05-05,2026-05-27,Promo 5/2026,NO
D03625,P0541,PERCENTAGE,30,239,167.3,2026-05-16,2026-06-13,Promo 5/2026,NO
D03626,P1146,PERCENTAGE,20,334,267.2,2025-12-20,2026-01-08,Promo 12/2025,NO
D03627,P1121,PERCENTAGE,5,222,210.9,2025-10-18,2025-11-05,Promo 10/2025,NO
D03628,P1407,PERCENTAGE,20,315,252.0,2025-10-07,2025-10-15,Promo 10/2025,NO
D03629,P1582,PERCENTAGE,10,825,742.5,2026-02-16,2026-03-02,Promo 2/2026,NO
D03630,P1528,PERCENTAGE,30,345,241.5,2025-11-06,2025-11-28,Promo 11/2025,NO
D03631,P1736,PERCENTAGE,20,259,207.2,2026-05-13,2026-06-12,Promo 5/2026,NO
D03632,P0182,PERCENTAGE,25,667,500.25,2026-05-28,2026-06-12,Promo 5/2026,NO
D03633,P0501,PERCENTAGE,5,263,249.85,2026-06-25,2026-07-22,Promo 6/2026,NO
D03634,P0206,PERCENTAGE,25,453,339.75,2026-07-06,2026-07-18,Promo 7/2026,NO
D03635,P0336,PERCENTAGE,5,255,242.25,2026-02-05,2026-03-03,Promo 2/2026,NO
D03636,P0738,PERCENTAGE,20,70,56.0,2026-03-13,2026-04-04,Promo 3/2026,NO
D03637,P0496,PERCENTAGE,10,619,557.1,2026-03-20,2026-04-02,Promo 3/2026,NO
D03638,P1742,PERCENTAGE,10,507,456.3,2026-02-08,2026-03-09,Promo 2/2026,NO
D03639,P1447,PERCENTAGE,25,633,474.75,2026-09-25,2026-10-24,Promo 9/2026,YES
D03640,P0982,PERCENTAGE,10,364,327.6,2026-06-10,2026-07-08,Promo 6/2026,NO
D03641,P0273,PERCENTAGE,10,269,242.1,2026-09-17,2026-10-12,Promo 9/2026,YES
D03642,P1763,PERCENTAGE,20,214,171.2,2026-03-01,2026-03-17,Promo 3/2026,NO
D03643,P0531,PERCENTAGE,5,311,295.45,2025-12-15,2025-12-27,Promo 12/2025,NO
D03644,P1779,PERCENTAGE,25,256,192.0,2026-02-14,2026-02-25,Promo 2/2026,NO
D03645,P0660,PERCENTAGE,10,312,280.8,2026-02-14,2026-02-26,Promo 2/2026,NO
D03646,P1671,PERCENTAGE,20,273,218.4,2026-07-25,2026-08-15,Promo 7/2026,NO
D03647,P0771,PERCENTAGE,25,651,488.25,2026-04-10,2026-05-05,Promo 4/2026,NO
D03648,P1337,PERCENTAGE,10,571,513.9,2026-01-19,2026-02-03,Promo 1/2026,NO
D03649,P0339,PERCENTAGE,20,431,344.8,2026-09-05,2026-09-27,Promo 9/2026,YES
D03650,P1881,PERCENTAGE,10,294,264.6,2025-11-21,2025-12-17,Promo 11/2025,NO
D03651,P1911,PERCENTAGE,30,213,149.1,2026-08-22,2026-09-03,Promo 8/2026,NO
D03652,P0459,PERCENTAGE,30,650,455.0,2025-12-06,2025-12-30,Promo 12/2025,NO
D03653,P1777,PERCENTAGE,15,367,311.95,2026-03-19,2026-04-15,Promo 3/2026,NO
D03654,P0289,PERCENTAGE,5,464,440.8,2026-05-31,2026-06-11,Promo 5/2026,NO
D03655,P0489,PERCENTAGE,30,432,302.4,2026-07-04,2026-07-16,Promo 7/2026,NO
D03656,P0045,PERCENTAGE,25,582,436.5,2025-10-29,2025-11-08,Promo 10/2025,NO
D03657,P0515,PERCENTAGE,30,921,644.7,2026-03-21,2026-03-28,Promo 3/2026,NO
D03658,P0134,PERCENTAGE,20,635,508.0,2025-11-25,2025-12-21,Promo 11/2025,NO
D03659,P0387,PERCENTAGE,10,509,458.1,2026-02-24,2026-03-08,Promo 2/2026,NO
D03660,P1058,PERCENTAGE,15,450,382.5,2026-03-01,2026-03-17,Promo 3/2026,NO
D03661,P0284,PERCENTAGE,10,533,479.7,2025-11-16,2025-12-02,Promo 11/2025,NO
D03662,P1014,PERCENTAGE,30,275,192.5,2026-07-18,2026-07-27,Promo 7/2026,NO
D03663,P1239,PERCENTAGE,25,314,235.5,2026-06-06,2026-06-29,Promo 6/2026,NO
D03664,P0306,PERCENTAGE,25,326,244.5,2026-02-13,2026-02-20,Promo 2/2026,NO
D03665,P1638,PERCENTAGE,30,113,79.1,2026-03-02,2026-03-24,Promo 3/2026,NO
D03666,P0679,PERCENTAGE,15,533,453.05,2026-02-15,2026-02-24,Promo 2/2026,NO
D03667,P0673,PERCENTAGE,15,330,280.5,2025-10-06,2025-11-04,Promo 10/2025,NO
D03668,P0701,PERCENTAGE,10,622,559.8,2026-01-04,2026-01-23,Promo 1/2026,NO
D03669,P0118,PERCENTAGE,20,416,332.8,2026-02-21,2026-03-10,Promo 2/2026,NO
D03670,P0894,PERCENTAGE,25,1076,807.0,2026-08-31,2026-09-29,Promo 8/2026,YES
D03671,P1248,PERCENTAGE,25,388,291.0,2025-09-29,2025-10-08,Promo 9/2025,NO
D03672,P0414,PERCENTAGE,25,405,303.75,2026-03-30,2026-04-13,Promo 3/2026,NO
D03673,P0255,PERCENTAGE,5,600,570.0,2025-10-04,2025-10-11,Promo 10/2025,NO
D03674,P1468,PERCENTAGE,20,587,469.6,2026-06-10,2026-06-26,Promo 6/2026,NO
D03675,P0504,PERCENTAGE,10,548,493.2,2025-10-12,2025-11-09,Promo 10/2025,NO
D03676,P0317,PERCENTAGE,10,82,73.8,2025-10-28,2025-11-17,Promo 10/2025,NO
D03677,P1281,PERCENTAGE,30,304,212.8,2026-01-18,2026-01-29,Promo 1/2026,NO
D03678,P1872,PERCENTAGE,10,288,259.2,2026-08-25,2026-09-16,Promo 8/2026,NO
D03679,P0921,PERCENTAGE,20,576,460.8,2026-06-06,2026-06-27,Promo 6/2026,NO
D03680,P0448,PERCENTAGE,10,333,299.7,2026-09-18,2026-09-27,Promo 9/2026,YES
D03681,P0849,PERCENTAGE,30,307,214.9,2026-01-10,2026-02-02,Promo 1/2026,NO
D03682,P1434,PERCENTAGE,5,222,210.9,2025-11-08,2025-11-27,Promo 11/2025,NO
D03683,P0823,PERCENTAGE,15,357,303.45,2026-08-17,2026-09-16,Promo 8/2026,NO
D03684,P0980,PERCENTAGE,5,481,456.95,2025-12-21,2026-01-11,Promo 12/2025,NO
D03685,P0008,PERCENTAGE,10,312,280.8,2025-09-27,2025-10-21,Promo 9/2025,NO
D03686,P0741,PERCENTAGE,5,204,193.8,2026-08-09,2026-08-23,Promo 8/2026,NO
D03687,P0776,PERCENTAGE,5,460,437.0,2026-02-19,2026-03-08,Promo 2/2026,NO
D03688,P1259,PERCENTAGE,15,355,301.75,2026-04-11,2026-04-23,Promo 4/2026,NO
D03689,P1278,PERCENTAGE,25,245,183.75,2026-06-04,2026-06-20,Promo 6/2026,NO
D03690,P0278,PERCENTAGE,30,296,207.2,2026-03-08,2026-03-24,Promo 3/2026,NO
D03691,P0174,PERCENTAGE,30,477,333.9,2026-08-26,2026-09-03,Promo 8/2026,NO
D03692,P1312,PERCENTAGE,20,481,384.8,2025-12-04,2026-01-02,Promo 12/2025,NO
D03693,P0610,PERCENTAGE,30,376,263.2,2026-01-05,2026-01-13,Promo 1/2026,NO
D03694,P0271,PERCENTAGE,20,810,648.0,2025-10-11,2025-10-26,Promo 10/2025,NO
D03695,P0038,PERCENTAGE,30,285,199.5,2026-07-28,2026-08-24,Promo 7/2026,NO
D03696,P1779,PERCENTAGE,20,256,204.8,2026-06-25,2026-07-17,Promo 6/2026,NO
D03697,P1601,PERCENTAGE,15,276,234.6,2026-04-12,2026-05-05,Promo 4/2026,NO
D03698,P0343,PERCENTAGE,20,486,388.8,2026-03-17,2026-04-07,Promo 3/2026,NO
D03699,P0861,PERCENTAGE,10,429,386.1,2026-07-25,2026-08-12,Promo 7/2026,NO
D03700,P1166,PERCENTAGE,5,270,256.5,2026-08-05,2026-08-25,Promo 8/2026,NO
D03701,P1701,PERCENTAGE,10,1100,990.0,2025-11-04,2025-11-11,Promo 11/2025,NO
D03702,P1726,PERCENTAGE,5,698,663.1,2026-09-01,2026-09-15,Promo 9/2026,NO
D03703,P1448,PERCENTAGE,20,283,226.4,2025-09-27,2025-10-10,Promo 9/2025,NO
D03704,P1649,PERCENTAGE,25,564,423.0,2025-09-27,2025-10-25,Promo 9/2025,NO
D03705,P0731,PERCENTAGE,30,424,296.8,2026-05-31,2026-06-19,Promo 5/2026,NO
D03706,P1809,PERCENTAGE,15,186,158.1,2026-08-07,2026-08-27,Promo 8/2026,NO
D03707,P1493,PERCENTAGE,5,416,395.2,2026-03-04,2026-03-20,Promo 3/2026,NO
D03708,P1175,PERCENTAGE,20,289,231.2,2026-03-03,2026-03-18,Promo 3/2026,NO
D03709,P0646,PERCENTAGE,25,304,228.0,2026-04-24,2026-05-16,Promo 4/2026,NO
D03710,P1323,PERCENTAGE,25,257,192.75,2026-05-16,2026-05-29,Promo 5/2026,NO
D03711,P0214,PERCENTAGE,25,558,418.5,2025-10-18,2025-10-31,Promo 10/2025,NO
D03712,P1203,PERCENTAGE,30,535,374.5,2026-06-14,2026-07-09,Promo 6/2026,NO
D03713,P1392,PERCENTAGE,20,186,148.8,2026-01-09,2026-02-08,Promo 1/2026,NO
D03714,P1177,PERCENTAGE,25,557,417.75,2026-08-04,2026-09-02,Promo 8/2026,NO
D03715,P0569,PERCENTAGE,25,510,382.5,2026-07-18,2026-07-27,Promo 7/2026,NO
D03716,P0528,PERCENTAGE,25,238,178.5,2025-11-03,2025-12-02,Promo 11/2025,NO
D03717,P1037,PERCENTAGE,20,328,262.4,2026-04-02,2026-04-10,Promo 4/2026,NO
D03718,P1207,PERCENTAGE,30,617,431.9,2025-11-17,2025-12-13,Promo 11/2025,NO
D03719,P1821,PERCENTAGE,15,304,258.4,2026-04-22,2026-05-09,Promo 4/2026,NO
D03720,P0030,PERCENTAGE,15,329,279.65,2025-11-19,2025-12-15,Promo 11/2025,NO
D03721,P1439,PERCENTAGE,30,245,171.5,2025-09-28,2025-10-11,Promo 9/2025,NO
D03722,P0293,PERCENTAGE,20,633,506.4,2026-03-28,2026-04-17,Promo 3/2026,NO
D03723,P0608,PERCENTAGE,10,383,344.7,2026-03-03,2026-03-14,Promo 3/2026,NO
D03724,P0270,PERCENTAGE,30,439,307.3,2025-11-30,2025-12-14,Promo 11/2025,NO
D03725,P1998,PERCENTAGE,25,395,296.25,2025-12-09,2025-12-24,Promo 12/2025,NO
D03726,P1830,PERCENTAGE,20,1251,1000.8,2026-04-08,2026-04-18,Promo 4/2026,NO
D03727,P0268,PERCENTAGE,5,494,469.3,2026-07-02,2026-07-14,Promo 7/2026,NO
D03728,P1472,PERCENTAGE,25,398,298.5,2025-11-08,2025-12-03,Promo 11/2025,NO
D03729,P1442,PERCENTAGE,25,245,183.75,2025-11-12,2025-12-09,Promo 11/2025,NO
D03730,P0153,PERCENTAGE,30,355,248.5,2026-02-09,2026-02-19,Promo 2/2026,NO
D03731,P0675,PERCENTAGE,25,205,153.75,2026-08-29,2026-09-14,Promo 8/2026,NO
D03732,P1152,PERCENTAGE,15,312,265.2,2026-07-30,2026-08-13,Promo 7/2026,NO
D03733,P0516,PERCENTAGE,5,261,247.95,2026-06-09,2026-06-16,Promo 6/2026,NO
D03734,P1434,PERCENTAGE,5,222,210.9,2025-11-27,2025-12-09,Promo 11/2025,NO
D03735,P1403,PERCENTAGE,20,397,317.6,2025-11-19,2025-12-09,Promo 11/2025,NO
D03736,P1519,PERCENTAGE,30,1659,1161.3,2025-12-24,2026-01-05,Promo 12/2025,NO
D03737,P0282,PERCENTAGE,10,378,340.2,2025-11-20,2025-12-15,Promo 11/2025,NO
D03738,P1992,PERCENTAGE,25,382,286.5,2026-04-28,2026-05-27,Promo 4/2026,NO
D03739,P1875,PERCENTAGE,15,616,523.6,2025-11-22,2025-12-14,Promo 11/2025,NO
D03740,P0615,PERCENTAGE,10,343,308.7,2025-12-05,2026-01-01,Promo 12/2025,NO
D03741,P0331,PERCENTAGE,15,104,88.4,2025-12-02,2025-12-21,Promo 12/2025,NO
D03742,P1465,PERCENTAGE,20,220,176.0,2026-04-29,2026-05-29,Promo 4/2026,NO
D03743,P1033,PERCENTAGE,30,465,325.5,2025-11-25,2025-12-17,Promo 11/2025,NO
D03744,P0132,PERCENTAGE,25,358,268.5,2026-01-14,2026-02-06,Promo 1/2026,NO
D03745,P1078,PERCENTAGE,10,1058,952.2,2025-10-01,2025-10-12,Promo 10/2025,NO
D03746,P0420,PERCENTAGE,20,268,214.4,2026-04-22,2026-05-15,Promo 4/2026,NO
D03747,P1317,PERCENTAGE,25,220,165.0,2026-01-11,2026-02-07,Promo 1/2026,NO
D03748,P0990,PERCENTAGE,5,449,426.55,2026-03-27,2026-04-13,Promo 3/2026,NO
D03749,P1347,PERCENTAGE,25,547,410.25,2026-01-30,2026-02-15,Promo 1/2026,NO
D03750,P0139,PERCENTAGE,20,856,684.8,2026-08-28,2026-09-20,Promo 8/2026,NO
D03751,P0102,PERCENTAGE,20,560,448.0,2025-11-25,2025-12-24,Promo 11/2025,NO
D03752,P0158,PERCENTAGE,30,303,212.1,2026-04-18,2026-05-01,Promo 4/2026,NO
D03753,P1430,PERCENTAGE,30,432,302.4,2025-12-09,2025-12-24,Promo 12/2025,NO
D03754,P1179,PERCENTAGE,30,182,127.4,2026-02-12,2026-03-02,Promo 2/2026,NO
D03755,P0821,PERCENTAGE,15,268,227.8,2026-05-19,2026-06-09,Promo 5/2026,NO
D03756,P1532,PERCENTAGE,25,703,527.25,2026-05-13,2026-06-08,Promo 5/2026,NO
D03757,P1099,PERCENTAGE,15,458,389.3,2026-05-15,2026-06-03,Promo 5/2026,NO
D03758,P0051,PERCENTAGE,30,289,202.3,2026-01-19,2026-02-05,Promo 1/2026,NO
D03759,P1056,PERCENTAGE,20,692,553.6,2025-10-08,2025-11-05,Promo 10/2025,NO
D03760,P0909,PERCENTAGE,25,525,393.75,2025-09-26,2025-10-11,Promo 9/2025,NO
D03761,P1162,PERCENTAGE,20,270,216.0,2026-01-09,2026-01-22,Promo 1/2026,NO
D03762,P1810,PERCENTAGE,30,372,260.4,2025-10-31,2025-11-24,Promo 10/2025,NO
D03763,P0495,PERCENTAGE,5,583,553.85,2025-10-11,2025-11-06,Promo 10/2025,NO
D03764,P1758,PERCENTAGE,20,159,127.2,2026-07-05,2026-07-16,Promo 7/2026,NO
D03765,P0413,PERCENTAGE,20,405,324.0,2026-07-14,2026-07-24,Promo 7/2026,NO
D03766,P0104,PERCENTAGE,25,474,355.5,2026-04-29,2026-05-07,Promo 4/2026,NO
D03767,P1176,PERCENTAGE,10,609,548.1,2026-01-08,2026-01-28,Promo 1/2026,NO
D03768,P0172,PERCENTAGE,20,364,291.2,2026-03-20,2026-04-08,Promo 3/2026,NO
D03769,P0272,PERCENTAGE,5,311,295.45,2026-05-19,2026-05-29,Promo 5/2026,NO
D03770,P0858,PERCENTAGE,15,294,249.9,2026-08-03,2026-08-21,Promo 8/2026,NO
D03771,P1845,PERCENTAGE,15,596,506.6,2025-11-09,2025-12-09,Promo 11/2025,NO
D03772,P0921,PERCENTAGE,30,576,403.2,2025-12-23,2026-01-15,Promo 12/2025,NO
D03773,P0833,PERCENTAGE,15,254,215.9,2026-02-17,2026-03-06,Promo 2/2026,NO
D03774,P1023,PERCENTAGE,30,250,175.0,2026-09-06,2026-09-29,Promo 9/2026,YES
D03775,P1940,PERCENTAGE,20,325,260.0,2026-07-26,2026-08-12,Promo 7/2026,NO
D03776,P0672,PERCENTAGE,15,399,339.15,2025-11-04,2025-11-26,Promo 11/2025,NO
D03777,P0722,PERCENTAGE,5,399,379.05,2026-06-26,2026-07-08,Promo 6/2026,NO
D03778,P0522,PERCENTAGE,20,357,285.6,2025-11-09,2025-11-29,Promo 11/2025,NO
D03779,P0563,PERCENTAGE,5,206,195.7,2026-09-24,2026-10-01,Promo 9/2026,YES
D03780,P0108,PERCENTAGE,20,466,372.8,2025-12-30,2026-01-22,Promo 12/2025,NO
D03781,P0915,PERCENTAGE,15,214,181.9,2026-02-07,2026-03-02,Promo 2/2026,NO
D03782,P1612,PERCENTAGE,20,545,436.0,2026-06-12,2026-07-05,Promo 6/2026,NO
D03783,P1753,PERCENTAGE,10,635,571.5,2025-10-07,2025-10-23,Promo 10/2025,NO
D03784,P1400,PERCENTAGE,5,143,135.85,2026-08-12,2026-08-30,Promo 8/2026,NO
D03785,P0147,PERCENTAGE,20,218,174.4,2026-08-23,2026-09-11,Promo 8/2026,NO
D03786,P0723,PERCENTAGE,15,272,231.2,2026-07-23,2026-08-09,Promo 7/2026,NO
D03787,P0219,PERCENTAGE,10,549,494.1,2026-01-26,2026-02-07,Promo 1/2026,NO
D03788,P1827,PERCENTAGE,15,291,247.35,2025-12-10,2025-12-26,Promo 12/2025,NO
D03789,P0533,PERCENTAGE,5,652,619.4,2026-01-27,2026-02-19,Promo 1/2026,NO
D03790,P1206,PERCENTAGE,25,357,267.75,2026-07-25,2026-08-16,Promo 7/2026,NO
D03791,P1911,PERCENTAGE,15,213,181.05,2026-03-17,2026-03-24,Promo 3/2026,NO
D03792,P0295,PERCENTAGE,10,208,187.2,2026-09-21,2026-10-04,Promo 9/2026,YES
D03793,P1084,PERCENTAGE,20,573,458.4,2025-11-21,2025-12-15,Promo 11/2025,NO
D03794,P0873,PERCENTAGE,5,303,287.85,2025-11-28,2025-12-21,Promo 11/2025,NO
D03795,P1589,PERCENTAGE,10,275,247.5,2026-07-20,2026-08-06,Promo 7/2026,NO
D03796,P1681,PERCENTAGE,20,546,436.8,2026-06-02,2026-06-10,Promo 6/2026,NO
D03797,P1496,PERCENTAGE,5,368,349.6,2026-04-20,2026-05-11,Promo 4/2026,NO
D03798,P0041,PERCENTAGE,10,836,752.4,2026-05-13,2026-06-02,Promo 5/2026,NO
D03799,P0398,PERCENTAGE,5,258,245.1,2025-11-15,2025-12-11,Promo 11/2025,NO
D03800,P0611,PERCENTAGE,15,507,430.95,2026-09-19,2026-09-30,Promo 9/2026,YES
D03801,P1877,PERCENTAGE,10,679,611.1,2026-08-12,2026-09-04,Promo 8/2026,NO
D03802,P1317,PERCENTAGE,20,220,176.0,2025-09-28,2025-10-06,Promo 9/2025,NO
D03803,P0356,PERCENTAGE,5,471,447.45,2026-07-30,2026-08-28,Promo 7/2026,NO
D03804,P0682,PERCENTAGE,30,435,304.5,2026-09-21,2026-09-29,Promo 9/2026,YES
D03805,P1108,PERCENTAGE,25,588,441.0,2026-03-14,2026-04-13,Promo 3/2026,NO
D03806,P1096,PERCENTAGE,10,189,170.1,2026-01-16,2026-01-23,Promo 1/2026,NO
D03807,P1247,PERCENTAGE,15,932,792.2,2025-11-10,2025-12-10,Promo 11/2025,NO
D03808,P0142,PERCENTAGE,10,1059,953.1,2026-06-01,2026-06-16,Promo 6/2026,NO
D03809,P1369,PERCENTAGE,25,835,626.25,2026-06-24,2026-07-01,Promo 6/2026,NO
D03810,P1196,PERCENTAGE,20,445,356.0,2026-09-24,2026-10-21,Promo 9/2026,YES
D03811,P0136,PERCENTAGE,25,491,368.25,2026-06-11,2026-07-03,Promo 6/2026,NO
D03812,P1222,PERCENTAGE,20,614,491.2,2026-02-12,2026-03-09,Promo 2/2026,NO
D03813,P1798,PERCENTAGE,20,972,777.6,2026-04-04,2026-04-15,Promo 4/2026,NO
D03814,P1722,PERCENTAGE,15,234,198.9,2026-04-30,2026-05-17,Promo 4/2026,NO
D03815,P0314,PERCENTAGE,25,139,104.25,2025-10-11,2025-10-26,Promo 10/2025,NO
D03816,P0225,PERCENTAGE,10,1607,1446.3,2026-05-16,2026-06-03,Promo 5/2026,NO
D03817,P0798,PERCENTAGE,25,244,183.0,2026-07-17,2026-08-01,Promo 7/2026,NO
D03818,P1079,PERCENTAGE,5,450,427.5,2026-03-25,2026-04-10,Promo 3/2026,NO
D03819,P0651,PERCENTAGE,5,358,340.1,2026-04-17,2026-05-08,Promo 4/2026,NO
D03820,P0420,PERCENTAGE,15,268,227.8,2025-12-28,2026-01-16,Promo 12/2025,NO
D03821,P1540,PERCENTAGE,30,487,340.9,2025-10-07,2025-10-29,Promo 10/2025,NO
D03822,P0613,PERCENTAGE,25,544,408.0,2025-11-14,2025-11-21,Promo 11/2025,NO
D03823,P1174,PERCENTAGE,15,394,334.9,2026-09-20,2026-10-12,Promo 9/2026,YES
D03824,P1312,PERCENTAGE,30,481,336.7,2026-04-23,2026-05-07,Promo 4/2026,NO
D03825,P1174,PERCENTAGE,15,394,334.9,2025-10-02,2025-10-30,Promo 10/2025,NO
D03826,P0039,PERCENTAGE,15,464,394.4,2026-08-22,2026-09-16,Promo 8/2026,NO
D03827,P1697,PERCENTAGE,30,241,168.7,2025-10-24,2025-11-17,Promo 10/2025,NO
D03828,P0093,PERCENTAGE,10,367,330.3,2025-10-05,2025-11-02,Promo 10/2025,NO
D03829,P0886,PERCENTAGE,5,371,352.45,2026-09-08,2026-09-20,Promo 9/2026,NO
D03830,P1469,PERCENTAGE,25,168,126.0,2026-01-20,2026-02-04,Promo 1/2026,NO
D03831,P0554,PERCENTAGE,10,294,264.6,2025-11-04,2025-12-01,Promo 11/2025,NO
D03832,P1786,PERCENTAGE,5,169,160.55,2026-05-25,2026-06-08,Promo 5/2026,NO
D03833,P1986,PERCENTAGE,5,625,593.75,2026-01-15,2026-02-02,Promo 1/2026,NO
D03834,P1867,PERCENTAGE,25,220,165.0,2026-09-14,2026-10-10,Promo 9/2026,YES
D03835,P1997,PERCENTAGE,10,238,214.2,2026-08-28,2026-09-14,Promo 8/2026,NO
D03836,P1067,PERCENTAGE,15,314,266.9,2026-06-29,2026-07-25,Promo 6/2026,NO
D03837,P1724,PERCENTAGE,5,599,569.05,2026-01-31,2026-02-21,Promo 1/2026,NO
D03838,P0392,PERCENTAGE,15,415,352.75,2025-12-29,2026-01-09,Promo 12/2025,NO
D03839,P0084,PERCENTAGE,10,598,538.2,2026-01-21,2026-01-31,Promo 1/2026,NO
D03840,P1155,PERCENTAGE,30,595,416.5,2025-10-25,2025-11-15,Promo 10/2025,NO
D03841,P1362,PERCENTAGE,20,308,246.4,2026-05-22,2026-06-13,Promo 5/2026,NO
D03842,P0586,PERCENTAGE,25,292,219.0,2026-02-02,2026-02-22,Promo 2/2026,NO
D03843,P0943,PERCENTAGE,15,306,260.1,2026-08-30,2026-09-25,Promo 8/2026,NO
D03844,P0749,PERCENTAGE,5,249,236.55,2026-07-17,2026-08-14,Promo 7/2026,NO
D03845,P0633,PERCENTAGE,5,475,451.25,2025-11-14,2025-12-07,Promo 11/2025,NO
D03846,P1842,PERCENTAGE,20,225,180.0,2026-07-28,2026-08-27,Promo 7/2026,NO
D03847,P0548,PERCENTAGE,30,399,279.3,2026-07-18,2026-08-10,Promo 7/2026,NO
D03848,P1478,PERCENTAGE,10,524,471.6,2026-04-12,2026-04-25,Promo 4/2026,NO
D03849,P0008,PERCENTAGE,25,312,234.0,2026-07-18,2026-08-10,Promo 7/2026,NO
D03850,P1546,PERCENTAGE,30,377,263.9,2026-09-13,2026-09-24,Promo 9/2026,NO
D03851,P1719,PERCENTAGE,25,214,160.5,2025-11-02,2025-11-19,Promo 11/2025,NO
D03852,P1612,PERCENTAGE,30,545,381.5,2026-09-22,2026-10-15,Promo 9/2026,YES
D03853,P1790,PERCENTAGE,20,622,497.6,2026-06-07,2026-07-06,Promo 6/2026,NO
D03854,P1054,PERCENTAGE,15,394,334.9,2026-01-05,2026-01-15,Promo 1/2026,NO
D03855,P1169,PERCENTAGE,20,339,271.2,2026-01-15,2026-01-27,Promo 1/2026,NO
D03856,P0502,PERCENTAGE,30,182,127.4,2026-03-27,2026-04-10,Promo 3/2026,NO
D03857,P0345,PERCENTAGE,20,503,402.4,2026-04-29,2026-05-06,Promo 4/2026,NO
D03858,P1510,PERCENTAGE,30,546,382.2,2026-03-04,2026-03-22,Promo 3/2026,NO
D03859,P1480,PERCENTAGE,25,462,346.5,2026-08-02,2026-08-21,Promo 8/2026,NO
D03860,P1468,PERCENTAGE,25,587,440.25,2026-03-21,2026-04-05,Promo 3/2026,NO
D03861,P0340,PERCENTAGE,20,222,177.6,2026-01-15,2026-02-04,Promo 1/2026,NO
D03862,P1718,PERCENTAGE,20,557,445.6,2026-07-07,2026-07-23,Promo 7/2026,NO
D03863,P1901,PERCENTAGE,25,570,427.5,2026-09-04,2026-09-17,Promo 9/2026,NO
D03864,P0203,PERCENTAGE,20,283,226.4,2026-05-28,2026-06-10,Promo 5/2026,NO
D03865,P1434,PERCENTAGE,5,222,210.9,2025-11-15,2025-12-04,Promo 11/2025,NO
D03866,P0826,PERCENTAGE,10,420,378.0,2026-04-27,2026-05-22,Promo 4/2026,NO
D03867,P0438,PERCENTAGE,30,440,308.0,2025-10-10,2025-11-06,Promo 10/2025,NO
D03868,P1874,PERCENTAGE,30,418,292.6,2025-12-03,2025-12-12,Promo 12/2025,NO
D03869,P0761,PERCENTAGE,5,531,504.45,2025-10-29,2025-11-21,Promo 10/2025,NO
D03870,P1891,PERCENTAGE,5,542,514.9,2026-06-02,2026-06-23,Promo 6/2026,NO
D03871,P1108,PERCENTAGE,25,588,441.0,2026-04-12,2026-04-23,Promo 4/2026,NO
D03872,P0604,PERCENTAGE,10,771,693.9,2026-06-14,2026-07-03,Promo 6/2026,NO
D03873,P1687,PERCENTAGE,15,469,398.65,2026-04-29,2026-05-16,Promo 4/2026,NO
D03874,P1154,PERCENTAGE,15,101,85.85,2026-09-20,2026-10-10,Promo 9/2026,YES
D03875,P1276,PERCENTAGE,25,370,277.5,2026-05-20,2026-06-14,Promo 5/2026,NO
D03876,P1713,PERCENTAGE,5,382,362.9,2025-12-21,2026-01-10,Promo 12/2025,NO
D03877,P1901,PERCENTAGE,10,570,513.0,2025-10-04,2025-10-18,Promo 10/2025,NO
D03878,P0274,PERCENTAGE,20,467,373.6,2026-02-22,2026-03-24,Promo 2/2026,NO
D03879,P0296,PERCENTAGE,10,467,420.3,2025-12-21,2026-01-17,Promo 12/2025,NO
D03880,P0971,PERCENTAGE,5,303,287.85,2026-07-16,2026-08-06,Promo 7/2026,NO
D03881,P1280,PERCENTAGE,25,1601,1200.75,2026-02-06,2026-03-03,Promo 2/2026,NO
D03882,P0056,PERCENTAGE,10,474,426.6,2026-04-07,2026-04-19,Promo 4/2026,NO
D03883,P0467,PERCENTAGE,20,287,229.6,2026-09-15,2026-10-13,Promo 9/2026,YES
D03884,P1695,PERCENTAGE,25,800,600.0,2026-05-01,2026-05-09,Promo 5/2026,NO
D03885,P0074,PERCENTAGE,30,154,107.8,2026-06-02,2026-06-22,Promo 6/2026,NO
D03886,P0648,PERCENTAGE,15,450,382.5,2026-06-28,2026-07-27,Promo 6/2026,NO
D03887,P1111,PERCENTAGE,30,480,336.0,2025-10-05,2025-11-01,Promo 10/2025,NO
D03888,P0918,PERCENTAGE,5,286,271.7,2026-06-14,2026-07-12,Promo 6/2026,NO
D03889,P1820,PERCENTAGE,25,457,342.75,2025-12-23,2026-01-07,Promo 12/2025,NO
D03890,P1659,PERCENTAGE,20,599,479.2,2026-03-25,2026-04-15,Promo 3/2026,NO
D03891,P1190,PERCENTAGE,15,907,770.95,2026-04-30,2026-05-29,Promo 4/2026,NO
D03892,P0532,PERCENTAGE,5,406,385.7,2026-05-11,2026-06-07,Promo 5/2026,NO
D03893,P1621,PERCENTAGE,20,291,232.8,2026-07-23,2026-08-12,Promo 7/2026,NO
D03894,P1017,PERCENTAGE,15,525,446.25,2025-11-09,2025-11-26,Promo 11/2025,NO
D03895,P0415,PERCENTAGE,25,957,717.75,2026-06-12,2026-07-05,Promo 6/2026,NO
D03896,P0159,PERCENTAGE,25,710,532.5,2025-11-21,2025-12-15,Promo 11/2025,NO
D03897,P1279,PERCENTAGE,30,751,525.7,2025-11-02,2025-11-10,Promo 11/2025,NO
D03898,P1727,PERCENTAGE,20,590,472.0,2025-12-21,2026-01-20,Promo 12/2025,NO
D03899,P0431,PERCENTAGE,20,526,420.8,2026-08-11,2026-09-03,Promo 8/2026,NO
D03900,P0136,PERCENTAGE,15,491,417.35,2026-06-09,2026-07-04,Promo 6/2026,NO
D03901,P0133,PERCENTAGE,15,386,328.1,2026-05-25,2026-06-16,Promo 5/2026,NO
D03902,P1234,PERCENTAGE,5,580,551.0,2026-07-04,2026-07-28,Promo 7/2026,NO
D03903,P1190,PERCENTAGE,15,907,770.95,2026-09-12,2026-09-30,Promo 9/2026,YES
D03904,P1045,PERCENTAGE,25,563,422.25,2026-07-02,2026-07-31,Promo 7/2026,NO
D03905,P1285,PERCENTAGE,20,492,393.6,2026-03-17,2026-03-29,Promo 3/2026,NO
D03906,P0830,PERCENTAGE,25,204,153.0,2026-01-01,2026-01-14,Promo 1/2026,NO
D03907,P1036,PERCENTAGE,15,606,515.1,2026-09-22,2026-10-16,Promo 9/2026,YES
D03908,P1049,PERCENTAGE,20,440,352.0,2026-09-17,2026-10-07,Promo 9/2026,YES
D03909,P0421,PERCENTAGE,25,237,177.75,2026-09-12,2026-09-19,Promo 9/2026,NO
D03910,P1764,PERCENTAGE,10,332,298.8,2025-12-28,2026-01-04,Promo 12/2025,NO
D03911,P1404,PERCENTAGE,20,475,380.0,2026-08-11,2026-08-30,Promo 8/2026,NO
D03912,P0163,PERCENTAGE,10,375,337.5,2026-07-02,2026-07-16,Promo 7/2026,NO
D03913,P1216,PERCENTAGE,20,576,460.8,2026-03-01,2026-03-29,Promo 3/2026,NO
D03914,P0223,PERCENTAGE,10,222,199.8,2026-05-15,2026-05-25,Promo 5/2026,NO
D03915,P1917,PERCENTAGE,30,396,277.2,2026-05-07,2026-06-04,Promo 5/2026,NO
D03916,P1235,PERCENTAGE,5,340,323.0,2025-10-01,2025-10-28,Promo 10/2025,NO
D03917,P1741,PERCENTAGE,15,1282,1089.7,2026-01-27,2026-02-26,Promo 1/2026,NO
D03918,P0181,PERCENTAGE,25,595,446.25,2026-08-08,2026-09-01,Promo 8/2026,NO
D03919,P0205,PERCENTAGE,10,265,238.5,2026-02-01,2026-02-26,Promo 2/2026,NO
D03920,P1326,PERCENTAGE,25,453,339.75,2026-04-28,2026-05-21,Promo 4/2026,NO
D03921,P1319,PERCENTAGE,20,385,308.0,2026-01-29,2026-02-25,Promo 1/2026,NO
D03922,P1606,PERCENTAGE,5,1275,1211.25,2026-02-06,2026-03-01,Promo 2/2026,NO
D03923,P1571,PERCENTAGE,10,271,243.9,2026-09-16,2026-09-23,Promo 9/2026,NO
D03924,P1329,PERCENTAGE,20,77,61.6,2026-04-05,2026-04-12,Promo 4/2026,NO
D03925,P1875,PERCENTAGE,20,616,492.8,2026-07-27,2026-08-15,Promo 7/2026,NO
D03926,P1465,PERCENTAGE,25,220,165.0,2026-02-17,2026-02-25,Promo 2/2026,NO
D03927,P1789,PERCENTAGE,5,323,306.85,2026-05-14,2026-05-22,Promo 5/2026,NO
D03928,P0932,PERCENTAGE,25,417,312.75,2026-05-06,2026-05-17,Promo 5/2026,NO
D03929,P0450,PERCENTAGE,20,371,296.8,2026-01-22,2026-02-02,Promo 1/2026,NO
D03930,P1208,PERCENTAGE,25,587,440.25,2026-06-24,2026-07-05,Promo 6/2026,NO
D03931,P0794,PERCENTAGE,25,395,296.25,2026-07-21,2026-08-16,Promo 7/2026,NO
D03932,P1830,PERCENTAGE,10,1251,1125.9,2025-10-04,2025-10-18,Promo 10/2025,NO
D03933,P0563,PERCENTAGE,30,206,144.2,2026-04-25,2026-05-18,Promo 4/2026,NO
D03934,P1358,PERCENTAGE,20,382,305.6,2026-07-17,2026-08-14,Promo 7/2026,NO
D03935,P0623,PERCENTAGE,25,256,192.0,2026-01-12,2026-02-02,Promo 1/2026,NO
D03936,P1887,PERCENTAGE,5,1212,1151.4,2025-12-07,2025-12-21,Promo 12/2025,NO
D03937,P1462,PERCENTAGE,15,298,253.3,2026-05-07,2026-05-15,Promo 5/2026,NO
D03938,P0862,PERCENTAGE,20,242,193.6,2026-09-08,2026-09-25,Promo 9/2026,NO
D03939,P0943,PERCENTAGE,25,306,229.5,2026-07-09,2026-08-04,Promo 7/2026,NO
D03940,P0848,PERCENTAGE,25,628,471.0,2025-09-26,2025-10-26,Promo 9/2025,NO
D03941,P1772,PERCENTAGE,10,1059,953.1,2026-08-15,2026-08-28,Promo 8/2026,NO
D03942,P0693,PERCENTAGE,15,255,216.75,2026-03-07,2026-04-05,Promo 3/2026,NO
D03943,P0914,PERCENTAGE,5,377,358.15,2026-05-18,2026-06-09,Promo 5/2026,NO
D03944,P0906,PERCENTAGE,10,298,268.2,2026-03-11,2026-04-10,Promo 3/2026,NO
D03945,P0208,PERCENTAGE,10,236,212.4,2026-05-03,2026-05-31,Promo 5/2026,NO
D03946,P1841,PERCENTAGE,10,676,608.4,2026-05-31,2026-06-10,Promo 5/2026,NO
D03947,P0662,PERCENTAGE,15,491,417.35,2025-10-14,2025-10-31,Promo 10/2025,NO
D03948,P1295,PERCENTAGE,5,390,370.5,2026-06-20,2026-07-18,Promo 6/2026,NO
D03949,P1729,PERCENTAGE,15,646,549.1,2026-01-19,2026-02-09,Promo 1/2026,NO
D03950,P1385,PERCENTAGE,5,323,306.85,2026-02-12,2026-03-02,Promo 2/2026,NO
D03951,P0261,PERCENTAGE,30,332,232.4,2026-09-08,2026-09-17,Promo 9/2026,NO
D03952,P1075,PERCENTAGE,20,214,171.2,2025-11-24,2025-12-20,Promo 11/2025,NO
D03953,P1236,PERCENTAGE,30,402,281.4,2026-04-15,2026-05-15,Promo 4/2026,NO
D03954,P0456,PERCENTAGE,25,341,255.75,2026-05-20,2026-06-04,Promo 5/2026,NO
D03955,P1456,PERCENTAGE,15,401,340.85,2026-08-03,2026-08-18,Promo 8/2026,NO
D03956,P0092,PERCENTAGE,15,356,302.6,2026-04-24,2026-05-12,Promo 4/2026,NO
D03957,P1043,PERCENTAGE,25,223,167.25,2026-03-11,2026-03-24,Promo 3/2026,NO
D03958,P0215,PERCENTAGE,5,405,384.75,2025-10-01,2025-10-17,Promo 10/2025,NO
D03959,P0131,PERCENTAGE,15,331,281.35,2026-02-19,2026-03-13,Promo 2/2026,NO
D03960,P1948,PERCENTAGE,5,408,387.6,2025-10-21,2025-11-17,Promo 10/2025,NO
D03961,P1884,PERCENTAGE,30,415,290.5,2026-07-05,2026-07-15,Promo 7/2026,NO
D03962,P1542,PERCENTAGE,10,618,556.2,2025-10-14,2025-10-28,Promo 10/2025,NO
D03963,P1328,PERCENTAGE,15,362,307.7,2026-02-23,2026-03-03,Promo 2/2026,NO
D03964,P0407,PERCENTAGE,20,304,243.2,2026-02-01,2026-02-25,Promo 2/2026,NO
D03965,P0910,PERCENTAGE,5,603,572.85,2026-03-08,2026-03-25,Promo 3/2026,NO
D03966,P1286,PERCENTAGE,20,520,416.0,2026-03-23,2026-04-16,Promo 3/2026,NO
D03967,P1233,PERCENTAGE,5,284,269.8,2025-12-28,2026-01-27,Promo 12/2025,NO
D03968,P0077,PERCENTAGE,25,506,379.5,2025-12-25,2026-01-21,Promo 12/2025,NO
D03969,P0897,PERCENTAGE,20,246,196.8,2026-03-20,2026-04-15,Promo 3/2026,NO
D03970,P0915,PERCENTAGE,25,214,160.5,2026-07-16,2026-07-24,Promo 7/2026,NO
D03971,P1790,PERCENTAGE,10,622,559.8,2026-01-10,2026-01-24,Promo 1/2026,NO
D03972,P1309,PERCENTAGE,15,340,289.0,2026-02-17,2026-03-16,Promo 2/2026,NO
D03973,P0547,PERCENTAGE,15,236,200.6,2026-03-17,2026-04-06,Promo 3/2026,NO
D03974,P1050,PERCENTAGE,15,860,731.0,2026-09-08,2026-09-23,Promo 9/2026,NO
D03975,P0844,PERCENTAGE,20,332,265.6,2025-10-12,2025-11-06,Promo 10/2025,NO
D03976,P1660,PERCENTAGE,15,649,551.65,2025-10-28,2025-11-04,Promo 10/2025,NO
D03977,P1874,PERCENTAGE,10,418,376.2,2026-02-27,2026-03-19,Promo 2/2026,NO
D03978,P1487,PERCENTAGE,20,320,256.0,2026-01-27,2026-02-12,Promo 1/2026,NO
D03979,P1668,PERCENTAGE,5,318,302.1,2025-11-20,2025-11-29,Promo 11/2025,NO
D03980,P0885,PERCENTAGE,10,437,393.3,2026-03-17,2026-03-28,Promo 3/2026,NO
D03981,P1256,PERCENTAGE,15,344,292.4,2026-03-05,2026-03-27,Promo 3/2026,NO
D03982,P0448,PERCENTAGE,20,333,266.4,2025-11-01,2025-11-24,Promo 11/2025,NO
D03983,P1356,PERCENTAGE,10,362,325.8,2026-09-20,2026-09-30,Promo 9/2026,YES
D03984,P0728,PERCENTAGE,25,1680,1260.0,2025-12-21,2026-01-12,Promo 12/2025,NO
D03985,P0750,PERCENTAGE,20,372,297.6,2026-03-07,2026-04-05,Promo 3/2026,NO
D03986,P1879,PERCENTAGE,10,492,442.8,2026-06-10,2026-07-06,Promo 6/2026,NO
D03987,P1864,PERCENTAGE,30,593,415.1,2026-05-01,2026-05-29,Promo 5/2026,NO
D03988,P0302,PERCENTAGE,30,1667,1166.9,2025-10-22,2025-11-12,Promo 10/2025,NO
D03989,P0479,PERCENTAGE,5,328,311.6,2026-01-20,2026-02-12,Promo 1/2026,NO
D03990,P0806,PERCENTAGE,25,532,399.0,2026-05-12,2026-06-11,Promo 5/2026,NO
D03991,P0427,PERCENTAGE,30,212,148.4,2026-09-10,2026-09-18,Promo 9/2026,NO
D03992,P0280,PERCENTAGE,25,375,281.25,2026-04-28,2026-05-07,Promo 4/2026,NO
D03993,P0679,PERCENTAGE,25,533,399.75,2025-10-18,2025-11-05,Promo 10/2025,NO
D03994,P1888,PERCENTAGE,30,371,259.7,2025-11-19,2025-12-17,Promo 11/2025,NO
D03995,P0624,PERCENTAGE,30,491,343.7,2026-02-11,2026-02-23,Promo 2/2026,NO
D03996,P1683,PERCENTAGE,10,281,252.9,2025-12-20,2026-01-03,Promo 12/2025,NO
D03997,P0359,PERCENTAGE,15,528,448.8,2026-05-30,2026-06-08,Promo 5/2026,NO
D03998,P0770,PERCENTAGE,30,1690,1183.0,2025-10-03,2025-10-21,Promo 10/2025,NO
D03999,P0142,PERCENTAGE,25,1059,794.25,2026-04-12,2026-04-30,Promo 4/2026,NO
D04000,P1284,PERCENTAGE,30,818,572.6,2026-01-12,2026-01-27,Promo 1/2026,NO
