product_id,sku,product_name,brand,category,subcategory,description,unit,weight_or_volume,price,cost_price,stock_quantity,minimum_stock,aisle_id,shelf_id,location_id,barcode,image_class,status
P0001,SKU-P0001,BrandA Pet Food Item 1,BrandA,Pet Food,Sub Pet Food,High quality BrandA Pet Food Item 1,pcs,500ml,332,225,81,8,A21,S01,L101,1043321819608,branda_pet_food_item_1,ACTIVE
P0002,SKU-P0002,HealthyO Spices Item 2,HealthyO,Spices,Sub Spices,High quality HealthyO Spices Item 2,pcs,200g,188,115,121,12,A18,S01,L086,0133890838634,healthyo_spices_item_2,ACTIVE
P0003,SKU-P0003,BrandA Sauces Item 3,BrandA,Sauces,Sub Sauces,High quality BrandA Sauces Item 3,pcs,500g,655,466,224,12,A17,S05,L085,7940265423516,branda_sauces_item_3,ACTIVE
P0004,SKU-P0004,PureLife Baby Products Item 4,PureLife,Baby Products,Sub Baby Products,High quality PureLife Baby Products Item 4,pcs,100g,615,457,184,13,A15,S05,L075,1615594078169,purelife_baby_products_item_4,ACTIVE
P0005,SKU-P0005,BrandB White Rice 1kg - Var 5,BrandB,Rice & Grains,Sub Rice & Grains,High quality BrandB White Rice 1kg - Var 5,pcs,1kg,248,145,59,16,A05,S02,L022,1849593103410,brandb_white_rice_1kg_var_5,ACTIVE
P0006,SKU-P0006,PureLife Seafood Item 6,PureLife,Seafood,Sub Seafood,High quality PureLife Seafood Item 6,pcs,100ml,455,374,482,17,A12,S05,L060,3164752553416,purelife_seafood_item_6,ACTIVE
P0007,SKU-P0007,HealthyO Water 1L - Var 7,HealthyO,Beverages,Sub Beverages,High quality HealthyO Water 1L - Var 7,pcs,1L,153,83,108,7,A03,S05,L015,9283276483505,healthyo_water_1l_var_7,ACTIVE
P0008,SKU-P0008,BrandB Croissant 2pcs - Var 8,BrandB,Bakery,Sub Bakery,High quality BrandB Croissant 2pcs - Var 8,pcs,2pcs,312,214,204,13,A02,S02,L007,3056413953768,brandb_croissant_2pcs_var_8,ACTIVE
P0009,SKU-P0009,BrandC Baby Products Item 9,BrandC,Baby Products,Sub Baby Products,High quality BrandC Baby Products Item 9,pcs,200ml,325,207,369,7,A15,S03,L073,7242388496966,brandc_baby_products_item_9,ACTIVE
P0010,SKU-P0010,NatureBites Stationery Item 10,NatureBites,Stationery,Sub Stationery,High quality NatureBites Stationery Item 10,pcs,500g,351,183,204,13,A20,S02,L097,5328710122696,naturebites_stationery_item_10,ACTIVE
P0011,SKU-P0011,FreshFarms Pet Food Item 11,FreshFarms,Pet Food,Sub Pet Food,High quality FreshFarms Pet Food Item 11,pcs,500ml,557,493,127,6,A21,S05,L105,1669784801846,freshfarms_pet_food_item_11,ACTIVE
P0012,SKU-P0012,PureLife Meat Item 12,PureLife,Meat,Sub Meat,High quality PureLife Meat Item 12,pcs,100g,520,390,118,20,A11,S04,L054,5146270482810,purelife_meat_item_12,ACTIVE
P0013,SKU-P0013,BrandC Household Item 13,BrandC,Household,Sub Household,High quality BrandC Household Item 13,pcs,200g,419,226,285,13,A13,S04,L064,4893252880959,brandc_household_item_13,ACTIVE
P0014,SKU-P0014,CleanPlus Floor Cleaner 1L - Var 14,CleanPlus,Cleaning,Sub Cleaning,High quality CleanPlus Floor Cleaner 1L - Var 14,pcs,1L,478,323,80,20,A19,S04,L094,7015430391171,cleanplus_floor_cleaner_1l_var_14,ACTIVE
P0015,SKU-P0015,BrandC Soft Drink 1.5L - Var 15,BrandC,Beverages,Sub Beverages,High quality BrandC Soft Drink 1.5L - Var 15,pcs,1.5L,370,290,415,18,A03,S01,L011,1822782489632,brandc_soft_drink_1.5l_var_15,ACTIVE
P0016,SKU-P0016,CleanPlus Stationery Item 16,CleanPlus,Stationery,Sub Stationery,High quality CleanPlus Stationery Item 16,pcs,200ml,484,370,293,5,A20,S01,L096,8346578713310,cleanplus_stationery_item_16,ACTIVE
P0017,SKU-P0017,Glow Chocolate 100g - Var 17,Glow,Snacks,Sub Snacks,High quality Glow Chocolate 100g - Var 17,pcs,100g,387,257,232,10,A04,S05,L020,5098393010312,glow_chocolate_100g_var_17,ACTIVE
P0018,SKU-P0018,PureLife Baby Products Item 18,PureLife,Baby Products,Sub Baby Products,High quality PureLife Baby Products Item 18,pcs,500g,436,359,455,14,A15,S01,L071,0518347382999,purelife_baby_products_item_18,ACTIVE
P0019,SKU-P0019,HealthyO Pet Food Item 19,HealthyO,Pet Food,Sub Pet Food,High quality HealthyO Pet Food Item 19,pcs,100g,382,291,286,5,A21,S05,L105,7376311656674,healthyo_pet_food_item_19,ACTIVE
P0020,SKU-P0020,DailyChoice Stationery Item 20,DailyChoice,Stationery,Sub Stationery,High quality DailyChoice Stationery Item 20,pcs,100g,413,285,132,6,A20,S03,L098,0106513338729,dailychoice_stationery_item_20,ACTIVE
P0021,SKU-P0021,BrandB Frozen Food Item 21,BrandB,Frozen Food,Sub Frozen Food,High quality BrandB Frozen Food Item 21,pcs,100ml,321,135,402,9,A08,S05,L040,6247317810807,brandb_frozen_food_item_21,ACTIVE
P0022,SKU-P0022,PureLife Red Rice 1kg - Var 22,PureLife,Rice & Grains,Sub Rice & Grains,High quality PureLife Red Rice 1kg - Var 22,pcs,1kg,297,183,226,11,A05,S04,L024,1326773602609,purelife_red_rice_1kg_var_22,ACTIVE
P0023,SKU-P0023,PureLife Spices Item 23,PureLife,Spices,Sub Spices,High quality PureLife Spices Item 23,pcs,200ml,506,324,241,8,A18,S02,L087,6474687234302,purelife_spices_item_23,ACTIVE
P0024,SKU-P0024,BrandB Frozen Food Item 24,BrandB,Frozen Food,Sub Frozen Food,High quality BrandB Frozen Food Item 24,pcs,200g,592,401,127,12,A08,S02,L037,9805009788208,brandb_frozen_food_item_24,ACTIVE
P0025,SKU-P0025,FreshFarms Milk 1L - Var 25,FreshFarms,Dairy,Sub Dairy,High quality FreshFarms Milk 1L - Var 25,pcs,1L,454,354,450,15,A01,S01,L001,8121913619393,freshfarms_milk_1l_var_25,ACTIVE
P0026,SKU-P0026,PureLife Juice 1L - Var 26,PureLife,Beverages,Sub Beverages,High quality PureLife Juice 1L - Var 26,pcs,1L,562,442,119,9,A03,S05,L015,9091699854358,purelife_juice_1l_var_26,ACTIVE
P0027,SKU-P0027,FreshFarms Laundry Detergent 1kg - Var 27,FreshFarms,Cleaning,Sub Cleaning,High quality FreshFarms Laundry Detergent 1kg - Var 27,pcs,1kg,660,450,423,18,A19,S05,L095,3462475107993,freshfarms_laundry_detergent_1kg_var_27,ACTIVE
P0028,SKU-P0028,BrandB Canned Food Item 28,BrandB,Canned Food,Sub Canned Food,High quality BrandB Canned Food Item 28,pcs,500ml,439,281,220,19,A07,S01,L031,1183842513545,brandb_canned_food_item_28,ACTIVE
P0029,SKU-P0029,CleanPlus Bread 500g - Var 29,CleanPlus,Bakery,Sub Bakery,High quality CleanPlus Bread 500g - Var 29,pcs,500g,243,196,419,8,A02,S01,L006,2784980841249,cleanplus_bread_500g_var_29,ACTIVE
P0030,SKU-P0030,FreshFarms Frozen Food Item 30,FreshFarms,Frozen Food,Sub Frozen Food,High quality FreshFarms Frozen Food Item 30,pcs,500ml,329,171,103,13,A08,S02,L037,1182449353486,freshfarms_frozen_food_item_30,ACTIVE
P0031,SKU-P0031,BrandB Baby Products Item 31,BrandB,Baby Products,Sub Baby Products,High quality BrandB Baby Products Item 31,pcs,200g,313,125,438,5,A15,S02,L072,7401640052429,brandb_baby_products_item_31,ACTIVE
P0032,SKU-P0032,CleanPlus Juice 1L - Var 32,CleanPlus,Beverages,Sub Beverages,High quality CleanPlus Juice 1L - Var 32,pcs,1L,561,431,119,17,A03,S02,L012,7868011280599,cleanplus_juice_1l_var_32,ACTIVE
P0033,SKU-P0033,BrandA Cake 1kg - Var 33,BrandA,Bakery,Sub Bakery,High quality BrandA Cake 1kg - Var 33,pcs,1kg,1633,1224,484,19,A02,S02,L007,8262045053317,branda_cake_1kg_var_33,ACTIVE
P0034,SKU-P0034,BrandC Tomato 500g - Var 34,BrandC,Vegetables,Sub Vegetables,High quality BrandC Tomato 500g - Var 34,pcs,500g,287,162,121,6,A10,S04,L049,5869232260256,brandc_tomato_500g_var_34,ACTIVE
P0035,SKU-P0035,Glow Dishwashing Liquid 500ml - Var 35,Glow,Cleaning,Sub Cleaning,High quality Glow Dishwashing Liquid 500ml - Var 35,pcs,500ml,286,203,309,20,A19,S05,L095,6342160733751,glow_dishwashing_liquid_500ml_var_35,ACTIVE
P0036,SKU-P0036,BrandC Sauces Item 36,BrandC,Sauces,Sub Sauces,High quality BrandC Sauces Item 36,pcs,100g,262,195,314,7,A17,S05,L085,4330365414584,brandc_sauces_item_36,ACTIVE
P0037,SKU-P0037,BrandB Frozen Food Item 37,BrandB,Frozen Food,Sub Frozen Food,High quality BrandB Frozen Food Item 37,pcs,500g,456,396,327,7,A08,S04,L039,6850142940191,brandb_frozen_food_item_37,ACTIVE
P0038,SKU-P0038,PureLife Toothpaste 120g - Var 38,PureLife,Personal Care,Sub Personal Care,High quality PureLife Toothpaste 120g - Var 38,pcs,120g,285,163,376,15,A14,S05,L070,6556981693402,purelife_toothpaste_120g_var_38,ACTIVE
P0039,SKU-P0039,CleanPlus Frozen Food Item 39,CleanPlus,Frozen Food,Sub Frozen Food,High quality CleanPlus Frozen Food Item 39,pcs,100ml,464,334,485,7,A08,S03,L038,6088356159515,cleanplus_frozen_food_item_39,ACTIVE
P0040,SKU-P0040,BrandB Milk 1L - Var 40,BrandB,Dairy,Sub Dairy,High quality BrandB Milk 1L - Var 40,pcs,1L,477,384,269,13,A01,S04,L004,4846564823664,brandb_milk_1l_var_40,ACTIVE
P0041,SKU-P0041,FreshFarms Basmati Rice 1kg - Var 41,FreshFarms,Rice & Grains,Sub Rice & Grains,High quality FreshFarms Basmati Rice 1kg - Var 41,pcs,1kg,836,623,90,19,A05,S03,L023,2994680443692,freshfarms_basmati_rice_1kg_var_41,ACTIVE
P0042,SKU-P0042,HealthyO Spices Item 42,HealthyO,Spices,Sub Spices,High quality HealthyO Spices Item 42,pcs,500g,632,441,163,8,A18,S03,L088,9577738721480,healthyo_spices_item_42,ACTIVE
P0043,SKU-P0043,BrandB Basmati Rice 1kg - Var 43,BrandB,Rice & Grains,Sub Rice & Grains,High quality BrandB Basmati Rice 1kg - Var 43,pcs,1kg,870,647,89,13,A05,S03,L023,9513433200370,brandb_basmati_rice_1kg_var_43,ACTIVE
P0044,SKU-P0044,Glow Potato 1kg - Var 44,Glow,Vegetables,Sub Vegetables,High quality Glow Potato 1kg - Var 44,pcs,1kg,287,163,334,13,A10,S05,L050,9176936763201,glow_potato_1kg_var_44,ACTIVE
P0045,SKU-P0045,PureLife Sauces Item 45,PureLife,Sauces,Sub Sauces,High quality PureLife Sauces Item 45,pcs,100g,582,424,434,13,A17,S04,L084,1632870831720,purelife_sauces_item_45,ACTIVE
P0046,SKU-P0046,BrandC Croissant 2pcs - Var 46,BrandC,Bakery,Sub Bakery,High quality BrandC Croissant 2pcs - Var 46,pcs,2pcs,333,240,92,19,A02,S01,L006,7889579868722,brandc_croissant_2pcs_var_46,ACTIVE
P0047,SKU-P0047,NatureBites Spices Item 47,NatureBites,Spices,Sub Spices,High quality NatureBites Spices Item 47,pcs,100g,226,138,289,6,A18,S04,L089,7743487347147,naturebites_spices_item_47,ACTIVE
P0048,SKU-P0048,NatureBites Seafood Item 48,NatureBites,Seafood,Sub Seafood,High quality NatureBites Seafood Item 48,pcs,100ml,225,165,167,16,A12,S05,L060,3455812236234,naturebites_seafood_item_48,ACTIVE
P0049,SKU-P0049,FreshFarms Buns 4pcs - Var 49,FreshFarms,Bakery,Sub Bakery,High quality FreshFarms Buns 4pcs - Var 49,pcs,4pcs,173,162,191,18,A02,S03,L008,1665876036691,freshfarms_buns_4pcs_var_49,ACTIVE
P0050,SKU-P0050,FreshFarms Stationery Item 50,FreshFarms,Stationery,Sub Stationery,High quality FreshFarms Stationery Item 50,pcs,100g,367,311,101,15,A20,S02,L097,0967054668894,freshfarms_stationery_item_50,ACTIVE
P0051,SKU-P0051,BrandC Toothpaste 120g - Var 51,BrandC,Personal Care,Sub Personal Care,High quality BrandC Toothpaste 120g - Var 51,pcs,120g,289,200,65,17,A14,S02,L067,3734670656270,brandc_toothpaste_120g_var_51,ACTIVE
P0052,SKU-P0052,FreshFarms Buns 4pcs - Var 52,FreshFarms,Bakery,Sub Bakery,High quality FreshFarms Buns 4pcs - Var 52,pcs,4pcs,204,149,166,12,A02,S04,L009,2980699016279,freshfarms_buns_4pcs_var_52,ACTIVE
P0053,SKU-P0053,FreshFarms Frozen Food Item 53,FreshFarms,Frozen Food,Sub Frozen Food,High quality FreshFarms Frozen Food Item 53,pcs,200ml,309,242,405,13,A08,S01,L036,2046537556465,freshfarms_frozen_food_item_53,ACTIVE
P0054,SKU-P0054,CleanPlus Seafood Item 54,CleanPlus,Seafood,Sub Seafood,High quality CleanPlus Seafood Item 54,pcs,500ml,193,114,459,13,A12,S05,L060,4170805310034,cleanplus_seafood_item_54,ACTIVE
P0055,SKU-P0055,PureLife Pasta Item 55,PureLife,Pasta,Sub Pasta,High quality PureLife Pasta Item 55,pcs,100g,566,405,186,15,A06,S05,L030,3092327193746,purelife_pasta_item_55,ACTIVE
P0056,SKU-P0056,CleanPlus Shampoo 200ml - Var 56,CleanPlus,Personal Care,Sub Personal Care,High quality CleanPlus Shampoo 200ml - Var 56,pcs,200ml,474,336,140,6,A14,S05,L070,5299124190499,cleanplus_shampoo_200ml_var_56,ACTIVE
P0057,SKU-P0057,Glow Soap 100g - Var 57,Glow,Personal Care,Sub Personal Care,High quality Glow Soap 100g - Var 57,pcs,100g,128,107,495,15,A14,S01,L066,6631931491908,glow_soap_100g_var_57,ACTIVE
P0058,SKU-P0058,BrandB Stationery Item 58,BrandB,Stationery,Sub Stationery,High quality BrandB Stationery Item 58,pcs,500ml,488,359,351,18,A20,S03,L098,5865185067164,brandb_stationery_item_58,ACTIVE
P0059,SKU-P0059,PureLife Meat Item 59,PureLife,Meat,Sub Meat,High quality PureLife Meat Item 59,pcs,500g,355,198,350,17,A11,S04,L054,5726284987763,purelife_meat_item_59,ACTIVE
P0060,SKU-P0060,HealthyO Pasta Item 60,HealthyO,Pasta,Sub Pasta,High quality HealthyO Pasta Item 60,pcs,200ml,430,380,165,14,A06,S05,L030,9453147379965,healthyo_pasta_item_60,ACTIVE
P0061,SKU-P0061,HealthyO Canned Food Item 61,HealthyO,Canned Food,Sub Canned Food,High quality HealthyO Canned Food Item 61,pcs,500ml,501,338,236,11,A07,S04,L034,5075273545492,healthyo_canned_food_item_61,ACTIVE
P0062,SKU-P0062,BrandC Sauces Item 62,BrandC,Sauces,Sub Sauces,High quality BrandC Sauces Item 62,pcs,500g,426,245,349,15,A17,S04,L084,4808313678376,brandc_sauces_item_62,ACTIVE
P0063,SKU-P0063,FreshFarms Water 1L - Var 63,FreshFarms,Beverages,Sub Beverages,High quality FreshFarms Water 1L - Var 63,pcs,1L,98,72,22,6,A03,S02,L012,7701436349574,freshfarms_water_1l_var_63,ACTIVE
P0064,SKU-P0064,HealthyO Frozen Food Item 64,HealthyO,Frozen Food,Sub Frozen Food,High quality HealthyO Frozen Food Item 64,pcs,100ml,509,312,109,17,A08,S04,L039,8856855744437,healthyo_frozen_food_item_64,ACTIVE
P0065,SKU-P0065,FreshFarms Breakfast Item 65,FreshFarms,Breakfast,Sub Breakfast,High quality FreshFarms Breakfast Item 65,pcs,100g,561,484,408,18,A16,S04,L079,1351823374984,freshfarms_breakfast_item_65,ACTIVE
P0066,SKU-P0066,NatureBites Frozen Food Item 66,NatureBites,Frozen Food,Sub Frozen Food,High quality NatureBites Frozen Food Item 66,pcs,200g,498,385,479,8,A08,S02,L037,9413435240827,naturebites_frozen_food_item_66,ACTIVE
P0067,SKU-P0067,DailyChoice Baby Products Item 67,DailyChoice,Baby Products,Sub Baby Products,High quality DailyChoice Baby Products Item 67,pcs,500ml,649,486,323,18,A15,S02,L072,4008427109470,dailychoice_baby_products_item_67,ACTIVE
P0068,SKU-P0068,BrandC Spices Item 68,BrandC,Spices,Sub Spices,High quality BrandC Spices Item 68,pcs,500ml,446,330,394,12,A18,S04,L089,7752047116710,brandc_spices_item_68,ACTIVE
P0069,SKU-P0069,NatureBites Pet Food Item 69,NatureBites,Pet Food,Sub Pet Food,High quality NatureBites Pet Food Item 69,pcs,200g,402,240,49,14,A21,S03,L103,9022941318694,naturebites_pet_food_item_69,ACTIVE
P0070,SKU-P0070,Glow Frozen Food Item 70,Glow,Frozen Food,Sub Frozen Food,High quality Glow Frozen Food Item 70,pcs,200g,258,170,128,17,A08,S03,L038,9938677496493,glow_frozen_food_item_70,ACTIVE
P0071,SKU-P0071,CleanPlus Basmati Rice 1kg - Var 71,CleanPlus,Rice & Grains,Sub Rice & Grains,High quality CleanPlus Basmati Rice 1kg - Var 71,pcs,1kg,842,626,287,19,A05,S02,L022,9091334123283,cleanplus_basmati_rice_1kg_var_71,ACTIVE
P0072,SKU-P0072,CleanPlus Soap 100g - Var 72,CleanPlus,Personal Care,Sub Personal Care,High quality CleanPlus Soap 100g - Var 72,pcs,100g,218,104,309,5,A14,S01,L066,1206797403447,cleanplus_soap_100g_var_72,ACTIVE
P0073,SKU-P0073,BrandA Laundry Detergent 1kg - Var 73,BrandA,Cleaning,Sub Cleaning,High quality BrandA Laundry Detergent 1kg - Var 73,pcs,1kg,638,422,395,17,A19,S04,L094,7134936183247,branda_laundry_detergent_1kg_var_73,ACTIVE
P0074,SKU-P0074,DailyChoice Soap 100g - Var 74,DailyChoice,Personal Care,Sub Personal Care,High quality DailyChoice Soap 100g - Var 74,pcs,100g,154,94,233,20,A14,S05,L070,2102499471748,dailychoice_soap_100g_var_74,ACTIVE
P0075,SKU-P0075,CleanPlus Cheese 250g - Var 75,CleanPlus,Dairy,Sub Dairy,High quality CleanPlus Cheese 250g - Var 75,pcs,250g,1021,846,440,19,A01,S04,L004,6488771906594,cleanplus_cheese_250g_var_75,ACTIVE
P0076,SKU-P0076,CleanPlus Basmati Rice 1kg - Var 76,CleanPlus,Rice & Grains,Sub Rice & Grains,High quality CleanPlus Basmati Rice 1kg - Var 76,pcs,1kg,872,637,349,5,A05,S05,L025,4013990490276,cleanplus_basmati_rice_1kg_var_76,ACTIVE
P0077,SKU-P0077,DailyChoice Juice 1L - Var 77,DailyChoice,Beverages,Sub Beverages,High quality DailyChoice Juice 1L - Var 77,pcs,1L,506,411,143,17,A03,S04,L014,8742967175651,dailychoice_juice_1l_var_77,ACTIVE
P0078,SKU-P0078,DailyChoice Meat Item 78,DailyChoice,Meat,Sub Meat,High quality DailyChoice Meat Item 78,pcs,200ml,636,489,152,18,A11,S02,L052,5125674680718,dailychoice_meat_item_78,ACTIVE
P0079,SKU-P0079,BrandA Grapes 500g - Var 79,BrandA,Fruits,Sub Fruits,High quality BrandA Grapes 500g - Var 79,pcs,500g,969,647,36,16,A09,S01,L041,5451680876037,branda_grapes_500g_var_79,ACTIVE
P0080,SKU-P0080,BrandA Frozen Food Item 80,BrandA,Frozen Food,Sub Frozen Food,High quality BrandA Frozen Food Item 80,pcs,100g,257,202,328,9,A08,S01,L036,8597703482476,branda_frozen_food_item_80,ACTIVE
P0081,SKU-P0081,DailyChoice Frozen Food Item 81,DailyChoice,Frozen Food,Sub Frozen Food,High quality DailyChoice Frozen Food Item 81,pcs,500g,493,388,248,13,A08,S02,L037,7109324808613,dailychoice_frozen_food_item_81,ACTIVE
P0082,SKU-P0082,HealthyO Seafood Item 82,HealthyO,Seafood,Sub Seafood,High quality HealthyO Seafood Item 82,pcs,500g,589,498,169,8,A12,S02,L057,3171274846773,healthyo_seafood_item_82,ACTIVE
P0083,SKU-P0083,HealthyO Laundry Detergent 1kg - Var 83,HealthyO,Cleaning,Sub Cleaning,High quality HealthyO Laundry Detergent 1kg - Var 83,pcs,1kg,648,443,213,11,A19,S01,L091,3782639821467,healthyo_laundry_detergent_1kg_var_83,ACTIVE
P0084,SKU-P0084,BrandB Juice 1L - Var 84,BrandB,Beverages,Sub Beverages,High quality BrandB Juice 1L - Var 84,pcs,1L,598,444,164,8,A03,S05,L015,5840449972781,brandb_juice_1l_var_84,ACTIVE
P0085,SKU-P0085,NatureBites Laundry Detergent 1kg - Var 85,NatureBites,Cleaning,Sub Cleaning,High quality NatureBites Laundry Detergent 1kg - Var 85,pcs,1kg,684,427,199,7,A19,S01,L091,7558867533962,naturebites_laundry_detergent_1kg_var_85,ACTIVE
P0086,SKU-P0086,BrandA Sauces Item 86,BrandA,Sauces,Sub Sauces,High quality BrandA Sauces Item 86,pcs,200ml,314,154,195,19,A17,S03,L083,3605766270284,branda_sauces_item_86,ACTIVE
P0087,SKU-P0087,NatureBites Red Rice 1kg - Var 87,NatureBites,Rice & Grains,Sub Rice & Grains,High quality NatureBites Red Rice 1kg - Var 87,pcs,1kg,254,191,325,20,A05,S04,L024,9517187026217,naturebites_red_rice_1kg_var_87,ACTIVE
P0088,SKU-P0088,HealthyO Baby Products Item 88,HealthyO,Baby Products,Sub Baby Products,High quality HealthyO Baby Products Item 88,pcs,200ml,297,225,152,19,A15,S04,L074,7459615865789,healthyo_baby_products_item_88,ACTIVE
P0089,SKU-P0089,HealthyO Frozen Food Item 89,HealthyO,Frozen Food,Sub Frozen Food,High quality HealthyO Frozen Food Item 89,pcs,500ml,329,272,263,15,A08,S04,L039,0913431611724,healthyo_frozen_food_item_89,ACTIVE
P0090,SKU-P0090,FreshFarms Pasta Item 90,FreshFarms,Pasta,Sub Pasta,High quality FreshFarms Pasta Item 90,pcs,200ml,395,274,460,13,A06,S04,L029,4005045562380,freshfarms_pasta_item_90,ACTIVE
P0091,SKU-P0091,NatureBites Spices Item 91,NatureBites,Spices,Sub Spices,High quality NatureBites Spices Item 91,pcs,100g,377,223,260,12,A18,S01,L086,6922219693795,naturebites_spices_item_91,ACTIVE
P0092,SKU-P0092,DailyChoice Breakfast Item 92,DailyChoice,Breakfast,Sub Breakfast,High quality DailyChoice Breakfast Item 92,pcs,100g,356,250,217,12,A16,S04,L079,2374740748217,dailychoice_breakfast_item_92,ACTIVE
P0093,SKU-P0093,DailyChoice Onion 1kg - Var 93,DailyChoice,Vegetables,Sub Vegetables,High quality DailyChoice Onion 1kg - Var 93,pcs,1kg,367,235,186,18,A10,S05,L050,7594647436719,dailychoice_onion_1kg_var_93,ACTIVE
P0094,SKU-P0094,Glow Spices Item 94,Glow,Spices,Sub Spices,High quality Glow Spices Item 94,pcs,500ml,366,238,138,12,A18,S03,L088,3695944064095,glow_spices_item_94,ACTIVE
P0095,SKU-P0095,BrandB Chocolate 100g - Var 95,BrandB,Snacks,Sub Snacks,High quality BrandB Chocolate 100g - Var 95,pcs,100g,418,297,496,10,A04,S02,L017,0974395339420,brandb_chocolate_100g_var_95,ACTIVE
P0096,SKU-P0096,DailyChoice Canned Food Item 96,DailyChoice,Canned Food,Sub Canned Food,High quality DailyChoice Canned Food Item 96,pcs,200ml,250,151,161,12,A07,S02,L032,1047095214560,dailychoice_canned_food_item_96,ACTIVE
P0097,SKU-P0097,PureLife Seafood Item 97,PureLife,Seafood,Sub Seafood,High quality PureLife Seafood Item 97,pcs,100g,301,240,37,14,A12,S02,L057,2328588424741,purelife_seafood_item_97,ACTIVE
P0098,SKU-P0098,BrandA Basmati Rice 1kg - Var 98,BrandA,Rice & Grains,Sub Rice & Grains,High quality BrandA Basmati Rice 1kg - Var 98,pcs,1kg,836,636,250,20,A05,S04,L024,5171236851607,branda_basmati_rice_1kg_var_98,ACTIVE
P0099,SKU-P0099,BrandC Baby Products Item 99,BrandC,Baby Products,Sub Baby Products,High quality BrandC Baby Products Item 99,pcs,100ml,423,344,430,7,A15,S03,L073,4817549651374,brandc_baby_products_item_99,ACTIVE
P0100,SKU-P0100,BrandB Household Item 100,BrandB,Household,Sub Household,High quality BrandB Household Item 100,pcs,500g,265,177,425,14,A13,S04,L064,0985931746121,brandb_household_item_100,ACTIVE
P0101,SKU-P0101,NatureBites Soft Drink 1.5L - Var 101,NatureBites,Beverages,Sub Beverages,High quality NatureBites Soft Drink 1.5L - Var 101,pcs,1.5L,403,298,320,12,A03,S02,L012,0047113826752,naturebites_soft_drink_1.5l_var_101,ACTIVE
P0102,SKU-P0102,DailyChoice Sauces Item 102,DailyChoice,Sauces,Sub Sauces,High quality DailyChoice Sauces Item 102,pcs,200ml,560,401,166,6,A17,S04,L084,8692617964053,dailychoice_sauces_item_102,ACTIVE
P0103,SKU-P0103,FreshFarms Stationery Item 103,FreshFarms,Stationery,Sub Stationery,High quality FreshFarms Stationery Item 103,pcs,500g,305,235,90,12,A20,S01,L096,3773515850640,freshfarms_stationery_item_103,ACTIVE
P0104,SKU-P0104,BrandB Pasta Item 104,BrandB,Pasta,Sub Pasta,High quality BrandB Pasta Item 104,pcs,100g,474,309,362,20,A06,S05,L030,3171390053291,brandb_pasta_item_104,ACTIVE
P0105,SKU-P0105,PureLife Potato 1kg - Var 105,PureLife,Vegetables,Sub Vegetables,High quality PureLife Potato 1kg - Var 105,pcs,1kg,236,195,369,19,A10,S01,L046,3183933529040,purelife_potato_1kg_var_105,ACTIVE
P0106,SKU-P0106,HealthyO Water 1L - Var 106,HealthyO,Beverages,Sub Beverages,High quality HealthyO Water 1L - Var 106,pcs,1L,105,102,227,8,A03,S02,L012,2284210205396,healthyo_water_1l_var_106,ACTIVE
P0107,SKU-P0107,BrandC Spices Item 107,BrandC,Spices,Sub Spices,High quality BrandC Spices Item 107,pcs,200g,201,136,94,14,A18,S02,L087,5024026811773,brandc_spices_item_107,ACTIVE
P0108,SKU-P0108,PureLife Stationery Item 108,PureLife,Stationery,Sub Stationery,High quality PureLife Stationery Item 108,pcs,200g,466,339,368,17,A20,S05,L100,5891783908479,purelife_stationery_item_108,ACTIVE
P0109,SKU-P0109,DailyChoice Grapes 500g - Var 109,DailyChoice,Fruits,Sub Fruits,High quality DailyChoice Grapes 500g - Var 109,pcs,500g,976,605,30,18,A09,S05,L045,0076617711592,dailychoice_grapes_500g_var_109,ACTIVE
P0110,SKU-P0110,PureLife Meat Item 110,PureLife,Meat,Sub Meat,High quality PureLife Meat Item 110,pcs,100g,414,217,310,5,A11,S05,L055,2124998569849,purelife_meat_item_110,ACTIVE
P0111,SKU-P0111,BrandC Apple 1kg - Var 111,BrandC,Fruits,Sub Fruits,High quality BrandC Apple 1kg - Var 111,pcs,1kg,1266,830,343,19,A09,S05,L045,7896118367363,brandc_apple_1kg_var_111,ACTIVE
P0112,SKU-P0112,DailyChoice Grapes 500g - Var 112,DailyChoice,Fruits,Sub Fruits,High quality DailyChoice Grapes 500g - Var 112,pcs,500g,960,605,188,18,A09,S02,L042,5766156545271,dailychoice_grapes_500g_var_112,ACTIVE
P0113,SKU-P0113,BrandB Meat Item 113,BrandB,Meat,Sub Meat,High quality BrandB Meat Item 113,pcs,100ml,486,310,157,17,A11,S03,L053,1111615280981,brandb_meat_item_113,ACTIVE
P0114,SKU-P0114,DailyChoice Spices Item 114,DailyChoice,Spices,Sub Spices,High quality DailyChoice Spices Item 114,pcs,100ml,361,229,69,17,A18,S01,L086,8516560494514,dailychoice_spices_item_114,ACTIVE
P0115,SKU-P0115,NatureBites Sauces Item 115,NatureBites,Sauces,Sub Sauces,High quality NatureBites Sauces Item 115,pcs,200ml,225,127,275,16,A17,S01,L081,9832731585140,naturebites_sauces_item_115,ACTIVE
P0116,SKU-P0116,DailyChoice Stationery Item 116,DailyChoice,Stationery,Sub Stationery,High quality DailyChoice Stationery Item 116,pcs,100g,426,236,77,14,A20,S04,L099,9368998094021,dailychoice_stationery_item_116,ACTIVE
P0117,SKU-P0117,BrandB Baby Products Item 117,BrandB,Baby Products,Sub Baby Products,High quality BrandB Baby Products Item 117,pcs,100g,553,463,169,5,A15,S04,L074,4455022961208,brandb_baby_products_item_117,ACTIVE
P0118,SKU-P0118,BrandB Spices Item 118,BrandB,Spices,Sub Spices,High quality BrandB Spices Item 118,pcs,100g,416,336,341,9,A18,S04,L089,1836675254597,brandb_spices_item_118,ACTIVE
P0119,SKU-P0119,NatureBites Breakfast Item 119,NatureBites,Breakfast,Sub Breakfast,High quality NatureBites Breakfast Item 119,pcs,500ml,485,312,251,12,A16,S03,L078,9102290147678,naturebites_breakfast_item_119,ACTIVE
P0120,SKU-P0120,BrandC Baby Products Item 120,BrandC,Baby Products,Sub Baby Products,High quality BrandC Baby Products Item 120,pcs,200g,586,406,392,9,A15,S05,L075,9764381561499,brandc_baby_products_item_120,ACTIVE
P0121,SKU-P0121,Glow Energy Drink 250ml - Var 121,Glow,Beverages,Sub Beverages,High quality Glow Energy Drink 250ml - Var 121,pcs,250ml,464,350,146,5,A03,S03,L013,7840369003433,glow_energy_drink_250ml_var_121,ACTIVE
P0122,SKU-P0122,BrandC Tomato 500g - Var 122,BrandC,Vegetables,Sub Vegetables,High quality BrandC Tomato 500g - Var 122,pcs,500g,318,178,257,16,A10,S03,L048,2445107622683,brandc_tomato_500g_var_122,ACTIVE
P0123,SKU-P0123,NatureBites Meat Item 123,NatureBites,Meat,Sub Meat,High quality NatureBites Meat Item 123,pcs,200ml,362,264,367,12,A11,S05,L055,3885160607156,naturebites_meat_item_123,ACTIVE
P0124,SKU-P0124,CleanPlus Dishwashing Liquid 500ml - Var 124,CleanPlus,Cleaning,Sub Cleaning,High quality CleanPlus Dishwashing Liquid 500ml - Var 124,pcs,500ml,320,202,391,20,A19,S04,L094,9696641605295,cleanplus_dishwashing_liquid_500ml_var_124,ACTIVE
P0125,SKU-P0125,BrandC Household Item 125,BrandC,Household,Sub Household,High quality BrandC Household Item 125,pcs,200g,342,164,312,15,A13,S04,L064,7516136968167,brandc_household_item_125,ACTIVE
P0126,SKU-P0126,NatureBites Biscuits 200g - Var 126,NatureBites,Snacks,Sub Snacks,High quality NatureBites Biscuits 200g - Var 126,pcs,200g,151,129,379,9,A04,S04,L019,4535218188357,naturebites_biscuits_200g_var_126,ACTIVE
P0127,SKU-P0127,DailyChoice Shampoo 200ml - Var 127,DailyChoice,Personal Care,Sub Personal Care,High quality DailyChoice Shampoo 200ml - Var 127,pcs,200ml,483,350,183,17,A14,S02,L067,5231243292128,dailychoice_shampoo_200ml_var_127,ACTIVE
P0128,SKU-P0128,Glow Pet Food Item 128,Glow,Pet Food,Sub Pet Food,High quality Glow Pet Food Item 128,pcs,500ml,436,262,456,6,A21,S01,L101,7799799552717,glow_pet_food_item_128,ACTIVE
P0129,SKU-P0129,FreshFarms Stationery Item 129,FreshFarms,Stationery,Sub Stationery,High quality FreshFarms Stationery Item 129,pcs,500ml,289,216,232,8,A20,S01,L096,7744905814777,freshfarms_stationery_item_129,ACTIVE
P0130,SKU-P0130,DailyChoice Pet Food Item 130,DailyChoice,Pet Food,Sub Pet Food,High quality DailyChoice Pet Food Item 130,pcs,100ml,175,114,176,6,A21,S01,L101,0054119986793,dailychoice_pet_food_item_130,ACTIVE
P0131,SKU-P0131,CleanPlus Onion 1kg - Var 131,CleanPlus,Vegetables,Sub Vegetables,High quality CleanPlus Onion 1kg - Var 131,pcs,1kg,331,209,281,18,A10,S03,L048,8079359782075,cleanplus_onion_1kg_var_131,ACTIVE
P0132,SKU-P0132,BrandC Dishwashing Liquid 500ml - Var 132,BrandC,Cleaning,Sub Cleaning,High quality BrandC Dishwashing Liquid 500ml - Var 132,pcs,500ml,358,205,455,17,A19,S02,L092,1518203778897,brandc_dishwashing_liquid_500ml_var_132,ACTIVE
P0133,SKU-P0133,DailyChoice Stationery Item 133,DailyChoice,Stationery,Sub Stationery,High quality DailyChoice Stationery Item 133,pcs,500g,386,218,336,13,A20,S02,L097,2554665905159,dailychoice_stationery_item_133,ACTIVE
P0134,SKU-P0134,BrandA Baby Products Item 134,BrandA,Baby Products,Sub Baby Products,High quality BrandA Baby Products Item 134,pcs,200ml,635,446,90,7,A15,S03,L073,1864492519254,branda_baby_products_item_134,ACTIVE
P0135,SKU-P0135,HealthyO Baby Products Item 135,HealthyO,Baby Products,Sub Baby Products,High quality HealthyO Baby Products Item 135,pcs,200ml,567,453,243,14,A15,S03,L073,4629148652818,healthyo_baby_products_item_135,ACTIVE
P0136,SKU-P0136,DailyChoice Canned Food Item 136,DailyChoice,Canned Food,Sub Canned Food,High quality DailyChoice Canned Food Item 136,pcs,100g,491,295,193,14,A07,S04,L034,6850542357339,dailychoice_canned_food_item_136,ACTIVE
P0137,SKU-P0137,PureLife Tomato 500g - Var 137,PureLife,Vegetables,Sub Vegetables,High quality PureLife Tomato 500g - Var 137,pcs,500g,322,150,452,6,A10,S01,L046,2214188805922,purelife_tomato_500g_var_137,ACTIVE
P0138,SKU-P0138,PureLife Stationery Item 138,PureLife,Stationery,Sub Stationery,High quality PureLife Stationery Item 138,pcs,100ml,310,212,327,13,A20,S04,L099,9622292706531,purelife_stationery_item_138,ACTIVE
P0139,SKU-P0139,PureLife Basmati Rice 1kg - Var 139,PureLife,Rice & Grains,Sub Rice & Grains,High quality PureLife Basmati Rice 1kg - Var 139,pcs,1kg,856,650,27,16,A05,S01,L021,7947383473591,purelife_basmati_rice_1kg_var_139,ACTIVE
P0140,SKU-P0140,Glow White Rice 1kg - Var 140,Glow,Rice & Grains,Sub Rice & Grains,High quality Glow White Rice 1kg - Var 140,pcs,1kg,253,187,99,11,A05,S01,L021,7746886239242,glow_white_rice_1kg_var_140,ACTIVE
P0141,SKU-P0141,NatureBites White Rice 1kg - Var 141,NatureBites,Rice & Grains,Sub Rice & Grains,High quality NatureBites White Rice 1kg - Var 141,pcs,1kg,234,172,435,10,A05,S05,L025,0758181412470,naturebites_white_rice_1kg_var_141,ACTIVE
P0142,SKU-P0142,Glow Orange 1kg - Var 142,Glow,Fruits,Sub Fruits,High quality Glow Orange 1kg - Var 142,pcs,1kg,1059,707,48,9,A09,S04,L044,8261375060682,glow_orange_1kg_var_142,ACTIVE
P0143,SKU-P0143,NatureBites Frozen Food Item 143,NatureBites,Frozen Food,Sub Frozen Food,High quality NatureBites Frozen Food Item 143,pcs,200g,355,302,145,8,A08,S04,L039,5361530515224,naturebites_frozen_food_item_143,ACTIVE
P0144,SKU-P0144,PureLife Baby Products Item 144,PureLife,Baby Products,Sub Baby Products,High quality PureLife Baby Products Item 144,pcs,500ml,571,426,65,12,A15,S03,L073,0472779010434,purelife_baby_products_item_144,ACTIVE
P0145,SKU-P0145,HealthyO Breakfast Item 145,HealthyO,Breakfast,Sub Breakfast,High quality HealthyO Breakfast Item 145,pcs,500ml,518,412,341,7,A16,S01,L076,2898614341033,healthyo_breakfast_item_145,ACTIVE
P0146,SKU-P0146,PureLife Pet Food Item 146,PureLife,Pet Food,Sub Pet Food,High quality PureLife Pet Food Item 146,pcs,500ml,244,159,33,6,A21,S04,L104,6971179808930,purelife_pet_food_item_146,ACTIVE
P0147,SKU-P0147,BrandB Carrot 500g - Var 147,BrandB,Vegetables,Sub Vegetables,High quality BrandB Carrot 500g - Var 147,pcs,500g,218,115,79,17,A10,S04,L049,2460953962189,brandb_carrot_500g_var_147,ACTIVE
P0148,SKU-P0148,NatureBites Baby Products Item 148,NatureBites,Baby Products,Sub Baby Products,High quality NatureBites Baby Products Item 148,pcs,200g,387,312,436,20,A15,S03,L073,5188888067065,naturebites_baby_products_item_148,ACTIVE
P0149,SKU-P0149,PureLife Stationery Item 149,PureLife,Stationery,Sub Stationery,High quality PureLife Stationery Item 149,pcs,100ml,374,211,237,12,A20,S04,L099,5405153195200,purelife_stationery_item_149,ACTIVE
P0150,SKU-P0150,Glow Seafood Item 150,Glow,Seafood,Sub Seafood,High quality Glow Seafood Item 150,pcs,500ml,282,131,151,11,A12,S01,L056,5852772217040,glow_seafood_item_150,ACTIVE
P0151,SKU-P0151,FreshFarms Biscuits 200g - Var 151,FreshFarms,Snacks,Sub Snacks,High quality FreshFarms Biscuits 200g - Var 151,pcs,200g,231,141,315,5,A04,S04,L019,3030548687408,freshfarms_biscuits_200g_var_151,ACTIVE
P0152,SKU-P0152,BrandC Buns 4pcs - Var 152,BrandC,Bakery,Sub Bakery,High quality BrandC Buns 4pcs - Var 152,pcs,4pcs,232,170,115,7,A02,S03,L008,3450541566768,brandc_buns_4pcs_var_152,ACTIVE
P0153,SKU-P0153,HealthyO Spices Item 153,HealthyO,Spices,Sub Spices,High quality HealthyO Spices Item 153,pcs,100g,355,268,413,5,A18,S02,L087,5277584161693,healthyo_spices_item_153,ACTIVE
P0154,SKU-P0154,NatureBites Banana 1kg - Var 154,NatureBites,Fruits,Sub Fruits,High quality NatureBites Banana 1kg - Var 154,pcs,1kg,222,166,66,5,A09,S02,L042,2845115447962,naturebites_banana_1kg_var_154,ACTIVE
P0155,SKU-P0155,FreshFarms White Rice 1kg - Var 155,FreshFarms,Rice & Grains,Sub Rice & Grains,High quality FreshFarms White Rice 1kg - Var 155,pcs,1kg,241,177,18,10,A05,S01,L021,2757059640166,freshfarms_white_rice_1kg_var_155,ACTIVE
P0156,SKU-P0156,CleanPlus Banana 1kg - Var 156,CleanPlus,Fruits,Sub Fruits,High quality CleanPlus Banana 1kg - Var 156,pcs,1kg,214,183,391,7,A09,S01,L041,5820297021350,cleanplus_banana_1kg_var_156,ACTIVE
P0157,SKU-P0157,Glow Breakfast Item 157,Glow,Breakfast,Sub Breakfast,High quality Glow Breakfast Item 157,pcs,500g,509,331,123,6,A16,S04,L079,5690927557197,glow_breakfast_item_157,ACTIVE
P0158,SKU-P0158,DailyChoice Sauces Item 158,DailyChoice,Sauces,Sub Sauces,High quality DailyChoice Sauces Item 158,pcs,500g,303,131,443,17,A17,S03,L083,2856543102781,dailychoice_sauces_item_158,ACTIVE
P0159,SKU-P0159,DailyChoice Deodorant 150ml - Var 159,DailyChoice,Personal Care,Sub Personal Care,High quality DailyChoice Deodorant 150ml - Var 159,pcs,150ml,710,504,174,9,A14,S01,L066,6814473947311,dailychoice_deodorant_150ml_var_159,ACTIVE
P0160,SKU-P0160,HealthyO Water 1L - Var 160,HealthyO,Beverages,Sub Beverages,High quality HealthyO Water 1L - Var 160,pcs,1L,154,100,290,15,A03,S02,L012,2172715518847,healthyo_water_1l_var_160,ACTIVE
P0161,SKU-P0161,NatureBites Household Item 161,NatureBites,Household,Sub Household,High quality NatureBites Household Item 161,pcs,200ml,518,358,60,8,A13,S05,L065,4225831323708,naturebites_household_item_161,ACTIVE
P0162,SKU-P0162,FreshFarms Pet Food Item 162,FreshFarms,Pet Food,Sub Pet Food,High quality FreshFarms Pet Food Item 162,pcs,200ml,371,216,183,19,A21,S05,L105,5895782911461,freshfarms_pet_food_item_162,ACTIVE
P0163,SKU-P0163,BrandB Household Item 163,BrandB,Household,Sub Household,High quality BrandB Household Item 163,pcs,200ml,375,260,201,9,A13,S04,L064,7866912517783,brandb_household_item_163,ACTIVE
P0164,SKU-P0164,BrandB Breakfast Item 164,BrandB,Breakfast,Sub Breakfast,High quality BrandB Breakfast Item 164,pcs,100g,395,321,391,16,A16,S01,L076,5289226801829,brandb_breakfast_item_164,ACTIVE
P0165,SKU-P0165,HealthyO Basmati Rice 1kg - Var 165,HealthyO,Rice & Grains,Sub Rice & Grains,High quality HealthyO Basmati Rice 1kg - Var 165,pcs,1kg,871,635,178,8,A05,S05,L025,4225358414385,healthyo_basmati_rice_1kg_var_165,ACTIVE
P0166,SKU-P0166,BrandA Deodorant 150ml - Var 166,BrandA,Personal Care,Sub Personal Care,High quality BrandA Deodorant 150ml - Var 166,pcs,150ml,776,518,169,16,A14,S03,L068,4249818299220,branda_deodorant_150ml_var_166,ACTIVE
P0167,SKU-P0167,BrandC Potato Chips 50g - Var 167,BrandC,Snacks,Sub Snacks,High quality BrandC Potato Chips 50g - Var 167,pcs,50g,261,192,124,8,A04,S05,L020,9959001094390,brandc_potato_chips_50g_var_167,ACTIVE
P0168,SKU-P0168,Glow Seafood Item 168,Glow,Seafood,Sub Seafood,High quality Glow Seafood Item 168,pcs,100ml,500,393,423,18,A12,S05,L060,6907844736475,glow_seafood_item_168,ACTIVE
P0169,SKU-P0169,HealthyO Spices Item 169,HealthyO,Spices,Sub Spices,High quality HealthyO Spices Item 169,pcs,500g,529,411,24,10,A18,S05,L090,1027677359254,healthyo_spices_item_169,ACTIVE
P0170,SKU-P0170,Glow Orange 1kg - Var 170,Glow,Fruits,Sub Fruits,High quality Glow Orange 1kg - Var 170,pcs,1kg,1023,700,455,9,A09,S03,L043,5562588153714,glow_orange_1kg_var_170,ACTIVE
P0171,SKU-P0171,BrandC Dishwashing Liquid 500ml - Var 171,BrandC,Cleaning,Sub Cleaning,High quality BrandC Dishwashing Liquid 500ml - Var 171,pcs,500ml,361,247,25,7,A19,S04,L094,4732104696327,brandc_dishwashing_liquid_500ml_var_171,ACTIVE
P0172,SKU-P0172,CleanPlus Sauces Item 172,CleanPlus,Sauces,Sub Sauces,High quality CleanPlus Sauces Item 172,pcs,200ml,364,274,199,14,A17,S02,L082,5953278774706,cleanplus_sauces_item_172,ACTIVE
P0173,SKU-P0173,HealthyO Meat Item 173,HealthyO,Meat,Sub Meat,High quality HealthyO Meat Item 173,pcs,100g,269,179,396,6,A11,S05,L055,1687339500471,healthyo_meat_item_173,ACTIVE
P0174,SKU-P0174,CleanPlus Energy Drink 250ml - Var 174,CleanPlus,Beverages,Sub Beverages,High quality CleanPlus Energy Drink 250ml - Var 174,pcs,250ml,477,331,236,18,A03,S03,L013,9748016245657,cleanplus_energy_drink_250ml_var_174,ACTIVE
P0175,SKU-P0175,Glow Apple 1kg - Var 175,Glow,Fruits,Sub Fruits,High quality Glow Apple 1kg - Var 175,pcs,1kg,1214,827,155,20,A09,S02,L042,0609835841682,glow_apple_1kg_var_175,ACTIVE
P0176,SKU-P0176,BrandA Sauces Item 176,BrandA,Sauces,Sub Sauces,High quality BrandA Sauces Item 176,pcs,100ml,470,406,13,11,A17,S03,L083,7849912165581,branda_sauces_item_176,ACTIVE
P0177,SKU-P0177,PureLife Potato 1kg - Var 177,PureLife,Vegetables,Sub Vegetables,High quality PureLife Potato 1kg - Var 177,pcs,1kg,241,168,71,5,A10,S02,L047,5239868000258,purelife_potato_1kg_var_177,ACTIVE
P0178,SKU-P0178,BrandC Breakfast Item 178,BrandC,Breakfast,Sub Breakfast,High quality BrandC Breakfast Item 178,pcs,100ml,480,372,266,16,A16,S04,L079,7872982595262,brandc_breakfast_item_178,ACTIVE
P0179,SKU-P0179,CleanPlus Soft Drink 1.5L - Var 179,CleanPlus,Beverages,Sub Beverages,High quality CleanPlus Soft Drink 1.5L - Var 179,pcs,1.5L,408,251,481,7,A03,S04,L014,9495888794706,cleanplus_soft_drink_1.5l_var_179,ACTIVE
P0180,SKU-P0180,CleanPlus Meat Item 180,CleanPlus,Meat,Sub Meat,High quality CleanPlus Meat Item 180,pcs,500ml,619,463,158,8,A11,S05,L055,5516940974998,cleanplus_meat_item_180,ACTIVE
P0181,SKU-P0181,Glow Household Item 181,Glow,Household,Sub Household,High quality Glow Household Item 181,pcs,100ml,595,453,55,18,A13,S01,L061,3097289623096,glow_household_item_181,ACTIVE
P0182,SKU-P0182,HealthyO Nuts 100g - Var 182,HealthyO,Snacks,Sub Snacks,High quality HealthyO Nuts 100g - Var 182,pcs,100g,667,425,50,17,A04,S02,L017,1307562636890,healthyo_nuts_100g_var_182,ACTIVE
P0183,SKU-P0183,Glow Potato 1kg - Var 183,Glow,Vegetables,Sub Vegetables,High quality Glow Potato 1kg - Var 183,pcs,1kg,221,199,49,8,A10,S03,L048,7028385786527,glow_potato_1kg_var_183,ACTIVE
P0184,SKU-P0184,FreshFarms Sauces Item 184,FreshFarms,Sauces,Sub Sauces,High quality FreshFarms Sauces Item 184,pcs,200ml,559,472,130,8,A17,S05,L085,7858549733483,freshfarms_sauces_item_184,ACTIVE
P0185,SKU-P0185,BrandC Red Rice 1kg - Var 185,BrandC,Rice & Grains,Sub Rice & Grains,High quality BrandC Red Rice 1kg - Var 185,pcs,1kg,239,188,399,7,A05,S03,L023,4344375758446,brandc_red_rice_1kg_var_185,ACTIVE
P0186,SKU-P0186,DailyChoice Pasta Item 186,DailyChoice,Pasta,Sub Pasta,High quality DailyChoice Pasta Item 186,pcs,500ml,642,448,339,15,A06,S04,L029,1986652404153,dailychoice_pasta_item_186,ACTIVE
P0187,SKU-P0187,BrandC Pet Food Item 187,BrandC,Pet Food,Sub Pet Food,High quality BrandC Pet Food Item 187,pcs,200g,503,340,333,14,A21,S03,L103,7473384842192,brandc_pet_food_item_187,ACTIVE
P0188,SKU-P0188,Glow Apple 1kg - Var 188,Glow,Fruits,Sub Fruits,High quality Glow Apple 1kg - Var 188,pcs,1kg,1209,832,168,19,A09,S05,L045,9330833016574,glow_apple_1kg_var_188,ACTIVE
P0189,SKU-P0189,BrandA Baby Products Item 189,BrandA,Baby Products,Sub Baby Products,High quality BrandA Baby Products Item 189,pcs,200ml,212,139,324,17,A15,S01,L071,1208267734549,branda_baby_products_item_189,ACTIVE
P0190,SKU-P0190,NatureBites Baby Products Item 190,NatureBites,Baby Products,Sub Baby Products,High quality NatureBites Baby Products Item 190,pcs,500g,526,330,343,11,A15,S05,L075,0193802620672,naturebites_baby_products_item_190,ACTIVE
P0191,SKU-P0191,DailyChoice Meat Item 191,DailyChoice,Meat,Sub Meat,High quality DailyChoice Meat Item 191,pcs,500g,296,131,62,15,A11,S05,L055,2400499154785,dailychoice_meat_item_191,ACTIVE
P0192,SKU-P0192,BrandA Juice 1L - Var 192,BrandA,Beverages,Sub Beverages,High quality BrandA Juice 1L - Var 192,pcs,1L,590,415,234,19,A03,S05,L015,8728743152740,branda_juice_1l_var_192,ACTIVE
P0193,SKU-P0193,HealthyO Sauces Item 193,HealthyO,Sauces,Sub Sauces,High quality HealthyO Sauces Item 193,pcs,100ml,412,290,208,18,A17,S05,L085,2054932966857,healthyo_sauces_item_193,ACTIVE
P0194,SKU-P0194,BrandA Meat Item 194,BrandA,Meat,Sub Meat,High quality BrandA Meat Item 194,pcs,500ml,267,133,58,17,A11,S05,L055,1612275304630,branda_meat_item_194,ACTIVE
P0195,SKU-P0195,Glow Potato 1kg - Var 195,Glow,Vegetables,Sub Vegetables,High quality Glow Potato 1kg - Var 195,pcs,1kg,274,155,349,9,A10,S03,L048,7454990453019,glow_potato_1kg_var_195,ACTIVE
P0196,SKU-P0196,CleanPlus Seafood Item 196,CleanPlus,Seafood,Sub Seafood,High quality CleanPlus Seafood Item 196,pcs,100g,451,258,202,15,A12,S03,L058,7426841459334,cleanplus_seafood_item_196,ACTIVE
P0197,SKU-P0197,CleanPlus Basmati Rice 1kg - Var 197,CleanPlus,Rice & Grains,Sub Rice & Grains,High quality CleanPlus Basmati Rice 1kg - Var 197,pcs,1kg,846,632,19,16,A05,S05,L025,2727956878337,cleanplus_basmati_rice_1kg_var_197,ACTIVE
P0198,SKU-P0198,Glow Potato 1kg - Var 198,Glow,Vegetables,Sub Vegetables,High quality Glow Potato 1kg - Var 198,pcs,1kg,262,199,108,12,A10,S02,L047,9187851910885,glow_potato_1kg_var_198,ACTIVE
P0199,SKU-P0199,PureLife Basmati Rice 1kg - Var 199,PureLife,Rice & Grains,Sub Rice & Grains,High quality PureLife Basmati Rice 1kg - Var 199,pcs,1kg,812,650,269,6,A05,S02,L022,3982258713970,purelife_basmati_rice_1kg_var_199,ACTIVE
P0200,SKU-P0200,BrandC Meat Item 200,BrandC,Meat,Sub Meat,High quality BrandC Meat Item 200,pcs,500ml,269,178,102,10,A11,S05,L055,1870728679081,brandc_meat_item_200,ACTIVE
P0201,SKU-P0201,CleanPlus Baby Products Item 201,CleanPlus,Baby Products,Sub Baby Products,High quality CleanPlus Baby Products Item 201,pcs,200g,449,327,395,19,A15,S01,L071,7406403910657,cleanplus_baby_products_item_201,ACTIVE
P0202,SKU-P0202,FreshFarms Frozen Food Item 202,FreshFarms,Frozen Food,Sub Frozen Food,High quality FreshFarms Frozen Food Item 202,pcs,200ml,343,199,357,19,A08,S05,L040,1801704622654,freshfarms_frozen_food_item_202,ACTIVE
P0203,SKU-P0203,CleanPlus Baby Products Item 203,CleanPlus,Baby Products,Sub Baby Products,High quality CleanPlus Baby Products Item 203,pcs,500ml,283,182,420,9,A15,S03,L073,6766182512864,cleanplus_baby_products_item_203,ACTIVE
P0204,SKU-P0204,Glow Grapes 500g - Var 204,Glow,Fruits,Sub Fruits,High quality Glow Grapes 500g - Var 204,pcs,500g,913,635,374,8,A09,S01,L041,8230047868635,glow_grapes_500g_var_204,ACTIVE
P0205,SKU-P0205,PureLife Potato 1kg - Var 205,PureLife,Vegetables,Sub Vegetables,High quality PureLife Potato 1kg - Var 205,pcs,1kg,265,178,85,18,A10,S01,L046,3752431069039,purelife_potato_1kg_var_205,ACTIVE
P0206,SKU-P0206,Glow Energy Drink 250ml - Var 206,Glow,Beverages,Sub Beverages,High quality Glow Energy Drink 250ml - Var 206,pcs,250ml,453,301,37,17,A03,S02,L012,3119079030676,glow_energy_drink_250ml_var_206,ACTIVE
P0207,SKU-P0207,FreshFarms Sauces Item 207,FreshFarms,Sauces,Sub Sauces,High quality FreshFarms Sauces Item 207,pcs,200g,398,291,24,15,A17,S03,L083,3830284395991,freshfarms_sauces_item_207,ACTIVE
P0208,SKU-P0208,BrandC Potato Chips 50g - Var 208,BrandC,Snacks,Sub Snacks,High quality BrandC Potato Chips 50g - Var 208,pcs,50g,236,152,479,20,A04,S03,L018,5342836440892,brandc_potato_chips_50g_var_208,ACTIVE
P0209,SKU-P0209,HealthyO Dhal 1kg - Var 209,HealthyO,Rice & Grains,Sub Rice & Grains,High quality HealthyO Dhal 1kg - Var 209,pcs,1kg,360,250,19,13,A05,S04,L024,2687056856621,healthyo_dhal_1kg_var_209,ACTIVE
P0210,SKU-P0210,NatureBites Canned Food Item 210,NatureBites,Canned Food,Sub Canned Food,High quality NatureBites Canned Food Item 210,pcs,500ml,279,156,131,14,A07,S02,L032,4628733427084,naturebites_canned_food_item_210,ACTIVE
P0211,SKU-P0211,CleanPlus Potato Chips 50g - Var 211,CleanPlus,Snacks,Sub Snacks,High quality CleanPlus Potato Chips 50g - Var 211,pcs,50g,279,190,244,7,A04,S01,L016,6688263435179,cleanplus_potato_chips_50g_var_211,ACTIVE
P0212,SKU-P0212,NatureBites Biscuits 200g - Var 212,NatureBites,Snacks,Sub Snacks,High quality NatureBites Biscuits 200g - Var 212,pcs,200g,180,136,377,9,A04,S04,L019,5183046990131,naturebites_biscuits_200g_var_212,ACTIVE
P0213,SKU-P0213,HealthyO Carrot 500g - Var 213,HealthyO,Vegetables,Sub Vegetables,High quality HealthyO Carrot 500g - Var 213,pcs,500g,180,122,302,18,A10,S04,L049,9837354033177,healthyo_carrot_500g_var_213,ACTIVE
P0214,SKU-P0214,NatureBites Pasta Item 214,NatureBites,Pasta,Sub Pasta,High quality NatureBites Pasta Item 214,pcs,200g,558,369,269,5,A06,S01,L026,3936385467855,naturebites_pasta_item_214,ACTIVE
P0215,SKU-P0215,BrandA Household Item 215,BrandA,Household,Sub Household,High quality BrandA Household Item 215,pcs,500ml,405,291,392,5,A13,S04,L064,4458771753551,branda_household_item_215,ACTIVE
P0216,SKU-P0216,Glow Seafood Item 216,Glow,Seafood,Sub Seafood,High quality Glow Seafood Item 216,pcs,100g,693,495,386,15,A12,S01,L056,6093204899642,glow_seafood_item_216,ACTIVE
P0217,SKU-P0217,NatureBites White Rice 1kg - Var 217,NatureBites,Rice & Grains,Sub Rice & Grains,High quality NatureBites White Rice 1kg - Var 217,pcs,1kg,282,161,99,19,A05,S01,L021,2353693785470,naturebites_white_rice_1kg_var_217,ACTIVE
P0218,SKU-P0218,BrandC Breakfast Item 218,BrandC,Breakfast,Sub Breakfast,High quality BrandC Breakfast Item 218,pcs,100ml,243,118,113,6,A16,S02,L077,7725228728088,brandc_breakfast_item_218,ACTIVE
P0219,SKU-P0219,Glow Canned Food Item 219,Glow,Canned Food,Sub Canned Food,High quality Glow Canned Food Item 219,pcs,200ml,549,378,139,6,A07,S01,L031,0100623120380,glow_canned_food_item_219,ACTIVE
P0220,SKU-P0220,PureLife Pet Food Item 220,PureLife,Pet Food,Sub Pet Food,High quality PureLife Pet Food Item 220,pcs,200g,569,435,149,8,A21,S02,L102,7509977008864,purelife_pet_food_item_220,ACTIVE
P0221,SKU-P0221,CleanPlus Seafood Item 221,CleanPlus,Seafood,Sub Seafood,High quality CleanPlus Seafood Item 221,pcs,500ml,433,297,105,20,A12,S04,L059,0084840862110,cleanplus_seafood_item_221,ACTIVE
P0222,SKU-P0222,NatureBites Breakfast Item 222,NatureBites,Breakfast,Sub Breakfast,High quality NatureBites Breakfast Item 222,pcs,200g,630,472,50,18,A16,S03,L078,8233984546154,naturebites_breakfast_item_222,ACTIVE
P0223,SKU-P0223,NatureBites Stationery Item 223,NatureBites,Stationery,Sub Stationery,High quality NatureBites Stationery Item 223,pcs,200ml,222,152,177,14,A20,S02,L097,6793341016666,naturebites_stationery_item_223,ACTIVE
P0224,SKU-P0224,BrandC Tomato 500g - Var 224,BrandC,Vegetables,Sub Vegetables,High quality BrandC Tomato 500g - Var 224,pcs,500g,306,194,189,19,A10,S04,L049,8700217659184,brandc_tomato_500g_var_224,ACTIVE
P0225,SKU-P0225,PureLife Cake 1kg - Var 225,PureLife,Bakery,Sub Bakery,High quality PureLife Cake 1kg - Var 225,pcs,1kg,1607,1240,48,17,A02,S03,L008,0339740148902,purelife_cake_1kg_var_225,ACTIVE
P0226,SKU-P0226,BrandC Seafood Item 226,BrandC,Seafood,Sub Seafood,High quality BrandC Seafood Item 226,pcs,100g,573,411,27,9,A12,S05,L060,2503926142932,brandc_seafood_item_226,ACTIVE
P0227,SKU-P0227,Glow Water 1L - Var 227,Glow,Beverages,Sub Beverages,High quality Glow Water 1L - Var 227,pcs,1L,152,84,26,9,A03,S02,L012,9685621850169,glow_water_1l_var_227,ACTIVE
P0228,SKU-P0228,Glow Baby Products Item 228,Glow,Baby Products,Sub Baby Products,High quality Glow Baby Products Item 228,pcs,200g,478,393,281,16,A15,S03,L073,3159996504775,glow_baby_products_item_228,ACTIVE
P0229,SKU-P0229,PureLife Household Item 229,PureLife,Household,Sub Household,High quality PureLife Household Item 229,pcs,100g,210,113,265,17,A13,S03,L063,3586629619436,purelife_household_item_229,ACTIVE
P0230,SKU-P0230,PureLife Spices Item 230,PureLife,Spices,Sub Spices,High quality PureLife Spices Item 230,pcs,200ml,332,209,365,20,A18,S01,L086,1142626551104,purelife_spices_item_230,ACTIVE
P0231,SKU-P0231,BrandC Canned Food Item 231,BrandC,Canned Food,Sub Canned Food,High quality BrandC Canned Food Item 231,pcs,100ml,351,188,54,15,A07,S01,L031,4754121267885,brandc_canned_food_item_231,ACTIVE
P0232,SKU-P0232,NatureBites Seafood Item 232,NatureBites,Seafood,Sub Seafood,High quality NatureBites Seafood Item 232,pcs,500ml,343,253,374,10,A12,S01,L056,8610158199567,naturebites_seafood_item_232,ACTIVE
P0233,SKU-P0233,FreshFarms Seafood Item 233,FreshFarms,Seafood,Sub Seafood,High quality FreshFarms Seafood Item 233,pcs,100g,281,171,414,20,A12,S05,L060,0466183982623,freshfarms_seafood_item_233,ACTIVE
P0234,SKU-P0234,DailyChoice Cheese 250g - Var 234,DailyChoice,Dairy,Sub Dairy,High quality DailyChoice Cheese 250g - Var 234,pcs,250g,1016,835,323,7,A01,S03,L003,2444721264644,dailychoice_cheese_250g_var_234,ACTIVE
P0235,SKU-P0235,DailyChoice Energy Drink 250ml - Var 235,DailyChoice,Beverages,Sub Beverages,High quality DailyChoice Energy Drink 250ml - Var 235,pcs,250ml,452,333,403,18,A03,S03,L013,7154379937122,dailychoice_energy_drink_250ml_var_235,ACTIVE
P0236,SKU-P0236,Glow Dishwashing Liquid 500ml - Var 236,Glow,Cleaning,Sub Cleaning,High quality Glow Dishwashing Liquid 500ml - Var 236,pcs,500ml,289,241,240,19,A19,S01,L091,4065965756924,glow_dishwashing_liquid_500ml_var_236,ACTIVE
P0237,SKU-P0237,BrandC Sauces Item 237,BrandC,Sauces,Sub Sauces,High quality BrandC Sauces Item 237,pcs,500g,576,493,231,6,A17,S03,L083,4593752654790,brandc_sauces_item_237,ACTIVE
P0238,SKU-P0238,PureLife Potato Chips 50g - Var 238,PureLife,Snacks,Sub Snacks,High quality PureLife Potato Chips 50g - Var 238,pcs,50g,220,160,175,12,A04,S05,L020,3564651939821,purelife_potato_chips_50g_var_238,ACTIVE
P0239,SKU-P0239,PureLife Seafood Item 239,PureLife,Seafood,Sub Seafood,High quality PureLife Seafood Item 239,pcs,100ml,391,200,150,9,A12,S05,L060,8073741672432,purelife_seafood_item_239,ACTIVE
P0240,SKU-P0240,HealthyO Pet Food Item 240,HealthyO,Pet Food,Sub Pet Food,High quality HealthyO Pet Food Item 240,pcs,500g,450,357,313,9,A21,S03,L103,4266179796885,healthyo_pet_food_item_240,ACTIVE
P0241,SKU-P0241,HealthyO Pasta Item 241,HealthyO,Pasta,Sub Pasta,High quality HealthyO Pasta Item 241,pcs,200g,184,114,33,13,A06,S05,L030,6805891135299,healthyo_pasta_item_241,ACTIVE
P0242,SKU-P0242,HealthyO Pet Food Item 242,HealthyO,Pet Food,Sub Pet Food,High quality HealthyO Pet Food Item 242,pcs,200g,543,354,158,14,A21,S02,L102,0965610143885,healthyo_pet_food_item_242,ACTIVE
P0243,SKU-P0243,CleanPlus Breakfast Item 243,CleanPlus,Breakfast,Sub Breakfast,High quality CleanPlus Breakfast Item 243,pcs,200ml,202,137,90,19,A16,S02,L077,8993756798258,cleanplus_breakfast_item_243,ACTIVE
P0244,SKU-P0244,FreshFarms Deodorant 150ml - Var 244,FreshFarms,Personal Care,Sub Personal Care,High quality FreshFarms Deodorant 150ml - Var 244,pcs,150ml,777,521,83,15,A14,S04,L069,0714611254577,freshfarms_deodorant_150ml_var_244,ACTIVE
P0245,SKU-P0245,CleanPlus Meat Item 245,CleanPlus,Meat,Sub Meat,High quality CleanPlus Meat Item 245,pcs,100ml,556,363,64,15,A11,S03,L053,3875717751401,cleanplus_meat_item_245,ACTIVE
P0246,SKU-P0246,BrandB Frozen Food Item 246,BrandB,Frozen Food,Sub Frozen Food,High quality BrandB Frozen Food Item 246,pcs,200ml,312,226,59,6,A08,S04,L039,1051238282583,brandb_frozen_food_item_246,ACTIVE
P0247,SKU-P0247,FreshFarms Tomato 500g - Var 247,FreshFarms,Vegetables,Sub Vegetables,High quality FreshFarms Tomato 500g - Var 247,pcs,500g,291,160,488,15,A10,S04,L049,6736226609379,freshfarms_tomato_500g_var_247,ACTIVE
P0248,SKU-P0248,DailyChoice Canned Food Item 248,DailyChoice,Canned Food,Sub Canned Food,High quality DailyChoice Canned Food Item 248,pcs,500ml,483,355,264,5,A07,S02,L032,9660334191822,dailychoice_canned_food_item_248,ACTIVE
P0249,SKU-P0249,FreshFarms Energy Drink 250ml - Var 249,FreshFarms,Beverages,Sub Beverages,High quality FreshFarms Energy Drink 250ml - Var 249,pcs,250ml,474,313,190,6,A03,S04,L014,5537147859697,freshfarms_energy_drink_250ml_var_249,ACTIVE
P0250,SKU-P0250,HealthyO Cake 1kg - Var 250,HealthyO,Bakery,Sub Bakery,High quality HealthyO Cake 1kg - Var 250,pcs,1kg,1686,1241,250,14,A02,S03,L008,6915579249917,healthyo_cake_1kg_var_250,ACTIVE
P0251,SKU-P0251,BrandB Spices Item 251,BrandB,Spices,Sub Spices,High quality BrandB Spices Item 251,pcs,200g,378,235,401,17,A18,S01,L086,2513412528669,brandb_spices_item_251,ACTIVE
P0252,SKU-P0252,CleanPlus Seafood Item 252,CleanPlus,Seafood,Sub Seafood,High quality CleanPlus Seafood Item 252,pcs,100g,476,285,157,7,A12,S01,L056,9296627828276,cleanplus_seafood_item_252,ACTIVE
P0253,SKU-P0253,DailyChoice Household Item 253,DailyChoice,Household,Sub Household,High quality DailyChoice Household Item 253,pcs,500ml,499,419,75,8,A13,S05,L065,4225790507232,dailychoice_household_item_253,ACTIVE
P0254,SKU-P0254,Glow Household Item 254,Glow,Household,Sub Household,High quality Glow Household Item 254,pcs,500ml,572,486,111,17,A13,S03,L063,6887676772196,glow_household_item_254,ACTIVE
P0255,SKU-P0255,BrandA Sauces Item 255,BrandA,Sauces,Sub Sauces,High quality BrandA Sauces Item 255,pcs,100g,600,465,421,20,A17,S01,L081,0340438427971,branda_sauces_item_255,ACTIVE
P0256,SKU-P0256,BrandC Sauces Item 256,BrandC,Sauces,Sub Sauces,High quality BrandC Sauces Item 256,pcs,500g,398,267,93,17,A17,S04,L084,8819148580785,brandc_sauces_item_256,ACTIVE
P0257,SKU-P0257,HealthyO Stationery Item 257,HealthyO,Stationery,Sub Stationery,High quality HealthyO Stationery Item 257,pcs,200ml,656,462,163,20,A20,S03,L098,3613407451718,healthyo_stationery_item_257,ACTIVE
P0258,SKU-P0258,BrandB Cheese 250g - Var 258,BrandB,Dairy,Sub Dairy,High quality BrandB Cheese 250g - Var 258,pcs,250g,1074,826,167,5,A01,S03,L003,3395962923304,brandb_cheese_250g_var_258,ACTIVE
P0259,SKU-P0259,PureLife Stationery Item 259,PureLife,Stationery,Sub Stationery,High quality PureLife Stationery Item 259,pcs,500g,532,469,308,20,A20,S04,L099,9584982544949,purelife_stationery_item_259,ACTIVE
P0260,SKU-P0260,HealthyO Pasta Item 260,HealthyO,Pasta,Sub Pasta,High quality HealthyO Pasta Item 260,pcs,200g,560,448,26,8,A06,S05,L030,8126042232536,healthyo_pasta_item_260,ACTIVE
P0261,SKU-P0261,DailyChoice Canned Food Item 261,DailyChoice,Canned Food,Sub Canned Food,High quality DailyChoice Canned Food Item 261,pcs,200ml,332,177,363,11,A07,S01,L031,6729466711681,dailychoice_canned_food_item_261,ACTIVE
P0262,SKU-P0262,BrandA Deodorant 150ml - Var 262,BrandA,Personal Care,Sub Personal Care,High quality BrandA Deodorant 150ml - Var 262,pcs,150ml,717,545,275,11,A14,S05,L070,4577590175181,branda_deodorant_150ml_var_262,ACTIVE
P0263,SKU-P0263,DailyChoice Spices Item 263,DailyChoice,Spices,Sub Spices,High quality DailyChoice Spices Item 263,pcs,500ml,354,260,245,15,A18,S03,L088,6363745458920,dailychoice_spices_item_263,ACTIVE
P0264,SKU-P0264,PureLife Spices Item 264,PureLife,Spices,Sub Spices,High quality PureLife Spices Item 264,pcs,500ml,311,198,152,14,A18,S03,L088,9750017012770,purelife_spices_item_264,ACTIVE
P0265,SKU-P0265,PureLife Frozen Food Item 265,PureLife,Frozen Food,Sub Frozen Food,High quality PureLife Frozen Food Item 265,pcs,500g,628,453,172,20,A08,S03,L038,0632424154153,purelife_frozen_food_item_265,ACTIVE
P0266,SKU-P0266,PureLife Seafood Item 266,PureLife,Seafood,Sub Seafood,High quality PureLife Seafood Item 266,pcs,200g,582,393,204,17,A12,S05,L060,2064361103716,purelife_seafood_item_266,ACTIVE
P0267,SKU-P0267,PureLife Seafood Item 267,PureLife,Seafood,Sub Seafood,High quality PureLife Seafood Item 267,pcs,100ml,535,465,187,19,A12,S02,L057,2938700516270,purelife_seafood_item_267,ACTIVE
P0268,SKU-P0268,DailyChoice Pet Food Item 268,DailyChoice,Pet Food,Sub Pet Food,High quality DailyChoice Pet Food Item 268,pcs,100g,494,375,487,13,A21,S03,L103,1361115542625,dailychoice_pet_food_item_268,ACTIVE
P0269,SKU-P0269,FreshFarms Red Rice 1kg - Var 269,FreshFarms,Rice & Grains,Sub Rice & Grains,High quality FreshFarms Red Rice 1kg - Var 269,pcs,1kg,305,153,473,12,A05,S01,L021,2189092753266,freshfarms_red_rice_1kg_var_269,ACTIVE
P0270,SKU-P0270,BrandA Pet Food Item 270,BrandA,Pet Food,Sub Pet Food,High quality BrandA Pet Food Item 270,pcs,100ml,439,269,61,9,A21,S02,L102,9731121965657,branda_pet_food_item_270,ACTIVE
P0271,SKU-P0271,CleanPlus Butter 200g - Var 271,CleanPlus,Dairy,Sub Dairy,High quality CleanPlus Butter 200g - Var 271,pcs,200g,810,641,254,11,A01,S05,L005,2341389994046,cleanplus_butter_200g_var_271,ACTIVE
P0272,SKU-P0272,BrandA Onion 1kg - Var 272,BrandA,Vegetables,Sub Vegetables,High quality BrandA Onion 1kg - Var 272,pcs,1kg,311,249,343,12,A10,S03,L048,3898364037612,branda_onion_1kg_var_272,ACTIVE
P0273,SKU-P0273,BrandC Spices Item 273,BrandC,Spices,Sub Spices,High quality BrandC Spices Item 273,pcs,200g,269,118,413,20,A18,S01,L086,3791805526969,brandc_spices_item_273,ACTIVE
P0274,SKU-P0274,BrandA Pasta Item 274,BrandA,Pasta,Sub Pasta,High quality BrandA Pasta Item 274,pcs,100ml,467,390,485,15,A06,S03,L028,5827109104300,branda_pasta_item_274,ACTIVE
P0275,SKU-P0275,BrandC Tomato 500g - Var 275,BrandC,Vegetables,Sub Vegetables,High quality BrandC Tomato 500g - Var 275,pcs,500g,309,182,149,11,A10,S04,L049,0684866618892,brandc_tomato_500g_var_275,ACTIVE
P0276,SKU-P0276,DailyChoice Potato Chips 50g - Var 276,DailyChoice,Snacks,Sub Snacks,High quality DailyChoice Potato Chips 50g - Var 276,pcs,50g,232,191,377,10,A04,S03,L018,2414183285693,dailychoice_potato_chips_50g_var_276,ACTIVE
P0277,SKU-P0277,HealthyO Cheese 250g - Var 277,HealthyO,Dairy,Sub Dairy,High quality HealthyO Cheese 250g - Var 277,pcs,250g,1096,843,108,10,A01,S03,L003,1463031617996,healthyo_cheese_250g_var_277,ACTIVE
P0278,SKU-P0278,CleanPlus Stationery Item 278,CleanPlus,Stationery,Sub Stationery,High quality CleanPlus Stationery Item 278,pcs,500ml,296,144,352,8,A20,S04,L099,0421020275887,cleanplus_stationery_item_278,ACTIVE
P0279,SKU-P0279,DailyChoice Pasta Item 279,DailyChoice,Pasta,Sub Pasta,High quality DailyChoice Pasta Item 279,pcs,200g,219,103,206,12,A06,S02,L027,4252410564818,dailychoice_pasta_item_279,ACTIVE
P0280,SKU-P0280,Glow Baby Products Item 280,Glow,Baby Products,Sub Baby Products,High quality Glow Baby Products Item 280,pcs,200g,375,233,364,12,A15,S03,L073,4917785079250,glow_baby_products_item_280,ACTIVE
P0281,SKU-P0281,PureLife Cake 1kg - Var 281,PureLife,Bakery,Sub Bakery,High quality PureLife Cake 1kg - Var 281,pcs,1kg,1651,1210,361,14,A02,S01,L006,2419138000307,purelife_cake_1kg_var_281,ACTIVE
P0282,SKU-P0282,HealthyO Chocolate 100g - Var 282,HealthyO,Snacks,Sub Snacks,High quality HealthyO Chocolate 100g - Var 282,pcs,100g,378,264,500,9,A04,S03,L018,7562208635369,healthyo_chocolate_100g_var_282,ACTIVE
P0283,SKU-P0283,DailyChoice Breakfast Item 283,DailyChoice,Breakfast,Sub Breakfast,High quality DailyChoice Breakfast Item 283,pcs,500ml,502,312,477,20,A16,S02,L077,5419518023800,dailychoice_breakfast_item_283,ACTIVE
P0284,SKU-P0284,FreshFarms Spices Item 284,FreshFarms,Spices,Sub Spices,High quality FreshFarms Spices Item 284,pcs,500g,533,369,280,16,A18,S02,L087,6174451870537,freshfarms_spices_item_284,ACTIVE
P0285,SKU-P0285,BrandA Soft Drink 1.5L - Var 285,BrandA,Beverages,Sub Beverages,High quality BrandA Soft Drink 1.5L - Var 285,pcs,1.5L,414,285,113,9,A03,S05,L015,4949375973839,branda_soft_drink_1.5l_var_285,ACTIVE
P0286,SKU-P0286,NatureBites Pasta Item 286,NatureBites,Pasta,Sub Pasta,High quality NatureBites Pasta Item 286,pcs,200g,550,448,377,20,A06,S03,L028,2060385050647,naturebites_pasta_item_286,ACTIVE
P0287,SKU-P0287,BrandA Energy Drink 250ml - Var 287,BrandA,Beverages,Sub Beverages,High quality BrandA Energy Drink 250ml - Var 287,pcs,250ml,416,329,272,18,A03,S05,L015,1383670241034,branda_energy_drink_250ml_var_287,ACTIVE
P0288,SKU-P0288,BrandA Baby Products Item 288,BrandA,Baby Products,Sub Baby Products,High quality BrandA Baby Products Item 288,pcs,500ml,572,444,380,5,A15,S05,L075,8657191826197,branda_baby_products_item_288,ACTIVE
P0289,SKU-P0289,BrandA Household Item 289,BrandA,Household,Sub Household,High quality BrandA Household Item 289,pcs,500g,464,396,33,18,A13,S03,L063,9062344565578,branda_household_item_289,ACTIVE
P0290,SKU-P0290,NatureBites Seafood Item 290,NatureBites,Seafood,Sub Seafood,High quality NatureBites Seafood Item 290,pcs,100g,399,341,156,18,A12,S01,L056,4313291212776,naturebites_seafood_item_290,ACTIVE
P0291,SKU-P0291,CleanPlus Pasta Item 291,CleanPlus,Pasta,Sub Pasta,High quality CleanPlus Pasta Item 291,pcs,200ml,475,329,202,7,A06,S02,L027,5618537474116,cleanplus_pasta_item_291,ACTIVE
P0292,SKU-P0292,Glow Spices Item 292,Glow,Spices,Sub Spices,High quality Glow Spices Item 292,pcs,100g,525,375,280,9,A18,S02,L087,2490352135686,glow_spices_item_292,ACTIVE
P0293,SKU-P0293,BrandA Frozen Food Item 293,BrandA,Frozen Food,Sub Frozen Food,High quality BrandA Frozen Food Item 293,pcs,200ml,633,444,227,17,A08,S01,L036,0442067883170,branda_frozen_food_item_293,ACTIVE
P0294,SKU-P0294,DailyChoice Frozen Food Item 294,DailyChoice,Frozen Food,Sub Frozen Food,High quality DailyChoice Frozen Food Item 294,pcs,200g,339,241,489,8,A08,S02,L037,1210032365193,dailychoice_frozen_food_item_294,ACTIVE
P0295,SKU-P0295,FreshFarms Bread 500g - Var 295,FreshFarms,Bakery,Sub Bakery,High quality FreshFarms Bread 500g - Var 295,pcs,500g,208,163,61,6,A02,S04,L009,9410137215108,freshfarms_bread_500g_var_295,ACTIVE
P0296,SKU-P0296,BrandA Baby Products Item 296,BrandA,Baby Products,Sub Baby Products,High quality BrandA Baby Products Item 296,pcs,100g,467,305,129,11,A15,S05,L075,7029667066252,branda_baby_products_item_296,ACTIVE
P0297,SKU-P0297,FreshFarms Croissant 2pcs - Var 297,FreshFarms,Bakery,Sub Bakery,High quality FreshFarms Croissant 2pcs - Var 297,pcs,2pcs,373,246,173,15,A02,S02,L007,3244720999344,freshfarms_croissant_2pcs_var_297,ACTIVE
P0298,SKU-P0298,BrandC Frozen Food Item 298,BrandC,Frozen Food,Sub Frozen Food,High quality BrandC Frozen Food Item 298,pcs,500g,437,311,150,6,A08,S03,L038,7687014626384,brandc_frozen_food_item_298,ACTIVE
P0299,SKU-P0299,BrandC Spices Item 299,BrandC,Spices,Sub Spices,High quality BrandC Spices Item 299,pcs,500ml,560,384,34,16,A18,S05,L090,3806578759855,brandc_spices_item_299,ACTIVE
P0300,SKU-P0300,NatureBites Pet Food Item 300,NatureBites,Pet Food,Sub Pet Food,High quality NatureBites Pet Food Item 300,pcs,200ml,397,309,163,17,A21,S04,L104,6420593040780,naturebites_pet_food_item_300,ACTIVE
P0301,SKU-P0301,DailyChoice Pasta Item 301,DailyChoice,Pasta,Sub Pasta,High quality DailyChoice Pasta Item 301,pcs,100g,339,253,422,19,A06,S05,L030,5932133480396,dailychoice_pasta_item_301,ACTIVE
P0302,SKU-P0302,CleanPlus Cake 1kg - Var 302,CleanPlus,Bakery,Sub Bakery,High quality CleanPlus Cake 1kg - Var 302,pcs,1kg,1667,1235,78,17,A02,S05,L010,6522395590590,cleanplus_cake_1kg_var_302,ACTIVE
P0303,SKU-P0303,FreshFarms Frozen Food Item 303,FreshFarms,Frozen Food,Sub Frozen Food,High quality FreshFarms Frozen Food Item 303,pcs,200g,474,330,57,11,A08,S03,L038,9293784270108,freshfarms_frozen_food_item_303,ACTIVE
P0304,SKU-P0304,HealthyO Cake 1kg - Var 304,HealthyO,Bakery,Sub Bakery,High quality HealthyO Cake 1kg - Var 304,pcs,1kg,1605,1238,457,7,A02,S03,L008,3930870593258,healthyo_cake_1kg_var_304,ACTIVE
P0305,SKU-P0305,NatureBites Canned Food Item 305,NatureBites,Canned Food,Sub Canned Food,High quality NatureBites Canned Food Item 305,pcs,100ml,341,206,165,5,A07,S05,L035,2500292185150,naturebites_canned_food_item_305,ACTIVE
P0306,SKU-P0306,BrandB Canned Food Item 306,BrandB,Canned Food,Sub Canned Food,High quality BrandB Canned Food Item 306,pcs,500ml,326,224,213,12,A07,S02,L032,6915452267526,brandb_canned_food_item_306,ACTIVE
P0307,SKU-P0307,PureLife Spices Item 307,PureLife,Spices,Sub Spices,High quality PureLife Spices Item 307,pcs,200ml,514,373,167,13,A18,S03,L088,8953926442206,purelife_spices_item_307,ACTIVE
P0308,SKU-P0308,DailyChoice Seafood Item 308,DailyChoice,Seafood,Sub Seafood,High quality DailyChoice Seafood Item 308,pcs,200g,639,469,399,15,A12,S05,L060,9690295939171,dailychoice_seafood_item_308,ACTIVE
P0309,SKU-P0309,Glow Canned Food Item 309,Glow,Canned Food,Sub Canned Food,High quality Glow Canned Food Item 309,pcs,200g,494,388,389,9,A07,S03,L033,2513552157040,glow_canned_food_item_309,ACTIVE
P0310,SKU-P0310,PureLife Yogurt 80g - Var 310,PureLife,Dairy,Sub Dairy,High quality PureLife Yogurt 80g - Var 310,pcs,80g,95,59,178,12,A01,S03,L003,3315410067626,purelife_yogurt_80g_var_310,ACTIVE
P0311,SKU-P0311,FreshFarms Household Item 311,FreshFarms,Household,Sub Household,High quality FreshFarms Household Item 311,pcs,200ml,406,231,380,20,A13,S05,L065,6765861793273,freshfarms_household_item_311,ACTIVE
P0312,SKU-P0312,Glow Baby Products Item 312,Glow,Baby Products,Sub Baby Products,High quality Glow Baby Products Item 312,pcs,100g,657,468,260,10,A15,S02,L072,1040541152621,glow_baby_products_item_312,ACTIVE
P0313,SKU-P0313,NatureBites Spices Item 313,NatureBites,Spices,Sub Spices,High quality NatureBites Spices Item 313,pcs,100g,504,442,401,5,A18,S01,L086,1815997062967,naturebites_spices_item_313,ACTIVE
P0314,SKU-P0314,BrandB Soap 100g - Var 314,BrandB,Personal Care,Sub Personal Care,High quality BrandB Soap 100g - Var 314,pcs,100g,139,125,14,11,A14,S02,L067,2015336884444,brandb_soap_100g_var_314,ACTIVE
P0315,SKU-P0315,Glow Sauces Item 315,Glow,Sauces,Sub Sauces,High quality Glow Sauces Item 315,pcs,100ml,611,437,18,5,A17,S04,L084,3106987205067,glow_sauces_item_315,ACTIVE
P0316,SKU-P0316,CleanPlus Spices Item 316,CleanPlus,Spices,Sub Spices,High quality CleanPlus Spices Item 316,pcs,100g,491,371,284,14,A18,S05,L090,1497310324176,cleanplus_spices_item_316,ACTIVE
P0317,SKU-P0317,BrandC Yogurt 80g - Var 317,BrandC,Dairy,Sub Dairy,High quality BrandC Yogurt 80g - Var 317,pcs,80g,82,56,278,9,A01,S05,L005,1467741862561,brandc_yogurt_80g_var_317,ACTIVE
P0318,SKU-P0318,HealthyO Frozen Food Item 318,HealthyO,Frozen Food,Sub Frozen Food,High quality HealthyO Frozen Food Item 318,pcs,500ml,399,281,417,17,A08,S02,L037,5270477434904,healthyo_frozen_food_item_318,ACTIVE
P0319,SKU-P0319,DailyChoice Energy Drink 250ml - Var 319,DailyChoice,Beverages,Sub Beverages,High quality DailyChoice Energy Drink 250ml - Var 319,pcs,250ml,431,336,366,12,A03,S03,L013,2115869380687,dailychoice_energy_drink_250ml_var_319,ACTIVE
P0320,SKU-P0320,BrandB Carrot 500g - Var 320,BrandB,Vegetables,Sub Vegetables,High quality BrandB Carrot 500g - Var 320,pcs,500g,198,125,203,20,A10,S01,L046,6879374160894,brandb_carrot_500g_var_320,ACTIVE
P0321,SKU-P0321,BrandB Buns 4pcs - Var 321,BrandB,Bakery,Sub Bakery,High quality BrandB Buns 4pcs - Var 321,pcs,4pcs,215,151,340,15,A02,S01,L006,8992172233206,brandb_buns_4pcs_var_321,ACTIVE
P0322,SKU-P0322,BrandA Floor Cleaner 1L - Var 322,BrandA,Cleaning,Sub Cleaning,High quality BrandA Floor Cleaner 1L - Var 322,pcs,1L,477,314,471,20,A19,S01,L091,6163294511684,branda_floor_cleaner_1l_var_322,ACTIVE
P0323,SKU-P0323,PureLife Apple 1kg - Var 323,PureLife,Fruits,Sub Fruits,High quality PureLife Apple 1kg - Var 323,pcs,1kg,1272,834,346,6,A09,S01,L041,6854870998615,purelife_apple_1kg_var_323,ACTIVE
P0324,SKU-P0324,BrandA Pasta Item 324,BrandA,Pasta,Sub Pasta,High quality BrandA Pasta Item 324,pcs,100g,636,485,485,7,A06,S03,L028,6229991191489,branda_pasta_item_324,ACTIVE
P0325,SKU-P0325,HealthyO Potato 1kg - Var 325,HealthyO,Vegetables,Sub Vegetables,High quality HealthyO Potato 1kg - Var 325,pcs,1kg,286,174,469,15,A10,S02,L047,5646799702463,healthyo_potato_1kg_var_325,ACTIVE
P0326,SKU-P0326,BrandB Household Item 326,BrandB,Household,Sub Household,High quality BrandB Household Item 326,pcs,500ml,202,127,233,12,A13,S02,L062,2996065307452,brandb_household_item_326,ACTIVE
P0327,SKU-P0327,Glow Energy Drink 250ml - Var 327,Glow,Beverages,Sub Beverages,High quality Glow Energy Drink 250ml - Var 327,pcs,250ml,481,301,149,19,A03,S03,L013,0544471324758,glow_energy_drink_250ml_var_327,ACTIVE
P0328,SKU-P0328,Glow Breakfast Item 328,Glow,Breakfast,Sub Breakfast,High quality Glow Breakfast Item 328,pcs,500ml,418,321,358,17,A16,S02,L077,4691373678505,glow_breakfast_item_328,ACTIVE
P0329,SKU-P0329,FreshFarms Water 1L - Var 329,FreshFarms,Beverages,Sub Beverages,High quality FreshFarms Water 1L - Var 329,pcs,1L,89,105,52,13,A03,S05,L015,8214862890231,freshfarms_water_1l_var_329,ACTIVE
P0330,SKU-P0330,CleanPlus Red Rice 1kg - Var 330,CleanPlus,Rice & Grains,Sub Rice & Grains,High quality CleanPlus Red Rice 1kg - Var 330,pcs,1kg,266,170,64,7,A05,S04,L024,3030705345783,cleanplus_red_rice_1kg_var_330,ACTIVE
P0331,SKU-P0331,Glow Yogurt 80g - Var 331,Glow,Dairy,Sub Dairy,High quality Glow Yogurt 80g - Var 331,pcs,80g,104,98,62,9,A01,S03,L003,6103579727980,glow_yogurt_80g_var_331,ACTIVE
P0332,SKU-P0332,DailyChoice Energy Drink 250ml - Var 332,DailyChoice,Beverages,Sub Beverages,High quality DailyChoice Energy Drink 250ml - Var 332,pcs,250ml,471,335,272,18,A03,S02,L012,5524140602931,dailychoice_energy_drink_250ml_var_332,ACTIVE
P0333,SKU-P0333,Glow Biscuits 200g - Var 333,Glow,Snacks,Sub Snacks,High quality Glow Biscuits 200g - Var 333,pcs,200g,161,135,315,15,A04,S01,L016,3334680072291,glow_biscuits_200g_var_333,ACTIVE
P0334,SKU-P0334,PureLife Household Item 334,PureLife,Household,Sub Household,High quality PureLife Household Item 334,pcs,200ml,569,498,381,12,A13,S01,L061,0349446657431,purelife_household_item_334,ACTIVE
P0335,SKU-P0335,CleanPlus Dishwashing Liquid 500ml - Var 335,CleanPlus,Cleaning,Sub Cleaning,High quality CleanPlus Dishwashing Liquid 500ml - Var 335,pcs,500ml,297,210,147,14,A19,S05,L095,7489691085894,cleanplus_dishwashing_liquid_500ml_var_335,ACTIVE
P0336,SKU-P0336,BrandB Banana 1kg - Var 336,BrandB,Fruits,Sub Fruits,High quality BrandB Banana 1kg - Var 336,pcs,1kg,255,160,151,18,A09,S04,L044,9441715454442,brandb_banana_1kg_var_336,ACTIVE
P0337,SKU-P0337,Glow Carrot 500g - Var 337,Glow,Vegetables,Sub Vegetables,High quality Glow Carrot 500g - Var 337,pcs,500g,181,116,379,20,A10,S04,L049,3283096520745,glow_carrot_500g_var_337,ACTIVE
P0338,SKU-P0338,FreshFarms Stationery Item 338,FreshFarms,Stationery,Sub Stationery,High quality FreshFarms Stationery Item 338,pcs,200g,296,169,13,17,A20,S05,L100,4666099353876,freshfarms_stationery_item_338,ACTIVE
P0339,SKU-P0339,CleanPlus Meat Item 339,CleanPlus,Meat,Sub Meat,High quality CleanPlus Meat Item 339,pcs,200ml,431,271,427,9,A11,S05,L055,5842824172489,cleanplus_meat_item_339,ACTIVE
P0340,SKU-P0340,DailyChoice Potato 1kg - Var 340,DailyChoice,Vegetables,Sub Vegetables,High quality DailyChoice Potato 1kg - Var 340,pcs,1kg,222,170,213,15,A10,S03,L048,2513534655496,dailychoice_potato_1kg_var_340,ACTIVE
P0341,SKU-P0341,Glow Potato 1kg - Var 341,Glow,Vegetables,Sub Vegetables,High quality Glow Potato 1kg - Var 341,pcs,1kg,235,174,428,17,A10,S04,L049,4717099917381,glow_potato_1kg_var_341,ACTIVE
P0342,SKU-P0342,HealthyO Seafood Item 342,HealthyO,Seafood,Sub Seafood,High quality HealthyO Seafood Item 342,pcs,100g,639,449,23,19,A12,S01,L056,1684602235696,healthyo_seafood_item_342,ACTIVE
P0343,SKU-P0343,PureLife Canned Food Item 343,PureLife,Canned Food,Sub Canned Food,High quality PureLife Canned Food Item 343,pcs,500g,486,309,81,14,A07,S04,L034,7252175250077,purelife_canned_food_item_343,ACTIVE
P0344,SKU-P0344,BrandC Frozen Food Item 344,BrandC,Frozen Food,Sub Frozen Food,High quality BrandC Frozen Food Item 344,pcs,500ml,361,293,239,20,A08,S03,L038,4329271296667,brandc_frozen_food_item_344,ACTIVE
P0345,SKU-P0345,NatureBites Floor Cleaner 1L - Var 345,NatureBites,Cleaning,Sub Cleaning,High quality NatureBites Floor Cleaner 1L - Var 345,pcs,1L,503,344,288,6,A19,S04,L094,6760083505833,naturebites_floor_cleaner_1l_var_345,ACTIVE
P0346,SKU-P0346,HealthyO Seafood Item 346,HealthyO,Seafood,Sub Seafood,High quality HealthyO Seafood Item 346,pcs,500g,268,155,346,16,A12,S05,L060,0033542168945,healthyo_seafood_item_346,ACTIVE
P0347,SKU-P0347,BrandA Pasta Item 347,BrandA,Pasta,Sub Pasta,High quality BrandA Pasta Item 347,pcs,500ml,619,485,417,18,A06,S05,L030,2104478985628,branda_pasta_item_347,ACTIVE
P0348,SKU-P0348,PureLife Biscuits 200g - Var 348,PureLife,Snacks,Sub Snacks,High quality PureLife Biscuits 200g - Var 348,pcs,200g,215,114,392,12,A04,S01,L016,5753260332309,purelife_biscuits_200g_var_348,ACTIVE
P0349,SKU-P0349,CleanPlus Baby Products Item 349,CleanPlus,Baby Products,Sub Baby Products,High quality CleanPlus Baby Products Item 349,pcs,200g,332,276,257,8,A15,S03,L073,9821506489097,cleanplus_baby_products_item_349,ACTIVE
P0350,SKU-P0350,BrandB Carrot 500g - Var 350,BrandB,Vegetables,Sub Vegetables,High quality BrandB Carrot 500g - Var 350,pcs,500g,168,146,188,14,A10,S04,L049,0100167618473,brandb_carrot_500g_var_350,ACTIVE
P0351,SKU-P0351,FreshFarms Meat Item 351,FreshFarms,Meat,Sub Meat,High quality FreshFarms Meat Item 351,pcs,500ml,449,278,59,19,A11,S04,L054,2304618499262,freshfarms_meat_item_351,ACTIVE
P0352,SKU-P0352,BrandB Baby Products Item 352,BrandB,Baby Products,Sub Baby Products,High quality BrandB Baby Products Item 352,pcs,200g,542,463,21,15,A15,S03,L073,1891411739349,brandb_baby_products_item_352,ACTIVE
P0353,SKU-P0353,BrandC Pet Food Item 353,BrandC,Pet Food,Sub Pet Food,High quality BrandC Pet Food Item 353,pcs,500g,458,364,292,10,A21,S01,L101,8356420873758,brandc_pet_food_item_353,ACTIVE
P0354,SKU-P0354,CleanPlus Meat Item 354,CleanPlus,Meat,Sub Meat,High quality CleanPlus Meat Item 354,pcs,200g,404,307,105,18,A11,S05,L055,3001197218114,cleanplus_meat_item_354,ACTIVE
P0355,SKU-P0355,HealthyO Household Item 355,HealthyO,Household,Sub Household,High quality HealthyO Household Item 355,pcs,100ml,562,403,209,5,A13,S01,L061,4374470120459,healthyo_household_item_355,ACTIVE
P0356,SKU-P0356,PureLife Canned Food Item 356,PureLife,Canned Food,Sub Canned Food,High quality PureLife Canned Food Item 356,pcs,500g,471,395,419,10,A07,S02,L032,5611002255791,purelife_canned_food_item_356,ACTIVE
P0357,SKU-P0357,FreshFarms Seafood Item 357,FreshFarms,Seafood,Sub Seafood,High quality FreshFarms Seafood Item 357,pcs,200g,409,234,280,15,A12,S03,L058,4155216674678,freshfarms_seafood_item_357,ACTIVE
P0358,SKU-P0358,HealthyO Stationery Item 358,HealthyO,Stationery,Sub Stationery,High quality HealthyO Stationery Item 358,pcs,200g,418,278,442,19,A20,S04,L099,6212021697976,healthyo_stationery_item_358,ACTIVE
P0359,SKU-P0359,PureLife Stationery Item 359,PureLife,Stationery,Sub Stationery,High quality PureLife Stationery Item 359,pcs,500g,528,444,170,8,A20,S02,L097,2965902771671,purelife_stationery_item_359,ACTIVE
P0360,SKU-P0360,BrandB Frozen Food Item 360,BrandB,Frozen Food,Sub Frozen Food,High quality BrandB Frozen Food Item 360,pcs,100ml,541,455,271,17,A08,S03,L038,0145089935888,brandb_frozen_food_item_360,ACTIVE
P0361,SKU-P0361,HealthyO Soap 100g - Var 361,HealthyO,Personal Care,Sub Personal Care,High quality HealthyO Soap 100g - Var 361,pcs,100g,174,104,105,20,A14,S05,L070,9163756289004,healthyo_soap_100g_var_361,ACTIVE
P0362,SKU-P0362,BrandC Pet Food Item 362,BrandC,Pet Food,Sub Pet Food,High quality BrandC Pet Food Item 362,pcs,500g,473,350,81,10,A21,S05,L105,2877217535407,brandc_pet_food_item_362,ACTIVE
P0363,SKU-P0363,HealthyO Meat Item 363,HealthyO,Meat,Sub Meat,High quality HealthyO Meat Item 363,pcs,100ml,278,104,79,11,A11,S04,L054,8386631779716,healthyo_meat_item_363,ACTIVE
P0364,SKU-P0364,NatureBites Household Item 364,NatureBites,Household,Sub Household,High quality NatureBites Household Item 364,pcs,500ml,484,309,222,19,A13,S05,L065,7751701660880,naturebites_household_item_364,ACTIVE
P0365,SKU-P0365,BrandB Breakfast Item 365,BrandB,Breakfast,Sub Breakfast,High quality BrandB Breakfast Item 365,pcs,500g,595,489,159,6,A16,S02,L077,0199488375509,brandb_breakfast_item_365,ACTIVE
P0366,SKU-P0366,BrandC Orange 1kg - Var 366,BrandC,Fruits,Sub Fruits,High quality BrandC Orange 1kg - Var 366,pcs,1kg,1058,749,299,20,A09,S02,L042,3758997571139,brandc_orange_1kg_var_366,ACTIVE
P0367,SKU-P0367,BrandB Spices Item 367,BrandB,Spices,Sub Spices,High quality BrandB Spices Item 367,pcs,500g,426,237,431,16,A18,S05,L090,0554885102729,brandb_spices_item_367,ACTIVE
P0368,SKU-P0368,DailyChoice Spices Item 368,DailyChoice,Spices,Sub Spices,High quality DailyChoice Spices Item 368,pcs,500g,393,317,386,12,A18,S01,L086,6149331637357,dailychoice_spices_item_368,ACTIVE
P0369,SKU-P0369,PureLife Tomato 500g - Var 369,PureLife,Vegetables,Sub Vegetables,High quality PureLife Tomato 500g - Var 369,pcs,500g,261,172,234,8,A10,S01,L046,1609177982707,purelife_tomato_500g_var_369,ACTIVE
P0370,SKU-P0370,HealthyO Frozen Food Item 370,HealthyO,Frozen Food,Sub Frozen Food,High quality HealthyO Frozen Food Item 370,pcs,500ml,622,463,94,9,A08,S02,L037,8086978292212,healthyo_frozen_food_item_370,ACTIVE
P0371,SKU-P0371,BrandA Canned Food Item 371,BrandA,Canned Food,Sub Canned Food,High quality BrandA Canned Food Item 371,pcs,500ml,493,372,315,10,A07,S02,L032,6995866934658,branda_canned_food_item_371,ACTIVE
P0372,SKU-P0372,PureLife Meat Item 372,PureLife,Meat,Sub Meat,High quality PureLife Meat Item 372,pcs,500ml,437,363,79,18,A11,S03,L053,4722698485834,purelife_meat_item_372,ACTIVE
P0373,SKU-P0373,BrandC Buns 4pcs - Var 373,BrandC,Bakery,Sub Bakery,High quality BrandC Buns 4pcs - Var 373,pcs,4pcs,178,135,374,15,A02,S03,L008,3394522885151,brandc_buns_4pcs_var_373,ACTIVE
P0374,SKU-P0374,DailyChoice Frozen Food Item 374,DailyChoice,Frozen Food,Sub Frozen Food,High quality DailyChoice Frozen Food Item 374,pcs,100ml,577,421,202,19,A08,S04,L039,8799684608108,dailychoice_frozen_food_item_374,ACTIVE
P0375,SKU-P0375,NatureBites Energy Drink 250ml - Var 375,NatureBites,Beverages,Sub Beverages,High quality NatureBites Energy Drink 250ml - Var 375,pcs,250ml,435,347,365,16,A03,S01,L011,6200342442047,naturebites_energy_drink_250ml_var_375,ACTIVE
P0376,SKU-P0376,Glow Baby Products Item 376,Glow,Baby Products,Sub Baby Products,High quality Glow Baby Products Item 376,pcs,500g,569,496,384,19,A15,S04,L074,3805719838633,glow_baby_products_item_376,ACTIVE
P0377,SKU-P0377,BrandB Pet Food Item 377,BrandB,Pet Food,Sub Pet Food,High quality BrandB Pet Food Item 377,pcs,500ml,370,211,432,11,A21,S03,L103,8406665800436,brandb_pet_food_item_377,ACTIVE
P0378,SKU-P0378,Glow Breakfast Item 378,Glow,Breakfast,Sub Breakfast,High quality Glow Breakfast Item 378,pcs,200ml,577,380,76,20,A16,S03,L078,9735989334723,glow_breakfast_item_378,ACTIVE
P0379,SKU-P0379,BrandA Meat Item 379,BrandA,Meat,Sub Meat,High quality BrandA Meat Item 379,pcs,100ml,189,108,485,10,A11,S01,L051,1228160648422,branda_meat_item_379,ACTIVE
P0380,SKU-P0380,BrandA Baby Products Item 380,BrandA,Baby Products,Sub Baby Products,High quality BrandA Baby Products Item 380,pcs,200g,535,452,461,14,A15,S04,L074,2940572025903,branda_baby_products_item_380,ACTIVE
P0381,SKU-P0381,BrandB Pasta Item 381,BrandB,Pasta,Sub Pasta,High quality BrandB Pasta Item 381,pcs,500ml,299,228,200,10,A06,S03,L028,9479851583283,brandb_pasta_item_381,ACTIVE
P0382,SKU-P0382,FreshFarms Croissant 2pcs - Var 382,FreshFarms,Bakery,Sub Bakery,High quality FreshFarms Croissant 2pcs - Var 382,pcs,2pcs,383,227,56,8,A02,S04,L009,1826886153352,freshfarms_croissant_2pcs_var_382,ACTIVE
P0383,SKU-P0383,BrandB Yogurt 80g - Var 383,BrandB,Dairy,Sub Dairy,High quality BrandB Yogurt 80g - Var 383,pcs,80g,145,58,125,19,A01,S02,L002,5543987801574,brandb_yogurt_80g_var_383,ACTIVE
P0384,SKU-P0384,BrandB Cheese 250g - Var 384,BrandB,Dairy,Sub Dairy,High quality BrandB Cheese 250g - Var 384,pcs,250g,1088,827,77,20,A01,S01,L001,3993056164840,brandb_cheese_250g_var_384,ACTIVE
P0385,SKU-P0385,BrandB Energy Drink 250ml - Var 385,BrandB,Beverages,Sub Beverages,High quality BrandB Energy Drink 250ml - Var 385,pcs,250ml,413,346,62,15,A03,S02,L012,0858877043589,brandb_energy_drink_250ml_var_385,ACTIVE
P0386,SKU-P0386,BrandC Seafood Item 386,BrandC,Seafood,Sub Seafood,High quality BrandC Seafood Item 386,pcs,200g,514,428,45,5,A12,S03,L058,1128801336131,brandc_seafood_item_386,ACTIVE
P0387,SKU-P0387,DailyChoice Stationery Item 387,DailyChoice,Stationery,Sub Stationery,High quality DailyChoice Stationery Item 387,pcs,200g,509,421,480,18,A20,S02,L097,8612075011021,dailychoice_stationery_item_387,ACTIVE
P0388,SKU-P0388,FreshFarms Stationery Item 388,FreshFarms,Stationery,Sub Stationery,High quality FreshFarms Stationery Item 388,pcs,100g,252,171,311,17,A20,S04,L099,4819346676659,freshfarms_stationery_item_388,ACTIVE
P0389,SKU-P0389,Glow Seafood Item 389,Glow,Seafood,Sub Seafood,High quality Glow Seafood Item 389,pcs,100g,312,241,137,14,A12,S04,L059,0618091901580,glow_seafood_item_389,ACTIVE
P0390,SKU-P0390,NatureBites Butter 200g - Var 390,NatureBites,Dairy,Sub Dairy,High quality NatureBites Butter 200g - Var 390,pcs,200g,815,638,106,17,A01,S03,L003,1449147660729,naturebites_butter_200g_var_390,ACTIVE
P0391,SKU-P0391,DailyChoice Potato 1kg - Var 391,DailyChoice,Vegetables,Sub Vegetables,High quality DailyChoice Potato 1kg - Var 391,pcs,1kg,214,174,133,20,A10,S01,L046,8326842450882,dailychoice_potato_1kg_var_391,ACTIVE
P0392,SKU-P0392,BrandB Pet Food Item 392,BrandB,Pet Food,Sub Pet Food,High quality BrandB Pet Food Item 392,pcs,500g,415,284,77,17,A21,S05,L105,2100996881435,brandb_pet_food_item_392,ACTIVE
P0393,SKU-P0393,NatureBites Laundry Detergent 1kg - Var 393,NatureBites,Cleaning,Sub Cleaning,High quality NatureBites Laundry Detergent 1kg - Var 393,pcs,1kg,622,443,400,20,A19,S04,L094,5368222394310,naturebites_laundry_detergent_1kg_var_393,ACTIVE
P0394,SKU-P0394,BrandA Soft Drink 1.5L - Var 394,BrandA,Beverages,Sub Beverages,High quality BrandA Soft Drink 1.5L - Var 394,pcs,1.5L,377,266,30,6,A03,S01,L011,2908781414130,branda_soft_drink_1.5l_var_394,ACTIVE
P0395,SKU-P0395,PureLife Household Item 395,PureLife,Household,Sub Household,High quality PureLife Household Item 395,pcs,500ml,468,316,52,9,A13,S05,L065,9755231491356,purelife_household_item_395,ACTIVE
P0396,SKU-P0396,BrandB Orange 1kg - Var 396,BrandB,Fruits,Sub Fruits,High quality BrandB Orange 1kg - Var 396,pcs,1kg,1026,732,423,9,A09,S01,L041,7759492995563,brandb_orange_1kg_var_396,ACTIVE
P0397,SKU-P0397,CleanPlus Spices Item 397,CleanPlus,Spices,Sub Spices,High quality CleanPlus Spices Item 397,pcs,500g,419,258,383,12,A18,S03,L088,2053364525779,cleanplus_spices_item_397,ACTIVE
P0398,SKU-P0398,CleanPlus Bread 500g - Var 398,CleanPlus,Bakery,Sub Bakery,High quality CleanPlus Bread 500g - Var 398,pcs,500g,258,157,323,6,A02,S02,L007,7547812914284,cleanplus_bread_500g_var_398,ACTIVE
P0399,SKU-P0399,BrandA Carrot 500g - Var 399,BrandA,Vegetables,Sub Vegetables,High quality BrandA Carrot 500g - Var 399,pcs,500g,167,145,369,5,A10,S02,L047,3411080996935,branda_carrot_500g_var_399,ACTIVE
P0400,SKU-P0400,Glow Pasta Item 400,Glow,Pasta,Sub Pasta,High quality Glow Pasta Item 400,pcs,500ml,330,185,74,13,A06,S04,L029,0848872563946,glow_pasta_item_400,ACTIVE
P0401,SKU-P0401,CleanPlus Chocolate 100g - Var 401,CleanPlus,Snacks,Sub Snacks,High quality CleanPlus Chocolate 100g - Var 401,pcs,100g,417,267,42,13,A04,S01,L016,2788165803923,cleanplus_chocolate_100g_var_401,ACTIVE
P0402,SKU-P0402,DailyChoice Laundry Detergent 1kg - Var 402,DailyChoice,Cleaning,Sub Cleaning,High quality DailyChoice Laundry Detergent 1kg - Var 402,pcs,1kg,646,432,38,20,A19,S01,L091,8272299275038,dailychoice_laundry_detergent_1kg_var_402,ACTIVE
P0403,SKU-P0403,BrandC Laundry Detergent 1kg - Var 403,BrandC,Cleaning,Sub Cleaning,High quality BrandC Laundry Detergent 1kg - Var 403,pcs,1kg,698,416,62,8,A19,S02,L092,7314530385678,brandc_laundry_detergent_1kg_var_403,ACTIVE
P0404,SKU-P0404,BrandA Frozen Food Item 404,BrandA,Frozen Food,Sub Frozen Food,High quality BrandA Frozen Food Item 404,pcs,100g,286,225,251,16,A08,S05,L040,7005184498929,branda_frozen_food_item_404,ACTIVE
P0405,SKU-P0405,BrandC Household Item 405,BrandC,Household,Sub Household,High quality BrandC Household Item 405,pcs,100ml,346,214,137,18,A13,S02,L062,6659184638659,brandc_household_item_405,ACTIVE
P0406,SKU-P0406,BrandB Meat Item 406,BrandB,Meat,Sub Meat,High quality BrandB Meat Item 406,pcs,500ml,339,161,354,6,A11,S03,L053,5779082723187,brandb_meat_item_406,ACTIVE
P0407,SKU-P0407,NatureBites Pasta Item 407,NatureBites,Pasta,Sub Pasta,High quality NatureBites Pasta Item 407,pcs,100ml,304,135,453,14,A06,S02,L027,4322259136511,naturebites_pasta_item_407,ACTIVE
P0408,SKU-P0408,NatureBites Carrot 500g - Var 408,NatureBites,Vegetables,Sub Vegetables,High quality NatureBites Carrot 500g - Var 408,pcs,500g,151,129,198,11,A10,S03,L048,7773926030293,naturebites_carrot_500g_var_408,ACTIVE
P0409,SKU-P0409,HealthyO Onion 1kg - Var 409,HealthyO,Vegetables,Sub Vegetables,High quality HealthyO Onion 1kg - Var 409,pcs,1kg,359,215,198,20,A10,S05,L050,9228092024280,healthyo_onion_1kg_var_409,ACTIVE
P0410,SKU-P0410,FreshFarms Canned Food Item 410,FreshFarms,Canned Food,Sub Canned Food,High quality FreshFarms Canned Food Item 410,pcs,100g,365,309,129,16,A07,S05,L035,6990413797724,freshfarms_canned_food_item_410,ACTIVE
P0411,SKU-P0411,Glow Pet Food Item 411,Glow,Pet Food,Sub Pet Food,High quality Glow Pet Food Item 411,pcs,100ml,605,477,63,11,A21,S01,L101,3692929842570,glow_pet_food_item_411,ACTIVE
P0412,SKU-P0412,CleanPlus Sauces Item 412,CleanPlus,Sauces,Sub Sauces,High quality CleanPlus Sauces Item 412,pcs,200g,293,172,57,6,A17,S02,L082,9913662103884,cleanplus_sauces_item_412,ACTIVE
P0413,SKU-P0413,CleanPlus Frozen Food Item 413,CleanPlus,Frozen Food,Sub Frozen Food,High quality CleanPlus Frozen Food Item 413,pcs,500ml,405,334,307,8,A08,S05,L040,6291279908812,cleanplus_frozen_food_item_413,ACTIVE
P0414,SKU-P0414,CleanPlus Sauces Item 414,CleanPlus,Sauces,Sub Sauces,High quality CleanPlus Sauces Item 414,pcs,100g,405,322,131,14,A17,S02,L082,1729806865086,cleanplus_sauces_item_414,ACTIVE
P0415,SKU-P0415,Glow Grapes 500g - Var 415,Glow,Fruits,Sub Fruits,High quality Glow Grapes 500g - Var 415,pcs,500g,957,620,149,12,A09,S03,L043,6376599162479,glow_grapes_500g_var_415,ACTIVE
P0416,SKU-P0416,HealthyO Juice 1L - Var 416,HealthyO,Beverages,Sub Beverages,High quality HealthyO Juice 1L - Var 416,pcs,1L,519,406,64,10,A03,S02,L012,3149864300981,healthyo_juice_1l_var_416,ACTIVE
P0417,SKU-P0417,Glow Baby Products Item 417,Glow,Baby Products,Sub Baby Products,High quality Glow Baby Products Item 417,pcs,200g,515,374,404,11,A15,S04,L074,1806356512698,glow_baby_products_item_417,ACTIVE
P0418,SKU-P0418,DailyChoice Baby Products Item 418,DailyChoice,Baby Products,Sub Baby Products,High quality DailyChoice Baby Products Item 418,pcs,200g,236,146,423,14,A15,S03,L073,4486959463688,dailychoice_baby_products_item_418,ACTIVE
P0419,SKU-P0419,FreshFarms Stationery Item 419,FreshFarms,Stationery,Sub Stationery,High quality FreshFarms Stationery Item 419,pcs,200g,259,146,192,17,A20,S01,L096,8725887449569,freshfarms_stationery_item_419,ACTIVE
P0420,SKU-P0420,PureLife Sauces Item 420,PureLife,Sauces,Sub Sauces,High quality PureLife Sauces Item 420,pcs,200g,268,115,447,19,A17,S01,L081,2137213865893,purelife_sauces_item_420,ACTIVE
P0421,SKU-P0421,FreshFarms Spices Item 421,FreshFarms,Spices,Sub Spices,High quality FreshFarms Spices Item 421,pcs,100ml,237,152,72,5,A18,S05,L090,0260127961145,freshfarms_spices_item_421,ACTIVE
P0422,SKU-P0422,FreshFarms Buns 4pcs - Var 422,FreshFarms,Bakery,Sub Bakery,High quality FreshFarms Buns 4pcs - Var 422,pcs,4pcs,207,145,361,7,A02,S02,L007,3519066984904,freshfarms_buns_4pcs_var_422,ACTIVE
P0423,SKU-P0423,BrandB Laundry Detergent 1kg - Var 423,BrandB,Cleaning,Sub Cleaning,High quality BrandB Laundry Detergent 1kg - Var 423,pcs,1kg,608,401,111,19,A19,S05,L095,2770384309881,brandb_laundry_detergent_1kg_var_423,ACTIVE
P0424,SKU-P0424,BrandB White Rice 1kg - Var 424,BrandB,Rice & Grains,Sub Rice & Grains,High quality BrandB White Rice 1kg - Var 424,pcs,1kg,259,142,35,10,A05,S01,L021,3920530214654,brandb_white_rice_1kg_var_424,ACTIVE
P0425,SKU-P0425,CleanPlus Floor Cleaner 1L - Var 425,CleanPlus,Cleaning,Sub Cleaning,High quality CleanPlus Floor Cleaner 1L - Var 425,pcs,1L,453,331,205,18,A19,S04,L094,6693801184891,cleanplus_floor_cleaner_1l_var_425,ACTIVE
P0426,SKU-P0426,FreshFarms Pasta Item 426,FreshFarms,Pasta,Sub Pasta,High quality FreshFarms Pasta Item 426,pcs,100ml,407,243,462,9,A06,S03,L028,5543937690425,freshfarms_pasta_item_426,ACTIVE
P0427,SKU-P0427,PureLife Buns 4pcs - Var 427,PureLife,Bakery,Sub Bakery,High quality PureLife Buns 4pcs - Var 427,pcs,4pcs,212,151,461,20,A02,S05,L010,6818184518488,purelife_buns_4pcs_var_427,ACTIVE
P0428,SKU-P0428,CleanPlus Croissant 2pcs - Var 428,CleanPlus,Bakery,Sub Bakery,High quality CleanPlus Croissant 2pcs - Var 428,pcs,2pcs,353,208,112,12,A02,S01,L006,9476973577909,cleanplus_croissant_2pcs_var_428,ACTIVE
P0429,SKU-P0429,BrandA Pet Food Item 429,BrandA,Pet Food,Sub Pet Food,High quality BrandA Pet Food Item 429,pcs,200ml,534,345,410,20,A21,S05,L105,7141633565887,branda_pet_food_item_429,ACTIVE
P0430,SKU-P0430,NatureBites Seafood Item 430,NatureBites,Seafood,Sub Seafood,High quality NatureBites Seafood Item 430,pcs,200ml,334,238,23,15,A12,S05,L060,0434165182750,naturebites_seafood_item_430,ACTIVE
P0431,SKU-P0431,BrandA Stationery Item 431,BrandA,Stationery,Sub Stationery,High quality BrandA Stationery Item 431,pcs,200g,526,341,193,12,A20,S02,L097,5394237333433,branda_stationery_item_431,ACTIVE
P0432,SKU-P0432,FreshFarms Pasta Item 432,FreshFarms,Pasta,Sub Pasta,High quality FreshFarms Pasta Item 432,pcs,500g,422,236,427,6,A06,S01,L026,3339521117902,freshfarms_pasta_item_432,ACTIVE
P0433,SKU-P0433,CleanPlus Frozen Food Item 433,CleanPlus,Frozen Food,Sub Frozen Food,High quality CleanPlus Frozen Food Item 433,pcs,200g,300,190,313,15,A08,S05,L040,8075957947281,cleanplus_frozen_food_item_433,ACTIVE
P0434,SKU-P0434,BrandA Seafood Item 434,BrandA,Seafood,Sub Seafood,High quality BrandA Seafood Item 434,pcs,500ml,584,390,82,11,A12,S05,L060,4639208678085,branda_seafood_item_434,ACTIVE
P0435,SKU-P0435,PureLife Breakfast Item 435,PureLife,Breakfast,Sub Breakfast,High quality PureLife Breakfast Item 435,pcs,100ml,192,119,38,12,A16,S05,L080,5627187500366,purelife_breakfast_item_435,ACTIVE
P0436,SKU-P0436,BrandA Stationery Item 436,BrandA,Stationery,Sub Stationery,High quality BrandA Stationery Item 436,pcs,500ml,234,100,479,11,A20,S02,L097,9155942843473,branda_stationery_item_436,ACTIVE
P0437,SKU-P0437,Glow Red Rice 1kg - Var 437,Glow,Rice & Grains,Sub Rice & Grains,High quality Glow Red Rice 1kg - Var 437,pcs,1kg,222,153,85,9,A05,S03,L023,9552763655641,glow_red_rice_1kg_var_437,ACTIVE
P0438,SKU-P0438,BrandB Chocolate 100g - Var 438,BrandB,Snacks,Sub Snacks,High quality BrandB Chocolate 100g - Var 438,pcs,100g,440,273,492,17,A04,S05,L020,7292931438660,brandb_chocolate_100g_var_438,ACTIVE
P0439,SKU-P0439,PureLife Laundry Detergent 1kg - Var 439,PureLife,Cleaning,Sub Cleaning,High quality PureLife Laundry Detergent 1kg - Var 439,pcs,1kg,617,420,90,18,A19,S01,L091,3227026728856,purelife_laundry_detergent_1kg_var_439,ACTIVE
P0440,SKU-P0440,Glow Pet Food Item 440,Glow,Pet Food,Sub Pet Food,High quality Glow Pet Food Item 440,pcs,100ml,414,214,427,10,A21,S04,L104,7448906120348,glow_pet_food_item_440,ACTIVE
P0441,SKU-P0441,PureLife Household Item 441,PureLife,Household,Sub Household,High quality PureLife Household Item 441,pcs,100g,523,473,495,17,A13,S03,L063,7175455884505,purelife_household_item_441,ACTIVE
P0442,SKU-P0442,HealthyO Dishwashing Liquid 500ml - Var 442,HealthyO,Cleaning,Sub Cleaning,High quality HealthyO Dishwashing Liquid 500ml - Var 442,pcs,500ml,358,220,123,8,A19,S01,L091,6159399824552,healthyo_dishwashing_liquid_500ml_var_442,ACTIVE
P0443,SKU-P0443,Glow Breakfast Item 443,Glow,Breakfast,Sub Breakfast,High quality Glow Breakfast Item 443,pcs,500g,359,221,173,10,A16,S02,L077,8771694722562,glow_breakfast_item_443,ACTIVE
P0444,SKU-P0444,Glow Pet Food Item 444,Glow,Pet Food,Sub Pet Food,High quality Glow Pet Food Item 444,pcs,200g,338,235,137,7,A21,S01,L101,9961125355448,glow_pet_food_item_444,ACTIVE
P0445,SKU-P0445,BrandB Seafood Item 445,BrandB,Seafood,Sub Seafood,High quality BrandB Seafood Item 445,pcs,500g,272,124,234,18,A12,S03,L058,9647598762203,brandb_seafood_item_445,ACTIVE
P0446,SKU-P0446,DailyChoice Pasta Item 446,DailyChoice,Pasta,Sub Pasta,High quality DailyChoice Pasta Item 446,pcs,200ml,525,379,61,20,A06,S04,L029,2341326111789,dailychoice_pasta_item_446,ACTIVE
P0447,SKU-P0447,DailyChoice Dishwashing Liquid 500ml - Var 447,DailyChoice,Cleaning,Sub Cleaning,High quality DailyChoice Dishwashing Liquid 500ml - Var 447,pcs,500ml,284,204,160,5,A19,S02,L092,0068114921642,dailychoice_dishwashing_liquid_500ml_var_447,ACTIVE
P0448,SKU-P0448,BrandB Meat Item 448,BrandB,Meat,Sub Meat,High quality BrandB Meat Item 448,pcs,100ml,333,187,92,7,A11,S03,L053,3347228200551,brandb_meat_item_448,ACTIVE
P0449,SKU-P0449,Glow Spices Item 449,Glow,Spices,Sub Spices,High quality Glow Spices Item 449,pcs,500ml,517,460,230,10,A18,S01,L086,7784872829978,glow_spices_item_449,ACTIVE
P0450,SKU-P0450,BrandC Stationery Item 450,BrandC,Stationery,Sub Stationery,High quality BrandC Stationery Item 450,pcs,100g,371,269,107,18,A20,S04,L099,9688457831746,brandc_stationery_item_450,ACTIVE
P0451,SKU-P0451,PureLife Spices Item 451,PureLife,Spices,Sub Spices,High quality PureLife Spices Item 451,pcs,500ml,362,252,59,6,A18,S05,L090,5642400825477,purelife_spices_item_451,ACTIVE
P0452,SKU-P0452,NatureBites Household Item 452,NatureBites,Household,Sub Household,High quality NatureBites Household Item 452,pcs,200g,269,127,11,18,A13,S05,L065,8077406493080,naturebites_household_item_452,ACTIVE
P0453,SKU-P0453,FreshFarms Energy Drink 250ml - Var 453,FreshFarms,Beverages,Sub Beverages,High quality FreshFarms Energy Drink 250ml - Var 453,pcs,250ml,403,306,115,10,A03,S03,L013,5368663266344,freshfarms_energy_drink_250ml_var_453,ACTIVE
P0454,SKU-P0454,BrandB Pet Food Item 454,BrandB,Pet Food,Sub Pet Food,High quality BrandB Pet Food Item 454,pcs,200g,408,257,251,20,A21,S03,L103,1638944846317,brandb_pet_food_item_454,ACTIVE
P0455,SKU-P0455,BrandC Grapes 500g - Var 455,BrandC,Fruits,Sub Fruits,High quality BrandC Grapes 500g - Var 455,pcs,500g,948,623,199,10,A09,S01,L041,2241797497354,brandc_grapes_500g_var_455,ACTIVE
P0456,SKU-P0456,PureLife Baby Products Item 456,PureLife,Baby Products,Sub Baby Products,High quality PureLife Baby Products Item 456,pcs,200ml,341,234,438,13,A15,S01,L071,0208021442704,purelife_baby_products_item_456,ACTIVE
P0457,SKU-P0457,BrandB Dishwashing Liquid 500ml - Var 457,BrandB,Cleaning,Sub Cleaning,High quality BrandB Dishwashing Liquid 500ml - Var 457,pcs,500ml,365,205,186,18,A19,S01,L091,3120735647572,brandb_dishwashing_liquid_500ml_var_457,ACTIVE
P0458,SKU-P0458,BrandA Floor Cleaner 1L - Var 458,BrandA,Cleaning,Sub Cleaning,High quality BrandA Floor Cleaner 1L - Var 458,pcs,1L,516,324,224,20,A19,S02,L092,0512046187237,branda_floor_cleaner_1l_var_458,ACTIVE
P0459,SKU-P0459,PureLife Laundry Detergent 1kg - Var 459,PureLife,Cleaning,Sub Cleaning,High quality PureLife Laundry Detergent 1kg - Var 459,pcs,1kg,650,405,472,6,A19,S02,L092,4601367303719,purelife_laundry_detergent_1kg_var_459,ACTIVE
P0460,SKU-P0460,NatureBites Sauces Item 460,NatureBites,Sauces,Sub Sauces,High quality NatureBites Sauces Item 460,pcs,500g,325,161,98,10,A17,S05,L085,8376452088142,naturebites_sauces_item_460,ACTIVE
P0461,SKU-P0461,BrandC Canned Food Item 461,BrandC,Canned Food,Sub Canned Food,High quality BrandC Canned Food Item 461,pcs,100ml,301,140,113,9,A07,S02,L032,7435031365027,brandc_canned_food_item_461,ACTIVE
P0462,SKU-P0462,Glow Stationery Item 462,Glow,Stationery,Sub Stationery,High quality Glow Stationery Item 462,pcs,500g,293,144,294,17,A20,S03,L098,4916300979259,glow_stationery_item_462,ACTIVE
P0463,SKU-P0463,PureLife Spices Item 463,PureLife,Spices,Sub Spices,High quality PureLife Spices Item 463,pcs,500ml,306,106,277,18,A18,S03,L088,1327195005283,purelife_spices_item_463,ACTIVE
P0464,SKU-P0464,BrandC Potato Chips 50g - Var 464,BrandC,Snacks,Sub Snacks,High quality BrandC Potato Chips 50g - Var 464,pcs,50g,275,186,308,8,A04,S04,L019,1273585730658,brandc_potato_chips_50g_var_464,ACTIVE
P0465,SKU-P0465,PureLife Biscuits 200g - Var 465,PureLife,Snacks,Sub Snacks,High quality PureLife Biscuits 200g - Var 465,pcs,200g,194,134,459,18,A04,S05,L020,2407784873925,purelife_biscuits_200g_var_465,ACTIVE
P0466,SKU-P0466,HealthyO Grapes 500g - Var 466,HealthyO,Fruits,Sub Fruits,High quality HealthyO Grapes 500g - Var 466,pcs,500g,960,638,29,10,A09,S04,L044,8557498218278,healthyo_grapes_500g_var_466,ACTIVE
P0467,SKU-P0467,HealthyO Banana 1kg - Var 467,HealthyO,Fruits,Sub Fruits,High quality HealthyO Banana 1kg - Var 467,pcs,1kg,287,188,365,17,A09,S04,L044,4485708620952,healthyo_banana_1kg_var_467,ACTIVE
P0468,SKU-P0468,FreshFarms Croissant 2pcs - Var 468,FreshFarms,Bakery,Sub Bakery,High quality FreshFarms Croissant 2pcs - Var 468,pcs,2pcs,395,203,253,13,A02,S04,L009,9351863878291,freshfarms_croissant_2pcs_var_468,ACTIVE
P0469,SKU-P0469,Glow Seafood Item 469,Glow,Seafood,Sub Seafood,High quality Glow Seafood Item 469,pcs,200ml,418,243,449,8,A12,S01,L056,4565118102207,glow_seafood_item_469,ACTIVE
P0470,SKU-P0470,PureLife Frozen Food Item 470,PureLife,Frozen Food,Sub Frozen Food,High quality PureLife Frozen Food Item 470,pcs,500ml,628,496,147,18,A08,S02,L037,3173109678993,purelife_frozen_food_item_470,ACTIVE
P0471,SKU-P0471,FreshFarms Stationery Item 471,FreshFarms,Stationery,Sub Stationery,High quality FreshFarms Stationery Item 471,pcs,200g,482,308,398,16,A20,S01,L096,4053910371704,freshfarms_stationery_item_471,ACTIVE
P0472,SKU-P0472,BrandB Buns 4pcs - Var 472,BrandB,Bakery,Sub Bakery,High quality BrandB Buns 4pcs - Var 472,pcs,4pcs,250,139,269,17,A02,S05,L010,5865094801415,brandb_buns_4pcs_var_472,ACTIVE
P0473,SKU-P0473,BrandC Basmati Rice 1kg - Var 473,BrandC,Rice & Grains,Sub Rice & Grains,High quality BrandC Basmati Rice 1kg - Var 473,pcs,1kg,825,612,438,6,A05,S05,L025,3811386338390,brandc_basmati_rice_1kg_var_473,ACTIVE
P0474,SKU-P0474,DailyChoice Frozen Food Item 474,DailyChoice,Frozen Food,Sub Frozen Food,High quality DailyChoice Frozen Food Item 474,pcs,100ml,560,460,150,16,A08,S01,L036,2886195761227,dailychoice_frozen_food_item_474,ACTIVE
P0475,SKU-P0475,CleanPlus Baby Products Item 475,CleanPlus,Baby Products,Sub Baby Products,High quality CleanPlus Baby Products Item 475,pcs,500g,505,448,133,16,A15,S05,L075,8685289755852,cleanplus_baby_products_item_475,ACTIVE
P0476,SKU-P0476,DailyChoice Breakfast Item 476,DailyChoice,Breakfast,Sub Breakfast,High quality DailyChoice Breakfast Item 476,pcs,100ml,591,400,189,16,A16,S05,L080,5665939836844,dailychoice_breakfast_item_476,ACTIVE
P0477,SKU-P0477,BrandB Pasta Item 477,BrandB,Pasta,Sub Pasta,High quality BrandB Pasta Item 477,pcs,200g,359,297,93,11,A06,S03,L028,5776004908240,brandb_pasta_item_477,ACTIVE
P0478,SKU-P0478,FreshFarms Frozen Food Item 478,FreshFarms,Frozen Food,Sub Frozen Food,High quality FreshFarms Frozen Food Item 478,pcs,200ml,417,362,452,5,A08,S02,L037,0433504888995,freshfarms_frozen_food_item_478,ACTIVE
P0479,SKU-P0479,BrandC Breakfast Item 479,BrandC,Breakfast,Sub Breakfast,High quality BrandC Breakfast Item 479,pcs,500g,328,214,321,14,A16,S02,L077,2107522459335,brandc_breakfast_item_479,ACTIVE
P0480,SKU-P0480,CleanPlus Pet Food Item 480,CleanPlus,Pet Food,Sub Pet Food,High quality CleanPlus Pet Food Item 480,pcs,200ml,449,335,121,19,A21,S03,L103,4419693157278,cleanplus_pet_food_item_480,ACTIVE
P0481,SKU-P0481,HealthyO Tomato 500g - Var 481,HealthyO,Vegetables,Sub Vegetables,High quality HealthyO Tomato 500g - Var 481,pcs,500g,250,156,271,16,A10,S05,L050,9194096105563,healthyo_tomato_500g_var_481,ACTIVE
P0482,SKU-P0482,HealthyO Spices Item 482,HealthyO,Spices,Sub Spices,High quality HealthyO Spices Item 482,pcs,200ml,527,450,256,7,A18,S05,L090,6139060480584,healthyo_spices_item_482,ACTIVE
P0483,SKU-P0483,Glow Meat Item 483,Glow,Meat,Sub Meat,High quality Glow Meat Item 483,pcs,200ml,561,435,106,9,A11,S03,L053,9258320679982,glow_meat_item_483,ACTIVE
P0484,SKU-P0484,BrandA Sauces Item 484,BrandA,Sauces,Sub Sauces,High quality BrandA Sauces Item 484,pcs,500ml,569,438,358,9,A17,S02,L082,1364622517902,branda_sauces_item_484,ACTIVE
P0485,SKU-P0485,PureLife Cheese 250g - Var 485,PureLife,Dairy,Sub Dairy,High quality PureLife Cheese 250g - Var 485,pcs,250g,1051,826,208,6,A01,S04,L004,8641686227835,purelife_cheese_250g_var_485,ACTIVE
P0486,SKU-P0486,Glow Dishwashing Liquid 500ml - Var 486,Glow,Cleaning,Sub Cleaning,High quality Glow Dishwashing Liquid 500ml - Var 486,pcs,500ml,371,246,123,20,A19,S05,L095,7693898331467,glow_dishwashing_liquid_500ml_var_486,ACTIVE
P0487,SKU-P0487,PureLife Seafood Item 487,PureLife,Seafood,Sub Seafood,High quality PureLife Seafood Item 487,pcs,100g,324,250,251,9,A12,S05,L060,5911665535590,purelife_seafood_item_487,ACTIVE
P0488,SKU-P0488,Glow Banana 1kg - Var 488,Glow,Fruits,Sub Fruits,High quality Glow Banana 1kg - Var 488,pcs,1kg,211,191,123,16,A09,S05,L045,0425979270337,glow_banana_1kg_var_488,ACTIVE
P0489,SKU-P0489,CleanPlus Frozen Food Item 489,CleanPlus,Frozen Food,Sub Frozen Food,High quality CleanPlus Frozen Food Item 489,pcs,200ml,432,233,160,19,A08,S03,L038,5211039240519,cleanplus_frozen_food_item_489,ACTIVE
P0490,SKU-P0490,HealthyO Biscuits 200g - Var 490,HealthyO,Snacks,Sub Snacks,High quality HealthyO Biscuits 200g - Var 490,pcs,200g,229,137,46,20,A04,S04,L019,4770538338840,healthyo_biscuits_200g_var_490,ACTIVE
P0491,SKU-P0491,BrandB Canned Food Item 491,BrandB,Canned Food,Sub Canned Food,High quality BrandB Canned Food Item 491,pcs,500ml,497,371,221,6,A07,S05,L035,8792069804201,brandb_canned_food_item_491,ACTIVE
P0492,SKU-P0492,Glow Red Rice 1kg - Var 492,Glow,Rice & Grains,Sub Rice & Grains,High quality Glow Red Rice 1kg - Var 492,pcs,1kg,292,176,467,19,A05,S02,L022,4394070164516,glow_red_rice_1kg_var_492,ACTIVE
P0493,SKU-P0493,BrandB Red Rice 1kg - Var 493,BrandB,Rice & Grains,Sub Rice & Grains,High quality BrandB Red Rice 1kg - Var 493,pcs,1kg,262,181,333,10,A05,S03,L023,0463681579812,brandb_red_rice_1kg_var_493,ACTIVE
P0494,SKU-P0494,BrandA Meat Item 494,BrandA,Meat,Sub Meat,High quality BrandA Meat Item 494,pcs,200ml,300,207,305,10,A11,S01,L051,2387800384577,branda_meat_item_494,ACTIVE
P0495,SKU-P0495,BrandC Breakfast Item 495,BrandC,Breakfast,Sub Breakfast,High quality BrandC Breakfast Item 495,pcs,500ml,583,424,216,18,A16,S01,L076,6205554384048,brandc_breakfast_item_495,ACTIVE
P0496,SKU-P0496,BrandA Breakfast Item 496,BrandA,Breakfast,Sub Breakfast,High quality BrandA Breakfast Item 496,pcs,100g,619,474,496,5,A16,S04,L079,6084325621687,branda_breakfast_item_496,ACTIVE
P0497,SKU-P0497,FreshFarms Meat Item 497,FreshFarms,Meat,Sub Meat,High quality FreshFarms Meat Item 497,pcs,100g,533,420,125,16,A11,S05,L055,9363926495789,freshfarms_meat_item_497,ACTIVE
P0498,SKU-P0498,CleanPlus Carrot 500g - Var 498,CleanPlus,Vegetables,Sub Vegetables,High quality CleanPlus Carrot 500g - Var 498,pcs,500g,225,132,166,10,A10,S02,L047,2329832482623,cleanplus_carrot_500g_var_498,ACTIVE
P0499,SKU-P0499,PureLife Water 1L - Var 499,PureLife,Beverages,Sub Beverages,High quality PureLife Water 1L - Var 499,pcs,1L,173,89,276,15,A03,S01,L011,9251881252052,purelife_water_1l_var_499,ACTIVE
P0500,SKU-P0500,DailyChoice Toothpaste 120g - Var 500,DailyChoice,Personal Care,Sub Personal Care,High quality DailyChoice Toothpaste 120g - Var 500,pcs,120g,296,172,106,10,A14,S02,L067,6647423122090,dailychoice_toothpaste_120g_var_500,ACTIVE
P0501,SKU-P0501,FreshFarms Household Item 501,FreshFarms,Household,Sub Household,High quality FreshFarms Household Item 501,pcs,100g,263,208,311,10,A13,S01,L061,9499939330516,freshfarms_household_item_501,ACTIVE
P0502,SKU-P0502,CleanPlus Biscuits 200g - Var 502,CleanPlus,Snacks,Sub Snacks,High quality CleanPlus Biscuits 200g - Var 502,pcs,200g,182,140,404,6,A04,S03,L018,7289752677224,cleanplus_biscuits_200g_var_502,ACTIVE
P0503,SKU-P0503,BrandB Stationery Item 503,BrandB,Stationery,Sub Stationery,High quality BrandB Stationery Item 503,pcs,500g,203,124,223,19,A20,S01,L096,3306046333124,brandb_stationery_item_503,ACTIVE
P0504,SKU-P0504,NatureBites Household Item 504,NatureBites,Household,Sub Household,High quality NatureBites Household Item 504,pcs,200ml,548,459,115,5,A13,S01,L061,7975736609656,naturebites_household_item_504,ACTIVE
P0505,SKU-P0505,NatureBites Carrot 500g - Var 505,NatureBites,Vegetables,Sub Vegetables,High quality NatureBites Carrot 500g - Var 505,pcs,500g,229,117,320,9,A10,S04,L049,6999880817706,naturebites_carrot_500g_var_505,ACTIVE
P0506,SKU-P0506,PureLife Shampoo 200ml - Var 506,PureLife,Personal Care,Sub Personal Care,High quality PureLife Shampoo 200ml - Var 506,pcs,200ml,550,307,64,20,A14,S01,L066,3886086803479,purelife_shampoo_200ml_var_506,ACTIVE
P0507,SKU-P0507,FreshFarms Canned Food Item 507,FreshFarms,Canned Food,Sub Canned Food,High quality FreshFarms Canned Food Item 507,pcs,200g,437,283,161,10,A07,S05,L035,6447264908279,freshfarms_canned_food_item_507,ACTIVE
P0508,SKU-P0508,FreshFarms Cake 1kg - Var 508,FreshFarms,Bakery,Sub Bakery,High quality FreshFarms Cake 1kg - Var 508,pcs,1kg,1661,1244,179,12,A02,S05,L010,7181298266576,freshfarms_cake_1kg_var_508,ACTIVE
P0509,SKU-P0509,BrandB Milk 1L - Var 509,BrandB,Dairy,Sub Dairy,High quality BrandB Milk 1L - Var 509,pcs,1L,535,386,262,9,A01,S01,L001,0279371452118,brandb_milk_1l_var_509,ACTIVE
P0510,SKU-P0510,BrandB Soft Drink 1.5L - Var 510,BrandB,Beverages,Sub Beverages,High quality BrandB Soft Drink 1.5L - Var 510,pcs,1.5L,432,266,128,19,A03,S05,L015,1751868926863,brandb_soft_drink_1.5l_var_510,ACTIVE
P0511,SKU-P0511,BrandA Tomato 500g - Var 511,BrandA,Vegetables,Sub Vegetables,High quality BrandA Tomato 500g - Var 511,pcs,500g,272,156,457,6,A10,S03,L048,0259222206442,branda_tomato_500g_var_511,ACTIVE
P0512,SKU-P0512,CleanPlus Onion 1kg - Var 512,CleanPlus,Vegetables,Sub Vegetables,High quality CleanPlus Onion 1kg - Var 512,pcs,1kg,314,247,58,6,A10,S03,L048,7421230940776,cleanplus_onion_1kg_var_512,ACTIVE
P0513,SKU-P0513,Glow Butter 200g - Var 513,Glow,Dairy,Sub Dairy,High quality Glow Butter 200g - Var 513,pcs,200g,806,622,499,13,A01,S02,L002,7809733977671,glow_butter_200g_var_513,ACTIVE
P0514,SKU-P0514,BrandC Water 1L - Var 514,BrandC,Beverages,Sub Beverages,High quality BrandC Water 1L - Var 514,pcs,1L,131,67,214,19,A03,S03,L013,1990384983022,brandc_water_1l_var_514,ACTIVE
P0515,SKU-P0515,CleanPlus Grapes 500g - Var 515,CleanPlus,Fruits,Sub Fruits,High quality CleanPlus Grapes 500g - Var 515,pcs,500g,921,641,67,9,A09,S04,L044,2050209945105,cleanplus_grapes_500g_var_515,ACTIVE
P0516,SKU-P0516,CleanPlus Bread 500g - Var 516,CleanPlus,Bakery,Sub Bakery,High quality CleanPlus Bread 500g - Var 516,pcs,500g,261,187,420,19,A02,S02,L007,1622499982798,cleanplus_bread_500g_var_516,ACTIVE
P0517,SKU-P0517,CleanPlus Pasta Item 517,CleanPlus,Pasta,Sub Pasta,High quality CleanPlus Pasta Item 517,pcs,200g,533,450,257,20,A06,S05,L030,5014556168140,cleanplus_pasta_item_517,ACTIVE
P0518,SKU-P0518,BrandA Nuts 100g - Var 518,BrandA,Snacks,Sub Snacks,High quality BrandA Nuts 100g - Var 518,pcs,100g,633,404,345,15,A04,S04,L019,7214586833904,branda_nuts_100g_var_518,ACTIVE
P0519,SKU-P0519,Glow Butter 200g - Var 519,Glow,Dairy,Sub Dairy,High quality Glow Butter 200g - Var 519,pcs,200g,816,633,362,8,A01,S05,L005,1981794695483,glow_butter_200g_var_519,ACTIVE
P0520,SKU-P0520,Glow Deodorant 150ml - Var 520,Glow,Personal Care,Sub Personal Care,High quality Glow Deodorant 150ml - Var 520,pcs,150ml,786,542,338,17,A14,S02,L067,9952997877299,glow_deodorant_150ml_var_520,ACTIVE
P0521,SKU-P0521,BrandA Basmati Rice 1kg - Var 521,BrandA,Rice & Grains,Sub Rice & Grains,High quality BrandA Basmati Rice 1kg - Var 521,pcs,1kg,820,641,268,20,A05,S05,L025,3430107139667,branda_basmati_rice_1kg_var_521,ACTIVE
P0522,SKU-P0522,BrandB Breakfast Item 522,BrandB,Breakfast,Sub Breakfast,High quality BrandB Breakfast Item 522,pcs,200ml,357,223,152,6,A16,S02,L077,0558303441445,brandb_breakfast_item_522,ACTIVE
P0523,SKU-P0523,NatureBites Sauces Item 523,NatureBites,Sauces,Sub Sauces,High quality NatureBites Sauces Item 523,pcs,500ml,416,306,50,19,A17,S02,L082,8850155699022,naturebites_sauces_item_523,ACTIVE
P0524,SKU-P0524,DailyChoice Baby Products Item 524,DailyChoice,Baby Products,Sub Baby Products,High quality DailyChoice Baby Products Item 524,pcs,100ml,458,328,70,20,A15,S05,L075,3557702727850,dailychoice_baby_products_item_524,ACTIVE
P0525,SKU-P0525,BrandB Pet Food Item 525,BrandB,Pet Food,Sub Pet Food,High quality BrandB Pet Food Item 525,pcs,200ml,310,118,291,5,A21,S01,L101,7608495880393,brandb_pet_food_item_525,ACTIVE
P0526,SKU-P0526,NatureBites Water 1L - Var 526,NatureBites,Beverages,Sub Beverages,High quality NatureBites Water 1L - Var 526,pcs,1L,106,95,345,19,A03,S05,L015,5512405682996,naturebites_water_1l_var_526,ACTIVE
P0527,SKU-P0527,BrandA Meat Item 527,BrandA,Meat,Sub Meat,High quality BrandA Meat Item 527,pcs,100ml,462,269,402,20,A11,S03,L053,6291450461730,branda_meat_item_527,ACTIVE
P0528,SKU-P0528,BrandB Seafood Item 528,BrandB,Seafood,Sub Seafood,High quality BrandB Seafood Item 528,pcs,100g,238,101,191,14,A12,S04,L059,5743842150315,brandb_seafood_item_528,ACTIVE
P0529,SKU-P0529,Glow Spices Item 529,Glow,Spices,Sub Spices,High quality Glow Spices Item 529,pcs,500g,215,123,262,9,A18,S05,L090,7807823578456,glow_spices_item_529,ACTIVE
P0530,SKU-P0530,HealthyO Toothpaste 120g - Var 530,HealthyO,Personal Care,Sub Personal Care,High quality HealthyO Toothpaste 120g - Var 530,pcs,120g,224,162,71,17,A14,S01,L066,2182307681040,healthyo_toothpaste_120g_var_530,ACTIVE
P0531,SKU-P0531,FreshFarms Canned Food Item 531,FreshFarms,Canned Food,Sub Canned Food,High quality FreshFarms Canned Food Item 531,pcs,500ml,311,155,33,8,A07,S04,L034,0915701840940,freshfarms_canned_food_item_531,ACTIVE
P0532,SKU-P0532,HealthyO Baby Products Item 532,HealthyO,Baby Products,Sub Baby Products,High quality HealthyO Baby Products Item 532,pcs,500g,406,355,281,6,A15,S04,L074,3533448571421,healthyo_baby_products_item_532,ACTIVE
P0533,SKU-P0533,HealthyO Spices Item 533,HealthyO,Spices,Sub Spices,High quality HealthyO Spices Item 533,pcs,200g,652,454,98,9,A18,S04,L089,2410988138585,healthyo_spices_item_533,ACTIVE
P0534,SKU-P0534,NatureBites Chocolate 100g - Var 534,NatureBites,Snacks,Sub Snacks,High quality NatureBites Chocolate 100g - Var 534,pcs,100g,403,274,321,12,A04,S04,L019,5424932149586,naturebites_chocolate_100g_var_534,ACTIVE
P0535,SKU-P0535,PureLife Orange 1kg - Var 535,PureLife,Fruits,Sub Fruits,High quality PureLife Orange 1kg - Var 535,pcs,1kg,1017,728,80,18,A09,S04,L044,7020701601668,purelife_orange_1kg_var_535,ACTIVE
P0536,SKU-P0536,PureLife Stationery Item 536,PureLife,Stationery,Sub Stationery,High quality PureLife Stationery Item 536,pcs,500ml,655,464,333,11,A20,S05,L100,2997954538179,purelife_stationery_item_536,ACTIVE
P0537,SKU-P0537,HealthyO Canned Food Item 537,HealthyO,Canned Food,Sub Canned Food,High quality HealthyO Canned Food Item 537,pcs,500ml,589,451,481,9,A07,S02,L032,9217174773321,healthyo_canned_food_item_537,ACTIVE
P0538,SKU-P0538,NatureBites Pet Food Item 538,NatureBites,Pet Food,Sub Pet Food,High quality NatureBites Pet Food Item 538,pcs,500ml,542,463,399,16,A21,S02,L102,9456255770174,naturebites_pet_food_item_538,ACTIVE
P0539,SKU-P0539,HealthyO Spices Item 539,HealthyO,Spices,Sub Spices,High quality HealthyO Spices Item 539,pcs,500ml,631,445,156,18,A18,S04,L089,1577245992814,healthyo_spices_item_539,ACTIVE
P0540,SKU-P0540,BrandA Milk 1L - Var 540,BrandA,Dairy,Sub Dairy,High quality BrandA Milk 1L - Var 540,pcs,1L,468,374,37,6,A01,S05,L005,6158148769632,branda_milk_1l_var_540,ACTIVE
P0541,SKU-P0541,BrandC Canned Food Item 541,BrandC,Canned Food,Sub Canned Food,High quality BrandC Canned Food Item 541,pcs,200ml,239,174,363,14,A07,S03,L033,9382761539663,brandc_canned_food_item_541,ACTIVE
P0542,SKU-P0542,BrandA Canned Food Item 542,BrandA,Canned Food,Sub Canned Food,High quality BrandA Canned Food Item 542,pcs,200ml,345,152,452,12,A07,S05,L035,9583219719976,branda_canned_food_item_542,ACTIVE
P0543,SKU-P0543,CleanPlus Pet Food Item 543,CleanPlus,Pet Food,Sub Pet Food,High quality CleanPlus Pet Food Item 543,pcs,100ml,516,454,484,17,A21,S05,L105,5817246191967,cleanplus_pet_food_item_543,ACTIVE
P0544,SKU-P0544,Glow Household Item 544,Glow,Household,Sub Household,High quality Glow Household Item 544,pcs,500g,220,106,113,19,A13,S04,L064,5701329022784,glow_household_item_544,ACTIVE
P0545,SKU-P0545,HealthyO Frozen Food Item 545,HealthyO,Frozen Food,Sub Frozen Food,High quality HealthyO Frozen Food Item 545,pcs,500g,596,497,160,19,A08,S03,L038,4699733549465,healthyo_frozen_food_item_545,ACTIVE
P0546,SKU-P0546,BrandC Pasta Item 546,BrandC,Pasta,Sub Pasta,High quality BrandC Pasta Item 546,pcs,100g,353,293,229,13,A06,S01,L026,5190986240585,brandc_pasta_item_546,ACTIVE
P0547,SKU-P0547,BrandC Spices Item 547,BrandC,Spices,Sub Spices,High quality BrandC Spices Item 547,pcs,100ml,236,102,248,9,A18,S03,L088,0085140369651,brandc_spices_item_547,ACTIVE
P0548,SKU-P0548,HealthyO Croissant 2pcs - Var 548,HealthyO,Bakery,Sub Bakery,High quality HealthyO Croissant 2pcs - Var 548,pcs,2pcs,399,203,487,14,A02,S02,L007,6666832723865,healthyo_croissant_2pcs_var_548,ACTIVE
P0549,SKU-P0549,NatureBites Breakfast Item 549,NatureBites,Breakfast,Sub Breakfast,High quality NatureBites Breakfast Item 549,pcs,200g,593,462,279,12,A16,S05,L080,5624220102761,naturebites_breakfast_item_549,ACTIVE
P0550,SKU-P0550,BrandB Pasta Item 550,BrandB,Pasta,Sub Pasta,High quality BrandB Pasta Item 550,pcs,500g,501,312,284,17,A06,S05,L030,2126796927869,brandb_pasta_item_550,ACTIVE
P0551,SKU-P0551,FreshFarms Juice 1L - Var 551,FreshFarms,Beverages,Sub Beverages,High quality FreshFarms Juice 1L - Var 551,pcs,1L,542,442,179,16,A03,S03,L013,8765326909735,freshfarms_juice_1l_var_551,ACTIVE
P0552,SKU-P0552,NatureBites Tomato 500g - Var 552,NatureBites,Vegetables,Sub Vegetables,High quality NatureBites Tomato 500g - Var 552,pcs,500g,333,198,14,8,A10,S02,L047,8468950097518,naturebites_tomato_500g_var_552,ACTIVE
P0553,SKU-P0553,FreshFarms Seafood Item 553,FreshFarms,Seafood,Sub Seafood,High quality FreshFarms Seafood Item 553,pcs,500g,252,120,205,8,A12,S04,L059,9712847818915,freshfarms_seafood_item_553,ACTIVE
P0554,SKU-P0554,NatureBites Household Item 554,NatureBites,Household,Sub Household,High quality NatureBites Household Item 554,pcs,500ml,294,112,430,16,A13,S03,L063,3718949058071,naturebites_household_item_554,ACTIVE
P0555,SKU-P0555,DailyChoice Sauces Item 555,DailyChoice,Sauces,Sub Sauces,High quality DailyChoice Sauces Item 555,pcs,200g,350,251,174,7,A17,S05,L085,7879565442098,dailychoice_sauces_item_555,ACTIVE
P0556,SKU-P0556,BrandB Biscuits 200g - Var 556,BrandB,Snacks,Sub Snacks,High quality BrandB Biscuits 200g - Var 556,pcs,200g,235,113,332,11,A04,S02,L017,4940792904901,brandb_biscuits_200g_var_556,ACTIVE
P0557,SKU-P0557,NatureBites Soap 100g - Var 557,NatureBites,Personal Care,Sub Personal Care,High quality NatureBites Soap 100g - Var 557,pcs,100g,214,124,406,18,A14,S01,L066,4712814429446,naturebites_soap_100g_var_557,ACTIVE
P0558,SKU-P0558,BrandC Pet Food Item 558,BrandC,Pet Food,Sub Pet Food,High quality BrandC Pet Food Item 558,pcs,100ml,601,467,29,7,A21,S01,L101,4019292752432,brandc_pet_food_item_558,ACTIVE
P0559,SKU-P0559,PureLife Juice 1L - Var 559,PureLife,Beverages,Sub Beverages,High quality PureLife Juice 1L - Var 559,pcs,1L,509,435,304,12,A03,S01,L011,7280512927665,purelife_juice_1l_var_559,ACTIVE
P0560,SKU-P0560,DailyChoice Grapes 500g - Var 560,DailyChoice,Fruits,Sub Fruits,High quality DailyChoice Grapes 500g - Var 560,pcs,500g,951,640,231,15,A09,S04,L044,3723950410275,dailychoice_grapes_500g_var_560,ACTIVE
P0561,SKU-P0561,NatureBites Milk 1L - Var 561,NatureBites,Dairy,Sub Dairy,High quality NatureBites Milk 1L - Var 561,pcs,1L,532,350,378,7,A01,S04,L004,6747836674282,naturebites_milk_1l_var_561,ACTIVE
P0562,SKU-P0562,BrandB Floor Cleaner 1L - Var 562,BrandB,Cleaning,Sub Cleaning,High quality BrandB Floor Cleaner 1L - Var 562,pcs,1L,514,322,64,14,A19,S01,L091,6047658018562,brandb_floor_cleaner_1l_var_562,ACTIVE
P0563,SKU-P0563,PureLife Carrot 500g - Var 563,PureLife,Vegetables,Sub Vegetables,High quality PureLife Carrot 500g - Var 563,pcs,500g,206,148,205,17,A10,S05,L050,9454414967397,purelife_carrot_500g_var_563,ACTIVE
P0564,SKU-P0564,NatureBites Butter 200g - Var 564,NatureBites,Dairy,Sub Dairy,High quality NatureBites Butter 200g - Var 564,pcs,200g,767,614,392,17,A01,S04,L004,3852580010613,naturebites_butter_200g_var_564,ACTIVE
P0565,SKU-P0565,BrandC Spices Item 565,BrandC,Spices,Sub Spices,High quality BrandC Spices Item 565,pcs,200ml,296,105,457,9,A18,S03,L088,8175344300917,brandc_spices_item_565,ACTIVE
P0566,SKU-P0566,HealthyO Biscuits 200g - Var 566,HealthyO,Snacks,Sub Snacks,High quality HealthyO Biscuits 200g - Var 566,pcs,200g,200,138,285,7,A04,S01,L016,0939111926926,healthyo_biscuits_200g_var_566,ACTIVE
P0567,SKU-P0567,FreshFarms Onion 1kg - Var 567,FreshFarms,Vegetables,Sub Vegetables,High quality FreshFarms Onion 1kg - Var 567,pcs,1kg,382,226,445,9,A10,S02,L047,1244717465427,freshfarms_onion_1kg_var_567,ACTIVE
P0568,SKU-P0568,FreshFarms Pasta Item 568,FreshFarms,Pasta,Sub Pasta,High quality FreshFarms Pasta Item 568,pcs,500ml,278,199,102,6,A06,S02,L027,1406650442716,freshfarms_pasta_item_568,ACTIVE
P0569,SKU-P0569,NatureBites Spices Item 569,NatureBites,Spices,Sub Spices,High quality NatureBites Spices Item 569,pcs,100ml,510,443,138,8,A18,S04,L089,7396271286391,naturebites_spices_item_569,ACTIVE
P0570,SKU-P0570,DailyChoice Canned Food Item 570,DailyChoice,Canned Food,Sub Canned Food,High quality DailyChoice Canned Food Item 570,pcs,200ml,275,165,61,14,A07,S05,L035,1741011947074,dailychoice_canned_food_item_570,ACTIVE
P0571,SKU-P0571,FreshFarms Stationery Item 571,FreshFarms,Stationery,Sub Stationery,High quality FreshFarms Stationery Item 571,pcs,200ml,464,330,325,14,A20,S01,L096,2006425690879,freshfarms_stationery_item_571,ACTIVE
P0572,SKU-P0572,HealthyO Floor Cleaner 1L - Var 572,HealthyO,Cleaning,Sub Cleaning,High quality HealthyO Floor Cleaner 1L - Var 572,pcs,1L,490,323,500,18,A19,S02,L092,7661830671988,healthyo_floor_cleaner_1l_var_572,ACTIVE
P0573,SKU-P0573,Glow Pasta Item 573,Glow,Pasta,Sub Pasta,High quality Glow Pasta Item 573,pcs,100g,625,464,151,16,A06,S01,L026,5546015851749,glow_pasta_item_573,ACTIVE
P0574,SKU-P0574,DailyChoice Dhal 1kg - Var 574,DailyChoice,Rice & Grains,Sub Rice & Grains,High quality DailyChoice Dhal 1kg - Var 574,pcs,1kg,395,278,406,14,A05,S03,L023,3280634615710,dailychoice_dhal_1kg_var_574,ACTIVE
P0575,SKU-P0575,BrandB Breakfast Item 575,BrandB,Breakfast,Sub Breakfast,High quality BrandB Breakfast Item 575,pcs,100g,328,243,466,11,A16,S05,L080,7320309376181,brandb_breakfast_item_575,ACTIVE
P0576,SKU-P0576,BrandA Apple 1kg - Var 576,BrandA,Fruits,Sub Fruits,High quality BrandA Apple 1kg - Var 576,pcs,1kg,1280,832,25,17,A09,S01,L041,4787005050617,branda_apple_1kg_var_576,ACTIVE
P0577,SKU-P0577,NatureBites Dishwashing Liquid 500ml - Var 577,NatureBites,Cleaning,Sub Cleaning,High quality NatureBites Dishwashing Liquid 500ml - Var 577,pcs,500ml,349,216,467,20,A19,S02,L092,3878293102704,naturebites_dishwashing_liquid_500ml_var_577,ACTIVE
P0578,SKU-P0578,Glow Pet Food Item 578,Glow,Pet Food,Sub Pet Food,High quality Glow Pet Food Item 578,pcs,200g,695,495,385,14,A21,S02,L102,7903202041792,glow_pet_food_item_578,ACTIVE
P0579,SKU-P0579,CleanPlus Basmati Rice 1kg - Var 579,CleanPlus,Rice & Grains,Sub Rice & Grains,High quality CleanPlus Basmati Rice 1kg - Var 579,pcs,1kg,864,623,15,12,A05,S04,L024,2911179931362,cleanplus_basmati_rice_1kg_var_579,ACTIVE
P0580,SKU-P0580,NatureBites Stationery Item 580,NatureBites,Stationery,Sub Stationery,High quality NatureBites Stationery Item 580,pcs,100ml,276,181,299,9,A20,S02,L097,5651982530921,naturebites_stationery_item_580,ACTIVE
P0581,SKU-P0581,BrandA Breakfast Item 581,BrandA,Breakfast,Sub Breakfast,High quality BrandA Breakfast Item 581,pcs,100ml,284,218,145,16,A16,S03,L078,5114262582732,branda_breakfast_item_581,ACTIVE
P0582,SKU-P0582,FreshFarms Frozen Food Item 582,FreshFarms,Frozen Food,Sub Frozen Food,High quality FreshFarms Frozen Food Item 582,pcs,500ml,468,298,479,19,A08,S01,L036,9021962071007,freshfarms_frozen_food_item_582,ACTIVE
P0583,SKU-P0583,BrandB Croissant 2pcs - Var 583,BrandB,Bakery,Sub Bakery,High quality BrandB Croissant 2pcs - Var 583,pcs,2pcs,366,245,334,13,A02,S01,L006,2194672324873,brandb_croissant_2pcs_var_583,ACTIVE
P0584,SKU-P0584,CleanPlus Banana 1kg - Var 584,CleanPlus,Fruits,Sub Fruits,High quality CleanPlus Banana 1kg - Var 584,pcs,1kg,248,191,197,7,A09,S05,L045,6329092791455,cleanplus_banana_1kg_var_584,ACTIVE
P0585,SKU-P0585,CleanPlus Sauces Item 585,CleanPlus,Sauces,Sub Sauces,High quality CleanPlus Sauces Item 585,pcs,100ml,418,280,259,20,A17,S03,L083,6083318195884,cleanplus_sauces_item_585,ACTIVE
P0586,SKU-P0586,NatureBites Stationery Item 586,NatureBites,Stationery,Sub Stationery,High quality NatureBites Stationery Item 586,pcs,100ml,292,184,49,13,A20,S01,L096,3734031277229,naturebites_stationery_item_586,ACTIVE
P0587,SKU-P0587,BrandC Canned Food Item 587,BrandC,Canned Food,Sub Canned Food,High quality BrandC Canned Food Item 587,pcs,100ml,488,408,348,12,A07,S02,L032,0054364597010,brandc_canned_food_item_587,ACTIVE
P0588,SKU-P0588,DailyChoice Shampoo 200ml - Var 588,DailyChoice,Personal Care,Sub Personal Care,High quality DailyChoice Shampoo 200ml - Var 588,pcs,200ml,511,343,255,11,A14,S03,L068,0822078113792,dailychoice_shampoo_200ml_var_588,ACTIVE
P0589,SKU-P0589,CleanPlus Floor Cleaner 1L - Var 589,CleanPlus,Cleaning,Sub Cleaning,High quality CleanPlus Floor Cleaner 1L - Var 589,pcs,1L,481,301,32,9,A19,S02,L092,9563531531364,cleanplus_floor_cleaner_1l_var_589,ACTIVE
P0590,SKU-P0590,BrandC Dishwashing Liquid 500ml - Var 590,BrandC,Cleaning,Sub Cleaning,High quality BrandC Dishwashing Liquid 500ml - Var 590,pcs,500ml,345,240,30,9,A19,S05,L095,3631797062390,brandc_dishwashing_liquid_500ml_var_590,ACTIVE
P0591,SKU-P0591,BrandC Croissant 2pcs - Var 591,BrandC,Bakery,Sub Bakery,High quality BrandC Croissant 2pcs - Var 591,pcs,2pcs,351,233,316,5,A02,S02,L007,7265273543521,brandc_croissant_2pcs_var_591,ACTIVE
P0592,SKU-P0592,DailyChoice Potato 1kg - Var 592,DailyChoice,Vegetables,Sub Vegetables,High quality DailyChoice Potato 1kg - Var 592,pcs,1kg,260,188,454,20,A10,S01,L046,0904217762532,dailychoice_potato_1kg_var_592,ACTIVE
P0593,SKU-P0593,CleanPlus Pasta Item 593,CleanPlus,Pasta,Sub Pasta,High quality CleanPlus Pasta Item 593,pcs,500g,494,398,329,13,A06,S02,L027,4929298316876,cleanplus_pasta_item_593,ACTIVE
P0594,SKU-P0594,DailyChoice Pasta Item 594,DailyChoice,Pasta,Sub Pasta,High quality DailyChoice Pasta Item 594,pcs,500g,363,217,207,9,A06,S03,L028,3977406335692,dailychoice_pasta_item_594,ACTIVE
P0595,SKU-P0595,NatureBites Potato Chips 50g - Var 595,NatureBites,Snacks,Sub Snacks,High quality NatureBites Potato Chips 50g - Var 595,pcs,50g,287,182,224,9,A04,S01,L016,3929060078064,naturebites_potato_chips_50g_var_595,ACTIVE
P0596,SKU-P0596,BrandC Stationery Item 596,BrandC,Stationery,Sub Stationery,High quality BrandC Stationery Item 596,pcs,200g,550,372,395,8,A20,S01,L096,8671773180637,brandc_stationery_item_596,ACTIVE
P0597,SKU-P0597,HealthyO Juice 1L - Var 597,HealthyO,Beverages,Sub Beverages,High quality HealthyO Juice 1L - Var 597,pcs,1L,500,434,469,18,A03,S04,L014,2543107427991,healthyo_juice_1l_var_597,ACTIVE
P0598,SKU-P0598,Glow Sauces Item 598,Glow,Sauces,Sub Sauces,High quality Glow Sauces Item 598,pcs,100ml,390,217,414,17,A17,S04,L084,0772625701654,glow_sauces_item_598,ACTIVE
P0599,SKU-P0599,HealthyO Seafood Item 599,HealthyO,Seafood,Sub Seafood,High quality HealthyO Seafood Item 599,pcs,100ml,283,168,254,12,A12,S05,L060,8046498931954,healthyo_seafood_item_599,ACTIVE
P0600,SKU-P0600,PureLife Energy Drink 250ml - Var 600,PureLife,Beverages,Sub Beverages,High quality PureLife Energy Drink 250ml - Var 600,pcs,250ml,400,312,373,5,A03,S03,L013,0850165790557,purelife_energy_drink_250ml_var_600,ACTIVE
P0601,SKU-P0601,NatureBites Dishwashing Liquid 500ml - Var 601,NatureBites,Cleaning,Sub Cleaning,High quality NatureBites Dishwashing Liquid 500ml - Var 601,pcs,500ml,328,200,345,11,A19,S05,L095,2818325381791,naturebites_dishwashing_liquid_500ml_var_601,ACTIVE
P0602,SKU-P0602,Glow Meat Item 602,Glow,Meat,Sub Meat,High quality Glow Meat Item 602,pcs,100g,517,318,139,13,A11,S04,L054,3355486401559,glow_meat_item_602,ACTIVE
P0603,SKU-P0603,HealthyO Spices Item 603,HealthyO,Spices,Sub Spices,High quality HealthyO Spices Item 603,pcs,200ml,599,448,396,11,A18,S04,L089,7788178847957,healthyo_spices_item_603,ACTIVE
P0604,SKU-P0604,BrandC Deodorant 150ml - Var 604,BrandC,Personal Care,Sub Personal Care,High quality BrandC Deodorant 150ml - Var 604,pcs,150ml,771,523,294,20,A14,S05,L070,1371162411249,brandc_deodorant_150ml_var_604,ACTIVE
P0605,SKU-P0605,CleanPlus Orange 1kg - Var 605,CleanPlus,Fruits,Sub Fruits,High quality CleanPlus Orange 1kg - Var 605,pcs,1kg,1017,747,447,8,A09,S03,L043,1272380468278,cleanplus_orange_1kg_var_605,ACTIVE
P0606,SKU-P0606,BrandC Frozen Food Item 606,BrandC,Frozen Food,Sub Frozen Food,High quality BrandC Frozen Food Item 606,pcs,100g,512,360,412,15,A08,S04,L039,5670431038566,brandc_frozen_food_item_606,ACTIVE
P0607,SKU-P0607,BrandA Spices Item 607,BrandA,Spices,Sub Spices,High quality BrandA Spices Item 607,pcs,100ml,476,425,421,7,A18,S05,L090,9557988774924,branda_spices_item_607,ACTIVE
P0608,SKU-P0608,BrandB Dhal 1kg - Var 608,BrandB,Rice & Grains,Sub Rice & Grains,High quality BrandB Dhal 1kg - Var 608,pcs,1kg,383,254,123,16,A05,S04,L024,4243754025479,brandb_dhal_1kg_var_608,ACTIVE
P0609,SKU-P0609,CleanPlus Soft Drink 1.5L - Var 609,CleanPlus,Beverages,Sub Beverages,High quality CleanPlus Soft Drink 1.5L - Var 609,pcs,1.5L,428,275,345,14,A03,S05,L015,2928422223105,cleanplus_soft_drink_1.5l_var_609,ACTIVE
P0610,SKU-P0610,BrandC Stationery Item 610,BrandC,Stationery,Sub Stationery,High quality BrandC Stationery Item 610,pcs,500ml,376,324,113,14,A20,S01,L096,5927452380557,brandc_stationery_item_610,ACTIVE
P0611,SKU-P0611,HealthyO Canned Food Item 611,HealthyO,Canned Food,Sub Canned Food,High quality HealthyO Canned Food Item 611,pcs,500g,507,414,355,6,A07,S01,L031,2578284106728,healthyo_canned_food_item_611,ACTIVE
P0612,SKU-P0612,BrandA Seafood Item 612,BrandA,Seafood,Sub Seafood,High quality BrandA Seafood Item 612,pcs,100g,393,241,190,17,A12,S02,L057,7520885474923,branda_seafood_item_612,ACTIVE
P0613,SKU-P0613,FreshFarms Household Item 613,FreshFarms,Household,Sub Household,High quality FreshFarms Household Item 613,pcs,500g,544,477,480,7,A13,S05,L065,9751702814068,freshfarms_household_item_613,ACTIVE
P0614,SKU-P0614,NatureBites Spices Item 614,NatureBites,Spices,Sub Spices,High quality NatureBites Spices Item 614,pcs,500ml,397,277,125,11,A18,S03,L088,9375150939830,naturebites_spices_item_614,ACTIVE
P0615,SKU-P0615,HealthyO Baby Products Item 615,HealthyO,Baby Products,Sub Baby Products,High quality HealthyO Baby Products Item 615,pcs,100ml,343,189,269,8,A15,S04,L074,4301871863753,healthyo_baby_products_item_615,ACTIVE
P0616,SKU-P0616,NatureBites Spices Item 616,NatureBites,Spices,Sub Spices,High quality NatureBites Spices Item 616,pcs,200ml,340,159,499,13,A18,S01,L086,9980562656505,naturebites_spices_item_616,ACTIVE
P0617,SKU-P0617,PureLife Spices Item 617,PureLife,Spices,Sub Spices,High quality PureLife Spices Item 617,pcs,500ml,487,293,257,12,A18,S05,L090,4554781376749,purelife_spices_item_617,ACTIVE
P0618,SKU-P0618,DailyChoice Meat Item 618,DailyChoice,Meat,Sub Meat,High quality DailyChoice Meat Item 618,pcs,500g,425,346,142,7,A11,S04,L054,2662991234789,dailychoice_meat_item_618,ACTIVE
P0619,SKU-P0619,FreshFarms Household Item 619,FreshFarms,Household,Sub Household,High quality FreshFarms Household Item 619,pcs,200ml,462,280,284,5,A13,S02,L062,5196106462875,freshfarms_household_item_619,ACTIVE
P0620,SKU-P0620,BrandB Orange 1kg - Var 620,BrandB,Fruits,Sub Fruits,High quality BrandB Orange 1kg - Var 620,pcs,1kg,1086,725,393,15,A09,S02,L042,9232648704946,brandb_orange_1kg_var_620,ACTIVE
P0621,SKU-P0621,DailyChoice Juice 1L - Var 621,DailyChoice,Beverages,Sub Beverages,High quality DailyChoice Juice 1L - Var 621,pcs,1L,545,420,121,13,A03,S05,L015,7873002447141,dailychoice_juice_1l_var_621,ACTIVE
P0622,SKU-P0622,DailyChoice Pasta Item 622,DailyChoice,Pasta,Sub Pasta,High quality DailyChoice Pasta Item 622,pcs,500g,331,220,456,13,A06,S02,L027,6273014719594,dailychoice_pasta_item_622,ACTIVE
P0623,SKU-P0623,FreshFarms Canned Food Item 623,FreshFarms,Canned Food,Sub Canned Food,High quality FreshFarms Canned Food Item 623,pcs,100ml,256,179,71,7,A07,S02,L032,7964715890420,freshfarms_canned_food_item_623,ACTIVE
P0624,SKU-P0624,BrandA Breakfast Item 624,BrandA,Breakfast,Sub Breakfast,High quality BrandA Breakfast Item 624,pcs,500g,491,346,327,15,A16,S05,L080,9025725204565,branda_breakfast_item_624,ACTIVE
P0625,SKU-P0625,PureLife Breakfast Item 625,PureLife,Breakfast,Sub Breakfast,High quality PureLife Breakfast Item 625,pcs,200g,671,491,153,17,A16,S05,L080,5044818321921,purelife_breakfast_item_625,ACTIVE
P0626,SKU-P0626,BrandC Frozen Food Item 626,BrandC,Frozen Food,Sub Frozen Food,High quality BrandC Frozen Food Item 626,pcs,100ml,532,344,26,16,A08,S05,L040,8554451895200,brandc_frozen_food_item_626,ACTIVE
P0627,SKU-P0627,DailyChoice Household Item 627,DailyChoice,Household,Sub Household,High quality DailyChoice Household Item 627,pcs,100ml,313,261,16,11,A13,S02,L062,2845765213283,dailychoice_household_item_627,ACTIVE
P0628,SKU-P0628,BrandB Household Item 628,BrandB,Household,Sub Household,High quality BrandB Household Item 628,pcs,200ml,529,413,105,13,A13,S05,L065,3389888167119,brandb_household_item_628,ACTIVE
P0629,SKU-P0629,DailyChoice Frozen Food Item 629,DailyChoice,Frozen Food,Sub Frozen Food,High quality DailyChoice Frozen Food Item 629,pcs,500ml,384,287,265,18,A08,S03,L038,2075452798520,dailychoice_frozen_food_item_629,ACTIVE
P0630,SKU-P0630,Glow Canned Food Item 630,Glow,Canned Food,Sub Canned Food,High quality Glow Canned Food Item 630,pcs,200ml,408,243,102,9,A07,S04,L034,4013223423217,glow_canned_food_item_630,ACTIVE
P0631,SKU-P0631,PureLife Dishwashing Liquid 500ml - Var 631,PureLife,Cleaning,Sub Cleaning,High quality PureLife Dishwashing Liquid 500ml - Var 631,pcs,500ml,351,215,231,17,A19,S02,L092,6110760310890,purelife_dishwashing_liquid_500ml_var_631,ACTIVE
P0632,SKU-P0632,BrandC Canned Food Item 632,BrandC,Canned Food,Sub Canned Food,High quality BrandC Canned Food Item 632,pcs,200g,347,190,265,9,A07,S02,L032,0714014011937,brandc_canned_food_item_632,ACTIVE
P0633,SKU-P0633,NatureBites Pet Food Item 633,NatureBites,Pet Food,Sub Pet Food,High quality NatureBites Pet Food Item 633,pcs,500ml,475,349,138,6,A21,S05,L105,9325012495523,naturebites_pet_food_item_633,ACTIVE
P0634,SKU-P0634,BrandC Household Item 634,BrandC,Household,Sub Household,High quality BrandC Household Item 634,pcs,100g,401,230,439,8,A13,S01,L061,8938911908332,brandc_household_item_634,ACTIVE
P0635,SKU-P0635,PureLife Baby Products Item 635,PureLife,Baby Products,Sub Baby Products,High quality PureLife Baby Products Item 635,pcs,200ml,578,386,487,13,A15,S03,L073,4280138759278,purelife_baby_products_item_635,ACTIVE
P0636,SKU-P0636,CleanPlus Seafood Item 636,CleanPlus,Seafood,Sub Seafood,High quality CleanPlus Seafood Item 636,pcs,100ml,547,447,305,10,A12,S01,L056,1256638361511,cleanplus_seafood_item_636,ACTIVE
P0637,SKU-P0637,NatureBites Onion 1kg - Var 637,NatureBites,Vegetables,Sub Vegetables,High quality NatureBites Onion 1kg - Var 637,pcs,1kg,399,231,387,19,A10,S03,L048,7182754801577,naturebites_onion_1kg_var_637,ACTIVE
P0638,SKU-P0638,DailyChoice Water 1L - Var 638,DailyChoice,Beverages,Sub Beverages,High quality DailyChoice Water 1L - Var 638,pcs,1L,98,100,454,10,A03,S04,L014,1647947386461,dailychoice_water_1l_var_638,ACTIVE
P0639,SKU-P0639,CleanPlus Pet Food Item 639,CleanPlus,Pet Food,Sub Pet Food,High quality CleanPlus Pet Food Item 639,pcs,500ml,206,136,92,15,A21,S03,L103,3175207167812,cleanplus_pet_food_item_639,ACTIVE
P0640,SKU-P0640,Glow Frozen Food Item 640,Glow,Frozen Food,Sub Frozen Food,High quality Glow Frozen Food Item 640,pcs,500ml,581,463,319,17,A08,S03,L038,1266912153534,glow_frozen_food_item_640,ACTIVE
P0641,SKU-P0641,HealthyO Orange 1kg - Var 641,HealthyO,Fruits,Sub Fruits,High quality HealthyO Orange 1kg - Var 641,pcs,1kg,1057,733,221,10,A09,S04,L044,9613674994653,healthyo_orange_1kg_var_641,ACTIVE
P0642,SKU-P0642,BrandC Pasta Item 642,BrandC,Pasta,Sub Pasta,High quality BrandC Pasta Item 642,pcs,500g,552,438,491,7,A06,S01,L026,7967842711477,brandc_pasta_item_642,ACTIVE
P0643,SKU-P0643,CleanPlus Canned Food Item 643,CleanPlus,Canned Food,Sub Canned Food,High quality CleanPlus Canned Food Item 643,pcs,100g,303,132,290,6,A07,S02,L032,7320101702690,cleanplus_canned_food_item_643,ACTIVE
P0644,SKU-P0644,BrandB Milk 1L - Var 644,BrandB,Dairy,Sub Dairy,High quality BrandB Milk 1L - Var 644,pcs,1L,529,366,89,7,A01,S04,L004,5249911877348,brandb_milk_1l_var_644,ACTIVE
P0645,SKU-P0645,PureLife Pet Food Item 645,PureLife,Pet Food,Sub Pet Food,High quality PureLife Pet Food Item 645,pcs,100g,599,477,236,9,A21,S04,L104,7784858800618,purelife_pet_food_item_645,ACTIVE
P0646,SKU-P0646,BrandA Red Rice 1kg - Var 646,BrandA,Rice & Grains,Sub Rice & Grains,High quality BrandA Red Rice 1kg - Var 646,pcs,1kg,304,152,192,15,A05,S05,L025,6756770028426,branda_red_rice_1kg_var_646,ACTIVE
P0647,SKU-P0647,NatureBites Breakfast Item 647,NatureBites,Breakfast,Sub Breakfast,High quality NatureBites Breakfast Item 647,pcs,200ml,357,169,100,19,A16,S04,L079,7624671978890,naturebites_breakfast_item_647,ACTIVE
P0648,SKU-P0648,CleanPlus Pet Food Item 648,CleanPlus,Pet Food,Sub Pet Food,High quality CleanPlus Pet Food Item 648,pcs,500ml,450,277,286,12,A21,S05,L105,7782806479695,cleanplus_pet_food_item_648,ACTIVE
P0649,SKU-P0649,Glow Water 1L - Var 649,Glow,Beverages,Sub Beverages,High quality Glow Water 1L - Var 649,pcs,1L,113,86,89,14,A03,S04,L014,5450090255906,glow_water_1l_var_649,ACTIVE
P0650,SKU-P0650,Glow Butter 200g - Var 650,Glow,Dairy,Sub Dairy,High quality Glow Butter 200g - Var 650,pcs,200g,810,618,283,5,A01,S01,L001,5616556503336,glow_butter_200g_var_650,ACTIVE
P0651,SKU-P0651,PureLife Breakfast Item 651,PureLife,Breakfast,Sub Breakfast,High quality PureLife Breakfast Item 651,pcs,100ml,358,249,417,5,A16,S04,L079,4911415208508,purelife_breakfast_item_651,ACTIVE
P0652,SKU-P0652,FreshFarms Spices Item 652,FreshFarms,Spices,Sub Spices,High quality FreshFarms Spices Item 652,pcs,200ml,415,302,93,17,A18,S03,L088,7698640790561,freshfarms_spices_item_652,ACTIVE
P0653,SKU-P0653,PureLife Household Item 653,PureLife,Household,Sub Household,High quality PureLife Household Item 653,pcs,100ml,531,420,274,13,A13,S02,L062,9659171357850,purelife_household_item_653,ACTIVE
P0654,SKU-P0654,CleanPlus Onion 1kg - Var 654,CleanPlus,Vegetables,Sub Vegetables,High quality CleanPlus Onion 1kg - Var 654,pcs,1kg,308,212,103,9,A10,S05,L050,2945637183444,cleanplus_onion_1kg_var_654,ACTIVE
P0655,SKU-P0655,HealthyO Tomato 500g - Var 655,HealthyO,Vegetables,Sub Vegetables,High quality HealthyO Tomato 500g - Var 655,pcs,500g,284,178,368,20,A10,S01,L046,0496391919548,healthyo_tomato_500g_var_655,ACTIVE
P0656,SKU-P0656,BrandA Canned Food Item 656,BrandA,Canned Food,Sub Canned Food,High quality BrandA Canned Food Item 656,pcs,100g,428,373,105,8,A07,S03,L033,1987635148460,branda_canned_food_item_656,ACTIVE
P0657,SKU-P0657,DailyChoice Potato 1kg - Var 657,DailyChoice,Vegetables,Sub Vegetables,High quality DailyChoice Potato 1kg - Var 657,pcs,1kg,201,196,129,7,A10,S03,L048,8536649878202,dailychoice_potato_1kg_var_657,ACTIVE
P0658,SKU-P0658,FreshFarms Dhal 1kg - Var 658,FreshFarms,Rice & Grains,Sub Rice & Grains,High quality FreshFarms Dhal 1kg - Var 658,pcs,1kg,403,271,169,20,A05,S01,L021,8297374896908,freshfarms_dhal_1kg_var_658,ACTIVE
P0659,SKU-P0659,BrandA Seafood Item 659,BrandA,Seafood,Sub Seafood,High quality BrandA Seafood Item 659,pcs,200g,571,484,38,13,A12,S04,L059,8357232466510,branda_seafood_item_659,ACTIVE
P0660,SKU-P0660,NatureBites Household Item 660,NatureBites,Household,Sub Household,High quality NatureBites Household Item 660,pcs,200g,312,198,428,17,A13,S01,L061,3644249363129,naturebites_household_item_660,ACTIVE
P0661,SKU-P0661,CleanPlus Butter 200g - Var 661,CleanPlus,Dairy,Sub Dairy,High quality CleanPlus Butter 200g - Var 661,pcs,200g,806,649,136,6,A01,S01,L001,3034778660323,cleanplus_butter_200g_var_661,ACTIVE
P0662,SKU-P0662,BrandB Canned Food Item 662,BrandB,Canned Food,Sub Canned Food,High quality BrandB Canned Food Item 662,pcs,500g,491,342,358,14,A07,S04,L034,4204482070018,brandb_canned_food_item_662,ACTIVE
P0663,SKU-P0663,BrandA Meat Item 663,BrandA,Meat,Sub Meat,High quality BrandA Meat Item 663,pcs,500g,402,229,336,14,A11,S02,L052,5941651623192,branda_meat_item_663,ACTIVE
P0664,SKU-P0664,BrandA Canned Food Item 664,BrandA,Canned Food,Sub Canned Food,High quality BrandA Canned Food Item 664,pcs,500g,267,157,334,18,A07,S03,L033,8189847139158,branda_canned_food_item_664,ACTIVE
P0665,SKU-P0665,BrandC Meat Item 665,BrandC,Meat,Sub Meat,High quality BrandC Meat Item 665,pcs,200g,414,302,14,6,A11,S01,L051,5963632123477,brandc_meat_item_665,ACTIVE
P0666,SKU-P0666,HealthyO Floor Cleaner 1L - Var 666,HealthyO,Cleaning,Sub Cleaning,High quality HealthyO Floor Cleaner 1L - Var 666,pcs,1L,497,309,404,7,A19,S04,L094,6490785158678,healthyo_floor_cleaner_1l_var_666,ACTIVE
P0667,SKU-P0667,DailyChoice Frozen Food Item 667,DailyChoice,Frozen Food,Sub Frozen Food,High quality DailyChoice Frozen Food Item 667,pcs,100ml,553,488,40,16,A08,S02,L037,3425754090034,dailychoice_frozen_food_item_667,ACTIVE
P0668,SKU-P0668,NatureBites Pet Food Item 668,NatureBites,Pet Food,Sub Pet Food,High quality NatureBites Pet Food Item 668,pcs,100g,458,349,172,16,A21,S02,L102,4864518376066,naturebites_pet_food_item_668,ACTIVE
P0669,SKU-P0669,BrandA Baby Products Item 669,BrandA,Baby Products,Sub Baby Products,High quality BrandA Baby Products Item 669,pcs,500ml,367,283,138,6,A15,S02,L072,4413432756043,branda_baby_products_item_669,ACTIVE
P0670,SKU-P0670,NatureBites Breakfast Item 670,NatureBites,Breakfast,Sub Breakfast,High quality NatureBites Breakfast Item 670,pcs,200ml,392,197,105,16,A16,S04,L079,1776561248159,naturebites_breakfast_item_670,ACTIVE
P0671,SKU-P0671,PureLife Meat Item 671,PureLife,Meat,Sub Meat,High quality PureLife Meat Item 671,pcs,500g,320,135,89,19,A11,S04,L054,6985700272060,purelife_meat_item_671,ACTIVE
P0672,SKU-P0672,DailyChoice Onion 1kg - Var 672,DailyChoice,Vegetables,Sub Vegetables,High quality DailyChoice Onion 1kg - Var 672,pcs,1kg,399,200,336,17,A10,S03,L048,3459112382967,dailychoice_onion_1kg_var_672,ACTIVE
P0673,SKU-P0673,HealthyO Pasta Item 673,HealthyO,Pasta,Sub Pasta,High quality HealthyO Pasta Item 673,pcs,200g,330,264,347,17,A06,S01,L026,5772429543165,healthyo_pasta_item_673,ACTIVE
P0674,SKU-P0674,DailyChoice Canned Food Item 674,DailyChoice,Canned Food,Sub Canned Food,High quality DailyChoice Canned Food Item 674,pcs,500g,535,413,175,18,A07,S05,L035,5266930089316,dailychoice_canned_food_item_674,ACTIVE
P0675,SKU-P0675,BrandB Pet Food Item 675,BrandB,Pet Food,Sub Pet Food,High quality BrandB Pet Food Item 675,pcs,100g,205,122,101,6,A21,S03,L103,7342069694213,brandb_pet_food_item_675,ACTIVE
P0676,SKU-P0676,DailyChoice Canned Food Item 676,DailyChoice,Canned Food,Sub Canned Food,High quality DailyChoice Canned Food Item 676,pcs,100g,312,116,338,17,A07,S01,L031,5291086771334,dailychoice_canned_food_item_676,ACTIVE
P0677,SKU-P0677,HealthyO Breakfast Item 677,HealthyO,Breakfast,Sub Breakfast,High quality HealthyO Breakfast Item 677,pcs,500ml,268,125,123,7,A16,S05,L080,3447626393432,healthyo_breakfast_item_677,ACTIVE
P0678,SKU-P0678,BrandB Yogurt 80g - Var 678,BrandB,Dairy,Sub Dairy,High quality BrandB Yogurt 80g - Var 678,pcs,80g,151,79,41,16,A01,S02,L002,6262044397353,brandb_yogurt_80g_var_678,ACTIVE
P0679,SKU-P0679,Glow Spices Item 679,Glow,Spices,Sub Spices,High quality Glow Spices Item 679,pcs,500g,533,415,280,6,A18,S04,L089,9710725636699,glow_spices_item_679,ACTIVE
P0680,SKU-P0680,FreshFarms Soft Drink 1.5L - Var 680,FreshFarms,Beverages,Sub Beverages,High quality FreshFarms Soft Drink 1.5L - Var 680,pcs,1.5L,362,283,61,12,A03,S03,L013,4118005375996,freshfarms_soft_drink_1.5l_var_680,ACTIVE
P0681,SKU-P0681,FreshFarms Spices Item 681,FreshFarms,Spices,Sub Spices,High quality FreshFarms Spices Item 681,pcs,100g,486,391,295,18,A18,S04,L089,0048964652804,freshfarms_spices_item_681,ACTIVE
P0682,SKU-P0682,DailyChoice Chocolate 100g - Var 682,DailyChoice,Snacks,Sub Snacks,High quality DailyChoice Chocolate 100g - Var 682,pcs,100g,435,294,228,8,A04,S05,L020,9242875721586,dailychoice_chocolate_100g_var_682,ACTIVE
P0683,SKU-P0683,NatureBites Pasta Item 683,NatureBites,Pasta,Sub Pasta,High quality NatureBites Pasta Item 683,pcs,200ml,526,436,283,19,A06,S02,L027,6241502745646,naturebites_pasta_item_683,ACTIVE
P0684,SKU-P0684,NatureBites Seafood Item 684,NatureBites,Seafood,Sub Seafood,High quality NatureBites Seafood Item 684,pcs,200ml,471,311,432,15,A12,S03,L058,4948562572879,naturebites_seafood_item_684,ACTIVE
P0685,SKU-P0685,HealthyO Stationery Item 685,HealthyO,Stationery,Sub Stationery,High quality HealthyO Stationery Item 685,pcs,500g,482,292,484,13,A20,S02,L097,0320320742764,healthyo_stationery_item_685,ACTIVE
P0686,SKU-P0686,DailyChoice Seafood Item 686,DailyChoice,Seafood,Sub Seafood,High quality DailyChoice Seafood Item 686,pcs,200g,529,471,155,5,A12,S04,L059,1707587771215,dailychoice_seafood_item_686,ACTIVE
P0687,SKU-P0687,PureLife Sauces Item 687,PureLife,Sauces,Sub Sauces,High quality PureLife Sauces Item 687,pcs,100ml,317,213,448,15,A17,S02,L082,5134228499393,purelife_sauces_item_687,ACTIVE
P0688,SKU-P0688,BrandB Butter 200g - Var 688,BrandB,Dairy,Sub Dairy,High quality BrandB Butter 200g - Var 688,pcs,200g,808,602,192,9,A01,S03,L003,0892613715040,brandb_butter_200g_var_688,ACTIVE
P0689,SKU-P0689,HealthyO White Rice 1kg - Var 689,HealthyO,Rice & Grains,Sub Rice & Grains,High quality HealthyO White Rice 1kg - Var 689,pcs,1kg,229,155,141,14,A05,S03,L023,1659152017771,healthyo_white_rice_1kg_var_689,ACTIVE
P0690,SKU-P0690,HealthyO Energy Drink 250ml - Var 690,HealthyO,Beverages,Sub Beverages,High quality HealthyO Energy Drink 250ml - Var 690,pcs,250ml,493,313,49,15,A03,S05,L015,4905097592307,healthyo_energy_drink_250ml_var_690,ACTIVE
P0691,SKU-P0691,DailyChoice Breakfast Item 691,DailyChoice,Breakfast,Sub Breakfast,High quality DailyChoice Breakfast Item 691,pcs,500g,530,404,29,17,A16,S02,L077,4501896164235,dailychoice_breakfast_item_691,ACTIVE
P0692,SKU-P0692,Glow Water 1L - Var 692,Glow,Beverages,Sub Beverages,High quality Glow Water 1L - Var 692,pcs,1L,133,87,486,8,A03,S01,L011,6103266421474,glow_water_1l_var_692,ACTIVE
P0693,SKU-P0693,BrandA Frozen Food Item 693,BrandA,Frozen Food,Sub Frozen Food,High quality BrandA Frozen Food Item 693,pcs,500ml,255,127,278,6,A08,S05,L040,6492515837761,branda_frozen_food_item_693,ACTIVE
P0694,SKU-P0694,HealthyO Meat Item 694,HealthyO,Meat,Sub Meat,High quality HealthyO Meat Item 694,pcs,100ml,463,357,88,6,A11,S05,L055,7499616592666,healthyo_meat_item_694,ACTIVE
P0695,SKU-P0695,HealthyO Household Item 695,HealthyO,Household,Sub Household,High quality HealthyO Household Item 695,pcs,500g,373,213,158,17,A13,S04,L064,1085732788142,healthyo_household_item_695,ACTIVE
P0696,SKU-P0696,BrandB White Rice 1kg - Var 696,BrandB,Rice & Grains,Sub Rice & Grains,High quality BrandB White Rice 1kg - Var 696,pcs,1kg,273,170,391,6,A05,S02,L022,7617422438644,brandb_white_rice_1kg_var_696,ACTIVE
P0697,SKU-P0697,PureLife Spices Item 697,PureLife,Spices,Sub Spices,High quality PureLife Spices Item 697,pcs,100ml,517,356,406,9,A18,S04,L089,9081081866175,purelife_spices_item_697,ACTIVE
P0698,SKU-P0698,DailyChoice Red Rice 1kg - Var 698,DailyChoice,Rice & Grains,Sub Rice & Grains,High quality DailyChoice Red Rice 1kg - Var 698,pcs,1kg,303,175,302,11,A05,S04,L024,9454918017222,dailychoice_red_rice_1kg_var_698,ACTIVE
P0699,SKU-P0699,NatureBites Spices Item 699,NatureBites,Spices,Sub Spices,High quality NatureBites Spices Item 699,pcs,100g,254,136,407,18,A18,S05,L090,6016459779453,naturebites_spices_item_699,ACTIVE
P0700,SKU-P0700,BrandB Meat Item 700,BrandB,Meat,Sub Meat,High quality BrandB Meat Item 700,pcs,100ml,459,316,188,11,A11,S05,L055,2321941680068,brandb_meat_item_700,ACTIVE
P0701,SKU-P0701,HealthyO Meat Item 701,HealthyO,Meat,Sub Meat,High quality HealthyO Meat Item 701,pcs,500g,622,494,96,16,A11,S03,L053,1027769749956,healthyo_meat_item_701,ACTIVE
P0702,SKU-P0702,HealthyO Stationery Item 702,HealthyO,Stationery,Sub Stationery,High quality HealthyO Stationery Item 702,pcs,100ml,231,122,112,16,A20,S04,L099,6412203103039,healthyo_stationery_item_702,ACTIVE
P0703,SKU-P0703,BrandA Basmati Rice 1kg - Var 703,BrandA,Rice & Grains,Sub Rice & Grains,High quality BrandA Basmati Rice 1kg - Var 703,pcs,1kg,879,615,484,9,A05,S01,L021,7236831472768,branda_basmati_rice_1kg_var_703,ACTIVE
P0704,SKU-P0704,BrandB Onion 1kg - Var 704,BrandB,Vegetables,Sub Vegetables,High quality BrandB Onion 1kg - Var 704,pcs,1kg,357,219,251,5,A10,S01,L046,0122777079338,brandb_onion_1kg_var_704,ACTIVE
P0705,SKU-P0705,NatureBites Meat Item 705,NatureBites,Meat,Sub Meat,High quality NatureBites Meat Item 705,pcs,100g,562,379,394,13,A11,S02,L052,4960501667996,naturebites_meat_item_705,ACTIVE
P0706,SKU-P0706,HealthyO Spices Item 706,HealthyO,Spices,Sub Spices,High quality HealthyO Spices Item 706,pcs,500g,509,455,202,6,A18,S04,L089,8407678997304,healthyo_spices_item_706,ACTIVE
P0707,SKU-P0707,PureLife Apple 1kg - Var 707,PureLife,Fruits,Sub Fruits,High quality PureLife Apple 1kg - Var 707,pcs,1kg,1289,812,326,13,A09,S02,L042,8069581467178,purelife_apple_1kg_var_707,ACTIVE
P0708,SKU-P0708,BrandB Bread 500g - Var 708,BrandB,Bakery,Sub Bakery,High quality BrandB Bread 500g - Var 708,pcs,500g,284,174,148,16,A02,S04,L009,9576024375734,brandb_bread_500g_var_708,ACTIVE
P0709,SKU-P0709,CleanPlus Chocolate 100g - Var 709,CleanPlus,Snacks,Sub Snacks,High quality CleanPlus Chocolate 100g - Var 709,pcs,100g,398,264,270,8,A04,S01,L016,8395972466575,cleanplus_chocolate_100g_var_709,ACTIVE
P0710,SKU-P0710,HealthyO Meat Item 710,HealthyO,Meat,Sub Meat,High quality HealthyO Meat Item 710,pcs,500g,295,195,266,19,A11,S04,L054,2934172232977,healthyo_meat_item_710,ACTIVE
P0711,SKU-P0711,BrandA Spices Item 711,BrandA,Spices,Sub Spices,High quality BrandA Spices Item 711,pcs,100ml,445,270,211,10,A18,S01,L086,1674338005458,branda_spices_item_711,ACTIVE
P0712,SKU-P0712,Glow Cheese 250g - Var 712,Glow,Dairy,Sub Dairy,High quality Glow Cheese 250g - Var 712,pcs,250g,1038,840,130,13,A01,S03,L003,2280156193186,glow_cheese_250g_var_712,ACTIVE
P0713,SKU-P0713,BrandA Cake 1kg - Var 713,BrandA,Bakery,Sub Bakery,High quality BrandA Cake 1kg - Var 713,pcs,1kg,1635,1235,125,9,A02,S03,L008,3745508428914,branda_cake_1kg_var_713,ACTIVE
P0714,SKU-P0714,BrandC Meat Item 714,BrandC,Meat,Sub Meat,High quality BrandC Meat Item 714,pcs,100ml,474,366,223,12,A11,S04,L054,0771199180810,brandc_meat_item_714,ACTIVE
P0715,SKU-P0715,PureLife Laundry Detergent 1kg - Var 715,PureLife,Cleaning,Sub Cleaning,High quality PureLife Laundry Detergent 1kg - Var 715,pcs,1kg,642,438,239,9,A19,S02,L092,2135247871255,purelife_laundry_detergent_1kg_var_715,ACTIVE
P0716,SKU-P0716,HealthyO Canned Food Item 716,HealthyO,Canned Food,Sub Canned Food,High quality HealthyO Canned Food Item 716,pcs,500g,299,170,362,9,A07,S02,L032,5213760375485,healthyo_canned_food_item_716,ACTIVE
P0717,SKU-P0717,Glow Soap 100g - Var 717,Glow,Personal Care,Sub Personal Care,High quality Glow Soap 100g - Var 717,pcs,100g,191,84,282,8,A14,S02,L067,2145653286321,glow_soap_100g_var_717,ACTIVE
P0718,SKU-P0718,BrandC Pasta Item 718,BrandC,Pasta,Sub Pasta,High quality BrandC Pasta Item 718,pcs,500g,622,491,460,18,A06,S03,L028,6667850720812,brandc_pasta_item_718,ACTIVE
P0719,SKU-P0719,PureLife Deodorant 150ml - Var 719,PureLife,Personal Care,Sub Personal Care,High quality PureLife Deodorant 150ml - Var 719,pcs,150ml,799,509,106,8,A14,S03,L068,1556260602908,purelife_deodorant_150ml_var_719,ACTIVE
P0720,SKU-P0720,HealthyO Basmati Rice 1kg - Var 720,HealthyO,Rice & Grains,Sub Rice & Grains,High quality HealthyO Basmati Rice 1kg - Var 720,pcs,1kg,834,639,320,12,A05,S02,L022,8466845504899,healthyo_basmati_rice_1kg_var_720,ACTIVE
P0721,SKU-P0721,FreshFarms Stationery Item 721,FreshFarms,Stationery,Sub Stationery,High quality FreshFarms Stationery Item 721,pcs,500g,353,283,362,20,A20,S02,L097,2673899756341,freshfarms_stationery_item_721,ACTIVE
P0722,SKU-P0722,Glow Dhal 1kg - Var 722,Glow,Rice & Grains,Sub Rice & Grains,High quality Glow Dhal 1kg - Var 722,pcs,1kg,399,261,261,20,A05,S05,L025,1085628843184,glow_dhal_1kg_var_722,ACTIVE
P0723,SKU-P0723,FreshFarms Red Rice 1kg - Var 723,FreshFarms,Rice & Grains,Sub Rice & Grains,High quality FreshFarms Red Rice 1kg - Var 723,pcs,1kg,272,152,401,5,A05,S02,L022,8485200894345,freshfarms_red_rice_1kg_var_723,ACTIVE
P0724,SKU-P0724,FreshFarms Banana 1kg - Var 724,FreshFarms,Fruits,Sub Fruits,High quality FreshFarms Banana 1kg - Var 724,pcs,1kg,226,198,43,10,A09,S04,L044,6810548510176,freshfarms_banana_1kg_var_724,ACTIVE
P0725,SKU-P0725,DailyChoice Baby Products Item 725,DailyChoice,Baby Products,Sub Baby Products,High quality DailyChoice Baby Products Item 725,pcs,500ml,447,334,228,17,A15,S05,L075,4907539989355,dailychoice_baby_products_item_725,ACTIVE
P0726,SKU-P0726,Glow Cake 1kg - Var 726,Glow,Bakery,Sub Bakery,High quality Glow Cake 1kg - Var 726,pcs,1kg,1678,1225,490,6,A02,S05,L010,4492683158936,glow_cake_1kg_var_726,ACTIVE
P0727,SKU-P0727,DailyChoice Sauces Item 727,DailyChoice,Sauces,Sub Sauces,High quality DailyChoice Sauces Item 727,pcs,200g,407,225,285,17,A17,S01,L081,5712661106278,dailychoice_sauces_item_727,ACTIVE
P0728,SKU-P0728,NatureBites Cake 1kg - Var 728,NatureBites,Bakery,Sub Bakery,High quality NatureBites Cake 1kg - Var 728,pcs,1kg,1680,1248,35,11,A02,S05,L010,3715869886494,naturebites_cake_1kg_var_728,ACTIVE
P0729,SKU-P0729,PureLife Tomato 500g - Var 729,PureLife,Vegetables,Sub Vegetables,High quality PureLife Tomato 500g - Var 729,pcs,500g,286,199,246,10,A10,S04,L049,7677622827723,purelife_tomato_500g_var_729,ACTIVE
P0730,SKU-P0730,NatureBites Shampoo 200ml - Var 730,NatureBites,Personal Care,Sub Personal Care,High quality NatureBites Shampoo 200ml - Var 730,pcs,200ml,509,309,434,19,A14,S03,L068,8813770285193,naturebites_shampoo_200ml_var_730,ACTIVE
P0731,SKU-P0731,BrandC Soft Drink 1.5L - Var 731,BrandC,Beverages,Sub Beverages,High quality BrandC Soft Drink 1.5L - Var 731,pcs,1.5L,424,299,490,9,A03,S05,L015,6115940821548,brandc_soft_drink_1.5l_var_731,ACTIVE
P0732,SKU-P0732,Glow Household Item 732,Glow,Household,Sub Household,High quality Glow Household Item 732,pcs,200g,357,191,312,11,A13,S04,L064,5447022960441,glow_household_item_732,ACTIVE
P0733,SKU-P0733,PureLife Baby Products Item 733,PureLife,Baby Products,Sub Baby Products,High quality PureLife Baby Products Item 733,pcs,200g,548,467,56,8,A15,S01,L071,3270185106799,purelife_baby_products_item_733,ACTIVE
P0734,SKU-P0734,BrandB Baby Products Item 734,BrandB,Baby Products,Sub Baby Products,High quality BrandB Baby Products Item 734,pcs,500ml,652,472,323,10,A15,S03,L073,4975679228771,brandb_baby_products_item_734,ACTIVE
P0735,SKU-P0735,CleanPlus Household Item 735,CleanPlus,Household,Sub Household,High quality CleanPlus Household Item 735,pcs,100g,465,271,456,9,A13,S05,L065,7251996636589,cleanplus_household_item_735,ACTIVE
P0736,SKU-P0736,BrandC Pasta Item 736,BrandC,Pasta,Sub Pasta,High quality BrandC Pasta Item 736,pcs,500g,442,314,168,19,A06,S02,L027,0741209481817,brandc_pasta_item_736,ACTIVE
P0737,SKU-P0737,BrandC Carrot 500g - Var 737,BrandC,Vegetables,Sub Vegetables,High quality BrandC Carrot 500g - Var 737,pcs,500g,150,112,328,13,A10,S02,L047,3989098378017,brandc_carrot_500g_var_737,ACTIVE
P0738,SKU-P0738,DailyChoice Yogurt 80g - Var 738,DailyChoice,Dairy,Sub Dairy,High quality DailyChoice Yogurt 80g - Var 738,pcs,80g,70,84,321,20,A01,S04,L004,8204339718953,dailychoice_yogurt_80g_var_738,ACTIVE
P0739,SKU-P0739,HealthyO Frozen Food Item 739,HealthyO,Frozen Food,Sub Frozen Food,High quality HealthyO Frozen Food Item 739,pcs,500ml,486,332,236,7,A08,S02,L037,6907056260850,healthyo_frozen_food_item_739,ACTIVE
P0740,SKU-P0740,BrandA Stationery Item 740,BrandA,Stationery,Sub Stationery,High quality BrandA Stationery Item 740,pcs,100ml,609,417,429,11,A20,S05,L100,6411182422414,branda_stationery_item_740,ACTIVE
P0741,SKU-P0741,BrandA Buns 4pcs - Var 741,BrandA,Bakery,Sub Bakery,High quality BrandA Buns 4pcs - Var 741,pcs,4pcs,204,161,28,9,A02,S02,L007,2462095200464,branda_buns_4pcs_var_741,ACTIVE
P0742,SKU-P0742,Glow Croissant 2pcs - Var 742,Glow,Bakery,Sub Bakery,High quality Glow Croissant 2pcs - Var 742,pcs,2pcs,306,205,65,18,A02,S05,L010,1526546103399,glow_croissant_2pcs_var_742,ACTIVE
P0743,SKU-P0743,PureLife Pasta Item 743,PureLife,Pasta,Sub Pasta,High quality PureLife Pasta Item 743,pcs,500g,531,333,194,6,A06,S02,L027,9378861405786,purelife_pasta_item_743,ACTIVE
P0744,SKU-P0744,Glow Water 1L - Var 744,Glow,Beverages,Sub Beverages,High quality Glow Water 1L - Var 744,pcs,1L,88,84,398,18,A03,S03,L013,6170630489132,glow_water_1l_var_744,ACTIVE
P0745,SKU-P0745,PureLife Spices Item 745,PureLife,Spices,Sub Spices,High quality PureLife Spices Item 745,pcs,200g,282,162,178,18,A18,S01,L086,8249671832585,purelife_spices_item_745,ACTIVE
P0746,SKU-P0746,FreshFarms Sauces Item 746,FreshFarms,Sauces,Sub Sauces,High quality FreshFarms Sauces Item 746,pcs,500g,351,155,383,7,A17,S02,L082,2386870079420,freshfarms_sauces_item_746,ACTIVE
P0747,SKU-P0747,PureLife Breakfast Item 747,PureLife,Breakfast,Sub Breakfast,High quality PureLife Breakfast Item 747,pcs,200ml,416,232,304,16,A16,S05,L080,0074946539849,purelife_breakfast_item_747,ACTIVE
P0748,SKU-P0748,NatureBites Dhal 1kg - Var 748,NatureBites,Rice & Grains,Sub Rice & Grains,High quality NatureBites Dhal 1kg - Var 748,pcs,1kg,430,296,264,20,A05,S05,L025,0289141612840,naturebites_dhal_1kg_var_748,ACTIVE
P0749,SKU-P0749,FreshFarms Pasta Item 749,FreshFarms,Pasta,Sub Pasta,High quality FreshFarms Pasta Item 749,pcs,500ml,249,199,70,5,A06,S05,L030,6398554743554,freshfarms_pasta_item_749,ACTIVE
P0750,SKU-P0750,FreshFarms Baby Products Item 750,FreshFarms,Baby Products,Sub Baby Products,High quality FreshFarms Baby Products Item 750,pcs,500ml,372,311,180,16,A15,S01,L071,3795020970026,freshfarms_baby_products_item_750,ACTIVE
P0751,SKU-P0751,BrandA Spices Item 751,BrandA,Spices,Sub Spices,High quality BrandA Spices Item 751,pcs,500g,575,453,140,7,A18,S02,L087,6876811807152,branda_spices_item_751,ACTIVE
P0752,SKU-P0752,BrandA Onion 1kg - Var 752,BrandA,Vegetables,Sub Vegetables,High quality BrandA Onion 1kg - Var 752,pcs,1kg,387,207,180,15,A10,S03,L048,6956201753709,branda_onion_1kg_var_752,ACTIVE
P0753,SKU-P0753,HealthyO Household Item 753,HealthyO,Household,Sub Household,High quality HealthyO Household Item 753,pcs,100g,333,199,436,15,A13,S05,L065,3045319433757,healthyo_household_item_753,ACTIVE
P0754,SKU-P0754,BrandA Breakfast Item 754,BrandA,Breakfast,Sub Breakfast,High quality BrandA Breakfast Item 754,pcs,500g,435,346,331,19,A16,S04,L079,0479303614984,branda_breakfast_item_754,ACTIVE
P0755,SKU-P0755,DailyChoice Spices Item 755,DailyChoice,Spices,Sub Spices,High quality DailyChoice Spices Item 755,pcs,200g,492,366,299,15,A18,S03,L088,7283999219216,dailychoice_spices_item_755,ACTIVE
P0756,SKU-P0756,BrandA Spices Item 756,BrandA,Spices,Sub Spices,High quality BrandA Spices Item 756,pcs,100ml,347,281,86,13,A18,S05,L090,2493843089482,branda_spices_item_756,ACTIVE
P0757,SKU-P0757,NatureBites Yogurt 80g - Var 757,NatureBites,Dairy,Sub Dairy,High quality NatureBites Yogurt 80g - Var 757,pcs,80g,143,60,320,17,A01,S03,L003,7060566418773,naturebites_yogurt_80g_var_757,ACTIVE
P0758,SKU-P0758,BrandB Pasta Item 758,BrandB,Pasta,Sub Pasta,High quality BrandB Pasta Item 758,pcs,200ml,521,463,149,18,A06,S05,L030,5803046875060,brandb_pasta_item_758,ACTIVE
P0759,SKU-P0759,Glow Juice 1L - Var 759,Glow,Beverages,Sub Beverages,High quality Glow Juice 1L - Var 759,pcs,1L,538,428,120,14,A03,S04,L014,3519036133257,glow_juice_1l_var_759,ACTIVE
P0760,SKU-P0760,Glow Pasta Item 760,Glow,Pasta,Sub Pasta,High quality Glow Pasta Item 760,pcs,100g,310,147,269,5,A06,S01,L026,4110760954317,glow_pasta_item_760,ACTIVE
P0761,SKU-P0761,BrandC Breakfast Item 761,BrandC,Breakfast,Sub Breakfast,High quality BrandC Breakfast Item 761,pcs,100ml,531,347,168,15,A16,S05,L080,7350583199718,brandc_breakfast_item_761,ACTIVE
P0762,SKU-P0762,FreshFarms Red Rice 1kg - Var 762,FreshFarms,Rice & Grains,Sub Rice & Grains,High quality FreshFarms Red Rice 1kg - Var 762,pcs,1kg,224,196,245,17,A05,S01,L021,7911006512073,freshfarms_red_rice_1kg_var_762,ACTIVE
P0763,SKU-P0763,BrandA Sauces Item 763,BrandA,Sauces,Sub Sauces,High quality BrandA Sauces Item 763,pcs,200g,523,451,180,19,A17,S01,L081,0496110804667,branda_sauces_item_763,ACTIVE
P0764,SKU-P0764,BrandA Croissant 2pcs - Var 764,BrandA,Bakery,Sub Bakery,High quality BrandA Croissant 2pcs - Var 764,pcs,2pcs,397,236,169,11,A02,S01,L006,1963990767690,branda_croissant_2pcs_var_764,ACTIVE
P0765,SKU-P0765,FreshFarms Meat Item 765,FreshFarms,Meat,Sub Meat,High quality FreshFarms Meat Item 765,pcs,200ml,503,372,405,19,A11,S02,L052,9150785931103,freshfarms_meat_item_765,ACTIVE
P0766,SKU-P0766,BrandC Potato Chips 50g - Var 766,BrandC,Snacks,Sub Snacks,High quality BrandC Potato Chips 50g - Var 766,pcs,50g,214,167,17,8,A04,S03,L018,9193928456798,brandc_potato_chips_50g_var_766,ACTIVE
P0767,SKU-P0767,Glow Canned Food Item 767,Glow,Canned Food,Sub Canned Food,High quality Glow Canned Food Item 767,pcs,500ml,324,238,492,14,A07,S05,L035,7232002496854,glow_canned_food_item_767,ACTIVE
P0768,SKU-P0768,BrandB Dishwashing Liquid 500ml - Var 768,BrandB,Cleaning,Sub Cleaning,High quality BrandB Dishwashing Liquid 500ml - Var 768,pcs,500ml,358,219,466,15,A19,S02,L092,4982274954509,brandb_dishwashing_liquid_500ml_var_768,ACTIVE
P0769,SKU-P0769,BrandA Spices Item 769,BrandA,Spices,Sub Spices,High quality BrandA Spices Item 769,pcs,100g,403,341,64,17,A18,S04,L089,8920388065335,branda_spices_item_769,ACTIVE
P0770,SKU-P0770,CleanPlus Cake 1kg - Var 770,CleanPlus,Bakery,Sub Bakery,High quality CleanPlus Cake 1kg - Var 770,pcs,1kg,1690,1211,315,19,A02,S01,L006,3153779599590,cleanplus_cake_1kg_var_770,ACTIVE
P0771,SKU-P0771,PureLife Stationery Item 771,PureLife,Stationery,Sub Stationery,High quality PureLife Stationery Item 771,pcs,200g,651,465,50,19,A20,S03,L098,4652170730339,purelife_stationery_item_771,ACTIVE
P0772,SKU-P0772,DailyChoice Dishwashing Liquid 500ml - Var 772,DailyChoice,Cleaning,Sub Cleaning,High quality DailyChoice Dishwashing Liquid 500ml - Var 772,pcs,500ml,338,206,168,19,A19,S02,L092,7933756362050,dailychoice_dishwashing_liquid_500ml_var_772,ACTIVE
P0773,SKU-P0773,FreshFarms Breakfast Item 773,FreshFarms,Breakfast,Sub Breakfast,High quality FreshFarms Breakfast Item 773,pcs,100ml,436,286,103,15,A16,S02,L077,0150812473957,freshfarms_breakfast_item_773,ACTIVE
P0774,SKU-P0774,DailyChoice Meat Item 774,DailyChoice,Meat,Sub Meat,High quality DailyChoice Meat Item 774,pcs,100g,421,343,189,20,A11,S04,L054,0033423425839,dailychoice_meat_item_774,ACTIVE
P0775,SKU-P0775,PureLife Baby Products Item 775,PureLife,Baby Products,Sub Baby Products,High quality PureLife Baby Products Item 775,pcs,200g,436,360,217,8,A15,S02,L072,2302410261537,purelife_baby_products_item_775,ACTIVE
P0776,SKU-P0776,BrandB Meat Item 776,BrandB,Meat,Sub Meat,High quality BrandB Meat Item 776,pcs,200ml,460,305,132,12,A11,S05,L055,4735528961125,brandb_meat_item_776,ACTIVE
P0777,SKU-P0777,DailyChoice Spices Item 777,DailyChoice,Spices,Sub Spices,High quality DailyChoice Spices Item 777,pcs,200g,377,274,426,18,A18,S02,L087,2338655963097,dailychoice_spices_item_777,ACTIVE
P0778,SKU-P0778,NatureBites Toothpaste 120g - Var 778,NatureBites,Personal Care,Sub Personal Care,High quality NatureBites Toothpaste 120g - Var 778,pcs,120g,230,194,98,7,A14,S05,L070,9384253042897,naturebites_toothpaste_120g_var_778,ACTIVE
P0779,SKU-P0779,HealthyO Dishwashing Liquid 500ml - Var 779,HealthyO,Cleaning,Sub Cleaning,High quality HealthyO Dishwashing Liquid 500ml - Var 779,pcs,500ml,339,238,176,8,A19,S04,L094,7317912868578,healthyo_dishwashing_liquid_500ml_var_779,ACTIVE
P0780,SKU-P0780,PureLife Baby Products Item 780,PureLife,Baby Products,Sub Baby Products,High quality PureLife Baby Products Item 780,pcs,200g,483,406,360,17,A15,S02,L072,8725587774961,purelife_baby_products_item_780,ACTIVE
P0781,SKU-P0781,BrandA Meat Item 781,BrandA,Meat,Sub Meat,High quality BrandA Meat Item 781,pcs,100g,369,171,472,5,A11,S04,L054,9033373634665,branda_meat_item_781,ACTIVE
P0782,SKU-P0782,NatureBites Dhal 1kg - Var 782,NatureBites,Rice & Grains,Sub Rice & Grains,High quality NatureBites Dhal 1kg - Var 782,pcs,1kg,399,268,325,19,A05,S02,L022,9254812147854,naturebites_dhal_1kg_var_782,ACTIVE
P0783,SKU-P0783,Glow Canned Food Item 783,Glow,Canned Food,Sub Canned Food,High quality Glow Canned Food Item 783,pcs,200ml,460,322,55,5,A07,S02,L032,3907895677669,glow_canned_food_item_783,ACTIVE
P0784,SKU-P0784,CleanPlus Stationery Item 784,CleanPlus,Stationery,Sub Stationery,High quality CleanPlus Stationery Item 784,pcs,100ml,275,131,471,6,A20,S05,L100,5754602734157,cleanplus_stationery_item_784,ACTIVE
P0785,SKU-P0785,BrandB Cheese 250g - Var 785,BrandB,Dairy,Sub Dairy,High quality BrandB Cheese 250g - Var 785,pcs,250g,1003,818,130,18,A01,S05,L005,1488814311151,brandb_cheese_250g_var_785,ACTIVE
P0786,SKU-P0786,Glow Floor Cleaner 1L - Var 786,Glow,Cleaning,Sub Cleaning,High quality Glow Floor Cleaner 1L - Var 786,pcs,1L,498,345,217,17,A19,S04,L094,0835354443926,glow_floor_cleaner_1l_var_786,ACTIVE
P0787,SKU-P0787,BrandC Soap 100g - Var 787,BrandC,Personal Care,Sub Personal Care,High quality BrandC Soap 100g - Var 787,pcs,100g,137,110,106,17,A14,S05,L070,8404456690785,brandc_soap_100g_var_787,ACTIVE
P0788,SKU-P0788,BrandC Seafood Item 788,BrandC,Seafood,Sub Seafood,High quality BrandC Seafood Item 788,pcs,200g,220,168,46,5,A12,S04,L059,2633373898776,brandc_seafood_item_788,ACTIVE
P0789,SKU-P0789,BrandC Dhal 1kg - Var 789,BrandC,Rice & Grains,Sub Rice & Grains,High quality BrandC Dhal 1kg - Var 789,pcs,1kg,367,255,338,18,A05,S04,L024,5153663778054,brandc_dhal_1kg_var_789,ACTIVE
P0790,SKU-P0790,CleanPlus Baby Products Item 790,CleanPlus,Baby Products,Sub Baby Products,High quality CleanPlus Baby Products Item 790,pcs,500g,512,332,227,19,A15,S05,L075,2924075536661,cleanplus_baby_products_item_790,ACTIVE
P0791,SKU-P0791,FreshFarms Household Item 791,FreshFarms,Household,Sub Household,High quality FreshFarms Household Item 791,pcs,100ml,460,409,305,20,A13,S03,L063,8459090225992,freshfarms_household_item_791,ACTIVE
P0792,SKU-P0792,PureLife Frozen Food Item 792,PureLife,Frozen Food,Sub Frozen Food,High quality PureLife Frozen Food Item 792,pcs,200ml,176,117,300,20,A08,S05,L040,9966361863719,purelife_frozen_food_item_792,ACTIVE
P0793,SKU-P0793,HealthyO Seafood Item 793,HealthyO,Seafood,Sub Seafood,High quality HealthyO Seafood Item 793,pcs,200g,356,172,449,13,A12,S01,L056,5974121820975,healthyo_seafood_item_793,ACTIVE
P0794,SKU-P0794,BrandB Baby Products Item 794,BrandB,Baby Products,Sub Baby Products,High quality BrandB Baby Products Item 794,pcs,500g,395,225,332,7,A15,S05,L075,0231643348178,brandb_baby_products_item_794,ACTIVE
P0795,SKU-P0795,HealthyO Pet Food Item 795,HealthyO,Pet Food,Sub Pet Food,High quality HealthyO Pet Food Item 795,pcs,200g,461,275,408,5,A21,S05,L105,0580256621285,healthyo_pet_food_item_795,ACTIVE
P0796,SKU-P0796,NatureBites Breakfast Item 796,NatureBites,Breakfast,Sub Breakfast,High quality NatureBites Breakfast Item 796,pcs,200ml,455,315,418,14,A16,S04,L079,6716323467294,naturebites_breakfast_item_796,ACTIVE
P0797,SKU-P0797,HealthyO Carrot 500g - Var 797,HealthyO,Vegetables,Sub Vegetables,High quality HealthyO Carrot 500g - Var 797,pcs,500g,188,147,382,13,A10,S02,L047,9493874302713,healthyo_carrot_500g_var_797,ACTIVE
P0798,SKU-P0798,HealthyO Buns 4pcs - Var 798,HealthyO,Bakery,Sub Bakery,High quality HealthyO Buns 4pcs - Var 798,pcs,4pcs,244,123,159,5,A02,S04,L009,6938597779013,healthyo_buns_4pcs_var_798,ACTIVE
P0799,SKU-P0799,BrandC Carrot 500g - Var 799,BrandC,Vegetables,Sub Vegetables,High quality BrandC Carrot 500g - Var 799,pcs,500g,159,132,445,13,A10,S04,L049,4754692632969,brandc_carrot_500g_var_799,ACTIVE
P0800,SKU-P0800,PureLife Orange 1kg - Var 800,PureLife,Fruits,Sub Fruits,High quality PureLife Orange 1kg - Var 800,pcs,1kg,1001,716,389,8,A09,S02,L042,7629160324844,purelife_orange_1kg_var_800,ACTIVE
P0801,SKU-P0801,HealthyO Stationery Item 801,HealthyO,Stationery,Sub Stationery,High quality HealthyO Stationery Item 801,pcs,500g,601,437,199,10,A20,S02,L097,1376815118568,healthyo_stationery_item_801,ACTIVE
P0802,SKU-P0802,BrandC Grapes 500g - Var 802,BrandC,Fruits,Sub Fruits,High quality BrandC Grapes 500g - Var 802,pcs,500g,904,633,185,7,A09,S02,L042,7243807017656,brandc_grapes_500g_var_802,ACTIVE
P0803,SKU-P0803,DailyChoice Red Rice 1kg - Var 803,DailyChoice,Rice & Grains,Sub Rice & Grains,High quality DailyChoice Red Rice 1kg - Var 803,pcs,1kg,272,198,404,17,A05,S05,L025,6360041257776,dailychoice_red_rice_1kg_var_803,ACTIVE
P0804,SKU-P0804,BrandC Frozen Food Item 804,BrandC,Frozen Food,Sub Frozen Food,High quality BrandC Frozen Food Item 804,pcs,100ml,244,127,396,8,A08,S04,L039,1183727422092,brandc_frozen_food_item_804,ACTIVE
P0805,SKU-P0805,CleanPlus Cake 1kg - Var 805,CleanPlus,Bakery,Sub Bakery,High quality CleanPlus Cake 1kg - Var 805,pcs,1kg,1638,1230,253,12,A02,S02,L007,1241862104270,cleanplus_cake_1kg_var_805,ACTIVE
P0806,SKU-P0806,DailyChoice Household Item 806,DailyChoice,Household,Sub Household,High quality DailyChoice Household Item 806,pcs,200g,532,371,16,14,A13,S04,L064,5230837081643,dailychoice_household_item_806,ACTIVE
P0807,SKU-P0807,Glow Baby Products Item 807,Glow,Baby Products,Sub Baby Products,High quality Glow Baby Products Item 807,pcs,500g,335,149,336,16,A15,S04,L074,7090063353314,glow_baby_products_item_807,ACTIVE
P0808,SKU-P0808,Glow Toothpaste 120g - Var 808,Glow,Personal Care,Sub Personal Care,High quality Glow Toothpaste 120g - Var 808,pcs,120g,234,167,420,8,A14,S05,L070,0600531312209,glow_toothpaste_120g_var_808,ACTIVE
P0809,SKU-P0809,DailyChoice Grapes 500g - Var 809,DailyChoice,Fruits,Sub Fruits,High quality DailyChoice Grapes 500g - Var 809,pcs,500g,986,649,393,12,A09,S05,L045,6815583938664,dailychoice_grapes_500g_var_809,ACTIVE
P0810,SKU-P0810,Glow Floor Cleaner 1L - Var 810,Glow,Cleaning,Sub Cleaning,High quality Glow Floor Cleaner 1L - Var 810,pcs,1L,538,343,102,15,A19,S02,L092,1331552065063,glow_floor_cleaner_1l_var_810,ACTIVE
P0811,SKU-P0811,BrandA Spices Item 811,BrandA,Spices,Sub Spices,High quality BrandA Spices Item 811,pcs,100g,385,310,278,8,A18,S01,L086,3731495013646,branda_spices_item_811,ACTIVE
P0812,SKU-P0812,FreshFarms Baby Products Item 812,FreshFarms,Baby Products,Sub Baby Products,High quality FreshFarms Baby Products Item 812,pcs,500ml,327,228,27,5,A15,S03,L073,9718924195627,freshfarms_baby_products_item_812,ACTIVE
P0813,SKU-P0813,BrandA Stationery Item 813,BrandA,Stationery,Sub Stationery,High quality BrandA Stationery Item 813,pcs,500g,487,406,372,8,A20,S01,L096,5257150997680,branda_stationery_item_813,ACTIVE
P0814,SKU-P0814,CleanPlus Juice 1L - Var 814,CleanPlus,Beverages,Sub Beverages,High quality CleanPlus Juice 1L - Var 814,pcs,1L,597,442,470,10,A03,S05,L015,3890309143631,cleanplus_juice_1l_var_814,ACTIVE
P0815,SKU-P0815,PureLife Chocolate 100g - Var 815,PureLife,Snacks,Sub Snacks,High quality PureLife Chocolate 100g - Var 815,pcs,100g,434,279,489,7,A04,S02,L017,9102574326300,purelife_chocolate_100g_var_815,ACTIVE
P0816,SKU-P0816,PureLife Pet Food Item 816,PureLife,Pet Food,Sub Pet Food,High quality PureLife Pet Food Item 816,pcs,200ml,322,231,409,7,A21,S04,L104,3975245086409,purelife_pet_food_item_816,ACTIVE
P0817,SKU-P0817,CleanPlus Grapes 500g - Var 817,CleanPlus,Fruits,Sub Fruits,High quality CleanPlus Grapes 500g - Var 817,pcs,500g,907,621,142,13,A09,S01,L041,3553380339682,cleanplus_grapes_500g_var_817,ACTIVE
P0818,SKU-P0818,BrandB Pasta Item 818,BrandB,Pasta,Sub Pasta,High quality BrandB Pasta Item 818,pcs,200g,562,412,101,20,A06,S04,L029,5270171302325,brandb_pasta_item_818,ACTIVE
P0819,SKU-P0819,FreshFarms Nuts 100g - Var 819,FreshFarms,Snacks,Sub Snacks,High quality FreshFarms Nuts 100g - Var 819,pcs,100g,682,439,64,19,A04,S02,L017,1298338167420,freshfarms_nuts_100g_var_819,ACTIVE
P0820,SKU-P0820,BrandB Apple 1kg - Var 820,BrandB,Fruits,Sub Fruits,High quality BrandB Apple 1kg - Var 820,pcs,1kg,1273,804,382,13,A09,S01,L041,3362934497347,brandb_apple_1kg_var_820,ACTIVE
P0821,SKU-P0821,DailyChoice Baby Products Item 821,DailyChoice,Baby Products,Sub Baby Products,High quality DailyChoice Baby Products Item 821,pcs,100g,268,119,146,9,A15,S01,L071,7156627768960,dailychoice_baby_products_item_821,ACTIVE
P0822,SKU-P0822,HealthyO Meat Item 822,HealthyO,Meat,Sub Meat,High quality HealthyO Meat Item 822,pcs,100ml,505,344,216,7,A11,S04,L054,2706614982821,healthyo_meat_item_822,ACTIVE
P0823,SKU-P0823,BrandA Spices Item 823,BrandA,Spices,Sub Spices,High quality BrandA Spices Item 823,pcs,200ml,357,162,284,16,A18,S02,L087,4674746897154,branda_spices_item_823,ACTIVE
P0824,SKU-P0824,CleanPlus Meat Item 824,CleanPlus,Meat,Sub Meat,High quality CleanPlus Meat Item 824,pcs,100g,473,287,446,15,A11,S03,L053,2732300857661,cleanplus_meat_item_824,ACTIVE
P0825,SKU-P0825,FreshFarms Water 1L - Var 825,FreshFarms,Beverages,Sub Beverages,High quality FreshFarms Water 1L - Var 825,pcs,1L,150,71,30,17,A03,S04,L014,6567491601696,freshfarms_water_1l_var_825,ACTIVE
P0826,SKU-P0826,CleanPlus Canned Food Item 826,CleanPlus,Canned Food,Sub Canned Food,High quality CleanPlus Canned Food Item 826,pcs,100ml,420,349,463,19,A07,S03,L033,2364587506637,cleanplus_canned_food_item_826,ACTIVE
P0827,SKU-P0827,BrandA Canned Food Item 827,BrandA,Canned Food,Sub Canned Food,High quality BrandA Canned Food Item 827,pcs,100g,579,468,260,17,A07,S02,L032,3705024972438,branda_canned_food_item_827,ACTIVE
P0828,SKU-P0828,DailyChoice Water 1L - Var 828,DailyChoice,Beverages,Sub Beverages,High quality DailyChoice Water 1L - Var 828,pcs,1L,137,94,18,6,A03,S05,L015,9920116691835,dailychoice_water_1l_var_828,ACTIVE
P0829,SKU-P0829,Glow Meat Item 829,Glow,Meat,Sub Meat,High quality Glow Meat Item 829,pcs,500g,387,307,118,19,A11,S01,L051,6264488694616,glow_meat_item_829,ACTIVE
P0830,SKU-P0830,HealthyO Spices Item 830,HealthyO,Spices,Sub Spices,High quality HealthyO Spices Item 830,pcs,100g,204,118,260,5,A18,S02,L087,1952436402707,healthyo_spices_item_830,ACTIVE
P0831,SKU-P0831,BrandA Breakfast Item 831,BrandA,Breakfast,Sub Breakfast,High quality BrandA Breakfast Item 831,pcs,100g,201,107,333,6,A16,S05,L080,1168646225221,branda_breakfast_item_831,ACTIVE
P0832,SKU-P0832,HealthyO Tomato 500g - Var 832,HealthyO,Vegetables,Sub Vegetables,High quality HealthyO Tomato 500g - Var 832,pcs,500g,325,160,42,8,A10,S01,L046,3728179323023,healthyo_tomato_500g_var_832,ACTIVE
P0833,SKU-P0833,BrandB Potato Chips 50g - Var 833,BrandB,Snacks,Sub Snacks,High quality BrandB Potato Chips 50g - Var 833,pcs,50g,254,162,182,17,A04,S04,L019,3467912141615,brandb_potato_chips_50g_var_833,ACTIVE
P0834,SKU-P0834,HealthyO Meat Item 834,HealthyO,Meat,Sub Meat,High quality HealthyO Meat Item 834,pcs,500g,368,264,401,6,A11,S01,L051,4150937710049,healthyo_meat_item_834,ACTIVE
P0835,SKU-P0835,BrandB Laundry Detergent 1kg - Var 835,BrandB,Cleaning,Sub Cleaning,High quality BrandB Laundry Detergent 1kg - Var 835,pcs,1kg,635,407,82,18,A19,S02,L092,0901380698477,brandb_laundry_detergent_1kg_var_835,ACTIVE
P0836,SKU-P0836,NatureBites Pasta Item 836,NatureBites,Pasta,Sub Pasta,High quality NatureBites Pasta Item 836,pcs,100ml,422,224,30,9,A06,S03,L028,7596555535669,naturebites_pasta_item_836,ACTIVE
P0837,SKU-P0837,BrandC Nuts 100g - Var 837,BrandC,Snacks,Sub Snacks,High quality BrandC Nuts 100g - Var 837,pcs,100g,662,401,51,5,A04,S05,L020,9055107620911,brandc_nuts_100g_var_837,ACTIVE
P0838,SKU-P0838,HealthyO Milk 1L - Var 838,HealthyO,Dairy,Sub Dairy,High quality HealthyO Milk 1L - Var 838,pcs,1L,503,368,365,20,A01,S02,L002,8435797863057,healthyo_milk_1l_var_838,ACTIVE
P0839,SKU-P0839,PureLife Red Rice 1kg - Var 839,PureLife,Rice & Grains,Sub Rice & Grains,High quality PureLife Red Rice 1kg - Var 839,pcs,1kg,277,183,220,12,A05,S02,L022,0505739769155,purelife_red_rice_1kg_var_839,ACTIVE
P0840,SKU-P0840,BrandA Pasta Item 840,BrandA,Pasta,Sub Pasta,High quality BrandA Pasta Item 840,pcs,500g,644,467,323,7,A06,S05,L030,6716493289801,branda_pasta_item_840,ACTIVE
P0841,SKU-P0841,Glow Pet Food Item 841,Glow,Pet Food,Sub Pet Food,High quality Glow Pet Food Item 841,pcs,200g,495,385,108,8,A21,S03,L103,2714872717833,glow_pet_food_item_841,ACTIVE
P0842,SKU-P0842,HealthyO Sauces Item 842,HealthyO,Sauces,Sub Sauces,High quality HealthyO Sauces Item 842,pcs,200g,440,337,151,6,A17,S01,L081,3321160256432,healthyo_sauces_item_842,ACTIVE
P0843,SKU-P0843,BrandC Canned Food Item 843,BrandC,Canned Food,Sub Canned Food,High quality BrandC Canned Food Item 843,pcs,500ml,449,354,91,6,A07,S01,L031,4712871539911,brandc_canned_food_item_843,ACTIVE
P0844,SKU-P0844,FreshFarms Croissant 2pcs - Var 844,FreshFarms,Bakery,Sub Bakery,High quality FreshFarms Croissant 2pcs - Var 844,pcs,2pcs,332,227,181,19,A02,S03,L008,5668633414110,freshfarms_croissant_2pcs_var_844,ACTIVE
P0845,SKU-P0845,NatureBites Bread 500g - Var 845,NatureBites,Bakery,Sub Bakery,High quality NatureBites Bread 500g - Var 845,pcs,500g,220,161,412,5,A02,S01,L006,1593195256905,naturebites_bread_500g_var_845,ACTIVE
P0846,SKU-P0846,BrandB Breakfast Item 846,BrandB,Breakfast,Sub Breakfast,High quality BrandB Breakfast Item 846,pcs,100g,632,469,313,15,A16,S05,L080,4098366552895,brandb_breakfast_item_846,ACTIVE
P0847,SKU-P0847,FreshFarms Toothpaste 120g - Var 847,FreshFarms,Personal Care,Sub Personal Care,High quality FreshFarms Toothpaste 120g - Var 847,pcs,120g,214,199,176,12,A14,S02,L067,9316087524379,freshfarms_toothpaste_120g_var_847,ACTIVE
P0848,SKU-P0848,FreshFarms Nuts 100g - Var 848,FreshFarms,Snacks,Sub Snacks,High quality FreshFarms Nuts 100g - Var 848,pcs,100g,628,424,47,20,A04,S02,L017,7294209548149,freshfarms_nuts_100g_var_848,ACTIVE
P0849,SKU-P0849,CleanPlus Dishwashing Liquid 500ml - Var 849,CleanPlus,Cleaning,Sub Cleaning,High quality CleanPlus Dishwashing Liquid 500ml - Var 849,pcs,500ml,307,209,485,19,A19,S04,L094,9737460523305,cleanplus_dishwashing_liquid_500ml_var_849,ACTIVE
P0850,SKU-P0850,Glow Pasta Item 850,Glow,Pasta,Sub Pasta,High quality Glow Pasta Item 850,pcs,100ml,567,468,333,16,A06,S04,L029,2764208656756,glow_pasta_item_850,ACTIVE
P0851,SKU-P0851,BrandC Orange 1kg - Var 851,BrandC,Fruits,Sub Fruits,High quality BrandC Orange 1kg - Var 851,pcs,1kg,1088,702,301,6,A09,S02,L042,6618443861252,brandc_orange_1kg_var_851,ACTIVE
P0852,SKU-P0852,DailyChoice Apple 1kg - Var 852,DailyChoice,Fruits,Sub Fruits,High quality DailyChoice Apple 1kg - Var 852,pcs,1kg,1253,829,97,15,A09,S02,L042,9047292774234,dailychoice_apple_1kg_var_852,ACTIVE
P0853,SKU-P0853,HealthyO Frozen Food Item 853,HealthyO,Frozen Food,Sub Frozen Food,High quality HealthyO Frozen Food Item 853,pcs,100g,586,395,447,12,A08,S03,L038,3305912662016,healthyo_frozen_food_item_853,ACTIVE
P0854,SKU-P0854,FreshFarms Energy Drink 250ml - Var 854,FreshFarms,Beverages,Sub Beverages,High quality FreshFarms Energy Drink 250ml - Var 854,pcs,250ml,460,337,438,19,A03,S04,L014,5720185962638,freshfarms_energy_drink_250ml_var_854,ACTIVE
P0855,SKU-P0855,FreshFarms Grapes 500g - Var 855,FreshFarms,Fruits,Sub Fruits,High quality FreshFarms Grapes 500g - Var 855,pcs,500g,941,615,232,12,A09,S01,L041,0136749261768,freshfarms_grapes_500g_var_855,ACTIVE
P0856,SKU-P0856,BrandA Floor Cleaner 1L - Var 856,BrandA,Cleaning,Sub Cleaning,High quality BrandA Floor Cleaner 1L - Var 856,pcs,1L,455,326,30,20,A19,S02,L092,4750111178308,branda_floor_cleaner_1l_var_856,ACTIVE
P0857,SKU-P0857,CleanPlus Sauces Item 857,CleanPlus,Sauces,Sub Sauces,High quality CleanPlus Sauces Item 857,pcs,500ml,420,345,241,20,A17,S01,L081,9997419267647,cleanplus_sauces_item_857,ACTIVE
P0858,SKU-P0858,NatureBites Frozen Food Item 858,NatureBites,Frozen Food,Sub Frozen Food,High quality NatureBites Frozen Food Item 858,pcs,100ml,294,211,193,14,A08,S01,L036,9215182606884,naturebites_frozen_food_item_858,ACTIVE
P0859,SKU-P0859,BrandA Frozen Food Item 859,BrandA,Frozen Food,Sub Frozen Food,High quality BrandA Frozen Food Item 859,pcs,200ml,349,182,449,5,A08,S01,L036,8718981312921,branda_frozen_food_item_859,ACTIVE
P0860,SKU-P0860,BrandC Baby Products Item 860,BrandC,Baby Products,Sub Baby Products,High quality BrandC Baby Products Item 860,pcs,500ml,338,194,330,19,A15,S04,L074,0875102932180,brandc_baby_products_item_860,ACTIVE
P0861,SKU-P0861,BrandB Pet Food Item 861,BrandB,Pet Food,Sub Pet Food,High quality BrandB Pet Food Item 861,pcs,200ml,429,371,161,18,A21,S01,L101,4011845826034,brandb_pet_food_item_861,ACTIVE
P0862,SKU-P0862,BrandB Banana 1kg - Var 862,BrandB,Fruits,Sub Fruits,High quality BrandB Banana 1kg - Var 862,pcs,1kg,242,189,386,6,A09,S05,L045,4084872975853,brandb_banana_1kg_var_862,ACTIVE
P0863,SKU-P0863,BrandA Sauces Item 863,BrandA,Sauces,Sub Sauces,High quality BrandA Sauces Item 863,pcs,100ml,456,287,326,6,A17,S03,L083,9883103032434,branda_sauces_item_863,ACTIVE
P0864,SKU-P0864,BrandC Seafood Item 864,BrandC,Seafood,Sub Seafood,High quality BrandC Seafood Item 864,pcs,500g,489,387,80,15,A12,S03,L058,2983954296188,brandc_seafood_item_864,ACTIVE
P0865,SKU-P0865,BrandB Frozen Food Item 865,BrandB,Frozen Food,Sub Frozen Food,High quality BrandB Frozen Food Item 865,pcs,500ml,675,477,456,11,A08,S05,L040,4462671462833,brandb_frozen_food_item_865,ACTIVE
P0866,SKU-P0866,Glow Frozen Food Item 866,Glow,Frozen Food,Sub Frozen Food,High quality Glow Frozen Food Item 866,pcs,200ml,304,241,42,16,A08,S03,L038,1435989262566,glow_frozen_food_item_866,ACTIVE
P0867,SKU-P0867,DailyChoice Seafood Item 867,DailyChoice,Seafood,Sub Seafood,High quality DailyChoice Seafood Item 867,pcs,500g,526,340,357,14,A12,S04,L059,6093141818614,dailychoice_seafood_item_867,ACTIVE
P0868,SKU-P0868,Glow Baby Products Item 868,Glow,Baby Products,Sub Baby Products,High quality Glow Baby Products Item 868,pcs,500g,363,196,54,7,A15,S05,L075,5155423401639,glow_baby_products_item_868,ACTIVE
P0869,SKU-P0869,PureLife Household Item 869,PureLife,Household,Sub Household,High quality PureLife Household Item 869,pcs,100g,304,184,67,9,A13,S02,L062,6112849718597,purelife_household_item_869,ACTIVE
P0870,SKU-P0870,FreshFarms Breakfast Item 870,FreshFarms,Breakfast,Sub Breakfast,High quality FreshFarms Breakfast Item 870,pcs,500g,406,250,359,9,A16,S02,L077,4849102562582,freshfarms_breakfast_item_870,ACTIVE
P0871,SKU-P0871,CleanPlus Breakfast Item 871,CleanPlus,Breakfast,Sub Breakfast,High quality CleanPlus Breakfast Item 871,pcs,200g,347,249,42,5,A16,S03,L078,8967924082227,cleanplus_breakfast_item_871,ACTIVE
P0872,SKU-P0872,Glow Frozen Food Item 872,Glow,Frozen Food,Sub Frozen Food,High quality Glow Frozen Food Item 872,pcs,200ml,568,435,258,19,A08,S05,L040,6940539672757,glow_frozen_food_item_872,ACTIVE
P0873,SKU-P0873,HealthyO Baby Products Item 873,HealthyO,Baby Products,Sub Baby Products,High quality HealthyO Baby Products Item 873,pcs,100ml,303,187,126,20,A15,S03,L073,7844683414654,healthyo_baby_products_item_873,ACTIVE
P0874,SKU-P0874,BrandA Seafood Item 874,BrandA,Seafood,Sub Seafood,High quality BrandA Seafood Item 874,pcs,100ml,411,245,499,10,A12,S03,L058,1113129014878,branda_seafood_item_874,ACTIVE
P0875,SKU-P0875,NatureBites Stationery Item 875,NatureBites,Stationery,Sub Stationery,High quality NatureBites Stationery Item 875,pcs,200g,278,189,92,12,A20,S02,L097,0682778816092,naturebites_stationery_item_875,ACTIVE
P0876,SKU-P0876,HealthyO Chocolate 100g - Var 876,HealthyO,Snacks,Sub Snacks,High quality HealthyO Chocolate 100g - Var 876,pcs,100g,406,258,143,16,A04,S01,L016,3068538909728,healthyo_chocolate_100g_var_876,ACTIVE
P0877,SKU-P0877,NatureBites Pasta Item 877,NatureBites,Pasta,Sub Pasta,High quality NatureBites Pasta Item 877,pcs,500g,571,440,186,9,A06,S02,L027,8321528506761,naturebites_pasta_item_877,ACTIVE
P0878,SKU-P0878,NatureBites Seafood Item 878,NatureBites,Seafood,Sub Seafood,High quality NatureBites Seafood Item 878,pcs,100ml,218,162,217,20,A12,S04,L059,2515381447446,naturebites_seafood_item_878,ACTIVE
P0879,SKU-P0879,BrandC White Rice 1kg - Var 879,BrandC,Rice & Grains,Sub Rice & Grains,High quality BrandC White Rice 1kg - Var 879,pcs,1kg,294,140,289,15,A05,S04,L024,3096348079706,brandc_white_rice_1kg_var_879,ACTIVE
P0880,SKU-P0880,DailyChoice Pet Food Item 880,DailyChoice,Pet Food,Sub Pet Food,High quality DailyChoice Pet Food Item 880,pcs,200g,552,389,183,8,A21,S03,L103,5097545105265,dailychoice_pet_food_item_880,ACTIVE
P0881,SKU-P0881,BrandC Breakfast Item 881,BrandC,Breakfast,Sub Breakfast,High quality BrandC Breakfast Item 881,pcs,500g,313,257,215,12,A16,S01,L076,5016731882612,brandc_breakfast_item_881,ACTIVE
P0882,SKU-P0882,BrandB Baby Products Item 882,BrandB,Baby Products,Sub Baby Products,High quality BrandB Baby Products Item 882,pcs,200g,510,411,308,12,A15,S03,L073,7024376545623,brandb_baby_products_item_882,ACTIVE
P0883,SKU-P0883,BrandB Apple 1kg - Var 883,BrandB,Fruits,Sub Fruits,High quality BrandB Apple 1kg - Var 883,pcs,1kg,1257,834,356,7,A09,S02,L042,8417722560538,brandb_apple_1kg_var_883,ACTIVE
P0884,SKU-P0884,FreshFarms Sauces Item 884,FreshFarms,Sauces,Sub Sauces,High quality FreshFarms Sauces Item 884,pcs,200ml,588,408,493,6,A17,S04,L084,1340266502375,freshfarms_sauces_item_884,ACTIVE
P0885,SKU-P0885,BrandC Seafood Item 885,BrandC,Seafood,Sub Seafood,High quality BrandC Seafood Item 885,pcs,500ml,437,289,200,5,A12,S04,L059,4167872568628,brandc_seafood_item_885,ACTIVE
P0886,SKU-P0886,PureLife Onion 1kg - Var 886,PureLife,Vegetables,Sub Vegetables,High quality PureLife Onion 1kg - Var 886,pcs,1kg,371,228,54,11,A10,S03,L048,1102258030569,purelife_onion_1kg_var_886,ACTIVE
P0887,SKU-P0887,DailyChoice Baby Products Item 887,DailyChoice,Baby Products,Sub Baby Products,High quality DailyChoice Baby Products Item 887,pcs,200g,630,472,383,18,A15,S04,L074,9067447163928,dailychoice_baby_products_item_887,ACTIVE
P0888,SKU-P0888,BrandC Basmati Rice 1kg - Var 888,BrandC,Rice & Grains,Sub Rice & Grains,High quality BrandC Basmati Rice 1kg - Var 888,pcs,1kg,838,613,253,15,A05,S05,L025,8234143637188,brandc_basmati_rice_1kg_var_888,ACTIVE
P0889,SKU-P0889,BrandB Energy Drink 250ml - Var 889,BrandB,Beverages,Sub Beverages,High quality BrandB Energy Drink 250ml - Var 889,pcs,250ml,452,300,337,13,A03,S05,L015,9239231260438,brandb_energy_drink_250ml_var_889,ACTIVE
P0890,SKU-P0890,HealthyO Deodorant 150ml - Var 890,HealthyO,Personal Care,Sub Personal Care,High quality HealthyO Deodorant 150ml - Var 890,pcs,150ml,717,548,112,10,A14,S02,L067,2609310668436,healthyo_deodorant_150ml_var_890,ACTIVE
P0891,SKU-P0891,NatureBites Household Item 891,NatureBites,Household,Sub Household,High quality NatureBites Household Item 891,pcs,200g,453,254,165,20,A13,S03,L063,3567086041459,naturebites_household_item_891,ACTIVE
P0892,SKU-P0892,FreshFarms Spices Item 892,FreshFarms,Spices,Sub Spices,High quality FreshFarms Spices Item 892,pcs,100g,295,178,163,20,A18,S04,L089,4563502000535,freshfarms_spices_item_892,ACTIVE
P0893,SKU-P0893,BrandC Nuts 100g - Var 893,BrandC,Snacks,Sub Snacks,High quality BrandC Nuts 100g - Var 893,pcs,100g,688,431,340,12,A04,S03,L018,4749162475542,brandc_nuts_100g_var_893,ACTIVE
P0894,SKU-P0894,DailyChoice Cheese 250g - Var 894,DailyChoice,Dairy,Sub Dairy,High quality DailyChoice Cheese 250g - Var 894,pcs,250g,1076,804,391,16,A01,S01,L001,1108255598958,dailychoice_cheese_250g_var_894,ACTIVE
P0895,SKU-P0895,CleanPlus Floor Cleaner 1L - Var 895,CleanPlus,Cleaning,Sub Cleaning,High quality CleanPlus Floor Cleaner 1L - Var 895,pcs,1L,530,316,361,20,A19,S04,L094,3439611291090,cleanplus_floor_cleaner_1l_var_895,ACTIVE
P0896,SKU-P0896,PureLife Biscuits 200g - Var 896,PureLife,Snacks,Sub Snacks,High quality PureLife Biscuits 200g - Var 896,pcs,200g,224,110,39,9,A04,S03,L018,3371189547387,purelife_biscuits_200g_var_896,ACTIVE
P0897,SKU-P0897,BrandC Meat Item 897,BrandC,Meat,Sub Meat,High quality BrandC Meat Item 897,pcs,200g,246,127,194,18,A11,S04,L054,2023684855719,brandc_meat_item_897,ACTIVE
P0898,SKU-P0898,BrandA Pet Food Item 898,BrandA,Pet Food,Sub Pet Food,High quality BrandA Pet Food Item 898,pcs,200ml,440,371,273,11,A21,S03,L103,6176880294243,branda_pet_food_item_898,ACTIVE
P0899,SKU-P0899,BrandB Pet Food Item 899,BrandB,Pet Food,Sub Pet Food,High quality BrandB Pet Food Item 899,pcs,500g,510,378,456,15,A21,S02,L102,0903678812787,brandb_pet_food_item_899,ACTIVE
P0900,SKU-P0900,BrandB Onion 1kg - Var 900,BrandB,Vegetables,Sub Vegetables,High quality BrandB Onion 1kg - Var 900,pcs,1kg,374,234,190,9,A10,S03,L048,6866943202932,brandb_onion_1kg_var_900,ACTIVE
P0901,SKU-P0901,Glow Cheese 250g - Var 901,Glow,Dairy,Sub Dairy,High quality Glow Cheese 250g - Var 901,pcs,250g,1062,849,220,15,A01,S02,L002,9087884434481,glow_cheese_250g_var_901,ACTIVE
P0902,SKU-P0902,FreshFarms Pasta Item 902,FreshFarms,Pasta,Sub Pasta,High quality FreshFarms Pasta Item 902,pcs,100g,389,196,324,8,A06,S01,L026,1230834024241,freshfarms_pasta_item_902,ACTIVE
P0903,SKU-P0903,BrandB Shampoo 200ml - Var 903,BrandB,Personal Care,Sub Personal Care,High quality BrandB Shampoo 200ml - Var 903,pcs,200ml,452,308,255,16,A14,S04,L069,0338105955186,brandb_shampoo_200ml_var_903,ACTIVE
P0904,SKU-P0904,DailyChoice Potato 1kg - Var 904,DailyChoice,Vegetables,Sub Vegetables,High quality DailyChoice Potato 1kg - Var 904,pcs,1kg,266,188,400,15,A10,S03,L048,4269450053424,dailychoice_potato_1kg_var_904,ACTIVE
P0905,SKU-P0905,BrandA Pasta Item 905,BrandA,Pasta,Sub Pasta,High quality BrandA Pasta Item 905,pcs,500g,295,213,448,9,A06,S03,L028,4089164983738,branda_pasta_item_905,ACTIVE
P0906,SKU-P0906,BrandC Frozen Food Item 906,BrandC,Frozen Food,Sub Frozen Food,High quality BrandC Frozen Food Item 906,pcs,100g,298,140,363,8,A08,S03,L038,5439627365271,brandc_frozen_food_item_906,ACTIVE
P0907,SKU-P0907,CleanPlus Energy Drink 250ml - Var 907,CleanPlus,Beverages,Sub Beverages,High quality CleanPlus Energy Drink 250ml - Var 907,pcs,250ml,425,302,65,6,A03,S01,L011,1727223972400,cleanplus_energy_drink_250ml_var_907,ACTIVE
P0908,SKU-P0908,BrandA Sauces Item 908,BrandA,Sauces,Sub Sauces,High quality BrandA Sauces Item 908,pcs,200g,290,229,43,14,A17,S05,L085,4226931216372,branda_sauces_item_908,ACTIVE
P0909,SKU-P0909,HealthyO Milk 1L - Var 909,HealthyO,Dairy,Sub Dairy,High quality HealthyO Milk 1L - Var 909,pcs,1L,525,363,471,11,A01,S01,L001,6182091660104,healthyo_milk_1l_var_909,ACTIVE
P0910,SKU-P0910,BrandA Pasta Item 910,BrandA,Pasta,Sub Pasta,High quality BrandA Pasta Item 910,pcs,100g,603,482,495,16,A06,S03,L028,0231429001853,branda_pasta_item_910,ACTIVE
P0911,SKU-P0911,NatureBites Seafood Item 911,NatureBites,Seafood,Sub Seafood,High quality NatureBites Seafood Item 911,pcs,500g,553,358,44,8,A12,S02,L057,1327972457236,naturebites_seafood_item_911,ACTIVE
P0912,SKU-P0912,FreshFarms Floor Cleaner 1L - Var 912,FreshFarms,Cleaning,Sub Cleaning,High quality FreshFarms Floor Cleaner 1L - Var 912,pcs,1L,474,345,154,10,A19,S01,L091,0848100184189,freshfarms_floor_cleaner_1l_var_912,ACTIVE
P0913,SKU-P0913,BrandB Spices Item 913,BrandB,Spices,Sub Spices,High quality BrandB Spices Item 913,pcs,100ml,487,287,104,19,A18,S01,L086,6203036625436,brandb_spices_item_913,ACTIVE
P0914,SKU-P0914,CleanPlus Chocolate 100g - Var 914,CleanPlus,Snacks,Sub Snacks,High quality CleanPlus Chocolate 100g - Var 914,pcs,100g,377,277,273,12,A04,S02,L017,6172131451953,cleanplus_chocolate_100g_var_914,ACTIVE
P0915,SKU-P0915,BrandB Toothpaste 120g - Var 915,BrandB,Personal Care,Sub Personal Care,High quality BrandB Toothpaste 120g - Var 915,pcs,120g,214,179,276,9,A14,S01,L066,1510922685920,brandb_toothpaste_120g_var_915,ACTIVE
P0916,SKU-P0916,PureLife Breakfast Item 916,PureLife,Breakfast,Sub Breakfast,High quality PureLife Breakfast Item 916,pcs,500g,275,142,262,8,A16,S03,L078,6249451475416,purelife_breakfast_item_916,ACTIVE
P0917,SKU-P0917,DailyChoice Household Item 917,DailyChoice,Household,Sub Household,High quality DailyChoice Household Item 917,pcs,500ml,614,451,125,18,A13,S03,L063,0225267711968,dailychoice_household_item_917,ACTIVE
P0918,SKU-P0918,BrandB Potato 1kg - Var 918,BrandB,Vegetables,Sub Vegetables,High quality BrandB Potato 1kg - Var 918,pcs,1kg,286,180,198,10,A10,S04,L049,4215226557672,brandb_potato_1kg_var_918,ACTIVE
P0919,SKU-P0919,CleanPlus Milk 1L - Var 919,CleanPlus,Dairy,Sub Dairy,High quality CleanPlus Milk 1L - Var 919,pcs,1L,516,378,347,7,A01,S04,L004,6952366878875,cleanplus_milk_1l_var_919,ACTIVE
P0920,SKU-P0920,CleanPlus Nuts 100g - Var 920,CleanPlus,Snacks,Sub Snacks,High quality CleanPlus Nuts 100g - Var 920,pcs,100g,675,444,62,10,A04,S02,L017,8836196893131,cleanplus_nuts_100g_var_920,ACTIVE
P0921,SKU-P0921,Glow Juice 1L - Var 921,Glow,Beverages,Sub Beverages,High quality Glow Juice 1L - Var 921,pcs,1L,576,412,442,17,A03,S03,L013,5030587210559,glow_juice_1l_var_921,ACTIVE
P0922,SKU-P0922,DailyChoice Nuts 100g - Var 922,DailyChoice,Snacks,Sub Snacks,High quality DailyChoice Nuts 100g - Var 922,pcs,100g,697,417,375,13,A04,S02,L017,2472863330217,dailychoice_nuts_100g_var_922,ACTIVE
P0923,SKU-P0923,Glow Pet Food Item 923,Glow,Pet Food,Sub Pet Food,High quality Glow Pet Food Item 923,pcs,200ml,528,348,152,9,A21,S04,L104,2606501917922,glow_pet_food_item_923,ACTIVE
P0924,SKU-P0924,BrandB Baby Products Item 924,BrandB,Baby Products,Sub Baby Products,High quality BrandB Baby Products Item 924,pcs,200ml,463,354,331,9,A15,S01,L071,0252131096227,brandb_baby_products_item_924,ACTIVE
P0925,SKU-P0925,BrandB Milk 1L - Var 925,BrandB,Dairy,Sub Dairy,High quality BrandB Milk 1L - Var 925,pcs,1L,536,381,23,10,A01,S01,L001,7284765704127,brandb_milk_1l_var_925,ACTIVE
P0926,SKU-P0926,Glow Household Item 926,Glow,Household,Sub Household,High quality Glow Household Item 926,pcs,100ml,492,418,399,7,A13,S05,L065,0092820667846,glow_household_item_926,ACTIVE
P0927,SKU-P0927,DailyChoice Sauces Item 927,DailyChoice,Sauces,Sub Sauces,High quality DailyChoice Sauces Item 927,pcs,100ml,615,438,261,13,A17,S04,L084,9843624186238,dailychoice_sauces_item_927,ACTIVE
P0928,SKU-P0928,NatureBites Spices Item 928,NatureBites,Spices,Sub Spices,High quality NatureBites Spices Item 928,pcs,500g,549,491,230,8,A18,S03,L088,6903628917757,naturebites_spices_item_928,ACTIVE
P0929,SKU-P0929,Glow Household Item 929,Glow,Household,Sub Household,High quality Glow Household Item 929,pcs,200ml,394,335,26,10,A13,S04,L064,6620563411156,glow_household_item_929,ACTIVE
P0930,SKU-P0930,BrandC Spices Item 930,BrandC,Spices,Sub Spices,High quality BrandC Spices Item 930,pcs,200ml,297,168,376,17,A18,S03,L088,9503428113907,brandc_spices_item_930,ACTIVE
P0931,SKU-P0931,HealthyO Breakfast Item 931,HealthyO,Breakfast,Sub Breakfast,High quality HealthyO Breakfast Item 931,pcs,500ml,628,437,360,20,A16,S01,L076,4383034199091,healthyo_breakfast_item_931,ACTIVE
P0932,SKU-P0932,BrandC Breakfast Item 932,BrandC,Breakfast,Sub Breakfast,High quality BrandC Breakfast Item 932,pcs,500g,417,300,263,17,A16,S05,L080,7005140546831,brandc_breakfast_item_932,ACTIVE
P0933,SKU-P0933,PureLife Stationery Item 933,PureLife,Stationery,Sub Stationery,High quality PureLife Stationery Item 933,pcs,200g,175,114,75,16,A20,S03,L098,5652156818203,purelife_stationery_item_933,ACTIVE
P0934,SKU-P0934,BrandA Seafood Item 934,BrandA,Seafood,Sub Seafood,High quality BrandA Seafood Item 934,pcs,500ml,368,294,229,16,A12,S05,L060,9679042271139,branda_seafood_item_934,ACTIVE
P0935,SKU-P0935,Glow Seafood Item 935,Glow,Seafood,Sub Seafood,High quality Glow Seafood Item 935,pcs,100g,336,226,341,14,A12,S04,L059,3228898572547,glow_seafood_item_935,ACTIVE
P0936,SKU-P0936,BrandB Floor Cleaner 1L - Var 936,BrandB,Cleaning,Sub Cleaning,High quality BrandB Floor Cleaner 1L - Var 936,pcs,1L,464,319,182,10,A19,S01,L091,5960633991296,brandb_floor_cleaner_1l_var_936,ACTIVE
P0937,SKU-P0937,BrandA Cheese 250g - Var 937,BrandA,Dairy,Sub Dairy,High quality BrandA Cheese 250g - Var 937,pcs,250g,1084,829,452,18,A01,S05,L005,7102481717521,branda_cheese_250g_var_937,ACTIVE
P0938,SKU-P0938,PureLife Laundry Detergent 1kg - Var 938,PureLife,Cleaning,Sub Cleaning,High quality PureLife Laundry Detergent 1kg - Var 938,pcs,1kg,689,401,250,5,A19,S05,L095,4214955112749,purelife_laundry_detergent_1kg_var_938,ACTIVE
P0939,SKU-P0939,HealthyO Meat Item 939,HealthyO,Meat,Sub Meat,High quality HealthyO Meat Item 939,pcs,200ml,468,393,423,20,A11,S04,L054,7472197054662,healthyo_meat_item_939,ACTIVE
P0940,SKU-P0940,DailyChoice Chocolate 100g - Var 940,DailyChoice,Snacks,Sub Snacks,High quality DailyChoice Chocolate 100g - Var 940,pcs,100g,447,282,351,15,A04,S02,L017,9275895516870,dailychoice_chocolate_100g_var_940,ACTIVE
P0941,SKU-P0941,PureLife Pasta Item 941,PureLife,Pasta,Sub Pasta,High quality PureLife Pasta Item 941,pcs,200ml,380,203,335,7,A06,S05,L030,4090380214629,purelife_pasta_item_941,ACTIVE
P0942,SKU-P0942,PureLife Spices Item 942,PureLife,Spices,Sub Spices,High quality PureLife Spices Item 942,pcs,200g,448,252,215,12,A18,S02,L087,9613671577873,purelife_spices_item_942,ACTIVE
P0943,SKU-P0943,HealthyO Stationery Item 943,HealthyO,Stationery,Sub Stationery,High quality HealthyO Stationery Item 943,pcs,100ml,306,239,300,20,A20,S01,L096,1121663651558,healthyo_stationery_item_943,ACTIVE
P0944,SKU-P0944,BrandB Toothpaste 120g - Var 944,BrandB,Personal Care,Sub Personal Care,High quality BrandB Toothpaste 120g - Var 944,pcs,120g,238,191,268,14,A14,S02,L067,9737147082729,brandb_toothpaste_120g_var_944,ACTIVE
P0945,SKU-P0945,FreshFarms Toothpaste 120g - Var 945,FreshFarms,Personal Care,Sub Personal Care,High quality FreshFarms Toothpaste 120g - Var 945,pcs,120g,251,176,138,19,A14,S05,L070,3590960567301,freshfarms_toothpaste_120g_var_945,ACTIVE
P0946,SKU-P0946,BrandA Spices Item 946,BrandA,Spices,Sub Spices,High quality BrandA Spices Item 946,pcs,500g,572,395,119,19,A18,S02,L087,3064421214610,branda_spices_item_946,ACTIVE
P0947,SKU-P0947,HealthyO Grapes 500g - Var 947,HealthyO,Fruits,Sub Fruits,High quality HealthyO Grapes 500g - Var 947,pcs,500g,980,646,40,11,A09,S05,L045,4768342016542,healthyo_grapes_500g_var_947,ACTIVE
P0948,SKU-P0948,BrandC Seafood Item 948,BrandC,Seafood,Sub Seafood,High quality BrandC Seafood Item 948,pcs,100g,608,482,442,18,A12,S04,L059,2356778265966,brandc_seafood_item_948,ACTIVE
P0949,SKU-P0949,FreshFarms Shampoo 200ml - Var 949,FreshFarms,Personal Care,Sub Personal Care,High quality FreshFarms Shampoo 200ml - Var 949,pcs,200ml,484,326,431,14,A14,S03,L068,0893199255029,freshfarms_shampoo_200ml_var_949,ACTIVE
P0950,SKU-P0950,PureLife Pet Food Item 950,PureLife,Pet Food,Sub Pet Food,High quality PureLife Pet Food Item 950,pcs,500g,418,307,68,9,A21,S02,L102,7275164807274,purelife_pet_food_item_950,ACTIVE
P0951,SKU-P0951,FreshFarms Canned Food Item 951,FreshFarms,Canned Food,Sub Canned Food,High quality FreshFarms Canned Food Item 951,pcs,200ml,541,348,233,18,A07,S01,L031,9103368296359,freshfarms_canned_food_item_951,ACTIVE
P0952,SKU-P0952,FreshFarms Pet Food Item 952,FreshFarms,Pet Food,Sub Pet Food,High quality FreshFarms Pet Food Item 952,pcs,100ml,226,169,142,13,A21,S01,L101,3390550448177,freshfarms_pet_food_item_952,ACTIVE
P0953,SKU-P0953,BrandA Spices Item 953,BrandA,Spices,Sub Spices,High quality BrandA Spices Item 953,pcs,500ml,555,500,38,7,A18,S02,L087,7665586851274,branda_spices_item_953,ACTIVE
P0954,SKU-P0954,PureLife Meat Item 954,PureLife,Meat,Sub Meat,High quality PureLife Meat Item 954,pcs,100ml,359,286,213,9,A11,S05,L055,6528928664646,purelife_meat_item_954,ACTIVE
P0955,SKU-P0955,HealthyO Frozen Food Item 955,HealthyO,Frozen Food,Sub Frozen Food,High quality HealthyO Frozen Food Item 955,pcs,500g,565,367,496,13,A08,S01,L036,9111109617981,healthyo_frozen_food_item_955,ACTIVE
P0956,SKU-P0956,FreshFarms Breakfast Item 956,FreshFarms,Breakfast,Sub Breakfast,High quality FreshFarms Breakfast Item 956,pcs,500g,625,495,178,17,A16,S01,L076,1789046337866,freshfarms_breakfast_item_956,ACTIVE
P0957,SKU-P0957,FreshFarms Frozen Food Item 957,FreshFarms,Frozen Food,Sub Frozen Food,High quality FreshFarms Frozen Food Item 957,pcs,100g,293,189,150,19,A08,S04,L039,1371576605388,freshfarms_frozen_food_item_957,ACTIVE
P0958,SKU-P0958,DailyChoice Shampoo 200ml - Var 958,DailyChoice,Personal Care,Sub Personal Care,High quality DailyChoice Shampoo 200ml - Var 958,pcs,200ml,497,334,368,8,A14,S03,L068,4444630600029,dailychoice_shampoo_200ml_var_958,ACTIVE
P0959,SKU-P0959,CleanPlus Meat Item 959,CleanPlus,Meat,Sub Meat,High quality CleanPlus Meat Item 959,pcs,200g,329,242,195,20,A11,S05,L055,5895529638637,cleanplus_meat_item_959,ACTIVE
P0960,SKU-P0960,BrandA Seafood Item 960,BrandA,Seafood,Sub Seafood,High quality BrandA Seafood Item 960,pcs,500g,541,478,363,12,A12,S03,L058,9609626265827,branda_seafood_item_960,ACTIVE
P0961,SKU-P0961,PureLife Grapes 500g - Var 961,PureLife,Fruits,Sub Fruits,High quality PureLife Grapes 500g - Var 961,pcs,500g,989,640,195,8,A09,S05,L045,6312819648255,purelife_grapes_500g_var_961,ACTIVE
P0962,SKU-P0962,DailyChoice Spices Item 962,DailyChoice,Spices,Sub Spices,High quality DailyChoice Spices Item 962,pcs,200g,416,301,164,7,A18,S02,L087,3110609209814,dailychoice_spices_item_962,ACTIVE
P0963,SKU-P0963,FreshFarms Frozen Food Item 963,FreshFarms,Frozen Food,Sub Frozen Food,High quality FreshFarms Frozen Food Item 963,pcs,100ml,554,423,460,18,A08,S03,L038,9602752334382,freshfarms_frozen_food_item_963,ACTIVE
P0964,SKU-P0964,DailyChoice Bread 500g - Var 964,DailyChoice,Bakery,Sub Bakery,High quality DailyChoice Bread 500g - Var 964,pcs,500g,294,180,221,15,A02,S03,L008,3640412091172,dailychoice_bread_500g_var_964,ACTIVE
P0965,SKU-P0965,PureLife Soap 100g - Var 965,PureLife,Personal Care,Sub Personal Care,High quality PureLife Soap 100g - Var 965,pcs,100g,128,112,190,18,A14,S01,L066,9112442117534,purelife_soap_100g_var_965,ACTIVE
P0966,SKU-P0966,Glow Stationery Item 966,Glow,Stationery,Sub Stationery,High quality Glow Stationery Item 966,pcs,200g,553,490,338,10,A20,S05,L100,6170617136653,glow_stationery_item_966,ACTIVE
P0967,SKU-P0967,BrandC Pet Food Item 967,BrandC,Pet Food,Sub Pet Food,High quality BrandC Pet Food Item 967,pcs,100ml,330,202,170,7,A21,S04,L104,7224029901558,brandc_pet_food_item_967,ACTIVE
P0968,SKU-P0968,NatureBites Potato Chips 50g - Var 968,NatureBites,Snacks,Sub Snacks,High quality NatureBites Potato Chips 50g - Var 968,pcs,50g,298,195,435,9,A04,S02,L017,7998028413908,naturebites_potato_chips_50g_var_968,ACTIVE
P0969,SKU-P0969,Glow Stationery Item 969,Glow,Stationery,Sub Stationery,High quality Glow Stationery Item 969,pcs,200ml,560,476,143,10,A20,S04,L099,8088235130527,glow_stationery_item_969,ACTIVE
P0970,SKU-P0970,FreshFarms Laundry Detergent 1kg - Var 970,FreshFarms,Cleaning,Sub Cleaning,High quality FreshFarms Laundry Detergent 1kg - Var 970,pcs,1kg,653,405,198,10,A19,S03,L093,3124473158475,freshfarms_laundry_detergent_1kg_var_970,ACTIVE
P0971,SKU-P0971,HealthyO Household Item 971,HealthyO,Household,Sub Household,High quality HealthyO Household Item 971,pcs,100g,303,111,341,12,A13,S04,L064,7686342346193,healthyo_household_item_971,ACTIVE
P0972,SKU-P0972,PureLife Juice 1L - Var 972,PureLife,Beverages,Sub Beverages,High quality PureLife Juice 1L - Var 972,pcs,1L,521,444,35,17,A03,S04,L014,9423767694595,purelife_juice_1l_var_972,ACTIVE
P0973,SKU-P0973,HealthyO Stationery Item 973,HealthyO,Stationery,Sub Stationery,High quality HealthyO Stationery Item 973,pcs,200g,289,145,97,8,A20,S04,L099,1966395517204,healthyo_stationery_item_973,ACTIVE
P0974,SKU-P0974,DailyChoice Yogurt 80g - Var 974,DailyChoice,Dairy,Sub Dairy,High quality DailyChoice Yogurt 80g - Var 974,pcs,80g,133,93,70,12,A01,S05,L005,8496498560126,dailychoice_yogurt_80g_var_974,ACTIVE
P0975,SKU-P0975,PureLife Canned Food Item 975,PureLife,Canned Food,Sub Canned Food,High quality PureLife Canned Food Item 975,pcs,200ml,378,295,230,11,A07,S02,L032,5625313552517,purelife_canned_food_item_975,ACTIVE
P0976,SKU-P0976,PureLife Stationery Item 976,PureLife,Stationery,Sub Stationery,High quality PureLife Stationery Item 976,pcs,500g,410,314,219,9,A20,S02,L097,0505379538166,purelife_stationery_item_976,ACTIVE
P0977,SKU-P0977,FreshFarms Cheese 250g - Var 977,FreshFarms,Dairy,Sub Dairy,High quality FreshFarms Cheese 250g - Var 977,pcs,250g,1057,839,474,12,A01,S03,L003,4938318491967,freshfarms_cheese_250g_var_977,ACTIVE
P0978,SKU-P0978,DailyChoice Seafood Item 978,DailyChoice,Seafood,Sub Seafood,High quality DailyChoice Seafood Item 978,pcs,100g,424,340,456,15,A12,S05,L060,6553307704613,dailychoice_seafood_item_978,ACTIVE
P0979,SKU-P0979,CleanPlus Household Item 979,CleanPlus,Household,Sub Household,High quality CleanPlus Household Item 979,pcs,500ml,591,476,47,8,A13,S02,L062,1729596390409,cleanplus_household_item_979,ACTIVE
P0980,SKU-P0980,BrandA Spices Item 980,BrandA,Spices,Sub Spices,High quality BrandA Spices Item 980,pcs,200g,481,341,320,6,A18,S01,L086,9074260880505,branda_spices_item_980,ACTIVE
P0981,SKU-P0981,PureLife Yogurt 80g - Var 981,PureLife,Dairy,Sub Dairy,High quality PureLife Yogurt 80g - Var 981,pcs,80g,155,75,199,9,A01,S03,L003,1716445561851,purelife_yogurt_80g_var_981,ACTIVE
P0982,SKU-P0982,HealthyO Spices Item 982,HealthyO,Spices,Sub Spices,High quality HealthyO Spices Item 982,pcs,100ml,364,186,262,15,A18,S01,L086,7906477159100,healthyo_spices_item_982,ACTIVE
P0983,SKU-P0983,BrandB Baby Products Item 983,BrandB,Baby Products,Sub Baby Products,High quality BrandB Baby Products Item 983,pcs,200ml,288,172,69,15,A15,S02,L072,3002156321357,brandb_baby_products_item_983,ACTIVE
P0984,SKU-P0984,PureLife Cake 1kg - Var 984,PureLife,Bakery,Sub Bakery,High quality PureLife Cake 1kg - Var 984,pcs,1kg,1646,1247,484,18,A02,S02,L007,8004010414590,purelife_cake_1kg_var_984,ACTIVE
P0985,SKU-P0985,NatureBites Onion 1kg - Var 985,NatureBites,Vegetables,Sub Vegetables,High quality NatureBites Onion 1kg - Var 985,pcs,1kg,355,220,467,10,A10,S03,L048,6422971252969,naturebites_onion_1kg_var_985,ACTIVE
P0986,SKU-P0986,BrandC Meat Item 986,BrandC,Meat,Sub Meat,High quality BrandC Meat Item 986,pcs,500ml,225,127,86,6,A11,S04,L054,7188397745735,brandc_meat_item_986,ACTIVE
P0987,SKU-P0987,BrandA Frozen Food Item 987,BrandA,Frozen Food,Sub Frozen Food,High quality BrandA Frozen Food Item 987,pcs,200ml,352,183,233,8,A08,S02,L037,1441583311708,branda_frozen_food_item_987,ACTIVE
P0988,SKU-P0988,DailyChoice Breakfast Item 988,DailyChoice,Breakfast,Sub Breakfast,High quality DailyChoice Breakfast Item 988,pcs,200ml,510,334,67,9,A16,S01,L076,3037637153981,dailychoice_breakfast_item_988,ACTIVE
P0989,SKU-P0989,FreshFarms Biscuits 200g - Var 989,FreshFarms,Snacks,Sub Snacks,High quality FreshFarms Biscuits 200g - Var 989,pcs,200g,173,118,437,10,A04,S03,L018,8547281235674,freshfarms_biscuits_200g_var_989,ACTIVE
P0990,SKU-P0990,HealthyO Sauces Item 990,HealthyO,Sauces,Sub Sauces,High quality HealthyO Sauces Item 990,pcs,500g,449,398,279,10,A17,S03,L083,9836314624912,healthyo_sauces_item_990,ACTIVE
P0991,SKU-P0991,DailyChoice Soap 100g - Var 991,DailyChoice,Personal Care,Sub Personal Care,High quality DailyChoice Soap 100g - Var 991,pcs,100g,132,123,464,15,A14,S01,L066,2711307240782,dailychoice_soap_100g_var_991,ACTIVE
P0992,SKU-P0992,CleanPlus Milk 1L - Var 992,CleanPlus,Dairy,Sub Dairy,High quality CleanPlus Milk 1L - Var 992,pcs,1L,525,373,485,8,A01,S03,L003,7541815632688,cleanplus_milk_1l_var_992,ACTIVE
P0993,SKU-P0993,BrandA Meat Item 993,BrandA,Meat,Sub Meat,High quality BrandA Meat Item 993,pcs,100ml,634,462,242,13,A11,S02,L052,6850745106635,branda_meat_item_993,ACTIVE
P0994,SKU-P0994,Glow Stationery Item 994,Glow,Stationery,Sub Stationery,High quality Glow Stationery Item 994,pcs,100ml,461,266,76,11,A20,S01,L096,4362948978619,glow_stationery_item_994,ACTIVE
P0995,SKU-P0995,BrandA Croissant 2pcs - Var 995,BrandA,Bakery,Sub Bakery,High quality BrandA Croissant 2pcs - Var 995,pcs,2pcs,309,247,290,17,A02,S03,L008,0313100943185,branda_croissant_2pcs_var_995,ACTIVE
P0996,SKU-P0996,BrandC Water 1L - Var 996,BrandC,Beverages,Sub Beverages,High quality BrandC Water 1L - Var 996,pcs,1L,178,75,453,17,A03,S04,L014,1439666134733,brandc_water_1l_var_996,ACTIVE
P0997,SKU-P0997,BrandC Juice 1L - Var 997,BrandC,Beverages,Sub Beverages,High quality BrandC Juice 1L - Var 997,pcs,1L,599,424,216,14,A03,S01,L011,2354940128972,brandc_juice_1l_var_997,ACTIVE
P0998,SKU-P0998,BrandB Pet Food Item 998,BrandB,Pet Food,Sub Pet Food,High quality BrandB Pet Food Item 998,pcs,200ml,450,321,472,9,A21,S02,L102,4325122572072,brandb_pet_food_item_998,ACTIVE
P0999,SKU-P0999,Glow Seafood Item 999,Glow,Seafood,Sub Seafood,High quality Glow Seafood Item 999,pcs,500g,514,350,463,17,A12,S01,L056,6502412095796,glow_seafood_item_999,ACTIVE
P1000,SKU-P1000,HealthyO Breakfast Item 1000,HealthyO,Breakfast,Sub Breakfast,High quality HealthyO Breakfast Item 1000,pcs,500ml,304,146,425,16,A16,S03,L078,0737100943882,healthyo_breakfast_item_1000,ACTIVE
P1001,SKU-P1001,CleanPlus Stationery Item 1001,CleanPlus,Stationery,Sub Stationery,High quality CleanPlus Stationery Item 1001,pcs,500ml,207,147,272,15,A20,S02,L097,2211457758477,cleanplus_stationery_item_1001,ACTIVE
P1002,SKU-P1002,BrandC Baby Products Item 1002,BrandC,Baby Products,Sub Baby Products,High quality BrandC Baby Products Item 1002,pcs,200g,417,248,233,7,A15,S02,L072,4570545897145,brandc_baby_products_item_1002,ACTIVE
P1003,SKU-P1003,BrandC Breakfast Item 1003,BrandC,Breakfast,Sub Breakfast,High quality BrandC Breakfast Item 1003,pcs,100ml,410,227,228,14,A16,S03,L078,8026325703961,brandc_breakfast_item_1003,ACTIVE
P1004,SKU-P1004,BrandB Floor Cleaner 1L - Var 1004,BrandB,Cleaning,Sub Cleaning,High quality BrandB Floor Cleaner 1L - Var 1004,pcs,1L,515,302,65,18,A19,S01,L091,5313614878244,brandb_floor_cleaner_1l_var_1004,ACTIVE
P1005,SKU-P1005,HealthyO Deodorant 150ml - Var 1005,HealthyO,Personal Care,Sub Personal Care,High quality HealthyO Deodorant 150ml - Var 1005,pcs,150ml,745,516,140,7,A14,S01,L066,5569644309856,healthyo_deodorant_150ml_var_1005,ACTIVE
P1006,SKU-P1006,BrandB Sauces Item 1006,BrandB,Sauces,Sub Sauces,High quality BrandB Sauces Item 1006,pcs,500ml,287,191,441,17,A17,S01,L081,9167954107276,brandb_sauces_item_1006,ACTIVE
P1007,SKU-P1007,PureLife Cake 1kg - Var 1007,PureLife,Bakery,Sub Bakery,High quality PureLife Cake 1kg - Var 1007,pcs,1kg,1675,1220,380,19,A02,S01,L006,2849824741403,purelife_cake_1kg_var_1007,ACTIVE
P1008,SKU-P1008,PureLife Baby Products Item 1008,PureLife,Baby Products,Sub Baby Products,High quality PureLife Baby Products Item 1008,pcs,200g,305,208,50,13,A15,S05,L075,7034910740650,purelife_baby_products_item_1008,ACTIVE
P1009,SKU-P1009,BrandA Biscuits 200g - Var 1009,BrandA,Snacks,Sub Snacks,High quality BrandA Biscuits 200g - Var 1009,pcs,200g,164,125,16,10,A04,S04,L019,0042548821426,branda_biscuits_200g_var_1009,ACTIVE
P1010,SKU-P1010,DailyChoice Pet Food Item 1010,DailyChoice,Pet Food,Sub Pet Food,High quality DailyChoice Pet Food Item 1010,pcs,500ml,610,436,165,16,A21,S04,L104,3691430753665,dailychoice_pet_food_item_1010,ACTIVE
P1011,SKU-P1011,BrandB Household Item 1011,BrandB,Household,Sub Household,High quality BrandB Household Item 1011,pcs,100g,205,107,67,5,A13,S03,L063,6144942965929,brandb_household_item_1011,ACTIVE
P1012,SKU-P1012,FreshFarms Canned Food Item 1012,FreshFarms,Canned Food,Sub Canned Food,High quality FreshFarms Canned Food Item 1012,pcs,200g,543,432,233,11,A07,S01,L031,3426834414979,freshfarms_canned_food_item_1012,ACTIVE
P1013,SKU-P1013,BrandC Energy Drink 250ml - Var 1013,BrandC,Beverages,Sub Beverages,High quality BrandC Energy Drink 250ml - Var 1013,pcs,250ml,454,330,21,8,A03,S03,L013,8266128758571,brandc_energy_drink_250ml_var_1013,ACTIVE
P1014,SKU-P1014,DailyChoice Pasta Item 1014,DailyChoice,Pasta,Sub Pasta,High quality DailyChoice Pasta Item 1014,pcs,200ml,275,110,309,12,A06,S02,L027,5676670806126,dailychoice_pasta_item_1014,ACTIVE
P1015,SKU-P1015,HealthyO Canned Food Item 1015,HealthyO,Canned Food,Sub Canned Food,High quality HealthyO Canned Food Item 1015,pcs,200g,322,270,62,18,A07,S03,L033,9439852989408,healthyo_canned_food_item_1015,ACTIVE
P1016,SKU-P1016,BrandA Toothpaste 120g - Var 1016,BrandA,Personal Care,Sub Personal Care,High quality BrandA Toothpaste 120g - Var 1016,pcs,120g,251,181,258,20,A14,S04,L069,6260787010416,branda_toothpaste_120g_var_1016,ACTIVE
P1017,SKU-P1017,NatureBites Frozen Food Item 1017,NatureBites,Frozen Food,Sub Frozen Food,High quality NatureBites Frozen Food Item 1017,pcs,100ml,525,395,293,7,A08,S01,L036,5914975019804,naturebites_frozen_food_item_1017,ACTIVE
P1018,SKU-P1018,BrandB Grapes 500g - Var 1018,BrandB,Fruits,Sub Fruits,High quality BrandB Grapes 500g - Var 1018,pcs,500g,979,631,490,16,A09,S04,L044,3828723244078,brandb_grapes_500g_var_1018,ACTIVE
P1019,SKU-P1019,BrandA Baby Products Item 1019,BrandA,Baby Products,Sub Baby Products,High quality BrandA Baby Products Item 1019,pcs,100ml,570,471,250,16,A15,S04,L074,9311029181337,branda_baby_products_item_1019,ACTIVE
P1020,SKU-P1020,NatureBites Baby Products Item 1020,NatureBites,Baby Products,Sub Baby Products,High quality NatureBites Baby Products Item 1020,pcs,100ml,577,408,77,14,A15,S02,L072,1708760146721,naturebites_baby_products_item_1020,ACTIVE
P1021,SKU-P1021,Glow Household Item 1021,Glow,Household,Sub Household,High quality Glow Household Item 1021,pcs,200g,521,418,154,7,A13,S04,L064,3849791620229,glow_household_item_1021,ACTIVE
P1022,SKU-P1022,BrandC Breakfast Item 1022,BrandC,Breakfast,Sub Breakfast,High quality BrandC Breakfast Item 1022,pcs,100g,585,410,61,18,A16,S02,L077,3288377441979,brandc_breakfast_item_1022,ACTIVE
P1023,SKU-P1023,FreshFarms Breakfast Item 1023,FreshFarms,Breakfast,Sub Breakfast,High quality FreshFarms Breakfast Item 1023,pcs,100g,250,109,461,13,A16,S03,L078,5466176620476,freshfarms_breakfast_item_1023,ACTIVE
P1024,SKU-P1024,BrandC Seafood Item 1024,BrandC,Seafood,Sub Seafood,High quality BrandC Seafood Item 1024,pcs,500g,268,132,230,8,A12,S02,L057,1960940970520,brandc_seafood_item_1024,ACTIVE
P1025,SKU-P1025,BrandB Stationery Item 1025,BrandB,Stationery,Sub Stationery,High quality BrandB Stationery Item 1025,pcs,500g,465,349,184,16,A20,S02,L097,7740258835865,brandb_stationery_item_1025,ACTIVE
P1026,SKU-P1026,BrandC Croissant 2pcs - Var 1026,BrandC,Bakery,Sub Bakery,High quality BrandC Croissant 2pcs - Var 1026,pcs,2pcs,365,244,319,8,A02,S05,L010,8122595724467,brandc_croissant_2pcs_var_1026,ACTIVE
P1027,SKU-P1027,BrandB Cake 1kg - Var 1027,BrandB,Bakery,Sub Bakery,High quality BrandB Cake 1kg - Var 1027,pcs,1kg,1700,1206,322,8,A02,S04,L009,1767929884256,brandb_cake_1kg_var_1027,ACTIVE
P1028,SKU-P1028,NatureBites Spices Item 1028,NatureBites,Spices,Sub Spices,High quality NatureBites Spices Item 1028,pcs,100g,502,422,455,11,A18,S01,L086,9959961002312,naturebites_spices_item_1028,ACTIVE
P1029,SKU-P1029,PureLife Seafood Item 1029,PureLife,Seafood,Sub Seafood,High quality PureLife Seafood Item 1029,pcs,500ml,669,490,265,8,A12,S02,L057,1775331266102,purelife_seafood_item_1029,ACTIVE
P1030,SKU-P1030,BrandC White Rice 1kg - Var 1030,BrandC,Rice & Grains,Sub Rice & Grains,High quality BrandC White Rice 1kg - Var 1030,pcs,1kg,225,147,234,18,A05,S03,L023,9410175902510,brandc_white_rice_1kg_var_1030,ACTIVE
P1031,SKU-P1031,Glow Yogurt 80g - Var 1031,Glow,Dairy,Sub Dairy,High quality Glow Yogurt 80g - Var 1031,pcs,80g,134,68,97,7,A01,S02,L002,7629833477433,glow_yogurt_80g_var_1031,ACTIVE
P1032,SKU-P1032,Glow Grapes 500g - Var 1032,Glow,Fruits,Sub Fruits,High quality Glow Grapes 500g - Var 1032,pcs,500g,985,640,135,9,A09,S03,L043,3268319013020,glow_grapes_500g_var_1032,ACTIVE
P1033,SKU-P1033,FreshFarms Sauces Item 1033,FreshFarms,Sauces,Sub Sauces,High quality FreshFarms Sauces Item 1033,pcs,100ml,465,311,469,19,A17,S04,L084,0569815287339,freshfarms_sauces_item_1033,ACTIVE
P1034,SKU-P1034,BrandA Sauces Item 1034,BrandA,Sauces,Sub Sauces,High quality BrandA Sauces Item 1034,pcs,200g,546,494,377,7,A17,S03,L083,9785598217665,branda_sauces_item_1034,ACTIVE
P1035,SKU-P1035,CleanPlus Water 1L - Var 1035,CleanPlus,Beverages,Sub Beverages,High quality CleanPlus Water 1L - Var 1035,pcs,1L,101,109,232,6,A03,S03,L013,1912841173098,cleanplus_water_1l_var_1035,ACTIVE
P1036,SKU-P1036,BrandC Household Item 1036,BrandC,Household,Sub Household,High quality BrandC Household Item 1036,pcs,500g,606,423,161,18,A13,S01,L061,8503446512417,brandc_household_item_1036,ACTIVE
P1037,SKU-P1037,PureLife Household Item 1037,PureLife,Household,Sub Household,High quality PureLife Household Item 1037,pcs,500ml,328,276,433,13,A13,S05,L065,8938984690813,purelife_household_item_1037,ACTIVE
P1038,SKU-P1038,BrandC Sauces Item 1038,BrandC,Sauces,Sub Sauces,High quality BrandC Sauces Item 1038,pcs,500ml,430,328,464,19,A17,S05,L085,9740056435029,brandc_sauces_item_1038,ACTIVE
P1039,SKU-P1039,FreshFarms Seafood Item 1039,FreshFarms,Seafood,Sub Seafood,High quality FreshFarms Seafood Item 1039,pcs,200g,305,118,181,17,A12,S04,L059,3850371990519,freshfarms_seafood_item_1039,ACTIVE
P1040,SKU-P1040,FreshFarms White Rice 1kg - Var 1040,FreshFarms,Rice & Grains,Sub Rice & Grains,High quality FreshFarms White Rice 1kg - Var 1040,pcs,1kg,265,145,292,14,A05,S05,L025,6991872401078,freshfarms_white_rice_1kg_var_1040,ACTIVE
P1041,SKU-P1041,BrandC Sauces Item 1041,BrandC,Sauces,Sub Sauces,High quality BrandC Sauces Item 1041,pcs,100g,492,376,133,14,A17,S03,L083,8356743000381,brandc_sauces_item_1041,ACTIVE
P1042,SKU-P1042,BrandA Shampoo 200ml - Var 1042,BrandA,Personal Care,Sub Personal Care,High quality BrandA Shampoo 200ml - Var 1042,pcs,200ml,483,323,331,16,A14,S05,L070,9608706626688,branda_shampoo_200ml_var_1042,ACTIVE
P1043,SKU-P1043,DailyChoice Biscuits 200g - Var 1043,DailyChoice,Snacks,Sub Snacks,High quality DailyChoice Biscuits 200g - Var 1043,pcs,200g,223,119,387,5,A04,S01,L016,2171955356035,dailychoice_biscuits_200g_var_1043,ACTIVE
P1044,SKU-P1044,FreshFarms Baby Products Item 1044,FreshFarms,Baby Products,Sub Baby Products,High quality FreshFarms Baby Products Item 1044,pcs,500g,405,279,155,9,A15,S03,L073,3190368900306,freshfarms_baby_products_item_1044,ACTIVE
P1045,SKU-P1045,FreshFarms Household Item 1045,FreshFarms,Household,Sub Household,High quality FreshFarms Household Item 1045,pcs,100ml,563,364,108,16,A13,S05,L065,1027240559340,freshfarms_household_item_1045,ACTIVE
P1046,SKU-P1046,BrandC Baby Products Item 1046,BrandC,Baby Products,Sub Baby Products,High quality BrandC Baby Products Item 1046,pcs,500ml,380,310,57,6,A15,S01,L071,2967111483758,brandc_baby_products_item_1046,ACTIVE
P1047,SKU-P1047,FreshFarms Deodorant 150ml - Var 1047,FreshFarms,Personal Care,Sub Personal Care,High quality FreshFarms Deodorant 150ml - Var 1047,pcs,150ml,709,528,199,17,A14,S02,L067,3745843845889,freshfarms_deodorant_150ml_var_1047,ACTIVE
P1048,SKU-P1048,CleanPlus Floor Cleaner 1L - Var 1048,CleanPlus,Cleaning,Sub Cleaning,High quality CleanPlus Floor Cleaner 1L - Var 1048,pcs,1L,524,316,265,18,A19,S05,L095,1056974132833,cleanplus_floor_cleaner_1l_var_1048,ACTIVE
P1049,SKU-P1049,CleanPlus Baby Products Item 1049,CleanPlus,Baby Products,Sub Baby Products,High quality CleanPlus Baby Products Item 1049,pcs,100g,440,358,258,19,A15,S04,L074,4831520377107,cleanplus_baby_products_item_1049,ACTIVE
P1050,SKU-P1050,FreshFarms Basmati Rice 1kg - Var 1050,FreshFarms,Rice & Grains,Sub Rice & Grains,High quality FreshFarms Basmati Rice 1kg - Var 1050,pcs,1kg,860,629,26,10,A05,S05,L025,7044964104964,freshfarms_basmati_rice_1kg_var_1050,ACTIVE
P1051,SKU-P1051,BrandB Spices Item 1051,BrandB,Spices,Sub Spices,High quality BrandB Spices Item 1051,pcs,500ml,236,156,199,14,A18,S03,L088,7066703362688,brandb_spices_item_1051,ACTIVE
P1052,SKU-P1052,BrandB Buns 4pcs - Var 1052,BrandB,Bakery,Sub Bakery,High quality BrandB Buns 4pcs - Var 1052,pcs,4pcs,199,143,201,14,A02,S05,L010,0408509549301,brandb_buns_4pcs_var_1052,ACTIVE
P1053,SKU-P1053,BrandC Carrot 500g - Var 1053,BrandC,Vegetables,Sub Vegetables,High quality BrandC Carrot 500g - Var 1053,pcs,500g,250,109,311,18,A10,S04,L049,5966018648762,brandc_carrot_500g_var_1053,ACTIVE
P1054,SKU-P1054,FreshFarms Croissant 2pcs - Var 1054,FreshFarms,Bakery,Sub Bakery,High quality FreshFarms Croissant 2pcs - Var 1054,pcs,2pcs,394,211,260,5,A02,S03,L008,9984267320440,freshfarms_croissant_2pcs_var_1054,ACTIVE
P1055,SKU-P1055,BrandB Chocolate 100g - Var 1055,BrandB,Snacks,Sub Snacks,High quality BrandB Chocolate 100g - Var 1055,pcs,100g,403,252,256,14,A04,S05,L020,1384596094544,brandb_chocolate_100g_var_1055,ACTIVE
P1056,SKU-P1056,CleanPlus Laundry Detergent 1kg - Var 1056,CleanPlus,Cleaning,Sub Cleaning,High quality CleanPlus Laundry Detergent 1kg - Var 1056,pcs,1kg,692,430,436,9,A19,S04,L094,4901495427708,cleanplus_laundry_detergent_1kg_var_1056,ACTIVE
P1057,SKU-P1057,DailyChoice Dhal 1kg - Var 1057,DailyChoice,Rice & Grains,Sub Rice & Grains,High quality DailyChoice Dhal 1kg - Var 1057,pcs,1kg,407,292,86,15,A05,S05,L025,7070578360915,dailychoice_dhal_1kg_var_1057,ACTIVE
P1058,SKU-P1058,CleanPlus Energy Drink 250ml - Var 1058,CleanPlus,Beverages,Sub Beverages,High quality CleanPlus Energy Drink 250ml - Var 1058,pcs,250ml,450,314,183,6,A03,S05,L015,4985172444721,cleanplus_energy_drink_250ml_var_1058,ACTIVE
P1059,SKU-P1059,BrandB Baby Products Item 1059,BrandB,Baby Products,Sub Baby Products,High quality BrandB Baby Products Item 1059,pcs,100g,521,392,297,8,A15,S03,L073,3229031028792,brandb_baby_products_item_1059,ACTIVE
P1060,SKU-P1060,BrandB Pet Food Item 1060,BrandB,Pet Food,Sub Pet Food,High quality BrandB Pet Food Item 1060,pcs,100g,574,391,106,20,A21,S05,L105,5083044058096,brandb_pet_food_item_1060,ACTIVE
P1061,SKU-P1061,BrandB Sauces Item 1061,BrandB,Sauces,Sub Sauces,High quality BrandB Sauces Item 1061,pcs,500g,229,109,412,11,A17,S01,L081,3511871813356,brandb_sauces_item_1061,ACTIVE
P1062,SKU-P1062,DailyChoice Frozen Food Item 1062,DailyChoice,Frozen Food,Sub Frozen Food,High quality DailyChoice Frozen Food Item 1062,pcs,100ml,505,305,33,20,A08,S05,L040,9561642059555,dailychoice_frozen_food_item_1062,ACTIVE
P1063,SKU-P1063,BrandC Yogurt 80g - Var 1063,BrandC,Dairy,Sub Dairy,High quality BrandC Yogurt 80g - Var 1063,pcs,80g,73,76,450,15,A01,S03,L003,6574902504293,brandc_yogurt_80g_var_1063,ACTIVE
P1064,SKU-P1064,BrandB Household Item 1064,BrandB,Household,Sub Household,High quality BrandB Household Item 1064,pcs,100g,470,377,156,9,A13,S03,L063,0193588953698,brandb_household_item_1064,ACTIVE
P1065,SKU-P1065,BrandB Pasta Item 1065,BrandB,Pasta,Sub Pasta,High quality BrandB Pasta Item 1065,pcs,100ml,401,308,40,15,A06,S03,L028,0261139898689,brandb_pasta_item_1065,ACTIVE
P1066,SKU-P1066,BrandA Pasta Item 1066,BrandA,Pasta,Sub Pasta,High quality BrandA Pasta Item 1066,pcs,200ml,281,150,82,18,A06,S01,L026,1809788754391,branda_pasta_item_1066,ACTIVE
P1067,SKU-P1067,CleanPlus Meat Item 1067,CleanPlus,Meat,Sub Meat,High quality CleanPlus Meat Item 1067,pcs,100g,314,203,395,12,A11,S03,L053,4353537513762,cleanplus_meat_item_1067,ACTIVE
P1068,SKU-P1068,NatureBites Breakfast Item 1068,NatureBites,Breakfast,Sub Breakfast,High quality NatureBites Breakfast Item 1068,pcs,200g,302,237,172,19,A16,S05,L080,5158815793763,naturebites_breakfast_item_1068,ACTIVE
P1069,SKU-P1069,BrandB Spices Item 1069,BrandB,Spices,Sub Spices,High quality BrandB Spices Item 1069,pcs,200g,417,308,477,5,A18,S04,L089,3928369294458,brandb_spices_item_1069,ACTIVE
P1070,SKU-P1070,FreshFarms Apple 1kg - Var 1070,FreshFarms,Fruits,Sub Fruits,High quality FreshFarms Apple 1kg - Var 1070,pcs,1kg,1271,848,343,9,A09,S05,L045,5116682973275,freshfarms_apple_1kg_var_1070,ACTIVE
P1071,SKU-P1071,DailyChoice Tomato 500g - Var 1071,DailyChoice,Vegetables,Sub Vegetables,High quality DailyChoice Tomato 500g - Var 1071,pcs,500g,331,155,266,11,A10,S05,L050,0216487120609,dailychoice_tomato_500g_var_1071,ACTIVE
P1072,SKU-P1072,FreshFarms Red Rice 1kg - Var 1072,FreshFarms,Rice & Grains,Sub Rice & Grains,High quality FreshFarms Red Rice 1kg - Var 1072,pcs,1kg,274,184,476,19,A05,S03,L023,2128866526835,freshfarms_red_rice_1kg_var_1072,ACTIVE
P1073,SKU-P1073,HealthyO Cake 1kg - Var 1073,HealthyO,Bakery,Sub Bakery,High quality HealthyO Cake 1kg - Var 1073,pcs,1kg,1683,1218,95,5,A02,S01,L006,4155999101576,healthyo_cake_1kg_var_1073,ACTIVE
P1074,SKU-P1074,HealthyO Croissant 2pcs - Var 1074,HealthyO,Bakery,Sub Bakery,High quality HealthyO Croissant 2pcs - Var 1074,pcs,2pcs,387,216,204,16,A02,S04,L009,6764722981200,healthyo_croissant_2pcs_var_1074,ACTIVE
P1075,SKU-P1075,HealthyO Pet Food Item 1075,HealthyO,Pet Food,Sub Pet Food,High quality HealthyO Pet Food Item 1075,pcs,500ml,214,123,388,7,A21,S02,L102,9957657289412,healthyo_pet_food_item_1075,ACTIVE
P1076,SKU-P1076,BrandB Tomato 500g - Var 1076,BrandB,Vegetables,Sub Vegetables,High quality BrandB Tomato 500g - Var 1076,pcs,500g,342,158,294,13,A10,S01,L046,3475098898643,brandb_tomato_500g_var_1076,ACTIVE
P1077,SKU-P1077,Glow Toothpaste 120g - Var 1077,Glow,Personal Care,Sub Personal Care,High quality Glow Toothpaste 120g - Var 1077,pcs,120g,233,190,395,19,A14,S02,L067,5652203684997,glow_toothpaste_120g_var_1077,ACTIVE
P1078,SKU-P1078,Glow Orange 1kg - Var 1078,Glow,Fruits,Sub Fruits,High quality Glow Orange 1kg - Var 1078,pcs,1kg,1058,713,316,15,A09,S02,L042,5154214477327,glow_orange_1kg_var_1078,ACTIVE
P1079,SKU-P1079,HealthyO Milk 1L - Var 1079,HealthyO,Dairy,Sub Dairy,High quality HealthyO Milk 1L - Var 1079,pcs,1L,450,380,471,5,A01,S02,L002,4491342138821,healthyo_milk_1l_var_1079,ACTIVE
P1080,SKU-P1080,NatureBites Pasta Item 1080,NatureBites,Pasta,Sub Pasta,High quality NatureBites Pasta Item 1080,pcs,500ml,640,490,285,7,A06,S04,L029,0908830705341,naturebites_pasta_item_1080,ACTIVE
P1081,SKU-P1081,NatureBites Pet Food Item 1081,NatureBites,Pet Food,Sub Pet Food,High quality NatureBites Pet Food Item 1081,pcs,100ml,525,444,190,17,A21,S01,L101,9678274117673,naturebites_pet_food_item_1081,ACTIVE
P1082,SKU-P1082,CleanPlus Stationery Item 1082,CleanPlus,Stationery,Sub Stationery,High quality CleanPlus Stationery Item 1082,pcs,100g,331,163,199,11,A20,S03,L098,4124151315281,cleanplus_stationery_item_1082,ACTIVE
P1083,SKU-P1083,FreshFarms Baby Products Item 1083,FreshFarms,Baby Products,Sub Baby Products,High quality FreshFarms Baby Products Item 1083,pcs,500g,609,488,358,16,A15,S01,L071,5478150618539,freshfarms_baby_products_item_1083,ACTIVE
P1084,SKU-P1084,HealthyO Canned Food Item 1084,HealthyO,Canned Food,Sub Canned Food,High quality HealthyO Canned Food Item 1084,pcs,500ml,573,467,129,20,A07,S01,L031,8003296334721,healthyo_canned_food_item_1084,ACTIVE
P1085,SKU-P1085,PureLife Seafood Item 1085,PureLife,Seafood,Sub Seafood,High quality PureLife Seafood Item 1085,pcs,200g,203,103,430,17,A12,S01,L056,7274231830610,purelife_seafood_item_1085,ACTIVE
P1086,SKU-P1086,BrandC Nuts 100g - Var 1086,BrandC,Snacks,Sub Snacks,High quality BrandC Nuts 100g - Var 1086,pcs,100g,624,435,347,10,A04,S03,L018,7893206496936,brandc_nuts_100g_var_1086,ACTIVE
P1087,SKU-P1087,BrandB Juice 1L - Var 1087,BrandB,Beverages,Sub Beverages,High quality BrandB Juice 1L - Var 1087,pcs,1L,533,408,487,12,A03,S05,L015,5782434776953,brandb_juice_1l_var_1087,ACTIVE
P1088,SKU-P1088,FreshFarms Sauces Item 1088,FreshFarms,Sauces,Sub Sauces,High quality FreshFarms Sauces Item 1088,pcs,500g,640,454,324,13,A17,S03,L083,8741314675363,freshfarms_sauces_item_1088,ACTIVE
P1089,SKU-P1089,BrandA Spices Item 1089,BrandA,Spices,Sub Spices,High quality BrandA Spices Item 1089,pcs,200g,425,265,442,18,A18,S04,L089,1275156277968,branda_spices_item_1089,ACTIVE
P1090,SKU-P1090,DailyChoice Grapes 500g - Var 1090,DailyChoice,Fruits,Sub Fruits,High quality DailyChoice Grapes 500g - Var 1090,pcs,500g,966,623,398,6,A09,S01,L041,3044836085456,dailychoice_grapes_500g_var_1090,ACTIVE
P1091,SKU-P1091,PureLife Frozen Food Item 1091,PureLife,Frozen Food,Sub Frozen Food,High quality PureLife Frozen Food Item 1091,pcs,200ml,312,261,210,11,A08,S01,L036,6676640473500,purelife_frozen_food_item_1091,ACTIVE
P1092,SKU-P1092,HealthyO Meat Item 1092,HealthyO,Meat,Sub Meat,High quality HealthyO Meat Item 1092,pcs,100g,611,453,500,7,A11,S01,L051,4763928319956,healthyo_meat_item_1092,ACTIVE
P1093,SKU-P1093,BrandC Frozen Food Item 1093,BrandC,Frozen Food,Sub Frozen Food,High quality BrandC Frozen Food Item 1093,pcs,200ml,206,132,24,20,A08,S02,L037,2980061558109,brandc_frozen_food_item_1093,ACTIVE
P1094,SKU-P1094,PureLife Toothpaste 120g - Var 1094,PureLife,Personal Care,Sub Personal Care,High quality PureLife Toothpaste 120g - Var 1094,pcs,120g,213,165,252,12,A14,S01,L066,8358328634257,purelife_toothpaste_120g_var_1094,ACTIVE
P1095,SKU-P1095,Glow Meat Item 1095,Glow,Meat,Sub Meat,High quality Glow Meat Item 1095,pcs,500g,299,137,401,8,A11,S01,L051,5638300081860,glow_meat_item_1095,ACTIVE
P1096,SKU-P1096,HealthyO Pet Food Item 1096,HealthyO,Pet Food,Sub Pet Food,High quality HealthyO Pet Food Item 1096,pcs,100g,189,131,203,15,A21,S04,L104,7024403304162,healthyo_pet_food_item_1096,ACTIVE
P1097,SKU-P1097,DailyChoice Soft Drink 1.5L - Var 1097,DailyChoice,Beverages,Sub Beverages,High quality DailyChoice Soft Drink 1.5L - Var 1097,pcs,1.5L,388,253,322,18,A03,S02,L012,6241118600896,dailychoice_soft_drink_1.5l_var_1097,ACTIVE
P1098,SKU-P1098,NatureBites Soft Drink 1.5L - Var 1098,NatureBites,Beverages,Sub Beverages,High quality NatureBites Soft Drink 1.5L - Var 1098,pcs,1.5L,387,253,445,17,A03,S01,L011,2196394568047,naturebites_soft_drink_1.5l_var_1098,ACTIVE
P1099,SKU-P1099,HealthyO Household Item 1099,HealthyO,Household,Sub Household,High quality HealthyO Household Item 1099,pcs,200g,458,406,242,17,A13,S01,L061,4731497646131,healthyo_household_item_1099,ACTIVE
P1100,SKU-P1100,HealthyO Baby Products Item 1100,HealthyO,Baby Products,Sub Baby Products,High quality HealthyO Baby Products Item 1100,pcs,500g,329,273,242,15,A15,S04,L074,6847488360769,healthyo_baby_products_item_1100,ACTIVE
P1101,SKU-P1101,BrandB Dishwashing Liquid 500ml - Var 1101,BrandB,Cleaning,Sub Cleaning,High quality BrandB Dishwashing Liquid 500ml - Var 1101,pcs,500ml,356,200,375,7,A19,S02,L092,5817390637571,brandb_dishwashing_liquid_500ml_var_1101,ACTIVE
P1102,SKU-P1102,BrandC Floor Cleaner 1L - Var 1102,BrandC,Cleaning,Sub Cleaning,High quality BrandC Floor Cleaner 1L - Var 1102,pcs,1L,515,340,141,16,A19,S02,L092,9145211823794,brandc_floor_cleaner_1l_var_1102,ACTIVE
P1103,SKU-P1103,BrandC Deodorant 150ml - Var 1103,BrandC,Personal Care,Sub Personal Care,High quality BrandC Deodorant 150ml - Var 1103,pcs,150ml,717,515,418,6,A14,S04,L069,3126978930747,brandc_deodorant_150ml_var_1103,ACTIVE
P1104,SKU-P1104,HealthyO Croissant 2pcs - Var 1104,HealthyO,Bakery,Sub Bakery,High quality HealthyO Croissant 2pcs - Var 1104,pcs,2pcs,365,227,343,16,A02,S02,L007,6452059960431,healthyo_croissant_2pcs_var_1104,ACTIVE
P1105,SKU-P1105,BrandC Potato 1kg - Var 1105,BrandC,Vegetables,Sub Vegetables,High quality BrandC Potato 1kg - Var 1105,pcs,1kg,239,180,318,15,A10,S05,L050,8787535778810,brandc_potato_1kg_var_1105,ACTIVE
P1106,SKU-P1106,NatureBites Carrot 500g - Var 1106,NatureBites,Vegetables,Sub Vegetables,High quality NatureBites Carrot 500g - Var 1106,pcs,500g,234,137,357,9,A10,S03,L048,1616202812373,naturebites_carrot_500g_var_1106,ACTIVE
P1107,SKU-P1107,CleanPlus Bread 500g - Var 1107,CleanPlus,Bakery,Sub Bakery,High quality CleanPlus Bread 500g - Var 1107,pcs,500g,225,172,112,11,A02,S02,L007,1067287286601,cleanplus_bread_500g_var_1107,ACTIVE
P1108,SKU-P1108,DailyChoice Juice 1L - Var 1108,DailyChoice,Beverages,Sub Beverages,High quality DailyChoice Juice 1L - Var 1108,pcs,1L,588,444,249,15,A03,S03,L013,4164485959225,dailychoice_juice_1l_var_1108,ACTIVE
P1109,SKU-P1109,HealthyO Laundry Detergent 1kg - Var 1109,HealthyO,Cleaning,Sub Cleaning,High quality HealthyO Laundry Detergent 1kg - Var 1109,pcs,1kg,653,419,178,10,A19,S05,L095,4839589477356,healthyo_laundry_detergent_1kg_var_1109,ACTIVE
P1110,SKU-P1110,DailyChoice Biscuits 200g - Var 1110,DailyChoice,Snacks,Sub Snacks,High quality DailyChoice Biscuits 200g - Var 1110,pcs,200g,150,114,337,12,A04,S04,L019,2287056227102,dailychoice_biscuits_200g_var_1110,ACTIVE
P1111,SKU-P1111,HealthyO Frozen Food Item 1111,HealthyO,Frozen Food,Sub Frozen Food,High quality HealthyO Frozen Food Item 1111,pcs,100g,480,346,423,17,A08,S04,L039,4331875109793,healthyo_frozen_food_item_1111,ACTIVE
P1112,SKU-P1112,BrandC Canned Food Item 1112,BrandC,Canned Food,Sub Canned Food,High quality BrandC Canned Food Item 1112,pcs,100ml,173,105,193,5,A07,S04,L034,2158350344690,brandc_canned_food_item_1112,ACTIVE
P1113,SKU-P1113,BrandC Spices Item 1113,BrandC,Spices,Sub Spices,High quality BrandC Spices Item 1113,pcs,200ml,398,199,477,16,A18,S01,L086,4596488319216,brandc_spices_item_1113,ACTIVE
P1114,SKU-P1114,FreshFarms Buns 4pcs - Var 1114,FreshFarms,Bakery,Sub Bakery,High quality FreshFarms Buns 4pcs - Var 1114,pcs,4pcs,182,138,122,13,A02,S01,L006,3424912896594,freshfarms_buns_4pcs_var_1114,ACTIVE
P1115,SKU-P1115,NatureBites Pasta Item 1115,NatureBites,Pasta,Sub Pasta,High quality NatureBites Pasta Item 1115,pcs,100g,255,200,100,13,A06,S03,L028,9949732033195,naturebites_pasta_item_1115,ACTIVE
P1116,SKU-P1116,CleanPlus Potato Chips 50g - Var 1116,CleanPlus,Snacks,Sub Snacks,High quality CleanPlus Potato Chips 50g - Var 1116,pcs,50g,300,191,463,8,A04,S01,L016,2227051028762,cleanplus_potato_chips_50g_var_1116,ACTIVE
P1117,SKU-P1117,PureLife Meat Item 1117,PureLife,Meat,Sub Meat,High quality PureLife Meat Item 1117,pcs,200g,434,289,348,10,A11,S02,L052,7548138666758,purelife_meat_item_1117,ACTIVE
P1118,SKU-P1118,CleanPlus Sauces Item 1118,CleanPlus,Sauces,Sub Sauces,High quality CleanPlus Sauces Item 1118,pcs,500g,246,160,461,9,A17,S05,L085,4858193242686,cleanplus_sauces_item_1118,ACTIVE
P1119,SKU-P1119,NatureBites Canned Food Item 1119,NatureBites,Canned Food,Sub Canned Food,High quality NatureBites Canned Food Item 1119,pcs,200ml,421,262,335,12,A07,S02,L032,7741865205751,naturebites_canned_food_item_1119,ACTIVE
P1120,SKU-P1120,NatureBites Buns 4pcs - Var 1120,NatureBites,Bakery,Sub Bakery,High quality NatureBites Buns 4pcs - Var 1120,pcs,4pcs,179,138,177,12,A02,S05,L010,6398365203759,naturebites_buns_4pcs_var_1120,ACTIVE
P1121,SKU-P1121,NatureBites Buns 4pcs - Var 1121,NatureBites,Bakery,Sub Bakery,High quality NatureBites Buns 4pcs - Var 1121,pcs,4pcs,222,157,117,7,A02,S03,L008,8309451548096,naturebites_buns_4pcs_var_1121,ACTIVE
P1122,SKU-P1122,BrandB Breakfast Item 1122,BrandB,Breakfast,Sub Breakfast,High quality BrandB Breakfast Item 1122,pcs,100ml,664,484,201,20,A16,S05,L080,4047604409071,brandb_breakfast_item_1122,ACTIVE
P1123,SKU-P1123,BrandC Sauces Item 1123,BrandC,Sauces,Sub Sauces,High quality BrandC Sauces Item 1123,pcs,200ml,542,369,376,20,A17,S04,L084,9772781050925,brandc_sauces_item_1123,ACTIVE
P1124,SKU-P1124,HealthyO Breakfast Item 1124,HealthyO,Breakfast,Sub Breakfast,High quality HealthyO Breakfast Item 1124,pcs,200g,312,206,468,11,A16,S03,L078,2216107051847,healthyo_breakfast_item_1124,ACTIVE
P1125,SKU-P1125,CleanPlus Baby Products Item 1125,CleanPlus,Baby Products,Sub Baby Products,High quality CleanPlus Baby Products Item 1125,pcs,100ml,463,317,302,10,A15,S02,L072,3905529580668,cleanplus_baby_products_item_1125,ACTIVE
P1126,SKU-P1126,NatureBites Seafood Item 1126,NatureBites,Seafood,Sub Seafood,High quality NatureBites Seafood Item 1126,pcs,100g,555,484,161,19,A12,S03,L058,0138241270491,naturebites_seafood_item_1126,ACTIVE
P1127,SKU-P1127,FreshFarms Sauces Item 1127,FreshFarms,Sauces,Sub Sauces,High quality FreshFarms Sauces Item 1127,pcs,500g,519,338,328,15,A17,S03,L083,3862044851577,freshfarms_sauces_item_1127,ACTIVE
P1128,SKU-P1128,CleanPlus Deodorant 150ml - Var 1128,CleanPlus,Personal Care,Sub Personal Care,High quality CleanPlus Deodorant 150ml - Var 1128,pcs,150ml,747,526,421,20,A14,S04,L069,9197111212598,cleanplus_deodorant_150ml_var_1128,ACTIVE
P1129,SKU-P1129,CleanPlus Meat Item 1129,CleanPlus,Meat,Sub Meat,High quality CleanPlus Meat Item 1129,pcs,100g,435,326,145,7,A11,S03,L053,0203571343242,cleanplus_meat_item_1129,ACTIVE
P1130,SKU-P1130,PureLife Seafood Item 1130,PureLife,Seafood,Sub Seafood,High quality PureLife Seafood Item 1130,pcs,500g,349,241,60,8,A12,S01,L056,0642429563348,purelife_seafood_item_1130,ACTIVE
P1131,SKU-P1131,NatureBites Soft Drink 1.5L - Var 1131,NatureBites,Beverages,Sub Beverages,High quality NatureBites Soft Drink 1.5L - Var 1131,pcs,1.5L,392,262,110,15,A03,S03,L013,3244741759552,naturebites_soft_drink_1.5l_var_1131,ACTIVE
P1132,SKU-P1132,FreshFarms Orange 1kg - Var 1132,FreshFarms,Fruits,Sub Fruits,High quality FreshFarms Orange 1kg - Var 1132,pcs,1kg,1077,745,80,13,A09,S03,L043,8720962893657,freshfarms_orange_1kg_var_1132,ACTIVE
P1133,SKU-P1133,Glow Cheese 250g - Var 1133,Glow,Dairy,Sub Dairy,High quality Glow Cheese 250g - Var 1133,pcs,250g,1051,850,494,17,A01,S03,L003,4358841834374,glow_cheese_250g_var_1133,ACTIVE
P1134,SKU-P1134,NatureBites Laundry Detergent 1kg - Var 1134,NatureBites,Cleaning,Sub Cleaning,High quality NatureBites Laundry Detergent 1kg - Var 1134,pcs,1kg,619,448,453,17,A19,S01,L091,4018272795599,naturebites_laundry_detergent_1kg_var_1134,ACTIVE
P1135,SKU-P1135,FreshFarms Frozen Food Item 1135,FreshFarms,Frozen Food,Sub Frozen Food,High quality FreshFarms Frozen Food Item 1135,pcs,200g,564,364,412,19,A08,S02,L037,6905150267553,freshfarms_frozen_food_item_1135,ACTIVE
P1136,SKU-P1136,BrandB Baby Products Item 1136,BrandB,Baby Products,Sub Baby Products,High quality BrandB Baby Products Item 1136,pcs,200g,475,319,117,19,A15,S03,L073,1254278207978,brandb_baby_products_item_1136,ACTIVE
P1137,SKU-P1137,BrandA Baby Products Item 1137,BrandA,Baby Products,Sub Baby Products,High quality BrandA Baby Products Item 1137,pcs,200g,477,395,166,5,A15,S05,L075,9966734595766,branda_baby_products_item_1137,ACTIVE
P1138,SKU-P1138,Glow Breakfast Item 1138,Glow,Breakfast,Sub Breakfast,High quality Glow Breakfast Item 1138,pcs,100ml,470,317,400,14,A16,S03,L078,4038166496906,glow_breakfast_item_1138,ACTIVE
P1139,SKU-P1139,BrandA Meat Item 1139,BrandA,Meat,Sub Meat,High quality BrandA Meat Item 1139,pcs,500g,260,171,497,15,A11,S05,L055,2824983922504,branda_meat_item_1139,ACTIVE
P1140,SKU-P1140,HealthyO Floor Cleaner 1L - Var 1140,HealthyO,Cleaning,Sub Cleaning,High quality HealthyO Floor Cleaner 1L - Var 1140,pcs,1L,498,325,114,17,A19,S05,L095,1425762702327,healthyo_floor_cleaner_1l_var_1140,ACTIVE
P1141,SKU-P1141,FreshFarms Energy Drink 250ml - Var 1141,FreshFarms,Beverages,Sub Beverages,High quality FreshFarms Energy Drink 250ml - Var 1141,pcs,250ml,413,330,178,19,A03,S05,L015,4412336132854,freshfarms_energy_drink_250ml_var_1141,ACTIVE
P1142,SKU-P1142,BrandB Pet Food Item 1142,BrandB,Pet Food,Sub Pet Food,High quality BrandB Pet Food Item 1142,pcs,100g,636,445,100,6,A21,S03,L103,0725178637673,brandb_pet_food_item_1142,ACTIVE
P1143,SKU-P1143,BrandA Stationery Item 1143,BrandA,Stationery,Sub Stationery,High quality BrandA Stationery Item 1143,pcs,100g,283,135,155,11,A20,S04,L099,3162526546961,branda_stationery_item_1143,ACTIVE
P1144,SKU-P1144,NatureBites Frozen Food Item 1144,NatureBites,Frozen Food,Sub Frozen Food,High quality NatureBites Frozen Food Item 1144,pcs,100ml,273,129,275,5,A08,S03,L038,8157903923553,naturebites_frozen_food_item_1144,ACTIVE
P1145,SKU-P1145,CleanPlus Pasta Item 1145,CleanPlus,Pasta,Sub Pasta,High quality CleanPlus Pasta Item 1145,pcs,200g,239,156,284,18,A06,S03,L028,5809961327301,cleanplus_pasta_item_1145,ACTIVE
P1146,SKU-P1146,CleanPlus Breakfast Item 1146,CleanPlus,Breakfast,Sub Breakfast,High quality CleanPlus Breakfast Item 1146,pcs,100g,334,205,231,20,A16,S01,L076,3461562624467,cleanplus_breakfast_item_1146,ACTIVE
P1147,SKU-P1147,HealthyO Pasta Item 1147,HealthyO,Pasta,Sub Pasta,High quality HealthyO Pasta Item 1147,pcs,200g,524,357,151,11,A06,S05,L030,7046226817155,healthyo_pasta_item_1147,ACTIVE
P1148,SKU-P1148,BrandB Yogurt 80g - Var 1148,BrandB,Dairy,Sub Dairy,High quality BrandB Yogurt 80g - Var 1148,pcs,80g,147,75,423,12,A01,S02,L002,1602529867073,brandb_yogurt_80g_var_1148,ACTIVE
P1149,SKU-P1149,HealthyO Sauces Item 1149,HealthyO,Sauces,Sub Sauces,High quality HealthyO Sauces Item 1149,pcs,200ml,533,336,30,7,A17,S03,L083,6604641978571,healthyo_sauces_item_1149,ACTIVE
P1150,SKU-P1150,PureLife Onion 1kg - Var 1150,PureLife,Vegetables,Sub Vegetables,High quality PureLife Onion 1kg - Var 1150,pcs,1kg,378,225,431,10,A10,S04,L049,5851268612055,purelife_onion_1kg_var_1150,ACTIVE
P1151,SKU-P1151,HealthyO Soap 100g - Var 1151,HealthyO,Personal Care,Sub Personal Care,High quality HealthyO Soap 100g - Var 1151,pcs,100g,175,126,244,17,A14,S02,L067,9438976074014,healthyo_soap_100g_var_1151,ACTIVE
P1152,SKU-P1152,BrandB Pasta Item 1152,BrandB,Pasta,Sub Pasta,High quality BrandB Pasta Item 1152,pcs,200g,312,222,150,14,A06,S05,L030,7750954654080,brandb_pasta_item_1152,ACTIVE
P1153,SKU-P1153,CleanPlus Energy Drink 250ml - Var 1153,CleanPlus,Beverages,Sub Beverages,High quality CleanPlus Energy Drink 250ml - Var 1153,pcs,250ml,470,348,72,16,A03,S02,L012,4245607540917,cleanplus_energy_drink_250ml_var_1153,ACTIVE
P1154,SKU-P1154,CleanPlus Water 1L - Var 1154,CleanPlus,Beverages,Sub Beverages,High quality CleanPlus Water 1L - Var 1154,pcs,1L,101,88,139,11,A03,S01,L011,5086321812275,cleanplus_water_1l_var_1154,ACTIVE
P1155,SKU-P1155,DailyChoice Sauces Item 1155,DailyChoice,Sauces,Sub Sauces,High quality DailyChoice Sauces Item 1155,pcs,100g,595,427,205,15,A17,S01,L081,6457938970150,dailychoice_sauces_item_1155,ACTIVE
P1156,SKU-P1156,CleanPlus Household Item 1156,CleanPlus,Household,Sub Household,High quality CleanPlus Household Item 1156,pcs,100g,307,228,373,9,A13,S02,L062,5029168154665,cleanplus_household_item_1156,ACTIVE
P1157,SKU-P1157,DailyChoice Meat Item 1157,DailyChoice,Meat,Sub Meat,High quality DailyChoice Meat Item 1157,pcs,200g,332,142,346,12,A11,S04,L054,0241613944989,dailychoice_meat_item_1157,ACTIVE
P1158,SKU-P1158,DailyChoice Baby Products Item 1158,DailyChoice,Baby Products,Sub Baby Products,High quality DailyChoice Baby Products Item 1158,pcs,200g,241,187,320,8,A15,S02,L072,8305973642489,dailychoice_baby_products_item_1158,ACTIVE
P1159,SKU-P1159,BrandB Pasta Item 1159,BrandB,Pasta,Sub Pasta,High quality BrandB Pasta Item 1159,pcs,500ml,255,186,353,5,A06,S03,L028,0962440630622,brandb_pasta_item_1159,ACTIVE
P1160,SKU-P1160,Glow Grapes 500g - Var 1160,Glow,Fruits,Sub Fruits,High quality Glow Grapes 500g - Var 1160,pcs,500g,927,611,375,6,A09,S02,L042,4479513305319,glow_grapes_500g_var_1160,ACTIVE
P1161,SKU-P1161,DailyChoice Spices Item 1161,DailyChoice,Spices,Sub Spices,High quality DailyChoice Spices Item 1161,pcs,500g,608,425,338,8,A18,S02,L087,9497969586781,dailychoice_spices_item_1161,ACTIVE
P1162,SKU-P1162,DailyChoice Household Item 1162,DailyChoice,Household,Sub Household,High quality DailyChoice Household Item 1162,pcs,100g,270,124,402,11,A13,S03,L063,0555572773826,dailychoice_household_item_1162,ACTIVE
P1163,SKU-P1163,FreshFarms Frozen Food Item 1163,FreshFarms,Frozen Food,Sub Frozen Food,High quality FreshFarms Frozen Food Item 1163,pcs,100g,265,108,24,5,A08,S03,L038,6460917851388,freshfarms_frozen_food_item_1163,ACTIVE
P1164,SKU-P1164,BrandB Meat Item 1164,BrandB,Meat,Sub Meat,High quality BrandB Meat Item 1164,pcs,100g,532,440,380,10,A11,S02,L052,5445770299295,brandb_meat_item_1164,ACTIVE
P1165,SKU-P1165,Glow Bread 500g - Var 1165,Glow,Bakery,Sub Bakery,High quality Glow Bread 500g - Var 1165,pcs,500g,271,170,330,11,A02,S04,L009,5966048736828,glow_bread_500g_var_1165,ACTIVE
P1166,SKU-P1166,NatureBites Stationery Item 1166,NatureBites,Stationery,Sub Stationery,High quality NatureBites Stationery Item 1166,pcs,200ml,270,161,119,8,A20,S02,L097,6911633194223,naturebites_stationery_item_1166,ACTIVE
P1167,SKU-P1167,BrandC Seafood Item 1167,BrandC,Seafood,Sub Seafood,High quality BrandC Seafood Item 1167,pcs,100ml,564,434,16,17,A12,S03,L058,6865369455151,brandc_seafood_item_1167,ACTIVE
P1168,SKU-P1168,FreshFarms Canned Food Item 1168,FreshFarms,Canned Food,Sub Canned Food,High quality FreshFarms Canned Food Item 1168,pcs,100ml,576,432,32,7,A07,S04,L034,8886367747220,freshfarms_canned_food_item_1168,ACTIVE
P1169,SKU-P1169,PureLife Canned Food Item 1169,PureLife,Canned Food,Sub Canned Food,High quality PureLife Canned Food Item 1169,pcs,500ml,339,152,415,10,A07,S04,L034,6408572169660,purelife_canned_food_item_1169,ACTIVE
P1170,SKU-P1170,CleanPlus Orange 1kg - Var 1170,CleanPlus,Fruits,Sub Fruits,High quality CleanPlus Orange 1kg - Var 1170,pcs,1kg,1098,743,365,9,A09,S01,L041,6309329981996,cleanplus_orange_1kg_var_1170,ACTIVE
P1171,SKU-P1171,Glow Meat Item 1171,Glow,Meat,Sub Meat,High quality Glow Meat Item 1171,pcs,500ml,269,134,19,19,A11,S02,L052,6059329715090,glow_meat_item_1171,ACTIVE
P1172,SKU-P1172,FreshFarms Household Item 1172,FreshFarms,Household,Sub Household,High quality FreshFarms Household Item 1172,pcs,500g,274,219,325,8,A13,S05,L065,6883275327355,freshfarms_household_item_1172,ACTIVE
P1173,SKU-P1173,FreshFarms Tomato 500g - Var 1173,FreshFarms,Vegetables,Sub Vegetables,High quality FreshFarms Tomato 500g - Var 1173,pcs,500g,260,189,40,9,A10,S02,L047,2410397739731,freshfarms_tomato_500g_var_1173,ACTIVE
P1174,SKU-P1174,PureLife Seafood Item 1174,PureLife,Seafood,Sub Seafood,High quality PureLife Seafood Item 1174,pcs,100g,394,292,338,6,A12,S04,L059,2781952371001,purelife_seafood_item_1174,ACTIVE
P1175,SKU-P1175,DailyChoice Frozen Food Item 1175,DailyChoice,Frozen Food,Sub Frozen Food,High quality DailyChoice Frozen Food Item 1175,pcs,500ml,289,168,172,6,A08,S05,L040,6876164819802,dailychoice_frozen_food_item_1175,ACTIVE
P1176,SKU-P1176,PureLife Sauces Item 1176,PureLife,Sauces,Sub Sauces,High quality PureLife Sauces Item 1176,pcs,100g,609,475,185,12,A17,S04,L084,7704605687613,purelife_sauces_item_1176,ACTIVE
P1177,SKU-P1177,BrandA Canned Food Item 1177,BrandA,Canned Food,Sub Canned Food,High quality BrandA Canned Food Item 1177,pcs,500g,557,451,321,17,A07,S05,L035,1249125652377,branda_canned_food_item_1177,ACTIVE
P1178,SKU-P1178,BrandC Sauces Item 1178,BrandC,Sauces,Sub Sauces,High quality BrandC Sauces Item 1178,pcs,200g,308,133,45,11,A17,S03,L083,3415177345477,brandc_sauces_item_1178,ACTIVE
P1179,SKU-P1179,BrandC Buns 4pcs - Var 1179,BrandC,Bakery,Sub Bakery,High quality BrandC Buns 4pcs - Var 1179,pcs,4pcs,182,125,313,11,A02,S02,L007,5749490228406,brandc_buns_4pcs_var_1179,ACTIVE
P1180,SKU-P1180,BrandB Frozen Food Item 1180,BrandB,Frozen Food,Sub Frozen Food,High quality BrandB Frozen Food Item 1180,pcs,200ml,351,259,379,11,A08,S05,L040,3595442947749,brandb_frozen_food_item_1180,ACTIVE
P1181,SKU-P1181,BrandC Frozen Food Item 1181,BrandC,Frozen Food,Sub Frozen Food,High quality BrandC Frozen Food Item 1181,pcs,500g,378,255,305,19,A08,S04,L039,2229464303948,brandc_frozen_food_item_1181,ACTIVE
P1182,SKU-P1182,PureLife Pet Food Item 1182,PureLife,Pet Food,Sub Pet Food,High quality PureLife Pet Food Item 1182,pcs,200g,435,284,203,10,A21,S02,L102,2904588679253,purelife_pet_food_item_1182,ACTIVE
P1183,SKU-P1183,CleanPlus Breakfast Item 1183,CleanPlus,Breakfast,Sub Breakfast,High quality CleanPlus Breakfast Item 1183,pcs,500ml,578,489,429,20,A16,S04,L079,2985856728729,cleanplus_breakfast_item_1183,ACTIVE
P1184,SKU-P1184,BrandB Yogurt 80g - Var 1184,BrandB,Dairy,Sub Dairy,High quality BrandB Yogurt 80g - Var 1184,pcs,80g,108,98,314,9,A01,S04,L004,7601534332495,brandb_yogurt_80g_var_1184,ACTIVE
P1185,SKU-P1185,PureLife Spices Item 1185,PureLife,Spices,Sub Spices,High quality PureLife Spices Item 1185,pcs,200ml,422,256,155,17,A18,S02,L087,1357790833509,purelife_spices_item_1185,ACTIVE
P1186,SKU-P1186,DailyChoice Spices Item 1186,DailyChoice,Spices,Sub Spices,High quality DailyChoice Spices Item 1186,pcs,100ml,339,169,110,9,A18,S05,L090,6158148881075,dailychoice_spices_item_1186,ACTIVE
P1187,SKU-P1187,BrandA Canned Food Item 1187,BrandA,Canned Food,Sub Canned Food,High quality BrandA Canned Food Item 1187,pcs,500ml,504,351,483,18,A07,S01,L031,9833423372093,branda_canned_food_item_1187,ACTIVE
P1188,SKU-P1188,CleanPlus Household Item 1188,CleanPlus,Household,Sub Household,High quality CleanPlus Household Item 1188,pcs,200ml,628,428,46,18,A13,S03,L063,4841312840337,cleanplus_household_item_1188,ACTIVE
P1189,SKU-P1189,HealthyO Cake 1kg - Var 1189,HealthyO,Bakery,Sub Bakery,High quality HealthyO Cake 1kg - Var 1189,pcs,1kg,1624,1210,400,18,A02,S01,L006,3997718051370,healthyo_cake_1kg_var_1189,ACTIVE
P1190,SKU-P1190,Glow Grapes 500g - Var 1190,Glow,Fruits,Sub Fruits,High quality Glow Grapes 500g - Var 1190,pcs,500g,907,644,343,17,A09,S03,L043,1717318939746,glow_grapes_500g_var_1190,ACTIVE
P1191,SKU-P1191,DailyChoice Soap 100g - Var 1191,DailyChoice,Personal Care,Sub Personal Care,High quality DailyChoice Soap 100g - Var 1191,pcs,100g,166,82,333,5,A14,S02,L067,9096173997040,dailychoice_soap_100g_var_1191,ACTIVE
P1192,SKU-P1192,PureLife Pet Food Item 1192,PureLife,Pet Food,Sub Pet Food,High quality PureLife Pet Food Item 1192,pcs,500ml,535,448,140,12,A21,S02,L102,6947258784440,purelife_pet_food_item_1192,ACTIVE
P1193,SKU-P1193,BrandC Stationery Item 1193,BrandC,Stationery,Sub Stationery,High quality BrandC Stationery Item 1193,pcs,100g,567,494,339,17,A20,S05,L100,8354884712705,brandc_stationery_item_1193,ACTIVE
P1194,SKU-P1194,BrandB Household Item 1194,BrandB,Household,Sub Household,High quality BrandB Household Item 1194,pcs,500g,408,316,434,18,A13,S05,L065,5877221641757,brandb_household_item_1194,ACTIVE
P1195,SKU-P1195,HealthyO Grapes 500g - Var 1195,HealthyO,Fruits,Sub Fruits,High quality HealthyO Grapes 500g - Var 1195,pcs,500g,993,619,220,7,A09,S03,L043,8231334845872,healthyo_grapes_500g_var_1195,ACTIVE
P1196,SKU-P1196,BrandC Chocolate 100g - Var 1196,BrandC,Snacks,Sub Snacks,High quality BrandC Chocolate 100g - Var 1196,pcs,100g,445,267,117,17,A04,S05,L020,1493925236224,brandc_chocolate_100g_var_1196,ACTIVE
P1197,SKU-P1197,DailyChoice Potato 1kg - Var 1197,DailyChoice,Vegetables,Sub Vegetables,High quality DailyChoice Potato 1kg - Var 1197,pcs,1kg,212,150,45,18,A10,S01,L046,9258796434740,dailychoice_potato_1kg_var_1197,ACTIVE
P1198,SKU-P1198,PureLife Sauces Item 1198,PureLife,Sauces,Sub Sauces,High quality PureLife Sauces Item 1198,pcs,500ml,282,187,201,10,A17,S04,L084,5245557469664,purelife_sauces_item_1198,ACTIVE
P1199,SKU-P1199,BrandC Dhal 1kg - Var 1199,BrandC,Rice & Grains,Sub Rice & Grains,High quality BrandC Dhal 1kg - Var 1199,pcs,1kg,364,282,240,11,A05,S02,L022,0606527403340,brandc_dhal_1kg_var_1199,ACTIVE
P1200,SKU-P1200,BrandA Pasta Item 1200,BrandA,Pasta,Sub Pasta,High quality BrandA Pasta Item 1200,pcs,500g,587,488,142,18,A06,S02,L027,4505665883396,branda_pasta_item_1200,ACTIVE
P1201,SKU-P1201,BrandB Baby Products Item 1201,BrandB,Baby Products,Sub Baby Products,High quality BrandB Baby Products Item 1201,pcs,500g,265,140,53,17,A15,S05,L075,8741132579706,brandb_baby_products_item_1201,ACTIVE
P1202,SKU-P1202,Glow Biscuits 200g - Var 1202,Glow,Snacks,Sub Snacks,High quality Glow Biscuits 200g - Var 1202,pcs,200g,224,101,130,20,A04,S03,L018,6734996010548,glow_biscuits_200g_var_1202,ACTIVE
P1203,SKU-P1203,BrandA Breakfast Item 1203,BrandA,Breakfast,Sub Breakfast,High quality BrandA Breakfast Item 1203,pcs,100ml,535,484,350,6,A16,S01,L076,8574172156220,branda_breakfast_item_1203,ACTIVE
P1204,SKU-P1204,CleanPlus Biscuits 200g - Var 1204,CleanPlus,Snacks,Sub Snacks,High quality CleanPlus Biscuits 200g - Var 1204,pcs,200g,216,138,399,13,A04,S02,L017,9493817359842,cleanplus_biscuits_200g_var_1204,ACTIVE
P1205,SKU-P1205,Glow Breakfast Item 1205,Glow,Breakfast,Sub Breakfast,High quality Glow Breakfast Item 1205,pcs,500ml,416,272,359,15,A16,S04,L079,8840215573256,glow_breakfast_item_1205,ACTIVE
P1206,SKU-P1206,Glow Meat Item 1206,Glow,Meat,Sub Meat,High quality Glow Meat Item 1206,pcs,500ml,357,293,192,15,A11,S02,L052,7375534490218,glow_meat_item_1206,ACTIVE
P1207,SKU-P1207,CleanPlus Nuts 100g - Var 1207,CleanPlus,Snacks,Sub Snacks,High quality CleanPlus Nuts 100g - Var 1207,pcs,100g,617,446,23,8,A04,S01,L016,6667080850969,cleanplus_nuts_100g_var_1207,ACTIVE
P1208,SKU-P1208,FreshFarms Sauces Item 1208,FreshFarms,Sauces,Sub Sauces,High quality FreshFarms Sauces Item 1208,pcs,200ml,587,416,273,18,A17,S03,L083,0858749511918,freshfarms_sauces_item_1208,ACTIVE
P1209,SKU-P1209,Glow Canned Food Item 1209,Glow,Canned Food,Sub Canned Food,High quality Glow Canned Food Item 1209,pcs,100ml,256,123,357,19,A07,S01,L031,8182819793167,glow_canned_food_item_1209,ACTIVE
P1210,SKU-P1210,DailyChoice Frozen Food Item 1210,DailyChoice,Frozen Food,Sub Frozen Food,High quality DailyChoice Frozen Food Item 1210,pcs,200g,437,278,490,20,A08,S05,L040,4772512957863,dailychoice_frozen_food_item_1210,ACTIVE
P1211,SKU-P1211,HealthyO Chocolate 100g - Var 1211,HealthyO,Snacks,Sub Snacks,High quality HealthyO Chocolate 100g - Var 1211,pcs,100g,441,262,83,6,A04,S04,L019,0694096003566,healthyo_chocolate_100g_var_1211,ACTIVE
P1212,SKU-P1212,PureLife Basmati Rice 1kg - Var 1212,PureLife,Rice & Grains,Sub Rice & Grains,High quality PureLife Basmati Rice 1kg - Var 1212,pcs,1kg,870,643,457,19,A05,S04,L024,2439587395922,purelife_basmati_rice_1kg_var_1212,ACTIVE
P1213,SKU-P1213,BrandB Pasta Item 1213,BrandB,Pasta,Sub Pasta,High quality BrandB Pasta Item 1213,pcs,200g,328,224,97,7,A06,S04,L029,3234210890282,brandb_pasta_item_1213,ACTIVE
P1214,SKU-P1214,BrandC Biscuits 200g - Var 1214,BrandC,Snacks,Sub Snacks,High quality BrandC Biscuits 200g - Var 1214,pcs,200g,199,120,402,13,A04,S04,L019,5155333426432,brandc_biscuits_200g_var_1214,ACTIVE
P1215,SKU-P1215,DailyChoice Frozen Food Item 1215,DailyChoice,Frozen Food,Sub Frozen Food,High quality DailyChoice Frozen Food Item 1215,pcs,500g,524,440,482,20,A08,S03,L038,3502716073608,dailychoice_frozen_food_item_1215,ACTIVE
P1216,SKU-P1216,HealthyO Juice 1L - Var 1216,HealthyO,Beverages,Sub Beverages,High quality HealthyO Juice 1L - Var 1216,pcs,1L,576,449,43,15,A03,S03,L013,7763369112892,healthyo_juice_1l_var_1216,ACTIVE
P1217,SKU-P1217,NatureBites Household Item 1217,NatureBites,Household,Sub Household,High quality NatureBites Household Item 1217,pcs,200g,330,214,69,14,A13,S04,L064,8123179556337,naturebites_household_item_1217,ACTIVE
P1218,SKU-P1218,Glow Soft Drink 1.5L - Var 1218,Glow,Beverages,Sub Beverages,High quality Glow Soft Drink 1.5L - Var 1218,pcs,1.5L,425,297,489,11,A03,S01,L011,1857481700665,glow_soft_drink_1.5l_var_1218,ACTIVE
P1219,SKU-P1219,BrandC Chocolate 100g - Var 1219,BrandC,Snacks,Sub Snacks,High quality BrandC Chocolate 100g - Var 1219,pcs,100g,398,270,305,5,A04,S05,L020,6155416431673,brandc_chocolate_100g_var_1219,ACTIVE
P1220,SKU-P1220,CleanPlus Potato 1kg - Var 1220,CleanPlus,Vegetables,Sub Vegetables,High quality CleanPlus Potato 1kg - Var 1220,pcs,1kg,240,177,404,16,A10,S01,L046,0450232902823,cleanplus_potato_1kg_var_1220,ACTIVE
P1221,SKU-P1221,BrandB Red Rice 1kg - Var 1221,BrandB,Rice & Grains,Sub Rice & Grains,High quality BrandB Red Rice 1kg - Var 1221,pcs,1kg,221,175,285,19,A05,S05,L025,2700934596263,brandb_red_rice_1kg_var_1221,ACTIVE
P1222,SKU-P1222,PureLife Meat Item 1222,PureLife,Meat,Sub Meat,High quality PureLife Meat Item 1222,pcs,100ml,614,448,85,14,A11,S02,L052,2282251207348,purelife_meat_item_1222,ACTIVE
P1223,SKU-P1223,PureLife White Rice 1kg - Var 1223,PureLife,Rice & Grains,Sub Rice & Grains,High quality PureLife White Rice 1kg - Var 1223,pcs,1kg,288,172,73,13,A05,S01,L021,6549500507021,purelife_white_rice_1kg_var_1223,ACTIVE
P1224,SKU-P1224,FreshFarms Floor Cleaner 1L - Var 1224,FreshFarms,Cleaning,Sub Cleaning,High quality FreshFarms Floor Cleaner 1L - Var 1224,pcs,1L,487,331,370,17,A19,S04,L094,6086982210532,freshfarms_floor_cleaner_1l_var_1224,ACTIVE
P1225,SKU-P1225,FreshFarms Buns 4pcs - Var 1225,FreshFarms,Bakery,Sub Bakery,High quality FreshFarms Buns 4pcs - Var 1225,pcs,4pcs,188,166,368,6,A02,S03,L008,1611776872907,freshfarms_buns_4pcs_var_1225,ACTIVE
P1226,SKU-P1226,CleanPlus Pasta Item 1226,CleanPlus,Pasta,Sub Pasta,High quality CleanPlus Pasta Item 1226,pcs,200g,301,111,210,15,A06,S04,L029,4774258591776,cleanplus_pasta_item_1226,ACTIVE
P1227,SKU-P1227,CleanPlus Toothpaste 120g - Var 1227,CleanPlus,Personal Care,Sub Personal Care,High quality CleanPlus Toothpaste 120g - Var 1227,pcs,120g,209,175,280,14,A14,S04,L069,9323822311644,cleanplus_toothpaste_120g_var_1227,ACTIVE
P1228,SKU-P1228,BrandB Tomato 500g - Var 1228,BrandB,Vegetables,Sub Vegetables,High quality BrandB Tomato 500g - Var 1228,pcs,500g,291,158,395,6,A10,S02,L047,9133424579881,brandb_tomato_500g_var_1228,ACTIVE
P1229,SKU-P1229,HealthyO Potato 1kg - Var 1229,HealthyO,Vegetables,Sub Vegetables,High quality HealthyO Potato 1kg - Var 1229,pcs,1kg,256,158,366,20,A10,S04,L049,9425652906035,healthyo_potato_1kg_var_1229,ACTIVE
P1230,SKU-P1230,FreshFarms Potato 1kg - Var 1230,FreshFarms,Vegetables,Sub Vegetables,High quality FreshFarms Potato 1kg - Var 1230,pcs,1kg,225,197,386,5,A10,S02,L047,2020326509771,freshfarms_potato_1kg_var_1230,ACTIVE
P1231,SKU-P1231,BrandB Seafood Item 1231,BrandB,Seafood,Sub Seafood,High quality BrandB Seafood Item 1231,pcs,500g,451,292,357,10,A12,S05,L060,5396737948711,brandb_seafood_item_1231,ACTIVE
P1232,SKU-P1232,DailyChoice Croissant 2pcs - Var 1232,DailyChoice,Bakery,Sub Bakery,High quality DailyChoice Croissant 2pcs - Var 1232,pcs,2pcs,306,211,70,15,A02,S01,L006,4855245787157,dailychoice_croissant_2pcs_var_1232,ACTIVE
P1233,SKU-P1233,CleanPlus Dishwashing Liquid 500ml - Var 1233,CleanPlus,Cleaning,Sub Cleaning,High quality CleanPlus Dishwashing Liquid 500ml - Var 1233,pcs,500ml,284,215,70,12,A19,S04,L094,8415608213714,cleanplus_dishwashing_liquid_500ml_var_1233,ACTIVE
P1234,SKU-P1234,PureLife Household Item 1234,PureLife,Household,Sub Household,High quality PureLife Household Item 1234,pcs,500g,580,434,407,7,A13,S04,L064,1842547681828,purelife_household_item_1234,ACTIVE
P1235,SKU-P1235,PureLife Baby Products Item 1235,PureLife,Baby Products,Sub Baby Products,High quality PureLife Baby Products Item 1235,pcs,500ml,340,288,71,8,A15,S04,L074,6832303589296,purelife_baby_products_item_1235,ACTIVE
P1236,SKU-P1236,NatureBites Energy Drink 250ml - Var 1236,NatureBites,Beverages,Sub Beverages,High quality NatureBites Energy Drink 250ml - Var 1236,pcs,250ml,402,314,310,20,A03,S01,L011,8808583825216,naturebites_energy_drink_250ml_var_1236,ACTIVE
P1237,SKU-P1237,CleanPlus Banana 1kg - Var 1237,CleanPlus,Fruits,Sub Fruits,High quality CleanPlus Banana 1kg - Var 1237,pcs,1kg,282,180,369,18,A09,S01,L041,2932896340640,cleanplus_banana_1kg_var_1237,ACTIVE
P1238,SKU-P1238,BrandB Potato 1kg - Var 1238,BrandB,Vegetables,Sub Vegetables,High quality BrandB Potato 1kg - Var 1238,pcs,1kg,208,170,375,10,A10,S05,L050,6867752401486,brandb_potato_1kg_var_1238,ACTIVE
P1239,SKU-P1239,CleanPlus Household Item 1239,CleanPlus,Household,Sub Household,High quality CleanPlus Household Item 1239,pcs,500ml,314,132,438,8,A13,S01,L061,4399106227234,cleanplus_household_item_1239,ACTIVE
P1240,SKU-P1240,BrandC Canned Food Item 1240,BrandC,Canned Food,Sub Canned Food,High quality BrandC Canned Food Item 1240,pcs,500g,294,102,238,15,A07,S01,L031,6266933513428,brandc_canned_food_item_1240,ACTIVE
P1241,SKU-P1241,HealthyO Potato Chips 50g - Var 1241,HealthyO,Snacks,Sub Snacks,High quality HealthyO Potato Chips 50g - Var 1241,pcs,50g,283,163,92,7,A04,S01,L016,6192372450188,healthyo_potato_chips_50g_var_1241,ACTIVE
P1242,SKU-P1242,BrandA Spices Item 1242,BrandA,Spices,Sub Spices,High quality BrandA Spices Item 1242,pcs,100g,485,359,196,10,A18,S03,L088,4819737418974,branda_spices_item_1242,ACTIVE
P1243,SKU-P1243,PureLife Soap 100g - Var 1243,PureLife,Personal Care,Sub Personal Care,High quality PureLife Soap 100g - Var 1243,pcs,100g,186,82,473,14,A14,S01,L066,2154064176923,purelife_soap_100g_var_1243,ACTIVE
P1244,SKU-P1244,BrandC Spices Item 1244,BrandC,Spices,Sub Spices,High quality BrandC Spices Item 1244,pcs,500ml,585,455,277,16,A18,S04,L089,7438119953765,brandc_spices_item_1244,ACTIVE
P1245,SKU-P1245,NatureBites Stationery Item 1245,NatureBites,Stationery,Sub Stationery,High quality NatureBites Stationery Item 1245,pcs,100g,500,439,131,6,A20,S05,L100,6014448564516,naturebites_stationery_item_1245,ACTIVE
P1246,SKU-P1246,PureLife Canned Food Item 1246,PureLife,Canned Food,Sub Canned Food,High quality PureLife Canned Food Item 1246,pcs,100g,599,408,120,16,A07,S02,L032,0173973964171,purelife_canned_food_item_1246,ACTIVE
P1247,SKU-P1247,BrandB Grapes 500g - Var 1247,BrandB,Fruits,Sub Fruits,High quality BrandB Grapes 500g - Var 1247,pcs,500g,932,635,143,17,A09,S02,L042,8996986091915,brandb_grapes_500g_var_1247,ACTIVE
P1248,SKU-P1248,CleanPlus Pet Food Item 1248,CleanPlus,Pet Food,Sub Pet Food,High quality CleanPlus Pet Food Item 1248,pcs,200g,388,230,491,9,A21,S02,L102,9113599660577,cleanplus_pet_food_item_1248,ACTIVE
P1249,SKU-P1249,BrandB Spices Item 1249,BrandB,Spices,Sub Spices,High quality BrandB Spices Item 1249,pcs,500ml,523,424,375,16,A18,S02,L087,7980660392055,brandb_spices_item_1249,ACTIVE
P1250,SKU-P1250,BrandC Floor Cleaner 1L - Var 1250,BrandC,Cleaning,Sub Cleaning,High quality BrandC Floor Cleaner 1L - Var 1250,pcs,1L,469,326,171,18,A19,S05,L095,1460745553473,brandc_floor_cleaner_1l_var_1250,ACTIVE
P1251,SKU-P1251,HealthyO Household Item 1251,HealthyO,Household,Sub Household,High quality HealthyO Household Item 1251,pcs,100g,319,238,282,8,A13,S01,L061,0574238856529,healthyo_household_item_1251,ACTIVE
P1252,SKU-P1252,BrandB Spices Item 1252,BrandB,Spices,Sub Spices,High quality BrandB Spices Item 1252,pcs,200g,420,285,408,13,A18,S04,L089,7155983541163,brandb_spices_item_1252,ACTIVE
P1253,SKU-P1253,BrandA White Rice 1kg - Var 1253,BrandA,Rice & Grains,Sub Rice & Grains,High quality BrandA White Rice 1kg - Var 1253,pcs,1kg,248,146,123,17,A05,S02,L022,5972634755753,branda_white_rice_1kg_var_1253,ACTIVE
P1254,SKU-P1254,NatureBites Potato Chips 50g - Var 1254,NatureBites,Snacks,Sub Snacks,High quality NatureBites Potato Chips 50g - Var 1254,pcs,50g,239,196,311,20,A04,S01,L016,2250139488486,naturebites_potato_chips_50g_var_1254,ACTIVE
P1255,SKU-P1255,HealthyO Chocolate 100g - Var 1255,HealthyO,Snacks,Sub Snacks,High quality HealthyO Chocolate 100g - Var 1255,pcs,100g,420,268,148,8,A04,S05,L020,8269131196422,healthyo_chocolate_100g_var_1255,ACTIVE
P1256,SKU-P1256,CleanPlus Croissant 2pcs - Var 1256,CleanPlus,Bakery,Sub Bakery,High quality CleanPlus Croissant 2pcs - Var 1256,pcs,2pcs,344,211,422,17,A02,S02,L007,5856261499153,cleanplus_croissant_2pcs_var_1256,ACTIVE
P1257,SKU-P1257,BrandC Breakfast Item 1257,BrandC,Breakfast,Sub Breakfast,High quality BrandC Breakfast Item 1257,pcs,200g,632,451,375,9,A16,S05,L080,3703824073331,brandc_breakfast_item_1257,ACTIVE
P1258,SKU-P1258,HealthyO Dhal 1kg - Var 1258,HealthyO,Rice & Grains,Sub Rice & Grains,High quality HealthyO Dhal 1kg - Var 1258,pcs,1kg,384,297,37,16,A05,S02,L022,3732043097767,healthyo_dhal_1kg_var_1258,ACTIVE
P1259,SKU-P1259,CleanPlus Frozen Food Item 1259,CleanPlus,Frozen Food,Sub Frozen Food,High quality CleanPlus Frozen Food Item 1259,pcs,500ml,355,193,191,19,A08,S05,L040,8893628969642,cleanplus_frozen_food_item_1259,ACTIVE
P1260,SKU-P1260,PureLife Sauces Item 1260,PureLife,Sauces,Sub Sauces,High quality PureLife Sauces Item 1260,pcs,200g,328,256,495,14,A17,S03,L083,5465535851254,purelife_sauces_item_1260,ACTIVE
P1261,SKU-P1261,BrandB Shampoo 200ml - Var 1261,BrandB,Personal Care,Sub Personal Care,High quality BrandB Shampoo 200ml - Var 1261,pcs,200ml,543,304,132,7,A14,S03,L068,3892187851936,brandb_shampoo_200ml_var_1261,ACTIVE
P1262,SKU-P1262,BrandA Pasta Item 1262,BrandA,Pasta,Sub Pasta,High quality BrandA Pasta Item 1262,pcs,100ml,559,383,423,5,A06,S05,L030,5837490797791,branda_pasta_item_1262,ACTIVE
P1263,SKU-P1263,DailyChoice Soap 100g - Var 1263,DailyChoice,Personal Care,Sub Personal Care,High quality DailyChoice Soap 100g - Var 1263,pcs,100g,185,111,360,8,A14,S05,L070,6120878057211,dailychoice_soap_100g_var_1263,ACTIVE
P1264,SKU-P1264,HealthyO Household Item 1264,HealthyO,Household,Sub Household,High quality HealthyO Household Item 1264,pcs,100g,623,465,369,16,A13,S01,L061,5149409762630,healthyo_household_item_1264,ACTIVE
P1265,SKU-P1265,HealthyO Frozen Food Item 1265,HealthyO,Frozen Food,Sub Frozen Food,High quality HealthyO Frozen Food Item 1265,pcs,100ml,370,186,472,12,A08,S05,L040,7484539862897,healthyo_frozen_food_item_1265,ACTIVE
P1266,SKU-P1266,Glow Pasta Item 1266,Glow,Pasta,Sub Pasta,High quality Glow Pasta Item 1266,pcs,100ml,284,126,263,17,A06,S01,L026,5090591191862,glow_pasta_item_1266,ACTIVE
P1267,SKU-P1267,BrandB Pasta Item 1267,BrandB,Pasta,Sub Pasta,High quality BrandB Pasta Item 1267,pcs,200g,456,376,158,14,A06,S03,L028,2339220715110,brandb_pasta_item_1267,ACTIVE
P1268,SKU-P1268,PureLife Breakfast Item 1268,PureLife,Breakfast,Sub Breakfast,High quality PureLife Breakfast Item 1268,pcs,100g,672,477,211,11,A16,S03,L078,6966672521455,purelife_breakfast_item_1268,ACTIVE
P1269,SKU-P1269,DailyChoice Carrot 500g - Var 1269,DailyChoice,Vegetables,Sub Vegetables,High quality DailyChoice Carrot 500g - Var 1269,pcs,500g,212,139,39,16,A10,S05,L050,2647124633516,dailychoice_carrot_500g_var_1269,ACTIVE
P1270,SKU-P1270,Glow Yogurt 80g - Var 1270,Glow,Dairy,Sub Dairy,High quality Glow Yogurt 80g - Var 1270,pcs,80g,115,69,64,5,A01,S05,L005,5718409080510,glow_yogurt_80g_var_1270,ACTIVE
P1271,SKU-P1271,CleanPlus Seafood Item 1271,CleanPlus,Seafood,Sub Seafood,High quality CleanPlus Seafood Item 1271,pcs,200g,311,151,261,11,A12,S02,L057,2080056409956,cleanplus_seafood_item_1271,ACTIVE
P1272,SKU-P1272,CleanPlus Juice 1L - Var 1272,CleanPlus,Beverages,Sub Beverages,High quality CleanPlus Juice 1L - Var 1272,pcs,1L,562,407,13,9,A03,S05,L015,1239728351296,cleanplus_juice_1l_var_1272,ACTIVE
P1273,SKU-P1273,CleanPlus Grapes 500g - Var 1273,CleanPlus,Fruits,Sub Fruits,High quality CleanPlus Grapes 500g - Var 1273,pcs,500g,938,623,196,18,A09,S02,L042,5927282709085,cleanplus_grapes_500g_var_1273,ACTIVE
P1274,SKU-P1274,PureLife Pasta Item 1274,PureLife,Pasta,Sub Pasta,High quality PureLife Pasta Item 1274,pcs,100ml,598,436,92,9,A06,S05,L030,1441529821735,purelife_pasta_item_1274,ACTIVE
P1275,SKU-P1275,BrandA Seafood Item 1275,BrandA,Seafood,Sub Seafood,High quality BrandA Seafood Item 1275,pcs,200g,254,156,155,6,A12,S04,L059,9295786718152,branda_seafood_item_1275,ACTIVE
P1276,SKU-P1276,Glow Dhal 1kg - Var 1276,Glow,Rice & Grains,Sub Rice & Grains,High quality Glow Dhal 1kg - Var 1276,pcs,1kg,370,252,351,11,A05,S04,L024,3523736050790,glow_dhal_1kg_var_1276,ACTIVE
P1277,SKU-P1277,BrandB Breakfast Item 1277,BrandB,Breakfast,Sub Breakfast,High quality BrandB Breakfast Item 1277,pcs,200ml,557,381,419,9,A16,S03,L078,1815899886838,brandb_breakfast_item_1277,ACTIVE
P1278,SKU-P1278,NatureBites Meat Item 1278,NatureBites,Meat,Sub Meat,High quality NatureBites Meat Item 1278,pcs,500ml,245,167,500,8,A11,S04,L054,4527346666173,naturebites_meat_item_1278,ACTIVE
P1279,SKU-P1279,Glow Butter 200g - Var 1279,Glow,Dairy,Sub Dairy,High quality Glow Butter 200g - Var 1279,pcs,200g,751,632,402,12,A01,S02,L002,0715879647408,glow_butter_200g_var_1279,ACTIVE
P1280,SKU-P1280,HealthyO Cake 1kg - Var 1280,HealthyO,Bakery,Sub Bakery,High quality HealthyO Cake 1kg - Var 1280,pcs,1kg,1601,1247,232,20,A02,S03,L008,8031499825081,healthyo_cake_1kg_var_1280,ACTIVE
P1281,SKU-P1281,BrandB Tomato 500g - Var 1281,BrandB,Vegetables,Sub Vegetables,High quality BrandB Tomato 500g - Var 1281,pcs,500g,304,198,136,9,A10,S03,L048,0046358068828,brandb_tomato_500g_var_1281,ACTIVE
P1282,SKU-P1282,FreshFarms Sauces Item 1282,FreshFarms,Sauces,Sub Sauces,High quality FreshFarms Sauces Item 1282,pcs,200g,347,234,351,18,A17,S02,L082,8503172351373,freshfarms_sauces_item_1282,ACTIVE
P1283,SKU-P1283,BrandB Canned Food Item 1283,BrandB,Canned Food,Sub Canned Food,High quality BrandB Canned Food Item 1283,pcs,500g,284,196,127,8,A07,S04,L034,3990063140355,brandb_canned_food_item_1283,ACTIVE
P1284,SKU-P1284,PureLife Basmati Rice 1kg - Var 1284,PureLife,Rice & Grains,Sub Rice & Grains,High quality PureLife Basmati Rice 1kg - Var 1284,pcs,1kg,818,612,228,5,A05,S04,L024,2635602293949,purelife_basmati_rice_1kg_var_1284,ACTIVE
P1285,SKU-P1285,BrandB Stationery Item 1285,BrandB,Stationery,Sub Stationery,High quality BrandB Stationery Item 1285,pcs,100ml,492,308,166,12,A20,S02,L097,6943460666437,brandb_stationery_item_1285,ACTIVE
P1286,SKU-P1286,CleanPlus Frozen Food Item 1286,CleanPlus,Frozen Food,Sub Frozen Food,High quality CleanPlus Frozen Food Item 1286,pcs,200g,520,361,339,6,A08,S03,L038,7490607231113,cleanplus_frozen_food_item_1286,ACTIVE
P1287,SKU-P1287,Glow Onion 1kg - Var 1287,Glow,Vegetables,Sub Vegetables,High quality Glow Onion 1kg - Var 1287,pcs,1kg,344,217,374,18,A10,S01,L046,2712852464845,glow_onion_1kg_var_1287,ACTIVE
P1288,SKU-P1288,BrandA Frozen Food Item 1288,BrandA,Frozen Food,Sub Frozen Food,High quality BrandA Frozen Food Item 1288,pcs,100g,163,100,348,15,A08,S03,L038,4941163187329,branda_frozen_food_item_1288,ACTIVE
P1289,SKU-P1289,DailyChoice Canned Food Item 1289,DailyChoice,Canned Food,Sub Canned Food,High quality DailyChoice Canned Food Item 1289,pcs,200g,417,320,139,20,A07,S03,L033,8077113062111,dailychoice_canned_food_item_1289,ACTIVE
P1290,SKU-P1290,PureLife Seafood Item 1290,PureLife,Seafood,Sub Seafood,High quality PureLife Seafood Item 1290,pcs,100g,495,442,359,9,A12,S03,L058,3695727908332,purelife_seafood_item_1290,ACTIVE
P1291,SKU-P1291,Glow Meat Item 1291,Glow,Meat,Sub Meat,High quality Glow Meat Item 1291,pcs,500ml,341,221,117,17,A11,S03,L053,5090254257300,glow_meat_item_1291,ACTIVE
P1292,SKU-P1292,HealthyO Juice 1L - Var 1292,HealthyO,Beverages,Sub Beverages,High quality HealthyO Juice 1L - Var 1292,pcs,1L,505,407,310,11,A03,S01,L011,6624813235707,healthyo_juice_1l_var_1292,ACTIVE
P1293,SKU-P1293,BrandB Canned Food Item 1293,BrandB,Canned Food,Sub Canned Food,High quality BrandB Canned Food Item 1293,pcs,100ml,425,254,399,11,A07,S04,L034,7139848228505,brandb_canned_food_item_1293,ACTIVE
P1294,SKU-P1294,BrandA Spices Item 1294,BrandA,Spices,Sub Spices,High quality BrandA Spices Item 1294,pcs,100g,504,314,374,13,A18,S02,L087,1168809255027,branda_spices_item_1294,ACTIVE
P1295,SKU-P1295,Glow Spices Item 1295,Glow,Spices,Sub Spices,High quality Glow Spices Item 1295,pcs,200g,390,323,257,18,A18,S03,L088,1306090691302,glow_spices_item_1295,ACTIVE
P1296,SKU-P1296,BrandA Sauces Item 1296,BrandA,Sauces,Sub Sauces,High quality BrandA Sauces Item 1296,pcs,100ml,539,456,158,6,A17,S05,L085,9810796496731,branda_sauces_item_1296,ACTIVE
P1297,SKU-P1297,FreshFarms Floor Cleaner 1L - Var 1297,FreshFarms,Cleaning,Sub Cleaning,High quality FreshFarms Floor Cleaner 1L - Var 1297,pcs,1L,500,347,263,7,A19,S01,L091,7945772785324,freshfarms_floor_cleaner_1l_var_1297,ACTIVE
P1298,SKU-P1298,NatureBites Pasta Item 1298,NatureBites,Pasta,Sub Pasta,High quality NatureBites Pasta Item 1298,pcs,200ml,424,305,115,10,A06,S04,L029,4264250642076,naturebites_pasta_item_1298,ACTIVE
P1299,SKU-P1299,HealthyO Butter 200g - Var 1299,HealthyO,Dairy,Sub Dairy,High quality HealthyO Butter 200g - Var 1299,pcs,200g,751,644,460,19,A01,S02,L002,6836253666779,healthyo_butter_200g_var_1299,ACTIVE
P1300,SKU-P1300,PureLife Sauces Item 1300,PureLife,Sauces,Sub Sauces,High quality PureLife Sauces Item 1300,pcs,200g,369,251,292,8,A17,S05,L085,7675556283332,purelife_sauces_item_1300,ACTIVE
P1301,SKU-P1301,BrandA Pasta Item 1301,BrandA,Pasta,Sub Pasta,High quality BrandA Pasta Item 1301,pcs,500g,309,249,337,9,A06,S02,L027,3939578654360,branda_pasta_item_1301,ACTIVE
P1302,SKU-P1302,BrandA Orange 1kg - Var 1302,BrandA,Fruits,Sub Fruits,High quality BrandA Orange 1kg - Var 1302,pcs,1kg,1031,741,431,11,A09,S02,L042,2718749603359,branda_orange_1kg_var_1302,ACTIVE
P1303,SKU-P1303,BrandA Spices Item 1303,BrandA,Spices,Sub Spices,High quality BrandA Spices Item 1303,pcs,500ml,567,423,176,7,A18,S01,L086,8268627036921,branda_spices_item_1303,ACTIVE
P1304,SKU-P1304,BrandC Spices Item 1304,BrandC,Spices,Sub Spices,High quality BrandC Spices Item 1304,pcs,200ml,330,266,330,5,A18,S03,L088,4926932657326,brandc_spices_item_1304,ACTIVE
P1305,SKU-P1305,PureLife Seafood Item 1305,PureLife,Seafood,Sub Seafood,High quality PureLife Seafood Item 1305,pcs,100ml,295,108,346,8,A12,S02,L057,7599801110009,purelife_seafood_item_1305,ACTIVE
P1306,SKU-P1306,HealthyO Household Item 1306,HealthyO,Household,Sub Household,High quality HealthyO Household Item 1306,pcs,500g,432,326,176,13,A13,S03,L063,5155323415958,healthyo_household_item_1306,ACTIVE
P1307,SKU-P1307,CleanPlus Canned Food Item 1307,CleanPlus,Canned Food,Sub Canned Food,High quality CleanPlus Canned Food Item 1307,pcs,100ml,379,218,198,9,A07,S05,L035,9775244182225,cleanplus_canned_food_item_1307,ACTIVE
P1308,SKU-P1308,DailyChoice Breakfast Item 1308,DailyChoice,Breakfast,Sub Breakfast,High quality DailyChoice Breakfast Item 1308,pcs,100ml,289,194,106,20,A16,S01,L076,6189628874317,dailychoice_breakfast_item_1308,ACTIVE
P1309,SKU-P1309,BrandA Pasta Item 1309,BrandA,Pasta,Sub Pasta,High quality BrandA Pasta Item 1309,pcs,200g,340,190,361,11,A06,S03,L028,2710267672091,branda_pasta_item_1309,ACTIVE
P1310,SKU-P1310,CleanPlus Soft Drink 1.5L - Var 1310,CleanPlus,Beverages,Sub Beverages,High quality CleanPlus Soft Drink 1.5L - Var 1310,pcs,1.5L,408,265,475,17,A03,S02,L012,5799270795512,cleanplus_soft_drink_1.5l_var_1310,ACTIVE
P1311,SKU-P1311,BrandA Potato Chips 50g - Var 1311,BrandA,Snacks,Sub Snacks,High quality BrandA Potato Chips 50g - Var 1311,pcs,50g,212,188,203,17,A04,S05,L020,5122946213544,branda_potato_chips_50g_var_1311,ACTIVE
P1312,SKU-P1312,BrandA Milk 1L - Var 1312,BrandA,Dairy,Sub Dairy,High quality BrandA Milk 1L - Var 1312,pcs,1L,481,358,404,7,A01,S01,L001,1597099625430,branda_milk_1l_var_1312,ACTIVE
P1313,SKU-P1313,BrandA Apple 1kg - Var 1313,BrandA,Fruits,Sub Fruits,High quality BrandA Apple 1kg - Var 1313,pcs,1kg,1213,850,287,15,A09,S02,L042,8480752034478,branda_apple_1kg_var_1313,ACTIVE
P1314,SKU-P1314,DailyChoice Juice 1L - Var 1314,DailyChoice,Beverages,Sub Beverages,High quality DailyChoice Juice 1L - Var 1314,pcs,1L,572,448,466,19,A03,S02,L012,6504715802903,dailychoice_juice_1l_var_1314,ACTIVE
P1315,SKU-P1315,Glow Pasta Item 1315,Glow,Pasta,Sub Pasta,High quality Glow Pasta Item 1315,pcs,200g,288,224,288,13,A06,S03,L028,9046376604658,glow_pasta_item_1315,ACTIVE
P1316,SKU-P1316,BrandB Pet Food Item 1316,BrandB,Pet Food,Sub Pet Food,High quality BrandB Pet Food Item 1316,pcs,100g,341,152,161,8,A21,S05,L105,5866525483743,brandb_pet_food_item_1316,ACTIVE
P1317,SKU-P1317,BrandC Sauces Item 1317,BrandC,Sauces,Sub Sauces,High quality BrandC Sauces Item 1317,pcs,100g,220,112,228,17,A17,S04,L084,4171581021312,brandc_sauces_item_1317,ACTIVE
P1318,SKU-P1318,FreshFarms White Rice 1kg - Var 1318,FreshFarms,Rice & Grains,Sub Rice & Grains,High quality FreshFarms White Rice 1kg - Var 1318,pcs,1kg,249,183,361,8,A05,S03,L023,2512931100592,freshfarms_white_rice_1kg_var_1318,ACTIVE
P1319,SKU-P1319,BrandB Breakfast Item 1319,BrandB,Breakfast,Sub Breakfast,High quality BrandB Breakfast Item 1319,pcs,100g,385,244,49,15,A16,S02,L077,1297519102311,brandb_breakfast_item_1319,ACTIVE
P1320,SKU-P1320,BrandA Biscuits 200g - Var 1320,BrandA,Snacks,Sub Snacks,High quality BrandA Biscuits 200g - Var 1320,pcs,200g,169,138,101,18,A04,S03,L018,2110633016588,branda_biscuits_200g_var_1320,ACTIVE
P1321,SKU-P1321,HealthyO Sauces Item 1321,HealthyO,Sauces,Sub Sauces,High quality HealthyO Sauces Item 1321,pcs,100ml,303,176,329,14,A17,S03,L083,3737927490726,healthyo_sauces_item_1321,ACTIVE
P1322,SKU-P1322,PureLife Seafood Item 1322,PureLife,Seafood,Sub Seafood,High quality PureLife Seafood Item 1322,pcs,200ml,304,235,413,5,A12,S01,L056,8012342893112,purelife_seafood_item_1322,ACTIVE
P1323,SKU-P1323,BrandC White Rice 1kg - Var 1323,BrandC,Rice & Grains,Sub Rice & Grains,High quality BrandC White Rice 1kg - Var 1323,pcs,1kg,257,164,379,20,A05,S02,L022,3253269496849,brandc_white_rice_1kg_var_1323,ACTIVE
P1324,SKU-P1324,PureLife Energy Drink 250ml - Var 1324,PureLife,Beverages,Sub Beverages,High quality PureLife Energy Drink 250ml - Var 1324,pcs,250ml,411,309,175,9,A03,S01,L011,3645380442100,purelife_energy_drink_250ml_var_1324,ACTIVE
P1325,SKU-P1325,Glow Pasta Item 1325,Glow,Pasta,Sub Pasta,High quality Glow Pasta Item 1325,pcs,200ml,490,317,365,18,A06,S04,L029,1750961701599,glow_pasta_item_1325,ACTIVE
P1326,SKU-P1326,BrandC Stationery Item 1326,BrandC,Stationery,Sub Stationery,High quality BrandC Stationery Item 1326,pcs,500g,453,296,291,20,A20,S03,L098,5919457575748,brandc_stationery_item_1326,ACTIVE
P1327,SKU-P1327,DailyChoice Spices Item 1327,DailyChoice,Spices,Sub Spices,High quality DailyChoice Spices Item 1327,pcs,500g,367,296,307,18,A18,S05,L090,7583392056778,dailychoice_spices_item_1327,ACTIVE
P1328,SKU-P1328,FreshFarms Sauces Item 1328,FreshFarms,Sauces,Sub Sauces,High quality FreshFarms Sauces Item 1328,pcs,500g,362,220,11,11,A17,S05,L085,5677722660253,freshfarms_sauces_item_1328,ACTIVE
P1329,SKU-P1329,BrandC Yogurt 80g - Var 1329,BrandC,Dairy,Sub Dairy,High quality BrandC Yogurt 80g - Var 1329,pcs,80g,77,57,476,16,A01,S03,L003,6265062292310,brandc_yogurt_80g_var_1329,ACTIVE
P1330,SKU-P1330,PureLife Seafood Item 1330,PureLife,Seafood,Sub Seafood,High quality PureLife Seafood Item 1330,pcs,200g,539,382,134,11,A12,S02,L057,0672453076248,purelife_seafood_item_1330,ACTIVE
P1331,SKU-P1331,BrandC Frozen Food Item 1331,BrandC,Frozen Food,Sub Frozen Food,High quality BrandC Frozen Food Item 1331,pcs,100g,349,293,366,18,A08,S01,L036,8433797662700,brandc_frozen_food_item_1331,ACTIVE
P1332,SKU-P1332,BrandB Seafood Item 1332,BrandB,Seafood,Sub Seafood,High quality BrandB Seafood Item 1332,pcs,500g,434,344,25,9,A12,S01,L056,5115794238739,brandb_seafood_item_1332,ACTIVE
P1333,SKU-P1333,BrandB Seafood Item 1333,BrandB,Seafood,Sub Seafood,High quality BrandB Seafood Item 1333,pcs,100g,301,106,435,18,A12,S02,L057,6704254969192,brandb_seafood_item_1333,ACTIVE
P1334,SKU-P1334,BrandC Dhal 1kg - Var 1334,BrandC,Rice & Grains,Sub Rice & Grains,High quality BrandC Dhal 1kg - Var 1334,pcs,1kg,417,297,367,14,A05,S02,L022,2845525971071,brandc_dhal_1kg_var_1334,ACTIVE
P1335,SKU-P1335,Glow Breakfast Item 1335,Glow,Breakfast,Sub Breakfast,High quality Glow Breakfast Item 1335,pcs,200g,324,246,89,6,A16,S04,L079,5633535748595,glow_breakfast_item_1335,ACTIVE
P1336,SKU-P1336,HealthyO Pet Food Item 1336,HealthyO,Pet Food,Sub Pet Food,High quality HealthyO Pet Food Item 1336,pcs,100g,256,105,436,18,A21,S01,L101,5325939933799,healthyo_pet_food_item_1336,ACTIVE
P1337,SKU-P1337,PureLife Baby Products Item 1337,PureLife,Baby Products,Sub Baby Products,High quality PureLife Baby Products Item 1337,pcs,500ml,571,463,226,10,A15,S05,L075,7058162951879,purelife_baby_products_item_1337,ACTIVE
P1338,SKU-P1338,BrandC Grapes 500g - Var 1338,BrandC,Fruits,Sub Fruits,High quality BrandC Grapes 500g - Var 1338,pcs,500g,927,647,215,6,A09,S01,L041,7941763425071,brandc_grapes_500g_var_1338,ACTIVE
P1339,SKU-P1339,BrandC Frozen Food Item 1339,BrandC,Frozen Food,Sub Frozen Food,High quality BrandC Frozen Food Item 1339,pcs,500g,623,454,254,15,A08,S04,L039,3305597824570,brandc_frozen_food_item_1339,ACTIVE
P1340,SKU-P1340,CleanPlus Pet Food Item 1340,CleanPlus,Pet Food,Sub Pet Food,High quality CleanPlus Pet Food Item 1340,pcs,100g,448,290,109,13,A21,S04,L104,5983399140388,cleanplus_pet_food_item_1340,ACTIVE
P1341,SKU-P1341,Glow Biscuits 200g - Var 1341,Glow,Snacks,Sub Snacks,High quality Glow Biscuits 200g - Var 1341,pcs,200g,249,138,443,15,A04,S01,L016,8436604432404,glow_biscuits_200g_var_1341,ACTIVE
P1342,SKU-P1342,BrandC Cheese 250g - Var 1342,BrandC,Dairy,Sub Dairy,High quality BrandC Cheese 250g - Var 1342,pcs,250g,1013,834,43,11,A01,S02,L002,0615727682974,brandc_cheese_250g_var_1342,ACTIVE
P1343,SKU-P1343,PureLife Stationery Item 1343,PureLife,Stationery,Sub Stationery,High quality PureLife Stationery Item 1343,pcs,100g,484,426,133,13,A20,S01,L096,5147439742929,purelife_stationery_item_1343,ACTIVE
P1344,SKU-P1344,HealthyO Soft Drink 1.5L - Var 1344,HealthyO,Beverages,Sub Beverages,High quality HealthyO Soft Drink 1.5L - Var 1344,pcs,1.5L,411,300,33,6,A03,S05,L015,5010587525686,healthyo_soft_drink_1.5l_var_1344,ACTIVE
P1345,SKU-P1345,PureLife Meat Item 1345,PureLife,Meat,Sub Meat,High quality PureLife Meat Item 1345,pcs,100ml,606,484,500,17,A11,S01,L051,0656259045998,purelife_meat_item_1345,ACTIVE
P1346,SKU-P1346,Glow Sauces Item 1346,Glow,Sauces,Sub Sauces,High quality Glow Sauces Item 1346,pcs,200ml,240,166,179,18,A17,S02,L082,0802711221824,glow_sauces_item_1346,ACTIVE
P1347,SKU-P1347,NatureBites Sauces Item 1347,NatureBites,Sauces,Sub Sauces,High quality NatureBites Sauces Item 1347,pcs,100g,547,400,254,6,A17,S01,L081,3155516517683,naturebites_sauces_item_1347,ACTIVE
P1348,SKU-P1348,DailyChoice Potato 1kg - Var 1348,DailyChoice,Vegetables,Sub Vegetables,High quality DailyChoice Potato 1kg - Var 1348,pcs,1kg,280,155,57,12,A10,S02,L047,0866281372140,dailychoice_potato_1kg_var_1348,ACTIVE
P1349,SKU-P1349,BrandC Canned Food Item 1349,BrandC,Canned Food,Sub Canned Food,High quality BrandC Canned Food Item 1349,pcs,500ml,412,329,183,14,A07,S02,L032,3308003700338,brandc_canned_food_item_1349,ACTIVE
P1350,SKU-P1350,CleanPlus Seafood Item 1350,CleanPlus,Seafood,Sub Seafood,High quality CleanPlus Seafood Item 1350,pcs,100ml,325,222,322,7,A12,S05,L060,2285566084703,cleanplus_seafood_item_1350,ACTIVE
P1351,SKU-P1351,BrandB Dhal 1kg - Var 1351,BrandB,Rice & Grains,Sub Rice & Grains,High quality BrandB Dhal 1kg - Var 1351,pcs,1kg,368,250,402,14,A05,S05,L025,6810390339703,brandb_dhal_1kg_var_1351,ACTIVE
P1352,SKU-P1352,DailyChoice Spices Item 1352,DailyChoice,Spices,Sub Spices,High quality DailyChoice Spices Item 1352,pcs,100ml,353,260,488,14,A18,S01,L086,5195826328096,dailychoice_spices_item_1352,ACTIVE
P1353,SKU-P1353,PureLife Pasta Item 1353,PureLife,Pasta,Sub Pasta,High quality PureLife Pasta Item 1353,pcs,500ml,352,280,46,10,A06,S01,L026,4485862394539,purelife_pasta_item_1353,ACTIVE
P1354,SKU-P1354,DailyChoice Baby Products Item 1354,DailyChoice,Baby Products,Sub Baby Products,High quality DailyChoice Baby Products Item 1354,pcs,200ml,517,432,491,8,A15,S03,L073,5461470798630,dailychoice_baby_products_item_1354,ACTIVE
P1355,SKU-P1355,Glow Dishwashing Liquid 500ml - Var 1355,Glow,Cleaning,Sub Cleaning,High quality Glow Dishwashing Liquid 500ml - Var 1355,pcs,500ml,331,218,219,9,A19,S04,L094,2106133943943,glow_dishwashing_liquid_500ml_var_1355,ACTIVE
P1356,SKU-P1356,NatureBites Baby Products Item 1356,NatureBites,Baby Products,Sub Baby Products,High quality NatureBites Baby Products Item 1356,pcs,500ml,362,291,359,18,A15,S03,L073,5703943804036,naturebites_baby_products_item_1356,ACTIVE
P1357,SKU-P1357,PureLife Sauces Item 1357,PureLife,Sauces,Sub Sauces,High quality PureLife Sauces Item 1357,pcs,500g,481,417,389,12,A17,S04,L084,2537657692770,purelife_sauces_item_1357,ACTIVE
P1358,SKU-P1358,BrandC Spices Item 1358,BrandC,Spices,Sub Spices,High quality BrandC Spices Item 1358,pcs,100ml,382,292,301,17,A18,S01,L086,8943191009006,brandc_spices_item_1358,ACTIVE
P1359,SKU-P1359,DailyChoice Energy Drink 250ml - Var 1359,DailyChoice,Beverages,Sub Beverages,High quality DailyChoice Energy Drink 250ml - Var 1359,pcs,250ml,411,342,188,19,A03,S02,L012,4047692105336,dailychoice_energy_drink_250ml_var_1359,ACTIVE
P1360,SKU-P1360,DailyChoice Baby Products Item 1360,DailyChoice,Baby Products,Sub Baby Products,High quality DailyChoice Baby Products Item 1360,pcs,100g,269,192,479,17,A15,S05,L075,6514604014249,dailychoice_baby_products_item_1360,ACTIVE
P1361,SKU-P1361,Glow Deodorant 150ml - Var 1361,Glow,Personal Care,Sub Personal Care,High quality Glow Deodorant 150ml - Var 1361,pcs,150ml,740,504,185,20,A14,S02,L067,7310720113793,glow_deodorant_150ml_var_1361,ACTIVE
P1362,SKU-P1362,BrandB Canned Food Item 1362,BrandB,Canned Food,Sub Canned Food,High quality BrandB Canned Food Item 1362,pcs,200ml,308,119,89,20,A07,S04,L034,8440971231669,brandb_canned_food_item_1362,ACTIVE
P1363,SKU-P1363,HealthyO White Rice 1kg - Var 1363,HealthyO,Rice & Grains,Sub Rice & Grains,High quality HealthyO White Rice 1kg - Var 1363,pcs,1kg,276,142,406,17,A05,S02,L022,0076762090146,healthyo_white_rice_1kg_var_1363,ACTIVE
P1364,SKU-P1364,DailyChoice Cake 1kg - Var 1364,DailyChoice,Bakery,Sub Bakery,High quality DailyChoice Cake 1kg - Var 1364,pcs,1kg,1606,1213,118,5,A02,S03,L008,4734043370092,dailychoice_cake_1kg_var_1364,ACTIVE
P1365,SKU-P1365,BrandC Toothpaste 120g - Var 1365,BrandC,Personal Care,Sub Personal Care,High quality BrandC Toothpaste 120g - Var 1365,pcs,120g,218,155,45,13,A14,S03,L068,6873045195772,brandc_toothpaste_120g_var_1365,ACTIVE
P1366,SKU-P1366,PureLife Household Item 1366,PureLife,Household,Sub Household,High quality PureLife Household Item 1366,pcs,500ml,498,314,119,13,A13,S01,L061,8255882556295,purelife_household_item_1366,ACTIVE
P1367,SKU-P1367,BrandB Pasta Item 1367,BrandB,Pasta,Sub Pasta,High quality BrandB Pasta Item 1367,pcs,200ml,611,485,94,11,A06,S01,L026,6575427865616,brandb_pasta_item_1367,ACTIVE
P1368,SKU-P1368,DailyChoice Seafood Item 1368,DailyChoice,Seafood,Sub Seafood,High quality DailyChoice Seafood Item 1368,pcs,200g,617,456,191,17,A12,S04,L059,9425577820584,dailychoice_seafood_item_1368,ACTIVE
P1369,SKU-P1369,BrandB Butter 200g - Var 1369,BrandB,Dairy,Sub Dairy,High quality BrandB Butter 200g - Var 1369,pcs,200g,835,646,306,9,A01,S05,L005,2958292361614,brandb_butter_200g_var_1369,ACTIVE
P1370,SKU-P1370,BrandA Meat Item 1370,BrandA,Meat,Sub Meat,High quality BrandA Meat Item 1370,pcs,100ml,352,175,452,15,A11,S03,L053,8808190482352,branda_meat_item_1370,ACTIVE
P1371,SKU-P1371,NatureBites Chocolate 100g - Var 1371,NatureBites,Snacks,Sub Snacks,High quality NatureBites Chocolate 100g - Var 1371,pcs,100g,350,296,240,9,A04,S04,L019,7155868639565,naturebites_chocolate_100g_var_1371,ACTIVE
P1372,SKU-P1372,HealthyO Pet Food Item 1372,HealthyO,Pet Food,Sub Pet Food,High quality HealthyO Pet Food Item 1372,pcs,100g,309,211,225,10,A21,S04,L104,1372308172147,healthyo_pet_food_item_1372,ACTIVE
P1373,SKU-P1373,FreshFarms Stationery Item 1373,FreshFarms,Stationery,Sub Stationery,High quality FreshFarms Stationery Item 1373,pcs,200g,394,197,499,5,A20,S04,L099,3643813000415,freshfarms_stationery_item_1373,ACTIVE
P1374,SKU-P1374,BrandA Seafood Item 1374,BrandA,Seafood,Sub Seafood,High quality BrandA Seafood Item 1374,pcs,200ml,438,357,368,20,A12,S03,L058,3211471656093,branda_seafood_item_1374,ACTIVE
P1375,SKU-P1375,CleanPlus Pet Food Item 1375,CleanPlus,Pet Food,Sub Pet Food,High quality CleanPlus Pet Food Item 1375,pcs,200ml,468,280,228,15,A21,S04,L104,4565346997996,cleanplus_pet_food_item_1375,ACTIVE
P1376,SKU-P1376,CleanPlus Nuts 100g - Var 1376,CleanPlus,Snacks,Sub Snacks,High quality CleanPlus Nuts 100g - Var 1376,pcs,100g,622,423,293,10,A04,S02,L017,0707550476810,cleanplus_nuts_100g_var_1376,ACTIVE
P1377,SKU-P1377,CleanPlus Spices Item 1377,CleanPlus,Spices,Sub Spices,High quality CleanPlus Spices Item 1377,pcs,200ml,546,424,369,8,A18,S04,L089,6995706071741,cleanplus_spices_item_1377,ACTIVE
P1378,SKU-P1378,BrandA Soft Drink 1.5L - Var 1378,BrandA,Beverages,Sub Beverages,High quality BrandA Soft Drink 1.5L - Var 1378,pcs,1.5L,402,289,63,20,A03,S01,L011,8113176539709,branda_soft_drink_1.5l_var_1378,ACTIVE
P1379,SKU-P1379,BrandB Stationery Item 1379,BrandB,Stationery,Sub Stationery,High quality BrandB Stationery Item 1379,pcs,500ml,555,357,422,6,A20,S05,L100,5487396102900,brandb_stationery_item_1379,ACTIVE
P1380,SKU-P1380,FreshFarms Potato 1kg - Var 1380,FreshFarms,Vegetables,Sub Vegetables,High quality FreshFarms Potato 1kg - Var 1380,pcs,1kg,258,199,292,17,A10,S04,L049,8718274968040,freshfarms_potato_1kg_var_1380,ACTIVE
P1381,SKU-P1381,BrandB Nuts 100g - Var 1381,BrandB,Snacks,Sub Snacks,High quality BrandB Nuts 100g - Var 1381,pcs,100g,659,422,221,17,A04,S02,L017,9187274204950,brandb_nuts_100g_var_1381,ACTIVE
P1382,SKU-P1382,NatureBites Butter 200g - Var 1382,NatureBites,Dairy,Sub Dairy,High quality NatureBites Butter 200g - Var 1382,pcs,200g,784,618,460,13,A01,S03,L003,6121377306268,naturebites_butter_200g_var_1382,ACTIVE
P1383,SKU-P1383,BrandA Potato 1kg - Var 1383,BrandA,Vegetables,Sub Vegetables,High quality BrandA Potato 1kg - Var 1383,pcs,1kg,204,176,17,5,A10,S04,L049,0423597371122,branda_potato_1kg_var_1383,ACTIVE
P1384,SKU-P1384,Glow White Rice 1kg - Var 1384,Glow,Rice & Grains,Sub Rice & Grains,High quality Glow White Rice 1kg - Var 1384,pcs,1kg,273,150,230,12,A05,S03,L023,2299077560854,glow_white_rice_1kg_var_1384,ACTIVE
P1385,SKU-P1385,FreshFarms Spices Item 1385,FreshFarms,Spices,Sub Spices,High quality FreshFarms Spices Item 1385,pcs,500ml,323,126,229,9,A18,S04,L089,8167046861117,freshfarms_spices_item_1385,ACTIVE
P1386,SKU-P1386,BrandC Pet Food Item 1386,BrandC,Pet Food,Sub Pet Food,High quality BrandC Pet Food Item 1386,pcs,200ml,454,364,233,12,A21,S04,L104,4576832102190,brandc_pet_food_item_1386,ACTIVE
P1387,SKU-P1387,HealthyO Biscuits 200g - Var 1387,HealthyO,Snacks,Sub Snacks,High quality HealthyO Biscuits 200g - Var 1387,pcs,200g,200,150,441,13,A04,S02,L017,2378584712960,healthyo_biscuits_200g_var_1387,ACTIVE
P1388,SKU-P1388,Glow Spices Item 1388,Glow,Spices,Sub Spices,High quality Glow Spices Item 1388,pcs,100g,203,147,233,5,A18,S02,L087,1803324260506,glow_spices_item_1388,ACTIVE
P1389,SKU-P1389,BrandC Pet Food Item 1389,BrandC,Pet Food,Sub Pet Food,High quality BrandC Pet Food Item 1389,pcs,100g,539,392,22,9,A21,S05,L105,8018498042534,brandc_pet_food_item_1389,ACTIVE
P1390,SKU-P1390,BrandC Baby Products Item 1390,BrandC,Baby Products,Sub Baby Products,High quality BrandC Baby Products Item 1390,pcs,100g,351,252,284,12,A15,S03,L073,7337773126884,brandc_baby_products_item_1390,ACTIVE
P1391,SKU-P1391,BrandA Household Item 1391,BrandA,Household,Sub Household,High quality BrandA Household Item 1391,pcs,200g,228,173,336,8,A13,S03,L063,1228217819232,branda_household_item_1391,ACTIVE
P1392,SKU-P1392,BrandB Biscuits 200g - Var 1392,BrandB,Snacks,Sub Snacks,High quality BrandB Biscuits 200g - Var 1392,pcs,200g,186,109,144,10,A04,S04,L019,6534606056030,brandb_biscuits_200g_var_1392,ACTIVE
P1393,SKU-P1393,Glow Energy Drink 250ml - Var 1393,Glow,Beverages,Sub Beverages,High quality Glow Energy Drink 250ml - Var 1393,pcs,250ml,450,313,61,20,A03,S01,L011,5679327986233,glow_energy_drink_250ml_var_1393,ACTIVE
P1394,SKU-P1394,DailyChoice Milk 1L - Var 1394,DailyChoice,Dairy,Sub Dairy,High quality DailyChoice Milk 1L - Var 1394,pcs,1L,459,390,117,18,A01,S04,L004,9847169061814,dailychoice_milk_1l_var_1394,ACTIVE
P1395,SKU-P1395,DailyChoice Household Item 1395,DailyChoice,Household,Sub Household,High quality DailyChoice Household Item 1395,pcs,100g,304,252,472,10,A13,S03,L063,2054647548959,dailychoice_household_item_1395,ACTIVE
P1396,SKU-P1396,BrandB Dishwashing Liquid 500ml - Var 1396,BrandB,Cleaning,Sub Cleaning,High quality BrandB Dishwashing Liquid 500ml - Var 1396,pcs,500ml,324,221,257,5,A19,S05,L095,4787698999279,brandb_dishwashing_liquid_500ml_var_1396,ACTIVE
P1397,SKU-P1397,PureLife Pasta Item 1397,PureLife,Pasta,Sub Pasta,High quality PureLife Pasta Item 1397,pcs,100g,467,410,284,5,A06,S05,L030,5175889144444,purelife_pasta_item_1397,ACTIVE
P1398,SKU-P1398,BrandC Sauces Item 1398,BrandC,Sauces,Sub Sauces,High quality BrandC Sauces Item 1398,pcs,100ml,263,158,25,15,A17,S05,L085,9835539354352,brandc_sauces_item_1398,ACTIVE
P1399,SKU-P1399,BrandC Basmati Rice 1kg - Var 1399,BrandC,Rice & Grains,Sub Rice & Grains,High quality BrandC Basmati Rice 1kg - Var 1399,pcs,1kg,835,617,256,11,A05,S02,L022,8644963924359,brandc_basmati_rice_1kg_var_1399,ACTIVE
P1400,SKU-P1400,DailyChoice Water 1L - Var 1400,DailyChoice,Beverages,Sub Beverages,High quality DailyChoice Water 1L - Var 1400,pcs,1L,143,107,233,17,A03,S03,L013,8853798214331,dailychoice_water_1l_var_1400,ACTIVE
P1401,SKU-P1401,BrandC Canned Food Item 1401,BrandC,Canned Food,Sub Canned Food,High quality BrandC Canned Food Item 1401,pcs,100ml,377,301,308,14,A07,S03,L033,9527536749780,brandc_canned_food_item_1401,ACTIVE
P1402,SKU-P1402,DailyChoice Pasta Item 1402,DailyChoice,Pasta,Sub Pasta,High quality DailyChoice Pasta Item 1402,pcs,200ml,435,316,427,15,A06,S02,L027,5249141686017,dailychoice_pasta_item_1402,ACTIVE
P1403,SKU-P1403,HealthyO Stationery Item 1403,HealthyO,Stationery,Sub Stationery,High quality HealthyO Stationery Item 1403,pcs,200ml,397,202,190,16,A20,S01,L096,3477894896342,healthyo_stationery_item_1403,ACTIVE
P1404,SKU-P1404,DailyChoice Pet Food Item 1404,DailyChoice,Pet Food,Sub Pet Food,High quality DailyChoice Pet Food Item 1404,pcs,100g,475,361,310,18,A21,S01,L101,0679176651226,dailychoice_pet_food_item_1404,ACTIVE
P1405,SKU-P1405,CleanPlus Onion 1kg - Var 1405,CleanPlus,Vegetables,Sub Vegetables,High quality CleanPlus Onion 1kg - Var 1405,pcs,1kg,314,201,102,15,A10,S05,L050,1500141884211,cleanplus_onion_1kg_var_1405,ACTIVE
P1406,SKU-P1406,FreshFarms Toothpaste 120g - Var 1406,FreshFarms,Personal Care,Sub Personal Care,High quality FreshFarms Toothpaste 120g - Var 1406,pcs,120g,227,154,346,16,A14,S02,L067,6309001594469,freshfarms_toothpaste_120g_var_1406,ACTIVE
P1407,SKU-P1407,Glow Seafood Item 1407,Glow,Seafood,Sub Seafood,High quality Glow Seafood Item 1407,pcs,100g,315,263,377,15,A12,S02,L057,3339994853208,glow_seafood_item_1407,ACTIVE
P1408,SKU-P1408,HealthyO Canned Food Item 1408,HealthyO,Canned Food,Sub Canned Food,High quality HealthyO Canned Food Item 1408,pcs,200g,453,387,207,14,A07,S04,L034,8953263890210,healthyo_canned_food_item_1408,ACTIVE
P1409,SKU-P1409,NatureBites Stationery Item 1409,NatureBites,Stationery,Sub Stationery,High quality NatureBites Stationery Item 1409,pcs,100g,508,387,376,7,A20,S02,L097,9947113633798,naturebites_stationery_item_1409,ACTIVE
P1410,SKU-P1410,CleanPlus Floor Cleaner 1L - Var 1410,CleanPlus,Cleaning,Sub Cleaning,High quality CleanPlus Floor Cleaner 1L - Var 1410,pcs,1L,490,320,111,11,A19,S04,L094,2234103469961,cleanplus_floor_cleaner_1l_var_1410,ACTIVE
P1411,SKU-P1411,BrandA Cake 1kg - Var 1411,BrandA,Bakery,Sub Bakery,High quality BrandA Cake 1kg - Var 1411,pcs,1kg,1653,1217,71,8,A02,S04,L009,7331167726964,branda_cake_1kg_var_1411,ACTIVE
P1412,SKU-P1412,HealthyO Baby Products Item 1412,HealthyO,Baby Products,Sub Baby Products,High quality HealthyO Baby Products Item 1412,pcs,200ml,418,221,20,14,A15,S02,L072,0843768550789,healthyo_baby_products_item_1412,ACTIVE
P1413,SKU-P1413,DailyChoice Milk 1L - Var 1413,DailyChoice,Dairy,Sub Dairy,High quality DailyChoice Milk 1L - Var 1413,pcs,1L,466,368,440,17,A01,S05,L005,9679352196269,dailychoice_milk_1l_var_1413,ACTIVE
P1414,SKU-P1414,Glow Bread 500g - Var 1414,Glow,Bakery,Sub Bakery,High quality Glow Bread 500g - Var 1414,pcs,500g,202,191,45,20,A02,S05,L010,3355643436974,glow_bread_500g_var_1414,ACTIVE
P1415,SKU-P1415,PureLife Chocolate 100g - Var 1415,PureLife,Snacks,Sub Snacks,High quality PureLife Chocolate 100g - Var 1415,pcs,100g,446,270,187,17,A04,S04,L019,0931706955601,purelife_chocolate_100g_var_1415,ACTIVE
P1416,SKU-P1416,DailyChoice Water 1L - Var 1416,DailyChoice,Beverages,Sub Beverages,High quality DailyChoice Water 1L - Var 1416,pcs,1L,86,99,211,14,A03,S05,L015,7676164534540,dailychoice_water_1l_var_1416,ACTIVE
P1417,SKU-P1417,BrandB Baby Products Item 1417,BrandB,Baby Products,Sub Baby Products,High quality BrandB Baby Products Item 1417,pcs,200g,221,114,34,5,A15,S04,L074,7223989830656,brandb_baby_products_item_1417,ACTIVE
P1418,SKU-P1418,CleanPlus White Rice 1kg - Var 1418,CleanPlus,Rice & Grains,Sub Rice & Grains,High quality CleanPlus White Rice 1kg - Var 1418,pcs,1kg,221,154,55,11,A05,S01,L021,0312198041841,cleanplus_white_rice_1kg_var_1418,ACTIVE
P1419,SKU-P1419,BrandA Seafood Item 1419,BrandA,Seafood,Sub Seafood,High quality BrandA Seafood Item 1419,pcs,500g,293,232,66,6,A12,S05,L060,7242642364284,branda_seafood_item_1419,ACTIVE
P1420,SKU-P1420,Glow Onion 1kg - Var 1420,Glow,Vegetables,Sub Vegetables,High quality Glow Onion 1kg - Var 1420,pcs,1kg,378,244,415,17,A10,S01,L046,1319092487620,glow_onion_1kg_var_1420,ACTIVE
P1421,SKU-P1421,HealthyO Banana 1kg - Var 1421,HealthyO,Fruits,Sub Fruits,High quality HealthyO Banana 1kg - Var 1421,pcs,1kg,215,179,74,15,A09,S02,L042,3039111428172,healthyo_banana_1kg_var_1421,ACTIVE
P1422,SKU-P1422,DailyChoice Dhal 1kg - Var 1422,DailyChoice,Rice & Grains,Sub Rice & Grains,High quality DailyChoice Dhal 1kg - Var 1422,pcs,1kg,365,292,277,12,A05,S05,L025,8522823052483,dailychoice_dhal_1kg_var_1422,ACTIVE
P1423,SKU-P1423,DailyChoice Floor Cleaner 1L - Var 1423,DailyChoice,Cleaning,Sub Cleaning,High quality DailyChoice Floor Cleaner 1L - Var 1423,pcs,1L,491,317,405,20,A19,S04,L094,0880622072230,dailychoice_floor_cleaner_1l_var_1423,ACTIVE
P1424,SKU-P1424,PureLife Frozen Food Item 1424,PureLife,Frozen Food,Sub Frozen Food,High quality PureLife Frozen Food Item 1424,pcs,200g,472,280,437,12,A08,S01,L036,9594737213297,purelife_frozen_food_item_1424,ACTIVE
P1425,SKU-P1425,BrandB Pet Food Item 1425,BrandB,Pet Food,Sub Pet Food,High quality BrandB Pet Food Item 1425,pcs,100ml,234,130,16,11,A21,S02,L102,0162047876885,brandb_pet_food_item_1425,ACTIVE
P1426,SKU-P1426,FreshFarms Baby Products Item 1426,FreshFarms,Baby Products,Sub Baby Products,High quality FreshFarms Baby Products Item 1426,pcs,200g,377,274,426,15,A15,S04,L074,6878599648620,freshfarms_baby_products_item_1426,ACTIVE
P1427,SKU-P1427,NatureBites Potato 1kg - Var 1427,NatureBites,Vegetables,Sub Vegetables,High quality NatureBites Potato 1kg - Var 1427,pcs,1kg,216,156,122,16,A10,S04,L049,8720319541965,naturebites_potato_1kg_var_1427,ACTIVE
P1428,SKU-P1428,HealthyO Household Item 1428,HealthyO,Household,Sub Household,High quality HealthyO Household Item 1428,pcs,500g,651,499,106,7,A13,S04,L064,6645057303625,healthyo_household_item_1428,ACTIVE
P1429,SKU-P1429,PureLife Banana 1kg - Var 1429,PureLife,Fruits,Sub Fruits,High quality PureLife Banana 1kg - Var 1429,pcs,1kg,282,186,62,9,A09,S04,L044,7924632037476,purelife_banana_1kg_var_1429,ACTIVE
P1430,SKU-P1430,BrandB Baby Products Item 1430,BrandB,Baby Products,Sub Baby Products,High quality BrandB Baby Products Item 1430,pcs,100g,432,335,146,5,A15,S01,L071,6775372603213,brandb_baby_products_item_1430,ACTIVE
P1431,SKU-P1431,DailyChoice Breakfast Item 1431,DailyChoice,Breakfast,Sub Breakfast,High quality DailyChoice Breakfast Item 1431,pcs,200ml,350,160,53,16,A16,S05,L080,4505766194582,dailychoice_breakfast_item_1431,ACTIVE
P1432,SKU-P1432,CleanPlus Soap 100g - Var 1432,CleanPlus,Personal Care,Sub Personal Care,High quality CleanPlus Soap 100g - Var 1432,pcs,100g,175,112,270,15,A14,S02,L067,8707155348200,cleanplus_soap_100g_var_1432,ACTIVE
P1433,SKU-P1433,Glow Croissant 2pcs - Var 1433,Glow,Bakery,Sub Bakery,High quality Glow Croissant 2pcs - Var 1433,pcs,2pcs,306,206,342,17,A02,S04,L009,1284008385072,glow_croissant_2pcs_var_1433,ACTIVE
P1434,SKU-P1434,FreshFarms Toothpaste 120g - Var 1434,FreshFarms,Personal Care,Sub Personal Care,High quality FreshFarms Toothpaste 120g - Var 1434,pcs,120g,222,175,314,13,A14,S02,L067,6597595450890,freshfarms_toothpaste_120g_var_1434,ACTIVE
P1435,SKU-P1435,DailyChoice Sauces Item 1435,DailyChoice,Sauces,Sub Sauces,High quality DailyChoice Sauces Item 1435,pcs,500ml,217,155,340,12,A17,S05,L085,1776808981269,dailychoice_sauces_item_1435,ACTIVE
P1436,SKU-P1436,BrandA Biscuits 200g - Var 1436,BrandA,Snacks,Sub Snacks,High quality BrandA Biscuits 200g - Var 1436,pcs,200g,223,102,146,12,A04,S02,L017,5742231964632,branda_biscuits_200g_var_1436,ACTIVE
P1437,SKU-P1437,PureLife Soft Drink 1.5L - Var 1437,PureLife,Beverages,Sub Beverages,High quality PureLife Soft Drink 1.5L - Var 1437,pcs,1.5L,429,264,368,17,A03,S05,L015,0040236936261,purelife_soft_drink_1.5l_var_1437,ACTIVE
P1438,SKU-P1438,BrandB Household Item 1438,BrandB,Household,Sub Household,High quality BrandB Household Item 1438,pcs,100ml,455,353,97,11,A13,S04,L064,8943012047132,brandb_household_item_1438,ACTIVE
P1439,SKU-P1439,HealthyO Seafood Item 1439,HealthyO,Seafood,Sub Seafood,High quality HealthyO Seafood Item 1439,pcs,200g,245,148,267,20,A12,S03,L058,7271175957496,healthyo_seafood_item_1439,ACTIVE
P1440,SKU-P1440,Glow Potato 1kg - Var 1440,Glow,Vegetables,Sub Vegetables,High quality Glow Potato 1kg - Var 1440,pcs,1kg,208,193,95,10,A10,S02,L047,8855829849338,glow_potato_1kg_var_1440,ACTIVE
P1441,SKU-P1441,BrandC Meat Item 1441,BrandC,Meat,Sub Meat,High quality BrandC Meat Item 1441,pcs,100ml,454,319,20,10,A11,S04,L054,0674584760942,brandc_meat_item_1441,ACTIVE
P1442,SKU-P1442,BrandA Banana 1kg - Var 1442,BrandA,Fruits,Sub Fruits,High quality BrandA Banana 1kg - Var 1442,pcs,1kg,245,188,252,5,A09,S01,L041,4128333721884,branda_banana_1kg_var_1442,ACTIVE
P1443,SKU-P1443,DailyChoice Breakfast Item 1443,DailyChoice,Breakfast,Sub Breakfast,High quality DailyChoice Breakfast Item 1443,pcs,100g,303,108,358,14,A16,S02,L077,5666954132973,dailychoice_breakfast_item_1443,ACTIVE
P1444,SKU-P1444,NatureBites Frozen Food Item 1444,NatureBites,Frozen Food,Sub Frozen Food,High quality NatureBites Frozen Food Item 1444,pcs,100g,570,496,61,14,A08,S05,L040,1506662670555,naturebites_frozen_food_item_1444,ACTIVE
P1445,SKU-P1445,DailyChoice Meat Item 1445,DailyChoice,Meat,Sub Meat,High quality DailyChoice Meat Item 1445,pcs,500ml,494,379,349,20,A11,S04,L054,1437769366341,dailychoice_meat_item_1445,ACTIVE
P1446,SKU-P1446,BrandA Grapes 500g - Var 1446,BrandA,Fruits,Sub Fruits,High quality BrandA Grapes 500g - Var 1446,pcs,500g,938,622,373,15,A09,S03,L043,3925295961119,branda_grapes_500g_var_1446,ACTIVE
P1447,SKU-P1447,DailyChoice Sauces Item 1447,DailyChoice,Sauces,Sub Sauces,High quality DailyChoice Sauces Item 1447,pcs,100ml,633,451,382,5,A17,S05,L085,1028671200726,dailychoice_sauces_item_1447,ACTIVE
P1448,SKU-P1448,BrandC Red Rice 1kg - Var 1448,BrandC,Rice & Grains,Sub Rice & Grains,High quality BrandC Red Rice 1kg - Var 1448,pcs,1kg,283,172,25,12,A05,S04,L024,0245591024510,brandc_red_rice_1kg_var_1448,ACTIVE
P1449,SKU-P1449,FreshFarms Laundry Detergent 1kg - Var 1449,FreshFarms,Cleaning,Sub Cleaning,High quality FreshFarms Laundry Detergent 1kg - Var 1449,pcs,1kg,611,447,109,17,A19,S04,L094,0910903267144,freshfarms_laundry_detergent_1kg_var_1449,ACTIVE
P1450,SKU-P1450,PureLife Pet Food Item 1450,PureLife,Pet Food,Sub Pet Food,High quality PureLife Pet Food Item 1450,pcs,500ml,463,369,145,16,A21,S01,L101,9498194217945,purelife_pet_food_item_1450,ACTIVE
P1451,SKU-P1451,HealthyO Meat Item 1451,HealthyO,Meat,Sub Meat,High quality HealthyO Meat Item 1451,pcs,200ml,356,258,31,15,A11,S04,L054,2817934065276,healthyo_meat_item_1451,ACTIVE
P1452,SKU-P1452,CleanPlus Stationery Item 1452,CleanPlus,Stationery,Sub Stationery,High quality CleanPlus Stationery Item 1452,pcs,200ml,325,247,14,20,A20,S01,L096,7584466345330,cleanplus_stationery_item_1452,ACTIVE
P1453,SKU-P1453,NatureBites Red Rice 1kg - Var 1453,NatureBites,Rice & Grains,Sub Rice & Grains,High quality NatureBites Red Rice 1kg - Var 1453,pcs,1kg,299,168,295,10,A05,S04,L024,7220109121724,naturebites_red_rice_1kg_var_1453,ACTIVE
P1454,SKU-P1454,BrandB Onion 1kg - Var 1454,BrandB,Vegetables,Sub Vegetables,High quality BrandB Onion 1kg - Var 1454,pcs,1kg,301,218,242,6,A10,S04,L049,2145593766181,brandb_onion_1kg_var_1454,ACTIVE
P1455,SKU-P1455,HealthyO Canned Food Item 1455,HealthyO,Canned Food,Sub Canned Food,High quality HealthyO Canned Food Item 1455,pcs,100g,478,350,12,18,A07,S03,L033,9437052635101,healthyo_canned_food_item_1455,ACTIVE
P1456,SKU-P1456,BrandA Seafood Item 1456,BrandA,Seafood,Sub Seafood,High quality BrandA Seafood Item 1456,pcs,200g,401,279,412,9,A12,S01,L056,0462776572561,branda_seafood_item_1456,ACTIVE
P1457,SKU-P1457,FreshFarms Juice 1L - Var 1457,FreshFarms,Beverages,Sub Beverages,High quality FreshFarms Juice 1L - Var 1457,pcs,1L,574,427,480,7,A03,S03,L013,5920246175209,freshfarms_juice_1l_var_1457,ACTIVE
P1458,SKU-P1458,DailyChoice Carrot 500g - Var 1458,DailyChoice,Vegetables,Sub Vegetables,High quality DailyChoice Carrot 500g - Var 1458,pcs,500g,181,122,425,17,A10,S02,L047,2389743260055,dailychoice_carrot_500g_var_1458,ACTIVE
P1459,SKU-P1459,PureLife Shampoo 200ml - Var 1459,PureLife,Personal Care,Sub Personal Care,High quality PureLife Shampoo 200ml - Var 1459,pcs,200ml,526,319,169,10,A14,S04,L069,5955017833255,purelife_shampoo_200ml_var_1459,ACTIVE
P1460,SKU-P1460,Glow Floor Cleaner 1L - Var 1460,Glow,Cleaning,Sub Cleaning,High quality Glow Floor Cleaner 1L - Var 1460,pcs,1L,467,337,359,11,A19,S04,L094,8486899936071,glow_floor_cleaner_1l_var_1460,ACTIVE
P1461,SKU-P1461,NatureBites Grapes 500g - Var 1461,NatureBites,Fruits,Sub Fruits,High quality NatureBites Grapes 500g - Var 1461,pcs,500g,938,612,166,7,A09,S02,L042,9848704506913,naturebites_grapes_500g_var_1461,ACTIVE
P1462,SKU-P1462,NatureBites Tomato 500g - Var 1462,NatureBites,Vegetables,Sub Vegetables,High quality NatureBites Tomato 500g - Var 1462,pcs,500g,298,161,410,18,A10,S05,L050,7679935937441,naturebites_tomato_500g_var_1462,ACTIVE
P1463,SKU-P1463,Glow Nuts 100g - Var 1463,Glow,Snacks,Sub Snacks,High quality Glow Nuts 100g - Var 1463,pcs,100g,687,432,374,16,A04,S02,L017,0394640830371,glow_nuts_100g_var_1463,ACTIVE
P1464,SKU-P1464,CleanPlus Baby Products Item 1464,CleanPlus,Baby Products,Sub Baby Products,High quality CleanPlus Baby Products Item 1464,pcs,200ml,478,310,24,5,A15,S03,L073,3606014886080,cleanplus_baby_products_item_1464,ACTIVE
P1465,SKU-P1465,HealthyO Soap 100g - Var 1465,HealthyO,Personal Care,Sub Personal Care,High quality HealthyO Soap 100g - Var 1465,pcs,100g,220,99,134,16,A14,S01,L066,4907938841360,healthyo_soap_100g_var_1465,ACTIVE
P1466,SKU-P1466,BrandA White Rice 1kg - Var 1466,BrandA,Rice & Grains,Sub Rice & Grains,High quality BrandA White Rice 1kg - Var 1466,pcs,1kg,250,188,74,17,A05,S05,L025,8528306153708,branda_white_rice_1kg_var_1466,ACTIVE
P1467,SKU-P1467,BrandA Yogurt 80g - Var 1467,BrandA,Dairy,Sub Dairy,High quality BrandA Yogurt 80g - Var 1467,pcs,80g,77,55,148,8,A01,S04,L004,1242446263253,branda_yogurt_80g_var_1467,ACTIVE
P1468,SKU-P1468,BrandB Meat Item 1468,BrandB,Meat,Sub Meat,High quality BrandB Meat Item 1468,pcs,200ml,587,453,452,6,A11,S05,L055,1448811210314,brandb_meat_item_1468,ACTIVE
P1469,SKU-P1469,FreshFarms Biscuits 200g - Var 1469,FreshFarms,Snacks,Sub Snacks,High quality FreshFarms Biscuits 200g - Var 1469,pcs,200g,168,133,297,20,A04,S05,L020,4217518878175,freshfarms_biscuits_200g_var_1469,ACTIVE
P1470,SKU-P1470,PureLife Red Rice 1kg - Var 1470,PureLife,Rice & Grains,Sub Rice & Grains,High quality PureLife Red Rice 1kg - Var 1470,pcs,1kg,259,190,378,5,A05,S02,L022,9415152638406,purelife_red_rice_1kg_var_1470,ACTIVE
P1471,SKU-P1471,FreshFarms Breakfast Item 1471,FreshFarms,Breakfast,Sub Breakfast,High quality FreshFarms Breakfast Item 1471,pcs,100g,189,100,319,8,A16,S05,L080,9112252883759,freshfarms_breakfast_item_1471,ACTIVE
P1472,SKU-P1472,FreshFarms Sauces Item 1472,FreshFarms,Sauces,Sub Sauces,High quality FreshFarms Sauces Item 1472,pcs,100g,398,342,436,19,A17,S01,L081,0566186323970,freshfarms_sauces_item_1472,ACTIVE
P1473,SKU-P1473,BrandB Household Item 1473,BrandB,Household,Sub Household,High quality BrandB Household Item 1473,pcs,200ml,444,347,429,12,A13,S01,L061,9137876553000,brandb_household_item_1473,ACTIVE
P1474,SKU-P1474,HealthyO Spices Item 1474,HealthyO,Spices,Sub Spices,High quality HealthyO Spices Item 1474,pcs,500ml,517,436,231,9,A18,S03,L088,7309505560570,healthyo_spices_item_1474,ACTIVE
P1475,SKU-P1475,BrandC Pet Food Item 1475,BrandC,Pet Food,Sub Pet Food,High quality BrandC Pet Food Item 1475,pcs,100g,367,187,389,11,A21,S01,L101,1219881927781,brandc_pet_food_item_1475,ACTIVE
P1476,SKU-P1476,PureLife Breakfast Item 1476,PureLife,Breakfast,Sub Breakfast,High quality PureLife Breakfast Item 1476,pcs,200g,577,401,198,13,A16,S04,L079,8519053486409,purelife_breakfast_item_1476,ACTIVE
P1477,SKU-P1477,BrandB Household Item 1477,BrandB,Household,Sub Household,High quality BrandB Household Item 1477,pcs,200ml,404,317,24,14,A13,S04,L064,1042462456185,brandb_household_item_1477,ACTIVE
P1478,SKU-P1478,HealthyO Baby Products Item 1478,HealthyO,Baby Products,Sub Baby Products,High quality HealthyO Baby Products Item 1478,pcs,200g,524,397,27,19,A15,S01,L071,5174460045217,healthyo_baby_products_item_1478,ACTIVE
P1479,SKU-P1479,DailyChoice Buns 4pcs - Var 1479,DailyChoice,Bakery,Sub Bakery,High quality DailyChoice Buns 4pcs - Var 1479,pcs,4pcs,218,166,151,5,A02,S03,L008,2899151145511,dailychoice_buns_4pcs_var_1479,ACTIVE
P1480,SKU-P1480,NatureBites Pasta Item 1480,NatureBites,Pasta,Sub Pasta,High quality NatureBites Pasta Item 1480,pcs,500g,462,278,209,7,A06,S03,L028,2939130448810,naturebites_pasta_item_1480,ACTIVE
P1481,SKU-P1481,Glow Pasta Item 1481,Glow,Pasta,Sub Pasta,High quality Glow Pasta Item 1481,pcs,500ml,420,335,152,14,A06,S02,L027,8984841604615,glow_pasta_item_1481,ACTIVE
P1482,SKU-P1482,DailyChoice Household Item 1482,DailyChoice,Household,Sub Household,High quality DailyChoice Household Item 1482,pcs,200ml,506,410,304,13,A13,S01,L061,5402119017071,dailychoice_household_item_1482,ACTIVE
P1483,SKU-P1483,HealthyO White Rice 1kg - Var 1483,HealthyO,Rice & Grains,Sub Rice & Grains,High quality HealthyO White Rice 1kg - Var 1483,pcs,1kg,251,179,44,6,A05,S03,L023,5681429831526,healthyo_white_rice_1kg_var_1483,ACTIVE
P1484,SKU-P1484,BrandB Butter 200g - Var 1484,BrandB,Dairy,Sub Dairy,High quality BrandB Butter 200g - Var 1484,pcs,200g,763,642,265,20,A01,S02,L002,2910732283603,brandb_butter_200g_var_1484,ACTIVE
P1485,SKU-P1485,FreshFarms Meat Item 1485,FreshFarms,Meat,Sub Meat,High quality FreshFarms Meat Item 1485,pcs,100g,620,472,396,18,A11,S02,L052,8493783063966,freshfarms_meat_item_1485,ACTIVE
P1486,SKU-P1486,BrandB Water 1L - Var 1486,BrandB,Beverages,Sub Beverages,High quality BrandB Water 1L - Var 1486,pcs,1L,175,62,47,19,A03,S01,L011,3845269694433,brandb_water_1l_var_1486,ACTIVE
P1487,SKU-P1487,BrandA Seafood Item 1487,BrandA,Seafood,Sub Seafood,High quality BrandA Seafood Item 1487,pcs,100ml,320,155,203,9,A12,S05,L060,9164970169349,branda_seafood_item_1487,ACTIVE
P1488,SKU-P1488,NatureBites Pet Food Item 1488,NatureBites,Pet Food,Sub Pet Food,High quality NatureBites Pet Food Item 1488,pcs,100g,404,229,234,14,A21,S05,L105,2929132033015,naturebites_pet_food_item_1488,ACTIVE
P1489,SKU-P1489,BrandC Frozen Food Item 1489,BrandC,Frozen Food,Sub Frozen Food,High quality BrandC Frozen Food Item 1489,pcs,200g,343,144,22,8,A08,S02,L037,6234190310616,brandc_frozen_food_item_1489,ACTIVE
P1490,SKU-P1490,BrandC Canned Food Item 1490,BrandC,Canned Food,Sub Canned Food,High quality BrandC Canned Food Item 1490,pcs,100ml,650,496,300,7,A07,S01,L031,5372215566844,brandc_canned_food_item_1490,ACTIVE
P1491,SKU-P1491,NatureBites Meat Item 1491,NatureBites,Meat,Sub Meat,High quality NatureBites Meat Item 1491,pcs,200g,402,206,433,20,A11,S02,L052,7323653377460,naturebites_meat_item_1491,ACTIVE
P1492,SKU-P1492,Glow Sauces Item 1492,Glow,Sauces,Sub Sauces,High quality Glow Sauces Item 1492,pcs,500g,296,134,228,17,A17,S03,L083,0406720078433,glow_sauces_item_1492,ACTIVE
P1493,SKU-P1493,BrandC Soft Drink 1.5L - Var 1493,BrandC,Beverages,Sub Beverages,High quality BrandC Soft Drink 1.5L - Var 1493,pcs,1.5L,416,300,162,8,A03,S05,L015,6142442607813,brandc_soft_drink_1.5l_var_1493,ACTIVE
P1494,SKU-P1494,BrandA Potato Chips 50g - Var 1494,BrandA,Snacks,Sub Snacks,High quality BrandA Potato Chips 50g - Var 1494,pcs,50g,269,188,179,5,A04,S04,L019,9754373476429,branda_potato_chips_50g_var_1494,ACTIVE
P1495,SKU-P1495,PureLife Frozen Food Item 1495,PureLife,Frozen Food,Sub Frozen Food,High quality PureLife Frozen Food Item 1495,pcs,200ml,224,134,157,7,A08,S03,L038,7372037638826,purelife_frozen_food_item_1495,ACTIVE
P1496,SKU-P1496,FreshFarms Spices Item 1496,FreshFarms,Spices,Sub Spices,High quality FreshFarms Spices Item 1496,pcs,500ml,368,304,289,8,A18,S05,L090,1458414846018,freshfarms_spices_item_1496,ACTIVE
P1497,SKU-P1497,BrandA Laundry Detergent 1kg - Var 1497,BrandA,Cleaning,Sub Cleaning,High quality BrandA Laundry Detergent 1kg - Var 1497,pcs,1kg,643,402,225,13,A19,S04,L094,9134438998279,branda_laundry_detergent_1kg_var_1497,ACTIVE
P1498,SKU-P1498,BrandA Canned Food Item 1498,BrandA,Canned Food,Sub Canned Food,High quality BrandA Canned Food Item 1498,pcs,100g,514,380,483,6,A07,S03,L033,8020586950737,branda_canned_food_item_1498,ACTIVE
P1499,SKU-P1499,BrandB Frozen Food Item 1499,BrandB,Frozen Food,Sub Frozen Food,High quality BrandB Frozen Food Item 1499,pcs,500g,345,277,496,18,A08,S04,L039,2146449369990,brandb_frozen_food_item_1499,ACTIVE
P1500,SKU-P1500,BrandB Stationery Item 1500,BrandB,Stationery,Sub Stationery,High quality BrandB Stationery Item 1500,pcs,500ml,285,166,380,6,A20,S05,L100,5167933505578,brandb_stationery_item_1500,ACTIVE
P1501,SKU-P1501,NatureBites Nuts 100g - Var 1501,NatureBites,Snacks,Sub Snacks,High quality NatureBites Nuts 100g - Var 1501,pcs,100g,683,414,189,18,A04,S01,L016,3857368011929,naturebites_nuts_100g_var_1501,ACTIVE
P1502,SKU-P1502,FreshFarms Breakfast Item 1502,FreshFarms,Breakfast,Sub Breakfast,High quality FreshFarms Breakfast Item 1502,pcs,100g,213,113,283,17,A16,S03,L078,3603768118726,freshfarms_breakfast_item_1502,ACTIVE
P1503,SKU-P1503,BrandA Yogurt 80g - Var 1503,BrandA,Dairy,Sub Dairy,High quality BrandA Yogurt 80g - Var 1503,pcs,80g,168,74,203,9,A01,S05,L005,3335104096145,branda_yogurt_80g_var_1503,ACTIVE
P1504,SKU-P1504,BrandB Soap 100g - Var 1504,BrandB,Personal Care,Sub Personal Care,High quality BrandB Soap 100g - Var 1504,pcs,100g,135,108,469,16,A14,S04,L069,9731539114982,brandb_soap_100g_var_1504,ACTIVE
P1505,SKU-P1505,Glow Seafood Item 1505,Glow,Seafood,Sub Seafood,High quality Glow Seafood Item 1505,pcs,200g,330,221,57,5,A12,S02,L057,3074820736514,glow_seafood_item_1505,ACTIVE
P1506,SKU-P1506,NatureBites Frozen Food Item 1506,NatureBites,Frozen Food,Sub Frozen Food,High quality NatureBites Frozen Food Item 1506,pcs,500g,220,107,426,6,A08,S04,L039,1893940655787,naturebites_frozen_food_item_1506,ACTIVE
P1507,SKU-P1507,DailyChoice Juice 1L - Var 1507,DailyChoice,Beverages,Sub Beverages,High quality DailyChoice Juice 1L - Var 1507,pcs,1L,536,411,32,15,A03,S01,L011,2019043223022,dailychoice_juice_1l_var_1507,ACTIVE
P1508,SKU-P1508,FreshFarms Seafood Item 1508,FreshFarms,Seafood,Sub Seafood,High quality FreshFarms Seafood Item 1508,pcs,200g,561,410,255,8,A12,S05,L060,3332470739201,freshfarms_seafood_item_1508,ACTIVE
P1509,SKU-P1509,NatureBites Water 1L - Var 1509,NatureBites,Beverages,Sub Beverages,High quality NatureBites Water 1L - Var 1509,pcs,1L,143,73,371,16,A03,S01,L011,1354621276023,naturebites_water_1l_var_1509,ACTIVE
P1510,SKU-P1510,PureLife Frozen Food Item 1510,PureLife,Frozen Food,Sub Frozen Food,High quality PureLife Frozen Food Item 1510,pcs,200ml,546,434,279,13,A08,S04,L039,5082611231269,purelife_frozen_food_item_1510,ACTIVE
P1511,SKU-P1511,NatureBites Meat Item 1511,NatureBites,Meat,Sub Meat,High quality NatureBites Meat Item 1511,pcs,100g,432,277,371,20,A11,S05,L055,1632488899570,naturebites_meat_item_1511,ACTIVE
P1512,SKU-P1512,BrandC Banana 1kg - Var 1512,BrandC,Fruits,Sub Fruits,High quality BrandC Banana 1kg - Var 1512,pcs,1kg,229,183,166,11,A09,S01,L041,2989376297451,brandc_banana_1kg_var_1512,ACTIVE
P1513,SKU-P1513,BrandA Potato Chips 50g - Var 1513,BrandA,Snacks,Sub Snacks,High quality BrandA Potato Chips 50g - Var 1513,pcs,50g,289,165,235,19,A04,S03,L018,4930364687196,branda_potato_chips_50g_var_1513,ACTIVE
P1514,SKU-P1514,BrandA Nuts 100g - Var 1514,BrandA,Snacks,Sub Snacks,High quality BrandA Nuts 100g - Var 1514,pcs,100g,635,417,311,17,A04,S01,L016,1203818769209,branda_nuts_100g_var_1514,ACTIVE
P1515,SKU-P1515,PureLife Carrot 500g - Var 1515,PureLife,Vegetables,Sub Vegetables,High quality PureLife Carrot 500g - Var 1515,pcs,500g,199,139,263,5,A10,S01,L046,8283230898131,purelife_carrot_500g_var_1515,ACTIVE
P1516,SKU-P1516,DailyChoice Household Item 1516,DailyChoice,Household,Sub Household,High quality DailyChoice Household Item 1516,pcs,100g,352,205,104,18,A13,S04,L064,8815881445824,dailychoice_household_item_1516,ACTIVE
P1517,SKU-P1517,PureLife Spices Item 1517,PureLife,Spices,Sub Spices,High quality PureLife Spices Item 1517,pcs,100ml,249,113,482,13,A18,S01,L086,2067323182972,purelife_spices_item_1517,ACTIVE
P1518,SKU-P1518,Glow Dishwashing Liquid 500ml - Var 1518,Glow,Cleaning,Sub Cleaning,High quality Glow Dishwashing Liquid 500ml - Var 1518,pcs,500ml,359,246,232,18,A19,S02,L092,1681572450005,glow_dishwashing_liquid_500ml_var_1518,ACTIVE
P1519,SKU-P1519,PureLife Cake 1kg - Var 1519,PureLife,Bakery,Sub Bakery,High quality PureLife Cake 1kg - Var 1519,pcs,1kg,1659,1234,227,13,A02,S01,L006,0001529113714,purelife_cake_1kg_var_1519,ACTIVE
P1520,SKU-P1520,DailyChoice Pasta Item 1520,DailyChoice,Pasta,Sub Pasta,High quality DailyChoice Pasta Item 1520,pcs,500g,220,167,153,13,A06,S04,L029,7850902556180,dailychoice_pasta_item_1520,ACTIVE
P1521,SKU-P1521,Glow Water 1L - Var 1521,Glow,Beverages,Sub Beverages,High quality Glow Water 1L - Var 1521,pcs,1L,130,96,29,13,A03,S02,L012,4442182998748,glow_water_1l_var_1521,ACTIVE
P1522,SKU-P1522,PureLife Seafood Item 1522,PureLife,Seafood,Sub Seafood,High quality PureLife Seafood Item 1522,pcs,500g,291,163,301,15,A12,S03,L058,7812248905671,purelife_seafood_item_1522,ACTIVE
P1523,SKU-P1523,DailyChoice Grapes 500g - Var 1523,DailyChoice,Fruits,Sub Fruits,High quality DailyChoice Grapes 500g - Var 1523,pcs,500g,956,601,14,19,A09,S02,L042,0867009004367,dailychoice_grapes_500g_var_1523,ACTIVE
P1524,SKU-P1524,NatureBites Cake 1kg - Var 1524,NatureBites,Bakery,Sub Bakery,High quality NatureBites Cake 1kg - Var 1524,pcs,1kg,1652,1213,39,7,A02,S03,L008,5515848266914,naturebites_cake_1kg_var_1524,ACTIVE
P1525,SKU-P1525,BrandB Orange 1kg - Var 1525,BrandB,Fruits,Sub Fruits,High quality BrandB Orange 1kg - Var 1525,pcs,1kg,1023,728,142,13,A09,S05,L045,3624835505423,brandb_orange_1kg_var_1525,ACTIVE
P1526,SKU-P1526,FreshFarms Banana 1kg - Var 1526,FreshFarms,Fruits,Sub Fruits,High quality FreshFarms Banana 1kg - Var 1526,pcs,1kg,222,190,85,6,A09,S04,L044,9608070633695,freshfarms_banana_1kg_var_1526,ACTIVE
P1527,SKU-P1527,BrandA Frozen Food Item 1527,BrandA,Frozen Food,Sub Frozen Food,High quality BrandA Frozen Food Item 1527,pcs,100ml,527,396,31,12,A08,S01,L036,9879509822106,branda_frozen_food_item_1527,ACTIVE
P1528,SKU-P1528,BrandA Croissant 2pcs - Var 1528,BrandA,Bakery,Sub Bakery,High quality BrandA Croissant 2pcs - Var 1528,pcs,2pcs,345,243,286,6,A02,S03,L008,4016481880440,branda_croissant_2pcs_var_1528,ACTIVE
P1529,SKU-P1529,Glow Stationery Item 1529,Glow,Stationery,Sub Stationery,High quality Glow Stationery Item 1529,pcs,100g,522,359,67,7,A20,S02,L097,2877383638162,glow_stationery_item_1529,ACTIVE
P1530,SKU-P1530,Glow Frozen Food Item 1530,Glow,Frozen Food,Sub Frozen Food,High quality Glow Frozen Food Item 1530,pcs,500ml,604,448,46,18,A08,S02,L037,4321269428944,glow_frozen_food_item_1530,ACTIVE
P1531,SKU-P1531,Glow Carrot 500g - Var 1531,Glow,Vegetables,Sub Vegetables,High quality Glow Carrot 500g - Var 1531,pcs,500g,250,138,194,15,A10,S02,L047,6420362586310,glow_carrot_500g_var_1531,ACTIVE
P1532,SKU-P1532,PureLife Deodorant 150ml - Var 1532,PureLife,Personal Care,Sub Personal Care,High quality PureLife Deodorant 150ml - Var 1532,pcs,150ml,703,539,92,16,A14,S03,L068,4417064625548,purelife_deodorant_150ml_var_1532,ACTIVE
P1533,SKU-P1533,HealthyO Buns 4pcs - Var 1533,HealthyO,Bakery,Sub Bakery,High quality HealthyO Buns 4pcs - Var 1533,pcs,4pcs,173,121,321,11,A02,S03,L008,0263558243019,healthyo_buns_4pcs_var_1533,ACTIVE
P1534,SKU-P1534,NatureBites Meat Item 1534,NatureBites,Meat,Sub Meat,High quality NatureBites Meat Item 1534,pcs,500ml,356,210,435,6,A11,S05,L055,7646448988031,naturebites_meat_item_1534,ACTIVE
P1535,SKU-P1535,BrandB Basmati Rice 1kg - Var 1535,BrandB,Rice & Grains,Sub Rice & Grains,High quality BrandB Basmati Rice 1kg - Var 1535,pcs,1kg,872,614,267,18,A05,S04,L024,1538882452796,brandb_basmati_rice_1kg_var_1535,ACTIVE
P1536,SKU-P1536,NatureBites Spices Item 1536,NatureBites,Spices,Sub Spices,High quality NatureBites Spices Item 1536,pcs,100ml,621,437,276,19,A18,S01,L086,0504043333533,naturebites_spices_item_1536,ACTIVE
P1537,SKU-P1537,FreshFarms Meat Item 1537,FreshFarms,Meat,Sub Meat,High quality FreshFarms Meat Item 1537,pcs,500ml,358,224,134,16,A11,S03,L053,8495163211196,freshfarms_meat_item_1537,ACTIVE
P1538,SKU-P1538,Glow Frozen Food Item 1538,Glow,Frozen Food,Sub Frozen Food,High quality Glow Frozen Food Item 1538,pcs,500g,565,454,237,18,A08,S04,L039,7871809339133,glow_frozen_food_item_1538,ACTIVE
P1539,SKU-P1539,Glow Seafood Item 1539,Glow,Seafood,Sub Seafood,High quality Glow Seafood Item 1539,pcs,500g,458,285,319,12,A12,S01,L056,7326530601191,glow_seafood_item_1539,ACTIVE
P1540,SKU-P1540,FreshFarms Baby Products Item 1540,FreshFarms,Baby Products,Sub Baby Products,High quality FreshFarms Baby Products Item 1540,pcs,500g,487,375,407,18,A15,S04,L074,8756178688008,freshfarms_baby_products_item_1540,ACTIVE
P1541,SKU-P1541,PureLife Floor Cleaner 1L - Var 1541,PureLife,Cleaning,Sub Cleaning,High quality PureLife Floor Cleaner 1L - Var 1541,pcs,1L,486,350,184,15,A19,S02,L092,2300915618290,purelife_floor_cleaner_1l_var_1541,ACTIVE
P1542,SKU-P1542,CleanPlus Nuts 100g - Var 1542,CleanPlus,Snacks,Sub Snacks,High quality CleanPlus Nuts 100g - Var 1542,pcs,100g,618,432,304,20,A04,S01,L016,8036577449166,cleanplus_nuts_100g_var_1542,ACTIVE
P1543,SKU-P1543,BrandC Pet Food Item 1543,BrandC,Pet Food,Sub Pet Food,High quality BrandC Pet Food Item 1543,pcs,200g,265,185,224,13,A21,S02,L102,0936595201495,brandc_pet_food_item_1543,ACTIVE
P1544,SKU-P1544,BrandB Spices Item 1544,BrandB,Spices,Sub Spices,High quality BrandB Spices Item 1544,pcs,100g,376,320,363,10,A18,S04,L089,1189418433682,brandb_spices_item_1544,ACTIVE
P1545,SKU-P1545,CleanPlus Energy Drink 250ml - Var 1545,CleanPlus,Beverages,Sub Beverages,High quality CleanPlus Energy Drink 250ml - Var 1545,pcs,250ml,416,322,215,12,A03,S02,L012,7509263223995,cleanplus_energy_drink_250ml_var_1545,ACTIVE
P1546,SKU-P1546,Glow Onion 1kg - Var 1546,Glow,Vegetables,Sub Vegetables,High quality Glow Onion 1kg - Var 1546,pcs,1kg,377,237,325,8,A10,S01,L046,8213745561145,glow_onion_1kg_var_1546,ACTIVE
P1547,SKU-P1547,DailyChoice Croissant 2pcs - Var 1547,DailyChoice,Bakery,Sub Bakery,High quality DailyChoice Croissant 2pcs - Var 1547,pcs,2pcs,380,226,240,18,A02,S01,L006,0428860505372,dailychoice_croissant_2pcs_var_1547,ACTIVE
P1548,SKU-P1548,BrandC Potato 1kg - Var 1548,BrandC,Vegetables,Sub Vegetables,High quality BrandC Potato 1kg - Var 1548,pcs,1kg,298,196,311,7,A10,S04,L049,6660811260037,brandc_potato_1kg_var_1548,ACTIVE
P1549,SKU-P1549,DailyChoice White Rice 1kg - Var 1549,DailyChoice,Rice & Grains,Sub Rice & Grains,High quality DailyChoice White Rice 1kg - Var 1549,pcs,1kg,241,164,234,10,A05,S01,L021,0835669106271,dailychoice_white_rice_1kg_var_1549,ACTIVE
P1550,SKU-P1550,PureLife Sauces Item 1550,PureLife,Sauces,Sub Sauces,High quality PureLife Sauces Item 1550,pcs,100g,428,252,184,6,A17,S05,L085,1531234550683,purelife_sauces_item_1550,ACTIVE
P1551,SKU-P1551,HealthyO Floor Cleaner 1L - Var 1551,HealthyO,Cleaning,Sub Cleaning,High quality HealthyO Floor Cleaner 1L - Var 1551,pcs,1L,504,332,156,15,A19,S05,L095,8269177682934,healthyo_floor_cleaner_1l_var_1551,ACTIVE
P1552,SKU-P1552,BrandC Household Item 1552,BrandC,Household,Sub Household,High quality BrandC Household Item 1552,pcs,100g,579,476,230,13,A13,S03,L063,8440134808738,brandc_household_item_1552,ACTIVE
P1553,SKU-P1553,BrandB Laundry Detergent 1kg - Var 1553,BrandB,Cleaning,Sub Cleaning,High quality BrandB Laundry Detergent 1kg - Var 1553,pcs,1kg,636,422,94,8,A19,S05,L095,5437882603350,brandb_laundry_detergent_1kg_var_1553,ACTIVE
P1554,SKU-P1554,DailyChoice Tomato 500g - Var 1554,DailyChoice,Vegetables,Sub Vegetables,High quality DailyChoice Tomato 500g - Var 1554,pcs,500g,271,164,157,13,A10,S03,L048,9101570908596,dailychoice_tomato_500g_var_1554,ACTIVE
P1555,SKU-P1555,FreshFarms Stationery Item 1555,FreshFarms,Stationery,Sub Stationery,High quality FreshFarms Stationery Item 1555,pcs,500ml,246,172,115,10,A20,S01,L096,9144920749265,freshfarms_stationery_item_1555,ACTIVE
P1556,SKU-P1556,NatureBites Milk 1L - Var 1556,NatureBites,Dairy,Sub Dairy,High quality NatureBites Milk 1L - Var 1556,pcs,1L,474,384,13,20,A01,S05,L005,9996996489978,naturebites_milk_1l_var_1556,ACTIVE
P1557,SKU-P1557,PureLife Butter 200g - Var 1557,PureLife,Dairy,Sub Dairy,High quality PureLife Butter 200g - Var 1557,pcs,200g,804,636,384,19,A01,S03,L003,1842859693250,purelife_butter_200g_var_1557,ACTIVE
P1558,SKU-P1558,DailyChoice Sauces Item 1558,DailyChoice,Sauces,Sub Sauces,High quality DailyChoice Sauces Item 1558,pcs,200g,546,466,237,18,A17,S02,L082,9140849932313,dailychoice_sauces_item_1558,ACTIVE
P1559,SKU-P1559,BrandB Breakfast Item 1559,BrandB,Breakfast,Sub Breakfast,High quality BrandB Breakfast Item 1559,pcs,100ml,553,474,191,7,A16,S03,L078,2342669806905,brandb_breakfast_item_1559,ACTIVE
P1560,SKU-P1560,Glow Frozen Food Item 1560,Glow,Frozen Food,Sub Frozen Food,High quality Glow Frozen Food Item 1560,pcs,100ml,407,241,332,7,A08,S01,L036,8726176072345,glow_frozen_food_item_1560,ACTIVE
P1561,SKU-P1561,CleanPlus Meat Item 1561,CleanPlus,Meat,Sub Meat,High quality CleanPlus Meat Item 1561,pcs,100ml,389,197,348,6,A11,S01,L051,8389359538283,cleanplus_meat_item_1561,ACTIVE
P1562,SKU-P1562,FreshFarms Pet Food Item 1562,FreshFarms,Pet Food,Sub Pet Food,High quality FreshFarms Pet Food Item 1562,pcs,100ml,312,212,145,20,A21,S01,L101,0405612996503,freshfarms_pet_food_item_1562,ACTIVE
P1563,SKU-P1563,DailyChoice Red Rice 1kg - Var 1563,DailyChoice,Rice & Grains,Sub Rice & Grains,High quality DailyChoice Red Rice 1kg - Var 1563,pcs,1kg,236,168,111,7,A05,S04,L024,8269582641861,dailychoice_red_rice_1kg_var_1563,ACTIVE
P1564,SKU-P1564,BrandA Sauces Item 1564,BrandA,Sauces,Sub Sauces,High quality BrandA Sauces Item 1564,pcs,200g,543,351,322,11,A17,S02,L082,9656130876124,branda_sauces_item_1564,ACTIVE
P1565,SKU-P1565,CleanPlus Pasta Item 1565,CleanPlus,Pasta,Sub Pasta,High quality CleanPlus Pasta Item 1565,pcs,500ml,561,414,333,12,A06,S01,L026,3859514346824,cleanplus_pasta_item_1565,ACTIVE
P1566,SKU-P1566,DailyChoice Pet Food Item 1566,DailyChoice,Pet Food,Sub Pet Food,High quality DailyChoice Pet Food Item 1566,pcs,500g,362,253,458,14,A21,S03,L103,3948400273006,dailychoice_pet_food_item_1566,ACTIVE
P1567,SKU-P1567,CleanPlus Breakfast Item 1567,CleanPlus,Breakfast,Sub Breakfast,High quality CleanPlus Breakfast Item 1567,pcs,500ml,551,378,161,8,A16,S04,L079,8696610168319,cleanplus_breakfast_item_1567,ACTIVE
P1568,SKU-P1568,PureLife Frozen Food Item 1568,PureLife,Frozen Food,Sub Frozen Food,High quality PureLife Frozen Food Item 1568,pcs,200ml,379,266,349,18,A08,S01,L036,1395001680948,purelife_frozen_food_item_1568,ACTIVE
P1569,SKU-P1569,Glow Nuts 100g - Var 1569,Glow,Snacks,Sub Snacks,High quality Glow Nuts 100g - Var 1569,pcs,100g,614,442,187,17,A04,S02,L017,1491507628399,glow_nuts_100g_var_1569,ACTIVE
P1570,SKU-P1570,HealthyO Dhal 1kg - Var 1570,HealthyO,Rice & Grains,Sub Rice & Grains,High quality HealthyO Dhal 1kg - Var 1570,pcs,1kg,437,276,130,5,A05,S04,L024,7620534407774,healthyo_dhal_1kg_var_1570,ACTIVE
P1571,SKU-P1571,CleanPlus Potato 1kg - Var 1571,CleanPlus,Vegetables,Sub Vegetables,High quality CleanPlus Potato 1kg - Var 1571,pcs,1kg,271,153,405,15,A10,S03,L048,9462072662929,cleanplus_potato_1kg_var_1571,ACTIVE
P1572,SKU-P1572,CleanPlus Grapes 500g - Var 1572,CleanPlus,Fruits,Sub Fruits,High quality CleanPlus Grapes 500g - Var 1572,pcs,500g,954,628,214,13,A09,S03,L043,5081776029919,cleanplus_grapes_500g_var_1572,ACTIVE
P1573,SKU-P1573,FreshFarms Cake 1kg - Var 1573,FreshFarms,Bakery,Sub Bakery,High quality FreshFarms Cake 1kg - Var 1573,pcs,1kg,1681,1221,429,6,A02,S03,L008,4068841333738,freshfarms_cake_1kg_var_1573,ACTIVE
P1574,SKU-P1574,FreshFarms Tomato 500g - Var 1574,FreshFarms,Vegetables,Sub Vegetables,High quality FreshFarms Tomato 500g - Var 1574,pcs,500g,271,186,284,11,A10,S04,L049,1255235617816,freshfarms_tomato_500g_var_1574,ACTIVE
P1575,SKU-P1575,HealthyO Pet Food Item 1575,HealthyO,Pet Food,Sub Pet Food,High quality HealthyO Pet Food Item 1575,pcs,500ml,354,166,20,5,A21,S01,L101,7032119206137,healthyo_pet_food_item_1575,ACTIVE
P1576,SKU-P1576,Glow Household Item 1576,Glow,Household,Sub Household,High quality Glow Household Item 1576,pcs,200g,497,435,275,11,A13,S01,L061,6385277895615,glow_household_item_1576,ACTIVE
P1577,SKU-P1577,FreshFarms Seafood Item 1577,FreshFarms,Seafood,Sub Seafood,High quality FreshFarms Seafood Item 1577,pcs,100ml,575,467,158,10,A12,S05,L060,3371844490294,freshfarms_seafood_item_1577,ACTIVE
P1578,SKU-P1578,CleanPlus Seafood Item 1578,CleanPlus,Seafood,Sub Seafood,High quality CleanPlus Seafood Item 1578,pcs,100g,165,106,442,5,A12,S03,L058,5026480164402,cleanplus_seafood_item_1578,ACTIVE
P1579,SKU-P1579,NatureBites Sauces Item 1579,NatureBites,Sauces,Sub Sauces,High quality NatureBites Sauces Item 1579,pcs,200ml,211,121,154,14,A17,S01,L081,3734167812776,naturebites_sauces_item_1579,ACTIVE
P1580,SKU-P1580,BrandA Butter 200g - Var 1580,BrandA,Dairy,Sub Dairy,High quality BrandA Butter 200g - Var 1580,pcs,200g,845,617,73,17,A01,S02,L002,8221021798215,branda_butter_200g_var_1580,ACTIVE
P1581,SKU-P1581,BrandC Pet Food Item 1581,BrandC,Pet Food,Sub Pet Food,High quality BrandC Pet Food Item 1581,pcs,500ml,212,143,47,18,A21,S04,L104,3486298579737,brandc_pet_food_item_1581,ACTIVE
P1582,SKU-P1582,BrandB Butter 200g - Var 1582,BrandB,Dairy,Sub Dairy,High quality BrandB Butter 200g - Var 1582,pcs,200g,825,647,415,17,A01,S01,L001,6383182856059,brandb_butter_200g_var_1582,ACTIVE
P1583,SKU-P1583,PureLife Canned Food Item 1583,PureLife,Canned Food,Sub Canned Food,High quality PureLife Canned Food Item 1583,pcs,200ml,417,362,164,13,A07,S05,L035,3970798661776,purelife_canned_food_item_1583,ACTIVE
P1584,SKU-P1584,BrandB Baby Products Item 1584,BrandB,Baby Products,Sub Baby Products,High quality BrandB Baby Products Item 1584,pcs,200ml,416,292,229,7,A15,S02,L072,0673682050689,brandb_baby_products_item_1584,ACTIVE
P1585,SKU-P1585,NatureBites Frozen Food Item 1585,NatureBites,Frozen Food,Sub Frozen Food,High quality NatureBites Frozen Food Item 1585,pcs,200ml,431,245,269,12,A08,S04,L039,2122355216504,naturebites_frozen_food_item_1585,ACTIVE
P1586,SKU-P1586,DailyChoice Household Item 1586,DailyChoice,Household,Sub Household,High quality DailyChoice Household Item 1586,pcs,500ml,479,290,375,8,A13,S01,L061,5871469218214,dailychoice_household_item_1586,ACTIVE
P1587,SKU-P1587,HealthyO Baby Products Item 1587,HealthyO,Baby Products,Sub Baby Products,High quality HealthyO Baby Products Item 1587,pcs,100ml,603,494,238,16,A15,S02,L072,9259679089842,healthyo_baby_products_item_1587,ACTIVE
P1588,SKU-P1588,BrandB Breakfast Item 1588,BrandB,Breakfast,Sub Breakfast,High quality BrandB Breakfast Item 1588,pcs,500ml,356,270,424,7,A16,S05,L080,3699848022052,brandb_breakfast_item_1588,ACTIVE
P1589,SKU-P1589,FreshFarms Potato Chips 50g - Var 1589,FreshFarms,Snacks,Sub Snacks,High quality FreshFarms Potato Chips 50g - Var 1589,pcs,50g,275,181,137,7,A04,S05,L020,0938694842494,freshfarms_potato_chips_50g_var_1589,ACTIVE
P1590,SKU-P1590,NatureBites Dhal 1kg - Var 1590,NatureBites,Rice & Grains,Sub Rice & Grains,High quality NatureBites Dhal 1kg - Var 1590,pcs,1kg,422,296,399,12,A05,S04,L024,5988114578873,naturebites_dhal_1kg_var_1590,ACTIVE
P1591,SKU-P1591,CleanPlus Croissant 2pcs - Var 1591,CleanPlus,Bakery,Sub Bakery,High quality CleanPlus Croissant 2pcs - Var 1591,pcs,2pcs,394,219,182,9,A02,S04,L009,0715238676735,cleanplus_croissant_2pcs_var_1591,ACTIVE
P1592,SKU-P1592,BrandA Cake 1kg - Var 1592,BrandA,Bakery,Sub Bakery,High quality BrandA Cake 1kg - Var 1592,pcs,1kg,1688,1217,117,20,A02,S03,L008,8209746191771,branda_cake_1kg_var_1592,ACTIVE
P1593,SKU-P1593,Glow Spices Item 1593,Glow,Spices,Sub Spices,High quality Glow Spices Item 1593,pcs,500g,432,264,372,20,A18,S04,L089,9876829968729,glow_spices_item_1593,ACTIVE
P1594,SKU-P1594,BrandB Sauces Item 1594,BrandB,Sauces,Sub Sauces,High quality BrandB Sauces Item 1594,pcs,100ml,527,458,202,9,A17,S05,L085,2589370858063,brandb_sauces_item_1594,ACTIVE
P1595,SKU-P1595,BrandC Milk 1L - Var 1595,BrandC,Dairy,Sub Dairy,High quality BrandC Milk 1L - Var 1595,pcs,1L,506,362,455,8,A01,S02,L002,2350405669578,brandc_milk_1l_var_1595,ACTIVE
P1596,SKU-P1596,BrandC Cake 1kg - Var 1596,BrandC,Bakery,Sub Bakery,High quality BrandC Cake 1kg - Var 1596,pcs,1kg,1667,1240,259,9,A02,S04,L009,9001248255444,brandc_cake_1kg_var_1596,ACTIVE
P1597,SKU-P1597,CleanPlus Spices Item 1597,CleanPlus,Spices,Sub Spices,High quality CleanPlus Spices Item 1597,pcs,100ml,321,160,160,13,A18,S04,L089,2867963259429,cleanplus_spices_item_1597,ACTIVE
P1598,SKU-P1598,HealthyO Sauces Item 1598,HealthyO,Sauces,Sub Sauces,High quality HealthyO Sauces Item 1598,pcs,200g,296,172,277,11,A17,S03,L083,3289463389151,healthyo_sauces_item_1598,ACTIVE
P1599,SKU-P1599,NatureBites Stationery Item 1599,NatureBites,Stationery,Sub Stationery,High quality NatureBites Stationery Item 1599,pcs,500ml,509,341,117,15,A20,S03,L098,6241528572561,naturebites_stationery_item_1599,ACTIVE
P1600,SKU-P1600,BrandA Dhal 1kg - Var 1600,BrandA,Rice & Grains,Sub Rice & Grains,High quality BrandA Dhal 1kg - Var 1600,pcs,1kg,403,270,101,9,A05,S02,L022,2926933589512,branda_dhal_1kg_var_1600,ACTIVE
P1601,SKU-P1601,BrandA Breakfast Item 1601,BrandA,Breakfast,Sub Breakfast,High quality BrandA Breakfast Item 1601,pcs,200g,276,202,285,19,A16,S01,L076,3818655078469,branda_breakfast_item_1601,ACTIVE
P1602,SKU-P1602,BrandA Meat Item 1602,BrandA,Meat,Sub Meat,High quality BrandA Meat Item 1602,pcs,500ml,494,404,44,16,A11,S01,L051,8509574430340,branda_meat_item_1602,ACTIVE
P1603,SKU-P1603,FreshFarms Pet Food Item 1603,FreshFarms,Pet Food,Sub Pet Food,High quality FreshFarms Pet Food Item 1603,pcs,200g,318,198,155,18,A21,S05,L105,9189117972033,freshfarms_pet_food_item_1603,ACTIVE
P1604,SKU-P1604,HealthyO Laundry Detergent 1kg - Var 1604,HealthyO,Cleaning,Sub Cleaning,High quality HealthyO Laundry Detergent 1kg - Var 1604,pcs,1kg,651,449,488,13,A19,S03,L093,8593401536411,healthyo_laundry_detergent_1kg_var_1604,ACTIVE
P1605,SKU-P1605,FreshFarms Spices Item 1605,FreshFarms,Spices,Sub Spices,High quality FreshFarms Spices Item 1605,pcs,100g,257,152,153,10,A18,S05,L090,5471553132596,freshfarms_spices_item_1605,ACTIVE
P1606,SKU-P1606,BrandC Apple 1kg - Var 1606,BrandC,Fruits,Sub Fruits,High quality BrandC Apple 1kg - Var 1606,pcs,1kg,1275,833,340,17,A09,S05,L045,3678136750099,brandc_apple_1kg_var_1606,ACTIVE
P1607,SKU-P1607,HealthyO Meat Item 1607,HealthyO,Meat,Sub Meat,High quality HealthyO Meat Item 1607,pcs,500ml,648,477,117,10,A11,S05,L055,4214105276987,healthyo_meat_item_1607,ACTIVE
P1608,SKU-P1608,BrandB Butter 200g - Var 1608,BrandB,Dairy,Sub Dairy,High quality BrandB Butter 200g - Var 1608,pcs,200g,768,639,83,10,A01,S02,L002,1987809270454,brandb_butter_200g_var_1608,ACTIVE
P1609,SKU-P1609,Glow Breakfast Item 1609,Glow,Breakfast,Sub Breakfast,High quality Glow Breakfast Item 1609,pcs,100g,350,170,423,19,A16,S01,L076,2388856225869,glow_breakfast_item_1609,ACTIVE
P1610,SKU-P1610,PureLife Toothpaste 120g - Var 1610,PureLife,Personal Care,Sub Personal Care,High quality PureLife Toothpaste 120g - Var 1610,pcs,120g,297,182,70,12,A14,S04,L069,6059867874426,purelife_toothpaste_120g_var_1610,ACTIVE
P1611,SKU-P1611,CleanPlus Spices Item 1611,CleanPlus,Spices,Sub Spices,High quality CleanPlus Spices Item 1611,pcs,200ml,410,281,439,15,A18,S04,L089,2758548596551,cleanplus_spices_item_1611,ACTIVE
P1612,SKU-P1612,HealthyO Sauces Item 1612,HealthyO,Sauces,Sub Sauces,High quality HealthyO Sauces Item 1612,pcs,100g,545,424,374,9,A17,S01,L081,9428249116503,healthyo_sauces_item_1612,ACTIVE
P1613,SKU-P1613,DailyChoice Deodorant 150ml - Var 1613,DailyChoice,Personal Care,Sub Personal Care,High quality DailyChoice Deodorant 150ml - Var 1613,pcs,150ml,800,544,138,8,A14,S05,L070,2000245393132,dailychoice_deodorant_150ml_var_1613,ACTIVE
P1614,SKU-P1614,Glow Spices Item 1614,Glow,Spices,Sub Spices,High quality Glow Spices Item 1614,pcs,100g,456,287,404,16,A18,S04,L089,2155130557080,glow_spices_item_1614,ACTIVE
P1615,SKU-P1615,CleanPlus Soap 100g - Var 1615,CleanPlus,Personal Care,Sub Personal Care,High quality CleanPlus Soap 100g - Var 1615,pcs,100g,142,103,487,5,A14,S02,L067,3682144488967,cleanplus_soap_100g_var_1615,ACTIVE
P1616,SKU-P1616,Glow Canned Food Item 1616,Glow,Canned Food,Sub Canned Food,High quality Glow Canned Food Item 1616,pcs,500g,302,102,168,15,A07,S04,L034,6997273677463,glow_canned_food_item_1616,ACTIVE
P1617,SKU-P1617,NatureBites Chocolate 100g - Var 1617,NatureBites,Snacks,Sub Snacks,High quality NatureBites Chocolate 100g - Var 1617,pcs,100g,427,250,149,6,A04,S03,L018,2025825431837,naturebites_chocolate_100g_var_1617,ACTIVE
P1618,SKU-P1618,DailyChoice Pet Food Item 1618,DailyChoice,Pet Food,Sub Pet Food,High quality DailyChoice Pet Food Item 1618,pcs,200g,570,456,150,6,A21,S03,L103,2812312392043,dailychoice_pet_food_item_1618,ACTIVE
P1619,SKU-P1619,DailyChoice Floor Cleaner 1L - Var 1619,DailyChoice,Cleaning,Sub Cleaning,High quality DailyChoice Floor Cleaner 1L - Var 1619,pcs,1L,530,338,242,20,A19,S01,L091,9106018364729,dailychoice_floor_cleaner_1l_var_1619,ACTIVE
P1620,SKU-P1620,NatureBites Pasta Item 1620,NatureBites,Pasta,Sub Pasta,High quality NatureBites Pasta Item 1620,pcs,100g,346,289,323,9,A06,S04,L029,3875082768172,naturebites_pasta_item_1620,ACTIVE
P1621,SKU-P1621,BrandB Pasta Item 1621,BrandB,Pasta,Sub Pasta,High quality BrandB Pasta Item 1621,pcs,200g,291,128,336,6,A06,S02,L027,2257754584722,brandb_pasta_item_1621,ACTIVE
P1622,SKU-P1622,NatureBites Meat Item 1622,NatureBites,Meat,Sub Meat,High quality NatureBites Meat Item 1622,pcs,200g,489,435,180,15,A11,S01,L051,6290529187687,naturebites_meat_item_1622,ACTIVE
P1623,SKU-P1623,Glow Pasta Item 1623,Glow,Pasta,Sub Pasta,High quality Glow Pasta Item 1623,pcs,500g,593,440,223,6,A06,S05,L030,3160827172179,glow_pasta_item_1623,ACTIVE
P1624,SKU-P1624,PureLife Juice 1L - Var 1624,PureLife,Beverages,Sub Beverages,High quality PureLife Juice 1L - Var 1624,pcs,1L,522,405,237,6,A03,S02,L012,3373992052225,purelife_juice_1l_var_1624,ACTIVE
P1625,SKU-P1625,NatureBites Banana 1kg - Var 1625,NatureBites,Fruits,Sub Fruits,High quality NatureBites Banana 1kg - Var 1625,pcs,1kg,222,176,335,5,A09,S05,L045,9993621659140,naturebites_banana_1kg_var_1625,ACTIVE
P1626,SKU-P1626,BrandB Onion 1kg - Var 1626,BrandB,Vegetables,Sub Vegetables,High quality BrandB Onion 1kg - Var 1626,pcs,1kg,359,221,300,7,A10,S03,L048,3882325539833,brandb_onion_1kg_var_1626,ACTIVE
P1627,SKU-P1627,BrandB Dishwashing Liquid 500ml - Var 1627,BrandB,Cleaning,Sub Cleaning,High quality BrandB Dishwashing Liquid 500ml - Var 1627,pcs,500ml,303,205,383,7,A19,S04,L094,5844617773262,brandb_dishwashing_liquid_500ml_var_1627,ACTIVE
P1628,SKU-P1628,HealthyO Pasta Item 1628,HealthyO,Pasta,Sub Pasta,High quality HealthyO Pasta Item 1628,pcs,500g,585,492,413,5,A06,S03,L028,4309544979121,healthyo_pasta_item_1628,ACTIVE
P1629,SKU-P1629,DailyChoice Canned Food Item 1629,DailyChoice,Canned Food,Sub Canned Food,High quality DailyChoice Canned Food Item 1629,pcs,100g,355,257,392,9,A07,S03,L033,7997029271203,dailychoice_canned_food_item_1629,ACTIVE
P1630,SKU-P1630,PureLife Tomato 500g - Var 1630,PureLife,Vegetables,Sub Vegetables,High quality PureLife Tomato 500g - Var 1630,pcs,500g,285,161,81,15,A10,S01,L046,5397871375296,purelife_tomato_500g_var_1630,ACTIVE
P1631,SKU-P1631,PureLife Soap 100g - Var 1631,PureLife,Personal Care,Sub Personal Care,High quality PureLife Soap 100g - Var 1631,pcs,100g,142,92,161,13,A14,S02,L067,8832201256083,purelife_soap_100g_var_1631,ACTIVE
P1632,SKU-P1632,BrandB Baby Products Item 1632,BrandB,Baby Products,Sub Baby Products,High quality BrandB Baby Products Item 1632,pcs,200ml,539,396,188,19,A15,S03,L073,3200487978886,brandb_baby_products_item_1632,ACTIVE
P1633,SKU-P1633,BrandA Pet Food Item 1633,BrandA,Pet Food,Sub Pet Food,High quality BrandA Pet Food Item 1633,pcs,500ml,366,179,301,11,A21,S02,L102,9753585238603,branda_pet_food_item_1633,ACTIVE
P1634,SKU-P1634,FreshFarms Toothpaste 120g - Var 1634,FreshFarms,Personal Care,Sub Personal Care,High quality FreshFarms Toothpaste 120g - Var 1634,pcs,120g,289,171,267,13,A14,S03,L068,0304436199513,freshfarms_toothpaste_120g_var_1634,ACTIVE
P1635,SKU-P1635,PureLife Juice 1L - Var 1635,PureLife,Beverages,Sub Beverages,High quality PureLife Juice 1L - Var 1635,pcs,1L,559,413,143,6,A03,S05,L015,7152391029290,purelife_juice_1l_var_1635,ACTIVE
P1636,SKU-P1636,DailyChoice Potato Chips 50g - Var 1636,DailyChoice,Snacks,Sub Snacks,High quality DailyChoice Potato Chips 50g - Var 1636,pcs,50g,259,158,310,15,A04,S05,L020,5014374830939,dailychoice_potato_chips_50g_var_1636,ACTIVE
P1637,SKU-P1637,CleanPlus Seafood Item 1637,CleanPlus,Seafood,Sub Seafood,High quality CleanPlus Seafood Item 1637,pcs,500g,341,265,332,16,A12,S05,L060,0967139719121,cleanplus_seafood_item_1637,ACTIVE
P1638,SKU-P1638,DailyChoice Yogurt 80g - Var 1638,DailyChoice,Dairy,Sub Dairy,High quality DailyChoice Yogurt 80g - Var 1638,pcs,80g,113,71,341,8,A01,S02,L002,6022132176723,dailychoice_yogurt_80g_var_1638,ACTIVE
P1639,SKU-P1639,PureLife Pasta Item 1639,PureLife,Pasta,Sub Pasta,High quality PureLife Pasta Item 1639,pcs,100ml,476,379,395,5,A06,S03,L028,0191116612208,purelife_pasta_item_1639,ACTIVE
P1640,SKU-P1640,DailyChoice Baby Products Item 1640,DailyChoice,Baby Products,Sub Baby Products,High quality DailyChoice Baby Products Item 1640,pcs,500ml,626,474,252,12,A15,S05,L075,1907258733935,dailychoice_baby_products_item_1640,ACTIVE
P1641,SKU-P1641,DailyChoice Orange 1kg - Var 1641,DailyChoice,Fruits,Sub Fruits,High quality DailyChoice Orange 1kg - Var 1641,pcs,1kg,1051,743,163,6,A09,S03,L043,0493665380271,dailychoice_orange_1kg_var_1641,ACTIVE
P1642,SKU-P1642,BrandB Frozen Food Item 1642,BrandB,Frozen Food,Sub Frozen Food,High quality BrandB Frozen Food Item 1642,pcs,200ml,614,496,498,17,A08,S05,L040,4812421140861,brandb_frozen_food_item_1642,ACTIVE
P1643,SKU-P1643,NatureBites Dishwashing Liquid 500ml - Var 1643,NatureBites,Cleaning,Sub Cleaning,High quality NatureBites Dishwashing Liquid 500ml - Var 1643,pcs,500ml,318,210,463,11,A19,S01,L091,8250952294626,naturebites_dishwashing_liquid_500ml_var_1643,ACTIVE
P1644,SKU-P1644,Glow Dishwashing Liquid 500ml - Var 1644,Glow,Cleaning,Sub Cleaning,High quality Glow Dishwashing Liquid 500ml - Var 1644,pcs,500ml,286,250,56,14,A19,S02,L092,0935561039957,glow_dishwashing_liquid_500ml_var_1644,ACTIVE
P1645,SKU-P1645,CleanPlus Dhal 1kg - Var 1645,CleanPlus,Rice & Grains,Sub Rice & Grains,High quality CleanPlus Dhal 1kg - Var 1645,pcs,1kg,408,260,10,9,A05,S03,L023,2970137124369,cleanplus_dhal_1kg_var_1645,ACTIVE
P1646,SKU-P1646,PureLife Canned Food Item 1646,PureLife,Canned Food,Sub Canned Food,High quality PureLife Canned Food Item 1646,pcs,200g,304,194,449,11,A07,S02,L032,5858564230419,purelife_canned_food_item_1646,ACTIVE
P1647,SKU-P1647,BrandC Soap 100g - Var 1647,BrandC,Personal Care,Sub Personal Care,High quality BrandC Soap 100g - Var 1647,pcs,100g,191,123,442,16,A14,S01,L066,2027061592730,brandc_soap_100g_var_1647,ACTIVE
P1648,SKU-P1648,Glow Butter 200g - Var 1648,Glow,Dairy,Sub Dairy,High quality Glow Butter 200g - Var 1648,pcs,200g,810,606,291,17,A01,S04,L004,8740299071665,glow_butter_200g_var_1648,ACTIVE
P1649,SKU-P1649,CleanPlus Canned Food Item 1649,CleanPlus,Canned Food,Sub Canned Food,High quality CleanPlus Canned Food Item 1649,pcs,200g,564,490,208,9,A07,S04,L034,9063224815547,cleanplus_canned_food_item_1649,ACTIVE
P1650,SKU-P1650,CleanPlus Meat Item 1650,CleanPlus,Meat,Sub Meat,High quality CleanPlus Meat Item 1650,pcs,200ml,603,445,315,17,A11,S02,L052,2034030109561,cleanplus_meat_item_1650,ACTIVE
P1651,SKU-P1651,Glow Spices Item 1651,Glow,Spices,Sub Spices,High quality Glow Spices Item 1651,pcs,200g,308,213,403,12,A18,S01,L086,7975649157954,glow_spices_item_1651,ACTIVE
P1652,SKU-P1652,Glow Seafood Item 1652,Glow,Seafood,Sub Seafood,High quality Glow Seafood Item 1652,pcs,500g,563,412,478,7,A12,S03,L058,5462347124767,glow_seafood_item_1652,ACTIVE
P1653,SKU-P1653,BrandC Pet Food Item 1653,BrandC,Pet Food,Sub Pet Food,High quality BrandC Pet Food Item 1653,pcs,200g,226,122,164,18,A21,S02,L102,0108018103062,brandc_pet_food_item_1653,ACTIVE
P1654,SKU-P1654,BrandC Energy Drink 250ml - Var 1654,BrandC,Beverages,Sub Beverages,High quality BrandC Energy Drink 250ml - Var 1654,pcs,250ml,419,327,155,14,A03,S03,L013,8317641726803,brandc_energy_drink_250ml_var_1654,ACTIVE
P1655,SKU-P1655,BrandA Household Item 1655,BrandA,Household,Sub Household,High quality BrandA Household Item 1655,pcs,200ml,282,191,213,8,A13,S04,L064,8081571290153,branda_household_item_1655,ACTIVE
P1656,SKU-P1656,Glow Baby Products Item 1656,Glow,Baby Products,Sub Baby Products,High quality Glow Baby Products Item 1656,pcs,500g,588,435,421,5,A15,S01,L071,0713806713073,glow_baby_products_item_1656,ACTIVE
P1657,SKU-P1657,BrandC Pasta Item 1657,BrandC,Pasta,Sub Pasta,High quality BrandC Pasta Item 1657,pcs,500ml,617,451,15,20,A06,S03,L028,3510458474362,brandc_pasta_item_1657,ACTIVE
P1658,SKU-P1658,CleanPlus Pet Food Item 1658,CleanPlus,Pet Food,Sub Pet Food,High quality CleanPlus Pet Food Item 1658,pcs,100ml,433,317,389,8,A21,S04,L104,2130096258851,cleanplus_pet_food_item_1658,ACTIVE
P1659,SKU-P1659,NatureBites Stationery Item 1659,NatureBites,Stationery,Sub Stationery,High quality NatureBites Stationery Item 1659,pcs,200ml,599,464,442,16,A20,S04,L099,7669470318058,naturebites_stationery_item_1659,ACTIVE
P1660,SKU-P1660,NatureBites Nuts 100g - Var 1660,NatureBites,Snacks,Sub Snacks,High quality NatureBites Nuts 100g - Var 1660,pcs,100g,649,448,455,7,A04,S02,L017,3396274666217,naturebites_nuts_100g_var_1660,ACTIVE
P1661,SKU-P1661,HealthyO White Rice 1kg - Var 1661,HealthyO,Rice & Grains,Sub Rice & Grains,High quality HealthyO White Rice 1kg - Var 1661,pcs,1kg,225,156,273,19,A05,S01,L021,5918327000465,healthyo_white_rice_1kg_var_1661,ACTIVE
P1662,SKU-P1662,PureLife Deodorant 150ml - Var 1662,PureLife,Personal Care,Sub Personal Care,High quality PureLife Deodorant 150ml - Var 1662,pcs,150ml,715,502,454,20,A14,S01,L066,6614590110793,purelife_deodorant_150ml_var_1662,ACTIVE
P1663,SKU-P1663,BrandA Baby Products Item 1663,BrandA,Baby Products,Sub Baby Products,High quality BrandA Baby Products Item 1663,pcs,500ml,387,229,182,14,A15,S03,L073,7714004938810,branda_baby_products_item_1663,ACTIVE
P1664,SKU-P1664,BrandC Cheese 250g - Var 1664,BrandC,Dairy,Sub Dairy,High quality BrandC Cheese 250g - Var 1664,pcs,250g,1045,818,223,5,A01,S05,L005,9490531520497,brandc_cheese_250g_var_1664,ACTIVE
P1665,SKU-P1665,PureLife Baby Products Item 1665,PureLife,Baby Products,Sub Baby Products,High quality PureLife Baby Products Item 1665,pcs,500g,483,405,192,6,A15,S03,L073,9809497698735,purelife_baby_products_item_1665,ACTIVE
P1666,SKU-P1666,FreshFarms Spices Item 1666,FreshFarms,Spices,Sub Spices,High quality FreshFarms Spices Item 1666,pcs,100g,447,373,74,9,A18,S04,L089,1379716698412,freshfarms_spices_item_1666,ACTIVE
P1667,SKU-P1667,CleanPlus Pet Food Item 1667,CleanPlus,Pet Food,Sub Pet Food,High quality CleanPlus Pet Food Item 1667,pcs,200ml,446,334,480,19,A21,S04,L104,6612374077942,cleanplus_pet_food_item_1667,ACTIVE
P1668,SKU-P1668,Glow Croissant 2pcs - Var 1668,Glow,Bakery,Sub Bakery,High quality Glow Croissant 2pcs - Var 1668,pcs,2pcs,318,202,321,8,A02,S01,L006,3325623899495,glow_croissant_2pcs_var_1668,ACTIVE
P1669,SKU-P1669,BrandB Household Item 1669,BrandB,Household,Sub Household,High quality BrandB Household Item 1669,pcs,200ml,468,316,21,10,A13,S05,L065,9197014262034,brandb_household_item_1669,ACTIVE
P1670,SKU-P1670,BrandB Grapes 500g - Var 1670,BrandB,Fruits,Sub Fruits,High quality BrandB Grapes 500g - Var 1670,pcs,500g,924,650,302,13,A09,S01,L041,7087821160208,brandb_grapes_500g_var_1670,ACTIVE
P1671,SKU-P1671,BrandA Potato 1kg - Var 1671,BrandA,Vegetables,Sub Vegetables,High quality BrandA Potato 1kg - Var 1671,pcs,1kg,273,173,252,11,A10,S05,L050,4181359989898,branda_potato_1kg_var_1671,ACTIVE
P1672,SKU-P1672,PureLife Soap 100g - Var 1672,PureLife,Personal Care,Sub Personal Care,High quality PureLife Soap 100g - Var 1672,pcs,100g,205,112,33,17,A14,S03,L068,7211708894805,purelife_soap_100g_var_1672,ACTIVE
P1673,SKU-P1673,PureLife Pasta Item 1673,PureLife,Pasta,Sub Pasta,High quality PureLife Pasta Item 1673,pcs,100ml,260,206,410,18,A06,S03,L028,1864482217580,purelife_pasta_item_1673,ACTIVE
P1674,SKU-P1674,DailyChoice White Rice 1kg - Var 1674,DailyChoice,Rice & Grains,Sub Rice & Grains,High quality DailyChoice White Rice 1kg - Var 1674,pcs,1kg,281,178,172,8,A05,S03,L023,8397857082009,dailychoice_white_rice_1kg_var_1674,ACTIVE
P1675,SKU-P1675,BrandA Frozen Food Item 1675,BrandA,Frozen Food,Sub Frozen Food,High quality BrandA Frozen Food Item 1675,pcs,500ml,279,213,323,14,A08,S02,L037,4806757123698,branda_frozen_food_item_1675,ACTIVE
P1676,SKU-P1676,HealthyO Stationery Item 1676,HealthyO,Stationery,Sub Stationery,High quality HealthyO Stationery Item 1676,pcs,200ml,526,377,253,5,A20,S04,L099,1496112879426,healthyo_stationery_item_1676,ACTIVE
P1677,SKU-P1677,Glow Meat Item 1677,Glow,Meat,Sub Meat,High quality Glow Meat Item 1677,pcs,200ml,345,177,447,20,A11,S03,L053,9688276970404,glow_meat_item_1677,ACTIVE
P1678,SKU-P1678,BrandC Canned Food Item 1678,BrandC,Canned Food,Sub Canned Food,High quality BrandC Canned Food Item 1678,pcs,500ml,383,230,26,7,A07,S05,L035,9531419615604,brandc_canned_food_item_1678,ACTIVE
P1679,SKU-P1679,NatureBites Pet Food Item 1679,NatureBites,Pet Food,Sub Pet Food,High quality NatureBites Pet Food Item 1679,pcs,200g,391,206,199,14,A21,S04,L104,7832748835650,naturebites_pet_food_item_1679,ACTIVE
P1680,SKU-P1680,DailyChoice Tomato 500g - Var 1680,DailyChoice,Vegetables,Sub Vegetables,High quality DailyChoice Tomato 500g - Var 1680,pcs,500g,269,151,329,10,A10,S03,L048,1796240964965,dailychoice_tomato_500g_var_1680,ACTIVE
P1681,SKU-P1681,HealthyO Stationery Item 1681,HealthyO,Stationery,Sub Stationery,High quality HealthyO Stationery Item 1681,pcs,200ml,546,491,394,14,A20,S03,L098,6834960478425,healthyo_stationery_item_1681,ACTIVE
P1682,SKU-P1682,FreshFarms Spices Item 1682,FreshFarms,Spices,Sub Spices,High quality FreshFarms Spices Item 1682,pcs,200g,374,293,59,17,A18,S04,L089,1702851622590,freshfarms_spices_item_1682,ACTIVE
P1683,SKU-P1683,BrandB Canned Food Item 1683,BrandB,Canned Food,Sub Canned Food,High quality BrandB Canned Food Item 1683,pcs,500ml,281,191,402,17,A07,S02,L032,3648820893487,brandb_canned_food_item_1683,ACTIVE
P1684,SKU-P1684,Glow Spices Item 1684,Glow,Spices,Sub Spices,High quality Glow Spices Item 1684,pcs,100ml,527,406,173,16,A18,S04,L089,6883906246727,glow_spices_item_1684,ACTIVE
P1685,SKU-P1685,Glow Pet Food Item 1685,Glow,Pet Food,Sub Pet Food,High quality Glow Pet Food Item 1685,pcs,500ml,368,215,263,19,A21,S01,L101,8799160911418,glow_pet_food_item_1685,ACTIVE
P1686,SKU-P1686,BrandC Potato 1kg - Var 1686,BrandC,Vegetables,Sub Vegetables,High quality BrandC Potato 1kg - Var 1686,pcs,1kg,236,175,11,15,A10,S04,L049,3193592361332,brandc_potato_1kg_var_1686,ACTIVE
P1687,SKU-P1687,BrandB Baby Products Item 1687,BrandB,Baby Products,Sub Baby Products,High quality BrandB Baby Products Item 1687,pcs,200ml,469,314,106,5,A15,S02,L072,7605230458817,brandb_baby_products_item_1687,ACTIVE
P1688,SKU-P1688,BrandC Stationery Item 1688,BrandC,Stationery,Sub Stationery,High quality BrandC Stationery Item 1688,pcs,500g,602,406,384,18,A20,S02,L097,6502544724199,brandc_stationery_item_1688,ACTIVE
P1689,SKU-P1689,BrandC Butter 200g - Var 1689,BrandC,Dairy,Sub Dairy,High quality BrandC Butter 200g - Var 1689,pcs,200g,830,636,251,7,A01,S03,L003,1650344096611,brandc_butter_200g_var_1689,ACTIVE
P1690,SKU-P1690,HealthyO Seafood Item 1690,HealthyO,Seafood,Sub Seafood,High quality HealthyO Seafood Item 1690,pcs,500ml,562,382,452,11,A12,S01,L056,7718249898083,healthyo_seafood_item_1690,ACTIVE
P1691,SKU-P1691,Glow Pasta Item 1691,Glow,Pasta,Sub Pasta,High quality Glow Pasta Item 1691,pcs,500g,359,189,489,11,A06,S04,L029,8067821417464,glow_pasta_item_1691,ACTIVE
P1692,SKU-P1692,PureLife Meat Item 1692,PureLife,Meat,Sub Meat,High quality PureLife Meat Item 1692,pcs,100g,402,205,246,19,A11,S02,L052,8135926648691,purelife_meat_item_1692,ACTIVE
P1693,SKU-P1693,DailyChoice Frozen Food Item 1693,DailyChoice,Frozen Food,Sub Frozen Food,High quality DailyChoice Frozen Food Item 1693,pcs,100g,514,336,338,8,A08,S05,L040,8939698748692,dailychoice_frozen_food_item_1693,ACTIVE
P1694,SKU-P1694,BrandC Stationery Item 1694,BrandC,Stationery,Sub Stationery,High quality BrandC Stationery Item 1694,pcs,100ml,536,469,13,6,A20,S03,L098,4155945011928,brandc_stationery_item_1694,ACTIVE
P1695,SKU-P1695,CleanPlus Deodorant 150ml - Var 1695,CleanPlus,Personal Care,Sub Personal Care,High quality CleanPlus Deodorant 150ml - Var 1695,pcs,150ml,800,504,223,13,A14,S05,L070,9207536051174,cleanplus_deodorant_150ml_var_1695,ACTIVE
P1696,SKU-P1696,HealthyO Spices Item 1696,HealthyO,Spices,Sub Spices,High quality HealthyO Spices Item 1696,pcs,500g,497,324,433,6,A18,S01,L086,1603988636538,healthyo_spices_item_1696,ACTIVE
P1697,SKU-P1697,Glow Carrot 500g - Var 1697,Glow,Vegetables,Sub Vegetables,High quality Glow Carrot 500g - Var 1697,pcs,500g,241,125,484,19,A10,S04,L049,6218945590676,glow_carrot_500g_var_1697,ACTIVE
P1698,SKU-P1698,BrandC Shampoo 200ml - Var 1698,BrandC,Personal Care,Sub Personal Care,High quality BrandC Shampoo 200ml - Var 1698,pcs,200ml,547,316,432,8,A14,S01,L066,0009942489423,brandc_shampoo_200ml_var_1698,ACTIVE
P1699,SKU-P1699,CleanPlus Pasta Item 1699,CleanPlus,Pasta,Sub Pasta,High quality CleanPlus Pasta Item 1699,pcs,500ml,284,172,417,20,A06,S03,L028,0466489667606,cleanplus_pasta_item_1699,ACTIVE
P1700,SKU-P1700,BrandB Canned Food Item 1700,BrandB,Canned Food,Sub Canned Food,High quality BrandB Canned Food Item 1700,pcs,200g,509,334,395,12,A07,S03,L033,5642045657754,brandb_canned_food_item_1700,ACTIVE
P1701,SKU-P1701,DailyChoice Orange 1kg - Var 1701,DailyChoice,Fruits,Sub Fruits,High quality DailyChoice Orange 1kg - Var 1701,pcs,1kg,1100,721,240,13,A09,S03,L043,8097453389068,dailychoice_orange_1kg_var_1701,ACTIVE
P1702,SKU-P1702,BrandA Floor Cleaner 1L - Var 1702,BrandA,Cleaning,Sub Cleaning,High quality BrandA Floor Cleaner 1L - Var 1702,pcs,1L,467,348,85,14,A19,S03,L093,2354662265405,branda_floor_cleaner_1l_var_1702,ACTIVE
P1703,SKU-P1703,HealthyO Cheese 250g - Var 1703,HealthyO,Dairy,Sub Dairy,High quality HealthyO Cheese 250g - Var 1703,pcs,250g,1091,823,159,14,A01,S02,L002,1659953006226,healthyo_cheese_250g_var_1703,ACTIVE
P1704,SKU-P1704,PureLife Pasta Item 1704,PureLife,Pasta,Sub Pasta,High quality PureLife Pasta Item 1704,pcs,200ml,569,444,89,9,A06,S05,L030,1224276774628,purelife_pasta_item_1704,ACTIVE
P1705,SKU-P1705,CleanPlus White Rice 1kg - Var 1705,CleanPlus,Rice & Grains,Sub Rice & Grains,High quality CleanPlus White Rice 1kg - Var 1705,pcs,1kg,281,156,126,5,A05,S05,L025,5916011241156,cleanplus_white_rice_1kg_var_1705,ACTIVE
P1706,SKU-P1706,PureLife Canned Food Item 1706,PureLife,Canned Food,Sub Canned Food,High quality PureLife Canned Food Item 1706,pcs,100g,375,232,379,17,A07,S05,L035,8488600801791,purelife_canned_food_item_1706,ACTIVE
P1707,SKU-P1707,BrandC Breakfast Item 1707,BrandC,Breakfast,Sub Breakfast,High quality BrandC Breakfast Item 1707,pcs,200g,578,400,170,16,A16,S05,L080,8677823129953,brandc_breakfast_item_1707,ACTIVE
P1708,SKU-P1708,BrandC Household Item 1708,BrandC,Household,Sub Household,High quality BrandC Household Item 1708,pcs,500ml,362,189,469,17,A13,S04,L064,7047264261214,brandc_household_item_1708,ACTIVE
P1709,SKU-P1709,FreshFarms Cheese 250g - Var 1709,FreshFarms,Dairy,Sub Dairy,High quality FreshFarms Cheese 250g - Var 1709,pcs,250g,1026,819,124,9,A01,S01,L001,2038437536593,freshfarms_cheese_250g_var_1709,ACTIVE
P1710,SKU-P1710,FreshFarms Apple 1kg - Var 1710,FreshFarms,Fruits,Sub Fruits,High quality FreshFarms Apple 1kg - Var 1710,pcs,1kg,1263,822,245,5,A09,S05,L045,6807852548247,freshfarms_apple_1kg_var_1710,ACTIVE
P1711,SKU-P1711,FreshFarms Sauces Item 1711,FreshFarms,Sauces,Sub Sauces,High quality FreshFarms Sauces Item 1711,pcs,200g,379,304,497,15,A17,S02,L082,2183854540064,freshfarms_sauces_item_1711,ACTIVE
P1712,SKU-P1712,PureLife Sauces Item 1712,PureLife,Sauces,Sub Sauces,High quality PureLife Sauces Item 1712,pcs,500g,292,128,300,12,A17,S01,L081,4454752311239,purelife_sauces_item_1712,ACTIVE
P1713,SKU-P1713,BrandC Frozen Food Item 1713,BrandC,Frozen Food,Sub Frozen Food,High quality BrandC Frozen Food Item 1713,pcs,500g,382,216,100,6,A08,S03,L038,2748979177634,brandc_frozen_food_item_1713,ACTIVE
P1714,SKU-P1714,NatureBites Stationery Item 1714,NatureBites,Stationery,Sub Stationery,High quality NatureBites Stationery Item 1714,pcs,200g,578,480,385,7,A20,S03,L098,3427203886212,naturebites_stationery_item_1714,ACTIVE
P1715,SKU-P1715,BrandA White Rice 1kg - Var 1715,BrandA,Rice & Grains,Sub Rice & Grains,High quality BrandA White Rice 1kg - Var 1715,pcs,1kg,229,153,134,20,A05,S05,L025,7508019630452,branda_white_rice_1kg_var_1715,ACTIVE
P1716,SKU-P1716,NatureBites Baby Products Item 1716,NatureBites,Baby Products,Sub Baby Products,High quality NatureBites Baby Products Item 1716,pcs,100ml,492,424,110,20,A15,S01,L071,3069358824932,naturebites_baby_products_item_1716,ACTIVE
P1717,SKU-P1717,DailyChoice Biscuits 200g - Var 1717,DailyChoice,Snacks,Sub Snacks,High quality DailyChoice Biscuits 200g - Var 1717,pcs,200g,162,112,287,11,A04,S04,L019,5340018167780,dailychoice_biscuits_200g_var_1717,ACTIVE
P1718,SKU-P1718,PureLife Stationery Item 1718,PureLife,Stationery,Sub Stationery,High quality PureLife Stationery Item 1718,pcs,500g,557,397,450,8,A20,S04,L099,4816524445441,purelife_stationery_item_1718,ACTIVE
P1719,SKU-P1719,HealthyO Baby Products Item 1719,HealthyO,Baby Products,Sub Baby Products,High quality HealthyO Baby Products Item 1719,pcs,500ml,214,100,396,18,A15,S02,L072,6083851799372,healthyo_baby_products_item_1719,ACTIVE
P1720,SKU-P1720,DailyChoice Stationery Item 1720,DailyChoice,Stationery,Sub Stationery,High quality DailyChoice Stationery Item 1720,pcs,500g,447,268,257,14,A20,S03,L098,8105391287886,dailychoice_stationery_item_1720,ACTIVE
P1721,SKU-P1721,PureLife Pet Food Item 1721,PureLife,Pet Food,Sub Pet Food,High quality PureLife Pet Food Item 1721,pcs,500g,394,274,357,14,A21,S03,L103,4869996988299,purelife_pet_food_item_1721,ACTIVE
P1722,SKU-P1722,BrandB Pet Food Item 1722,BrandB,Pet Food,Sub Pet Food,High quality BrandB Pet Food Item 1722,pcs,100ml,234,103,467,20,A21,S04,L104,0457927147248,brandb_pet_food_item_1722,ACTIVE
P1723,SKU-P1723,BrandC Breakfast Item 1723,BrandC,Breakfast,Sub Breakfast,High quality BrandC Breakfast Item 1723,pcs,100ml,571,444,58,19,A16,S02,L077,6301986424236,brandc_breakfast_item_1723,ACTIVE
P1724,SKU-P1724,BrandC Meat Item 1724,BrandC,Meat,Sub Meat,High quality BrandC Meat Item 1724,pcs,100g,599,490,119,14,A11,S05,L055,8397283391218,brandc_meat_item_1724,ACTIVE
P1725,SKU-P1725,Glow Sauces Item 1725,Glow,Sauces,Sub Sauces,High quality Glow Sauces Item 1725,pcs,500ml,278,152,484,11,A17,S03,L083,8706293288096,glow_sauces_item_1725,ACTIVE
P1726,SKU-P1726,BrandC Laundry Detergent 1kg - Var 1726,BrandC,Cleaning,Sub Cleaning,High quality BrandC Laundry Detergent 1kg - Var 1726,pcs,1kg,698,412,212,10,A19,S02,L092,8322101023200,brandc_laundry_detergent_1kg_var_1726,ACTIVE
P1727,SKU-P1727,BrandC Pasta Item 1727,BrandC,Pasta,Sub Pasta,High quality BrandC Pasta Item 1727,pcs,200ml,590,434,409,13,A06,S05,L030,0186766100892,brandc_pasta_item_1727,ACTIVE
P1728,SKU-P1728,DailyChoice Frozen Food Item 1728,DailyChoice,Frozen Food,Sub Frozen Food,High quality DailyChoice Frozen Food Item 1728,pcs,200ml,302,174,180,16,A08,S03,L038,8761081435618,dailychoice_frozen_food_item_1728,ACTIVE
P1729,SKU-P1729,PureLife Meat Item 1729,PureLife,Meat,Sub Meat,High quality PureLife Meat Item 1729,pcs,200ml,646,490,12,17,A11,S04,L054,4038453198070,purelife_meat_item_1729,ACTIVE
P1730,SKU-P1730,BrandC Croissant 2pcs - Var 1730,BrandC,Bakery,Sub Bakery,High quality BrandC Croissant 2pcs - Var 1730,pcs,2pcs,398,229,150,5,A02,S04,L009,4682354695109,brandc_croissant_2pcs_var_1730,ACTIVE
P1731,SKU-P1731,PureLife Canned Food Item 1731,PureLife,Canned Food,Sub Canned Food,High quality PureLife Canned Food Item 1731,pcs,200ml,244,112,228,17,A07,S02,L032,0307620545967,purelife_canned_food_item_1731,ACTIVE
P1732,SKU-P1732,NatureBites Meat Item 1732,NatureBites,Meat,Sub Meat,High quality NatureBites Meat Item 1732,pcs,500g,388,210,235,13,A11,S05,L055,7150066664111,naturebites_meat_item_1732,ACTIVE
P1733,SKU-P1733,BrandC Potato Chips 50g - Var 1733,BrandC,Snacks,Sub Snacks,High quality BrandC Potato Chips 50g - Var 1733,pcs,50g,292,170,255,20,A04,S01,L016,0654113407852,brandc_potato_chips_50g_var_1733,ACTIVE
P1734,SKU-P1734,FreshFarms Cake 1kg - Var 1734,FreshFarms,Bakery,Sub Bakery,High quality FreshFarms Cake 1kg - Var 1734,pcs,1kg,1677,1217,310,17,A02,S04,L009,1699497089057,freshfarms_cake_1kg_var_1734,ACTIVE
P1735,SKU-P1735,Glow Bread 500g - Var 1735,Glow,Bakery,Sub Bakery,High quality Glow Bread 500g - Var 1735,pcs,500g,268,167,199,19,A02,S01,L006,8366834826899,glow_bread_500g_var_1735,ACTIVE
P1736,SKU-P1736,BrandC Tomato 500g - Var 1736,BrandC,Vegetables,Sub Vegetables,High quality BrandC Tomato 500g - Var 1736,pcs,500g,259,197,176,18,A10,S01,L046,9962697083869,brandc_tomato_500g_var_1736,ACTIVE
P1737,SKU-P1737,HealthyO White Rice 1kg - Var 1737,HealthyO,Rice & Grains,Sub Rice & Grains,High quality HealthyO White Rice 1kg - Var 1737,pcs,1kg,271,152,55,19,A05,S02,L022,8889178791505,healthyo_white_rice_1kg_var_1737,ACTIVE
P1738,SKU-P1738,HealthyO Frozen Food Item 1738,HealthyO,Frozen Food,Sub Frozen Food,High quality HealthyO Frozen Food Item 1738,pcs,500ml,570,385,428,14,A08,S03,L038,5962571976090,healthyo_frozen_food_item_1738,ACTIVE
P1739,SKU-P1739,Glow Milk 1L - Var 1739,Glow,Dairy,Sub Dairy,High quality Glow Milk 1L - Var 1739,pcs,1L,548,373,238,11,A01,S02,L002,3201265789823,glow_milk_1l_var_1739,ACTIVE
P1740,SKU-P1740,DailyChoice Pasta Item 1740,DailyChoice,Pasta,Sub Pasta,High quality DailyChoice Pasta Item 1740,pcs,100ml,420,285,111,13,A06,S03,L028,6041809521758,dailychoice_pasta_item_1740,ACTIVE
P1741,SKU-P1741,BrandC Apple 1kg - Var 1741,BrandC,Fruits,Sub Fruits,High quality BrandC Apple 1kg - Var 1741,pcs,1kg,1282,807,220,18,A09,S05,L045,5851777412740,brandc_apple_1kg_var_1741,ACTIVE
P1742,SKU-P1742,BrandA Household Item 1742,BrandA,Household,Sub Household,High quality BrandA Household Item 1742,pcs,500g,507,362,18,18,A13,S04,L064,6921188241990,branda_household_item_1742,ACTIVE
P1743,SKU-P1743,NatureBites Croissant 2pcs - Var 1743,NatureBites,Bakery,Sub Bakery,High quality NatureBites Croissant 2pcs - Var 1743,pcs,2pcs,336,231,304,15,A02,S05,L010,6264222975896,naturebites_croissant_2pcs_var_1743,ACTIVE
P1744,SKU-P1744,BrandB Pet Food Item 1744,BrandB,Pet Food,Sub Pet Food,High quality BrandB Pet Food Item 1744,pcs,500g,463,385,282,10,A21,S01,L101,1704542185452,brandb_pet_food_item_1744,ACTIVE
P1745,SKU-P1745,HealthyO Sauces Item 1745,HealthyO,Sauces,Sub Sauces,High quality HealthyO Sauces Item 1745,pcs,200g,552,484,402,18,A17,S01,L081,7056820922575,healthyo_sauces_item_1745,ACTIVE
P1746,SKU-P1746,BrandC Grapes 500g - Var 1746,BrandC,Fruits,Sub Fruits,High quality BrandC Grapes 500g - Var 1746,pcs,500g,942,641,47,10,A09,S04,L044,0900163564077,brandc_grapes_500g_var_1746,ACTIVE
P1747,SKU-P1747,Glow Pet Food Item 1747,Glow,Pet Food,Sub Pet Food,High quality Glow Pet Food Item 1747,pcs,200ml,262,110,304,14,A21,S05,L105,2324728289546,glow_pet_food_item_1747,ACTIVE
P1748,SKU-P1748,BrandA Yogurt 80g - Var 1748,BrandA,Dairy,Sub Dairy,High quality BrandA Yogurt 80g - Var 1748,pcs,80g,98,50,175,18,A01,S05,L005,0017882247317,branda_yogurt_80g_var_1748,ACTIVE
P1749,SKU-P1749,HealthyO Red Rice 1kg - Var 1749,HealthyO,Rice & Grains,Sub Rice & Grains,High quality HealthyO Red Rice 1kg - Var 1749,pcs,1kg,318,193,177,19,A05,S03,L023,2616850710587,healthyo_red_rice_1kg_var_1749,ACTIVE
P1750,SKU-P1750,HealthyO Pet Food Item 1750,HealthyO,Pet Food,Sub Pet Food,High quality HealthyO Pet Food Item 1750,pcs,200g,283,196,115,14,A21,S02,L102,0119509271153,healthyo_pet_food_item_1750,ACTIVE
P1751,SKU-P1751,BrandA Pasta Item 1751,BrandA,Pasta,Sub Pasta,High quality BrandA Pasta Item 1751,pcs,500g,581,499,286,16,A06,S01,L026,2610537092300,branda_pasta_item_1751,ACTIVE
P1752,SKU-P1752,FreshFarms Water 1L - Var 1752,FreshFarms,Beverages,Sub Beverages,High quality FreshFarms Water 1L - Var 1752,pcs,1L,106,102,113,14,A03,S03,L013,0716950074182,freshfarms_water_1l_var_1752,ACTIVE
P1753,SKU-P1753,PureLife Pasta Item 1753,PureLife,Pasta,Sub Pasta,High quality PureLife Pasta Item 1753,pcs,100g,635,495,23,9,A06,S04,L029,9485432987692,purelife_pasta_item_1753,ACTIVE
P1754,SKU-P1754,CleanPlus Baby Products Item 1754,CleanPlus,Baby Products,Sub Baby Products,High quality CleanPlus Baby Products Item 1754,pcs,100ml,583,480,204,6,A15,S01,L071,8936529447168,cleanplus_baby_products_item_1754,ACTIVE
P1755,SKU-P1755,CleanPlus Baby Products Item 1755,CleanPlus,Baby Products,Sub Baby Products,High quality CleanPlus Baby Products Item 1755,pcs,100g,641,494,312,8,A15,S04,L074,1982734813103,cleanplus_baby_products_item_1755,ACTIVE
P1756,SKU-P1756,BrandC Soft Drink 1.5L - Var 1756,BrandC,Beverages,Sub Beverages,High quality BrandC Soft Drink 1.5L - Var 1756,pcs,1.5L,376,298,71,20,A03,S02,L012,4502589632178,brandc_soft_drink_1.5l_var_1756,ACTIVE
P1757,SKU-P1757,Glow Stationery Item 1757,Glow,Stationery,Sub Stationery,High quality Glow Stationery Item 1757,pcs,200g,280,207,419,16,A20,S03,L098,4357483526807,glow_stationery_item_1757,ACTIVE
P1758,SKU-P1758,NatureBites Breakfast Item 1758,NatureBites,Breakfast,Sub Breakfast,High quality NatureBites Breakfast Item 1758,pcs,100ml,159,108,204,18,A16,S03,L078,6486067398344,naturebites_breakfast_item_1758,ACTIVE
P1759,SKU-P1759,Glow Household Item 1759,Glow,Household,Sub Household,High quality Glow Household Item 1759,pcs,200ml,294,133,494,14,A13,S01,L061,4883842536465,glow_household_item_1759,ACTIVE
P1760,SKU-P1760,CleanPlus Frozen Food Item 1760,CleanPlus,Frozen Food,Sub Frozen Food,High quality CleanPlus Frozen Food Item 1760,pcs,200g,372,240,33,9,A08,S01,L036,2805507740651,cleanplus_frozen_food_item_1760,ACTIVE
P1761,SKU-P1761,HealthyO Frozen Food Item 1761,HealthyO,Frozen Food,Sub Frozen Food,High quality HealthyO Frozen Food Item 1761,pcs,100g,454,365,81,20,A08,S02,L037,7955156239206,healthyo_frozen_food_item_1761,ACTIVE
P1762,SKU-P1762,PureLife Buns 4pcs - Var 1762,PureLife,Bakery,Sub Bakery,High quality PureLife Buns 4pcs - Var 1762,pcs,4pcs,239,143,222,10,A02,S01,L006,9085510740913,purelife_buns_4pcs_var_1762,ACTIVE
P1763,SKU-P1763,NatureBites Soap 100g - Var 1763,NatureBites,Personal Care,Sub Personal Care,High quality NatureBites Soap 100g - Var 1763,pcs,100g,214,89,424,10,A14,S02,L067,3111786190254,naturebites_soap_100g_var_1763,ACTIVE
P1764,SKU-P1764,BrandC Seafood Item 1764,BrandC,Seafood,Sub Seafood,High quality BrandC Seafood Item 1764,pcs,100ml,332,204,216,16,A12,S01,L056,4760220695351,brandc_seafood_item_1764,ACTIVE
P1765,SKU-P1765,BrandA Orange 1kg - Var 1765,BrandA,Fruits,Sub Fruits,High quality BrandA Orange 1kg - Var 1765,pcs,1kg,1003,750,179,5,A09,S05,L045,4120122759504,branda_orange_1kg_var_1765,ACTIVE
P1766,SKU-P1766,BrandC Breakfast Item 1766,BrandC,Breakfast,Sub Breakfast,High quality BrandC Breakfast Item 1766,pcs,200g,522,376,400,10,A16,S01,L076,0260151532595,brandc_breakfast_item_1766,ACTIVE
P1767,SKU-P1767,BrandA Pasta Item 1767,BrandA,Pasta,Sub Pasta,High quality BrandA Pasta Item 1767,pcs,200g,304,147,43,8,A06,S01,L026,4795074071730,branda_pasta_item_1767,ACTIVE
P1768,SKU-P1768,CleanPlus Breakfast Item 1768,CleanPlus,Breakfast,Sub Breakfast,High quality CleanPlus Breakfast Item 1768,pcs,500ml,218,168,169,20,A16,S04,L079,2798059503105,cleanplus_breakfast_item_1768,ACTIVE
P1769,SKU-P1769,BrandC Breakfast Item 1769,BrandC,Breakfast,Sub Breakfast,High quality BrandC Breakfast Item 1769,pcs,200ml,488,414,254,20,A16,S03,L078,0649340391043,brandc_breakfast_item_1769,ACTIVE
P1770,SKU-P1770,FreshFarms Dishwashing Liquid 500ml - Var 1770,FreshFarms,Cleaning,Sub Cleaning,High quality FreshFarms Dishwashing Liquid 500ml - Var 1770,pcs,500ml,296,232,422,9,A19,S02,L092,5203608941187,freshfarms_dishwashing_liquid_500ml_var_1770,ACTIVE
P1771,SKU-P1771,BrandB Frozen Food Item 1771,BrandB,Frozen Food,Sub Frozen Food,High quality BrandB Frozen Food Item 1771,pcs,500ml,320,244,137,12,A08,S01,L036,4913599285535,brandb_frozen_food_item_1771,ACTIVE
P1772,SKU-P1772,Glow Orange 1kg - Var 1772,Glow,Fruits,Sub Fruits,High quality Glow Orange 1kg - Var 1772,pcs,1kg,1059,745,352,13,A09,S02,L042,5952056100676,glow_orange_1kg_var_1772,ACTIVE
P1773,SKU-P1773,Glow Dhal 1kg - Var 1773,Glow,Rice & Grains,Sub Rice & Grains,High quality Glow Dhal 1kg - Var 1773,pcs,1kg,368,292,306,6,A05,S03,L023,9900696801862,glow_dhal_1kg_var_1773,ACTIVE
P1774,SKU-P1774,FreshFarms Household Item 1774,FreshFarms,Household,Sub Household,High quality FreshFarms Household Item 1774,pcs,100g,231,173,437,12,A13,S01,L061,7740378423393,freshfarms_household_item_1774,ACTIVE
P1775,SKU-P1775,Glow Pasta Item 1775,Glow,Pasta,Sub Pasta,High quality Glow Pasta Item 1775,pcs,100ml,485,347,106,17,A06,S04,L029,4495300677629,glow_pasta_item_1775,ACTIVE
P1776,SKU-P1776,DailyChoice Baby Products Item 1776,DailyChoice,Baby Products,Sub Baby Products,High quality DailyChoice Baby Products Item 1776,pcs,500ml,541,379,70,13,A15,S02,L072,5503250173654,dailychoice_baby_products_item_1776,ACTIVE
P1777,SKU-P1777,Glow Pet Food Item 1777,Glow,Pet Food,Sub Pet Food,High quality Glow Pet Food Item 1777,pcs,200g,367,230,423,20,A21,S05,L105,4262417842901,glow_pet_food_item_1777,ACTIVE
P1778,SKU-P1778,BrandB Spices Item 1778,BrandB,Spices,Sub Spices,High quality BrandB Spices Item 1778,pcs,500ml,672,490,144,7,A18,S04,L089,2923345110099,brandb_spices_item_1778,ACTIVE
P1779,SKU-P1779,BrandA Seafood Item 1779,BrandA,Seafood,Sub Seafood,High quality BrandA Seafood Item 1779,pcs,500g,256,148,244,8,A12,S04,L059,0605308868439,branda_seafood_item_1779,ACTIVE
P1780,SKU-P1780,BrandC Chocolate 100g - Var 1780,BrandC,Snacks,Sub Snacks,High quality BrandC Chocolate 100g - Var 1780,pcs,100g,389,272,241,18,A04,S05,L020,0211667329049,brandc_chocolate_100g_var_1780,ACTIVE
P1781,SKU-P1781,NatureBites Spices Item 1781,NatureBites,Spices,Sub Spices,High quality NatureBites Spices Item 1781,pcs,100ml,460,361,82,12,A18,S01,L086,5759887592126,naturebites_spices_item_1781,ACTIVE
P1782,SKU-P1782,NatureBites Cheese 250g - Var 1782,NatureBites,Dairy,Sub Dairy,High quality NatureBites Cheese 250g - Var 1782,pcs,250g,1099,838,87,6,A01,S02,L002,9964260336204,naturebites_cheese_250g_var_1782,ACTIVE
P1783,SKU-P1783,NatureBites Spices Item 1783,NatureBites,Spices,Sub Spices,High quality NatureBites Spices Item 1783,pcs,100g,381,291,61,10,A18,S03,L088,2755821477095,naturebites_spices_item_1783,ACTIVE
P1784,SKU-P1784,FreshFarms Pet Food Item 1784,FreshFarms,Pet Food,Sub Pet Food,High quality FreshFarms Pet Food Item 1784,pcs,500g,534,376,449,11,A21,S05,L105,2071152380232,freshfarms_pet_food_item_1784,ACTIVE
P1785,SKU-P1785,PureLife Grapes 500g - Var 1785,PureLife,Fruits,Sub Fruits,High quality PureLife Grapes 500g - Var 1785,pcs,500g,966,624,225,20,A09,S01,L041,6219215818971,purelife_grapes_500g_var_1785,ACTIVE
P1786,SKU-P1786,BrandC Baby Products Item 1786,BrandC,Baby Products,Sub Baby Products,High quality BrandC Baby Products Item 1786,pcs,500ml,169,100,138,14,A15,S03,L073,0591611863851,brandc_baby_products_item_1786,ACTIVE
P1787,SKU-P1787,HealthyO Canned Food Item 1787,HealthyO,Canned Food,Sub Canned Food,High quality HealthyO Canned Food Item 1787,pcs,100g,641,486,81,9,A07,S05,L035,5881959772164,healthyo_canned_food_item_1787,ACTIVE
P1788,SKU-P1788,FreshFarms Breakfast Item 1788,FreshFarms,Breakfast,Sub Breakfast,High quality FreshFarms Breakfast Item 1788,pcs,200g,587,430,210,11,A16,S02,L077,8800537893180,freshfarms_breakfast_item_1788,ACTIVE
P1789,SKU-P1789,BrandB Frozen Food Item 1789,BrandB,Frozen Food,Sub Frozen Food,High quality BrandB Frozen Food Item 1789,pcs,100ml,323,171,73,9,A08,S03,L038,6928972845402,brandb_frozen_food_item_1789,ACTIVE
P1790,SKU-P1790,BrandC Canned Food Item 1790,BrandC,Canned Food,Sub Canned Food,High quality BrandC Canned Food Item 1790,pcs,500ml,622,489,15,8,A07,S04,L034,1822720028398,brandc_canned_food_item_1790,ACTIVE
P1791,SKU-P1791,NatureBites Sauces Item 1791,NatureBites,Sauces,Sub Sauces,High quality NatureBites Sauces Item 1791,pcs,100ml,380,218,162,8,A17,S03,L083,4823220414473,naturebites_sauces_item_1791,ACTIVE
P1792,SKU-P1792,DailyChoice Spices Item 1792,DailyChoice,Spices,Sub Spices,High quality DailyChoice Spices Item 1792,pcs,100g,623,486,458,13,A18,S05,L090,4328116599307,dailychoice_spices_item_1792,ACTIVE
P1793,SKU-P1793,BrandB Croissant 2pcs - Var 1793,BrandB,Bakery,Sub Bakery,High quality BrandB Croissant 2pcs - Var 1793,pcs,2pcs,359,240,228,10,A02,S04,L009,2020304232271,brandb_croissant_2pcs_var_1793,ACTIVE
P1794,SKU-P1794,FreshFarms Breakfast Item 1794,FreshFarms,Breakfast,Sub Breakfast,High quality FreshFarms Breakfast Item 1794,pcs,500g,287,145,133,20,A16,S03,L078,7521353028167,freshfarms_breakfast_item_1794,ACTIVE
P1795,SKU-P1795,BrandB Shampoo 200ml - Var 1795,BrandB,Personal Care,Sub Personal Care,High quality BrandB Shampoo 200ml - Var 1795,pcs,200ml,485,349,441,13,A14,S04,L069,5064630059376,brandb_shampoo_200ml_var_1795,ACTIVE
P1796,SKU-P1796,CleanPlus Orange 1kg - Var 1796,CleanPlus,Fruits,Sub Fruits,High quality CleanPlus Orange 1kg - Var 1796,pcs,1kg,1032,742,192,7,A09,S05,L045,7756919832104,cleanplus_orange_1kg_var_1796,ACTIVE
P1797,SKU-P1797,FreshFarms Yogurt 80g - Var 1797,FreshFarms,Dairy,Sub Dairy,High quality FreshFarms Yogurt 80g - Var 1797,pcs,80g,133,87,123,18,A01,S01,L001,2916174690290,freshfarms_yogurt_80g_var_1797,ACTIVE
P1798,SKU-P1798,NatureBites Grapes 500g - Var 1798,NatureBites,Fruits,Sub Fruits,High quality NatureBites Grapes 500g - Var 1798,pcs,500g,972,638,202,17,A09,S01,L041,8310438419667,naturebites_grapes_500g_var_1798,ACTIVE
P1799,SKU-P1799,HealthyO Bread 500g - Var 1799,HealthyO,Bakery,Sub Bakery,High quality HealthyO Bread 500g - Var 1799,pcs,500g,282,200,498,8,A02,S05,L010,2291316708058,healthyo_bread_500g_var_1799,ACTIVE
P1800,SKU-P1800,FreshFarms Dishwashing Liquid 500ml - Var 1800,FreshFarms,Cleaning,Sub Cleaning,High quality FreshFarms Dishwashing Liquid 500ml - Var 1800,pcs,500ml,354,223,354,18,A19,S01,L091,6856670636216,freshfarms_dishwashing_liquid_500ml_var_1800,ACTIVE
P1801,SKU-P1801,Glow Household Item 1801,Glow,Household,Sub Household,High quality Glow Household Item 1801,pcs,500ml,531,335,452,6,A13,S01,L061,9865504944400,glow_household_item_1801,ACTIVE
P1802,SKU-P1802,BrandA Household Item 1802,BrandA,Household,Sub Household,High quality BrandA Household Item 1802,pcs,100g,246,112,60,14,A13,S04,L064,7663493396505,branda_household_item_1802,ACTIVE
P1803,SKU-P1803,PureLife Deodorant 150ml - Var 1803,PureLife,Personal Care,Sub Personal Care,High quality PureLife Deodorant 150ml - Var 1803,pcs,150ml,787,522,186,16,A14,S01,L066,4962732262612,purelife_deodorant_150ml_var_1803,ACTIVE
P1804,SKU-P1804,DailyChoice Frozen Food Item 1804,DailyChoice,Frozen Food,Sub Frozen Food,High quality DailyChoice Frozen Food Item 1804,pcs,100ml,451,334,403,10,A08,S03,L038,1424362585422,dailychoice_frozen_food_item_1804,ACTIVE
P1805,SKU-P1805,NatureBites Canned Food Item 1805,NatureBites,Canned Food,Sub Canned Food,High quality NatureBites Canned Food Item 1805,pcs,500ml,631,479,395,16,A07,S05,L035,1880879919622,naturebites_canned_food_item_1805,ACTIVE
P1806,SKU-P1806,BrandB Pasta Item 1806,BrandB,Pasta,Sub Pasta,High quality BrandB Pasta Item 1806,pcs,200ml,602,415,388,12,A06,S04,L029,3419964338536,brandb_pasta_item_1806,ACTIVE
P1807,SKU-P1807,BrandB Meat Item 1807,BrandB,Meat,Sub Meat,High quality BrandB Meat Item 1807,pcs,500g,580,427,170,20,A11,S03,L053,2472505833342,brandb_meat_item_1807,ACTIVE
P1808,SKU-P1808,CleanPlus Pet Food Item 1808,CleanPlus,Pet Food,Sub Pet Food,High quality CleanPlus Pet Food Item 1808,pcs,100ml,636,462,189,15,A21,S02,L102,3031158760543,cleanplus_pet_food_item_1808,ACTIVE
P1809,SKU-P1809,BrandC Baby Products Item 1809,BrandC,Baby Products,Sub Baby Products,High quality BrandC Baby Products Item 1809,pcs,100ml,186,108,107,14,A15,S03,L073,5769475769458,brandc_baby_products_item_1809,ACTIVE
P1810,SKU-P1810,PureLife Sauces Item 1810,PureLife,Sauces,Sub Sauces,High quality PureLife Sauces Item 1810,pcs,500g,372,303,111,7,A17,S05,L085,3536597466983,purelife_sauces_item_1810,ACTIVE
P1811,SKU-P1811,PureLife Energy Drink 250ml - Var 1811,PureLife,Beverages,Sub Beverages,High quality PureLife Energy Drink 250ml - Var 1811,pcs,250ml,491,309,184,16,A03,S05,L015,6163421254507,purelife_energy_drink_250ml_var_1811,ACTIVE
P1812,SKU-P1812,CleanPlus Household Item 1812,CleanPlus,Household,Sub Household,High quality CleanPlus Household Item 1812,pcs,100ml,609,414,52,15,A13,S02,L062,8095948152692,cleanplus_household_item_1812,ACTIVE
P1813,SKU-P1813,BrandA Frozen Food Item 1813,BrandA,Frozen Food,Sub Frozen Food,High quality BrandA Frozen Food Item 1813,pcs,100g,561,441,23,20,A08,S04,L039,2559664721304,branda_frozen_food_item_1813,ACTIVE
P1814,SKU-P1814,FreshFarms Frozen Food Item 1814,FreshFarms,Frozen Food,Sub Frozen Food,High quality FreshFarms Frozen Food Item 1814,pcs,100ml,536,431,84,5,A08,S02,L037,7423591426142,freshfarms_frozen_food_item_1814,ACTIVE
P1815,SKU-P1815,HealthyO Carrot 500g - Var 1815,HealthyO,Vegetables,Sub Vegetables,High quality HealthyO Carrot 500g - Var 1815,pcs,500g,206,130,222,11,A10,S02,L047,0489332614541,healthyo_carrot_500g_var_1815,ACTIVE
P1816,SKU-P1816,HealthyO Deodorant 150ml - Var 1816,HealthyO,Personal Care,Sub Personal Care,High quality HealthyO Deodorant 150ml - Var 1816,pcs,150ml,795,524,143,16,A14,S02,L067,3079637310087,healthyo_deodorant_150ml_var_1816,ACTIVE
P1817,SKU-P1817,Glow Orange 1kg - Var 1817,Glow,Fruits,Sub Fruits,High quality Glow Orange 1kg - Var 1817,pcs,1kg,1040,715,286,16,A09,S04,L044,1785221158714,glow_orange_1kg_var_1817,ACTIVE
P1818,SKU-P1818,FreshFarms Water 1L - Var 1818,FreshFarms,Beverages,Sub Beverages,High quality FreshFarms Water 1L - Var 1818,pcs,1L,148,110,306,9,A03,S02,L012,8452354268742,freshfarms_water_1l_var_1818,ACTIVE
P1819,SKU-P1819,NatureBites Nuts 100g - Var 1819,NatureBites,Snacks,Sub Snacks,High quality NatureBites Nuts 100g - Var 1819,pcs,100g,613,420,423,12,A04,S05,L020,4701732086527,naturebites_nuts_100g_var_1819,ACTIVE
P1820,SKU-P1820,FreshFarms Seafood Item 1820,FreshFarms,Seafood,Sub Seafood,High quality FreshFarms Seafood Item 1820,pcs,200ml,457,394,245,19,A12,S05,L060,3777296656330,freshfarms_seafood_item_1820,ACTIVE
P1821,SKU-P1821,CleanPlus Breakfast Item 1821,CleanPlus,Breakfast,Sub Breakfast,High quality CleanPlus Breakfast Item 1821,pcs,100g,304,111,239,6,A16,S05,L080,7014005278107,cleanplus_breakfast_item_1821,ACTIVE
P1822,SKU-P1822,BrandC Seafood Item 1822,BrandC,Seafood,Sub Seafood,High quality BrandC Seafood Item 1822,pcs,100ml,253,133,301,13,A12,S04,L059,5580002722148,brandc_seafood_item_1822,ACTIVE
P1823,SKU-P1823,CleanPlus Yogurt 80g - Var 1823,CleanPlus,Dairy,Sub Dairy,High quality CleanPlus Yogurt 80g - Var 1823,pcs,80g,167,95,492,9,A01,S05,L005,2573160943916,cleanplus_yogurt_80g_var_1823,ACTIVE
P1824,SKU-P1824,DailyChoice Household Item 1824,DailyChoice,Household,Sub Household,High quality DailyChoice Household Item 1824,pcs,200ml,378,269,301,18,A13,S02,L062,3681720313693,dailychoice_household_item_1824,ACTIVE
P1825,SKU-P1825,BrandA White Rice 1kg - Var 1825,BrandA,Rice & Grains,Sub Rice & Grains,High quality BrandA White Rice 1kg - Var 1825,pcs,1kg,206,179,374,16,A05,S05,L025,5528620929730,branda_white_rice_1kg_var_1825,ACTIVE
P1826,SKU-P1826,HealthyO Dishwashing Liquid 500ml - Var 1826,HealthyO,Cleaning,Sub Cleaning,High quality HealthyO Dishwashing Liquid 500ml - Var 1826,pcs,500ml,347,204,221,10,A19,S01,L091,5259533222730,healthyo_dishwashing_liquid_500ml_var_1826,ACTIVE
P1827,SKU-P1827,HealthyO Canned Food Item 1827,HealthyO,Canned Food,Sub Canned Food,High quality HealthyO Canned Food Item 1827,pcs,100g,291,115,383,8,A07,S02,L032,9389920457356,healthyo_canned_food_item_1827,ACTIVE
P1828,SKU-P1828,BrandB Meat Item 1828,BrandB,Meat,Sub Meat,High quality BrandB Meat Item 1828,pcs,200ml,455,308,366,20,A11,S01,L051,3236618507618,brandb_meat_item_1828,ACTIVE
P1829,SKU-P1829,BrandB Red Rice 1kg - Var 1829,BrandB,Rice & Grains,Sub Rice & Grains,High quality BrandB Red Rice 1kg - Var 1829,pcs,1kg,265,169,100,18,A05,S03,L023,0870826971828,brandb_red_rice_1kg_var_1829,ACTIVE
P1830,SKU-P1830,BrandC Apple 1kg - Var 1830,BrandC,Fruits,Sub Fruits,High quality BrandC Apple 1kg - Var 1830,pcs,1kg,1251,816,112,12,A09,S04,L044,3601071261580,brandc_apple_1kg_var_1830,ACTIVE
P1831,SKU-P1831,Glow Seafood Item 1831,Glow,Seafood,Sub Seafood,High quality Glow Seafood Item 1831,pcs,200g,483,368,20,6,A12,S01,L056,3882176484672,glow_seafood_item_1831,ACTIVE
P1832,SKU-P1832,Glow Spices Item 1832,Glow,Spices,Sub Spices,High quality Glow Spices Item 1832,pcs,100g,285,100,16,5,A18,S01,L086,3574223322289,glow_spices_item_1832,ACTIVE
P1833,SKU-P1833,PureLife Meat Item 1833,PureLife,Meat,Sub Meat,High quality PureLife Meat Item 1833,pcs,100ml,229,135,106,20,A11,S04,L054,0194425892224,purelife_meat_item_1833,ACTIVE
P1834,SKU-P1834,FreshFarms Pasta Item 1834,FreshFarms,Pasta,Sub Pasta,High quality FreshFarms Pasta Item 1834,pcs,200g,538,449,317,16,A06,S05,L030,5606295350636,freshfarms_pasta_item_1834,ACTIVE
P1835,SKU-P1835,BrandC Laundry Detergent 1kg - Var 1835,BrandC,Cleaning,Sub Cleaning,High quality BrandC Laundry Detergent 1kg - Var 1835,pcs,1kg,619,432,426,19,A19,S02,L092,7311804674131,brandc_laundry_detergent_1kg_var_1835,ACTIVE
P1836,SKU-P1836,NatureBites Milk 1L - Var 1836,NatureBites,Dairy,Sub Dairy,High quality NatureBites Milk 1L - Var 1836,pcs,1L,465,400,423,14,A01,S05,L005,0753841852016,naturebites_milk_1l_var_1836,ACTIVE
P1837,SKU-P1837,BrandC Onion 1kg - Var 1837,BrandC,Vegetables,Sub Vegetables,High quality BrandC Onion 1kg - Var 1837,pcs,1kg,366,237,95,8,A10,S01,L046,3626084639751,brandc_onion_1kg_var_1837,ACTIVE
P1838,SKU-P1838,HealthyO Breakfast Item 1838,HealthyO,Breakfast,Sub Breakfast,High quality HealthyO Breakfast Item 1838,pcs,100ml,522,332,435,17,A16,S02,L077,6154705549129,healthyo_breakfast_item_1838,ACTIVE
P1839,SKU-P1839,NatureBites Baby Products Item 1839,NatureBites,Baby Products,Sub Baby Products,High quality NatureBites Baby Products Item 1839,pcs,100ml,369,226,82,12,A15,S01,L071,1516411955642,naturebites_baby_products_item_1839,ACTIVE
P1840,SKU-P1840,CleanPlus Breakfast Item 1840,CleanPlus,Breakfast,Sub Breakfast,High quality CleanPlus Breakfast Item 1840,pcs,100ml,302,130,425,8,A16,S02,L077,0919693957877,cleanplus_breakfast_item_1840,ACTIVE
P1841,SKU-P1841,Glow Sauces Item 1841,Glow,Sauces,Sub Sauces,High quality Glow Sauces Item 1841,pcs,500ml,676,487,339,11,A17,S01,L081,5207020426208,glow_sauces_item_1841,ACTIVE
P1842,SKU-P1842,DailyChoice Potato 1kg - Var 1842,DailyChoice,Vegetables,Sub Vegetables,High quality DailyChoice Potato 1kg - Var 1842,pcs,1kg,225,198,159,18,A10,S03,L048,1971212413935,dailychoice_potato_1kg_var_1842,ACTIVE
P1843,SKU-P1843,CleanPlus Household Item 1843,CleanPlus,Household,Sub Household,High quality CleanPlus Household Item 1843,pcs,100ml,287,112,63,15,A13,S04,L064,6967897609874,cleanplus_household_item_1843,ACTIVE
P1844,SKU-P1844,HealthyO Spices Item 1844,HealthyO,Spices,Sub Spices,High quality HealthyO Spices Item 1844,pcs,200ml,477,354,404,6,A18,S04,L089,3126773192272,healthyo_spices_item_1844,ACTIVE
P1845,SKU-P1845,FreshFarms Sauces Item 1845,FreshFarms,Sauces,Sub Sauces,High quality FreshFarms Sauces Item 1845,pcs,100ml,596,400,287,10,A17,S01,L081,6075988978652,freshfarms_sauces_item_1845,ACTIVE
P1846,SKU-P1846,BrandA Pet Food Item 1846,BrandA,Pet Food,Sub Pet Food,High quality BrandA Pet Food Item 1846,pcs,500g,251,124,207,11,A21,S03,L103,3394319165435,branda_pet_food_item_1846,ACTIVE
P1847,SKU-P1847,BrandA Seafood Item 1847,BrandA,Seafood,Sub Seafood,High quality BrandA Seafood Item 1847,pcs,500ml,658,478,278,10,A12,S05,L060,0895231202190,branda_seafood_item_1847,ACTIVE
P1848,SKU-P1848,BrandA Sauces Item 1848,BrandA,Sauces,Sub Sauces,High quality BrandA Sauces Item 1848,pcs,100g,431,334,466,12,A17,S03,L083,1505764497473,branda_sauces_item_1848,ACTIVE
P1849,SKU-P1849,FreshFarms Meat Item 1849,FreshFarms,Meat,Sub Meat,High quality FreshFarms Meat Item 1849,pcs,200g,445,392,33,17,A11,S01,L051,0002687644867,freshfarms_meat_item_1849,ACTIVE
P1850,SKU-P1850,PureLife Canned Food Item 1850,PureLife,Canned Food,Sub Canned Food,High quality PureLife Canned Food Item 1850,pcs,100g,571,437,100,17,A07,S01,L031,7649797416361,purelife_canned_food_item_1850,ACTIVE
P1851,SKU-P1851,CleanPlus Frozen Food Item 1851,CleanPlus,Frozen Food,Sub Frozen Food,High quality CleanPlus Frozen Food Item 1851,pcs,100g,285,172,328,13,A08,S03,L038,5604500635530,cleanplus_frozen_food_item_1851,ACTIVE
P1852,SKU-P1852,FreshFarms Toothpaste 120g - Var 1852,FreshFarms,Personal Care,Sub Personal Care,High quality FreshFarms Toothpaste 120g - Var 1852,pcs,120g,294,191,477,13,A14,S05,L070,7309649692779,freshfarms_toothpaste_120g_var_1852,ACTIVE
P1853,SKU-P1853,CleanPlus Deodorant 150ml - Var 1853,CleanPlus,Personal Care,Sub Personal Care,High quality CleanPlus Deodorant 150ml - Var 1853,pcs,150ml,735,524,441,11,A14,S01,L066,1195296353059,cleanplus_deodorant_150ml_var_1853,ACTIVE
P1854,SKU-P1854,HealthyO Breakfast Item 1854,HealthyO,Breakfast,Sub Breakfast,High quality HealthyO Breakfast Item 1854,pcs,100ml,285,121,75,12,A16,S03,L078,9702551282768,healthyo_breakfast_item_1854,ACTIVE
P1855,SKU-P1855,BrandC Soft Drink 1.5L - Var 1855,BrandC,Beverages,Sub Beverages,High quality BrandC Soft Drink 1.5L - Var 1855,pcs,1.5L,412,300,44,10,A03,S01,L011,3643159489899,brandc_soft_drink_1.5l_var_1855,ACTIVE
P1856,SKU-P1856,BrandC Spices Item 1856,BrandC,Spices,Sub Spices,High quality BrandC Spices Item 1856,pcs,500ml,599,448,155,14,A18,S03,L088,5965466345445,brandc_spices_item_1856,ACTIVE
P1857,SKU-P1857,BrandB Onion 1kg - Var 1857,BrandB,Vegetables,Sub Vegetables,High quality BrandB Onion 1kg - Var 1857,pcs,1kg,315,248,212,11,A10,S05,L050,3441491699934,brandb_onion_1kg_var_1857,ACTIVE
P1858,SKU-P1858,FreshFarms Energy Drink 250ml - Var 1858,FreshFarms,Beverages,Sub Beverages,High quality FreshFarms Energy Drink 250ml - Var 1858,pcs,250ml,466,308,28,20,A03,S05,L015,9344974394644,freshfarms_energy_drink_250ml_var_1858,ACTIVE
P1859,SKU-P1859,BrandB Breakfast Item 1859,BrandB,Breakfast,Sub Breakfast,High quality BrandB Breakfast Item 1859,pcs,100g,395,298,52,7,A16,S01,L076,0882230958623,brandb_breakfast_item_1859,ACTIVE
P1860,SKU-P1860,HealthyO Frozen Food Item 1860,HealthyO,Frozen Food,Sub Frozen Food,High quality HealthyO Frozen Food Item 1860,pcs,200ml,564,478,236,6,A08,S04,L039,9739889413212,healthyo_frozen_food_item_1860,ACTIVE
P1861,SKU-P1861,FreshFarms Sauces Item 1861,FreshFarms,Sauces,Sub Sauces,High quality FreshFarms Sauces Item 1861,pcs,500ml,317,122,17,9,A17,S02,L082,0972021707544,freshfarms_sauces_item_1861,ACTIVE
P1862,SKU-P1862,BrandC Meat Item 1862,BrandC,Meat,Sub Meat,High quality BrandC Meat Item 1862,pcs,200ml,266,202,210,17,A11,S03,L053,8534655792208,brandc_meat_item_1862,ACTIVE
P1863,SKU-P1863,FreshFarms Basmati Rice 1kg - Var 1863,FreshFarms,Rice & Grains,Sub Rice & Grains,High quality FreshFarms Basmati Rice 1kg - Var 1863,pcs,1kg,880,611,109,15,A05,S03,L023,3004496461298,freshfarms_basmati_rice_1kg_var_1863,ACTIVE
P1864,SKU-P1864,DailyChoice Baby Products Item 1864,DailyChoice,Baby Products,Sub Baby Products,High quality DailyChoice Baby Products Item 1864,pcs,100g,593,408,157,10,A15,S01,L071,3900251213754,dailychoice_baby_products_item_1864,ACTIVE
P1865,SKU-P1865,BrandA White Rice 1kg - Var 1865,BrandA,Rice & Grains,Sub Rice & Grains,High quality BrandA White Rice 1kg - Var 1865,pcs,1kg,287,147,43,18,A05,S05,L025,6589635957087,branda_white_rice_1kg_var_1865,ACTIVE
P1866,SKU-P1866,BrandA Sauces Item 1866,BrandA,Sauces,Sub Sauces,High quality BrandA Sauces Item 1866,pcs,500g,602,470,199,6,A17,S05,L085,6199314584345,branda_sauces_item_1866,ACTIVE
P1867,SKU-P1867,BrandA Red Rice 1kg - Var 1867,BrandA,Rice & Grains,Sub Rice & Grains,High quality BrandA Red Rice 1kg - Var 1867,pcs,1kg,220,174,298,6,A05,S01,L021,5663113885039,branda_red_rice_1kg_var_1867,ACTIVE
P1868,SKU-P1868,BrandB Household Item 1868,BrandB,Household,Sub Household,High quality BrandB Household Item 1868,pcs,100g,577,388,47,5,A13,S05,L065,4236220334748,brandb_household_item_1868,ACTIVE
P1869,SKU-P1869,HealthyO Pet Food Item 1869,HealthyO,Pet Food,Sub Pet Food,High quality HealthyO Pet Food Item 1869,pcs,500ml,393,244,240,12,A21,S04,L104,2463104379683,healthyo_pet_food_item_1869,ACTIVE
P1870,SKU-P1870,PureLife Breakfast Item 1870,PureLife,Breakfast,Sub Breakfast,High quality PureLife Breakfast Item 1870,pcs,200ml,434,345,242,16,A16,S05,L080,6800852946907,purelife_breakfast_item_1870,ACTIVE
P1871,SKU-P1871,PureLife Frozen Food Item 1871,PureLife,Frozen Food,Sub Frozen Food,High quality PureLife Frozen Food Item 1871,pcs,500g,413,298,461,10,A08,S02,L037,2177417430435,purelife_frozen_food_item_1871,ACTIVE
P1872,SKU-P1872,CleanPlus Seafood Item 1872,CleanPlus,Seafood,Sub Seafood,High quality CleanPlus Seafood Item 1872,pcs,200g,288,121,220,12,A12,S01,L056,5023850228948,cleanplus_seafood_item_1872,ACTIVE
P1873,SKU-P1873,Glow Household Item 1873,Glow,Household,Sub Household,High quality Glow Household Item 1873,pcs,100ml,471,315,245,19,A13,S02,L062,6652752332829,glow_household_item_1873,ACTIVE
P1874,SKU-P1874,DailyChoice Baby Products Item 1874,DailyChoice,Baby Products,Sub Baby Products,High quality DailyChoice Baby Products Item 1874,pcs,200ml,418,266,78,11,A15,S04,L074,9302025691333,dailychoice_baby_products_item_1874,ACTIVE
P1875,SKU-P1875,FreshFarms Frozen Food Item 1875,FreshFarms,Frozen Food,Sub Frozen Food,High quality FreshFarms Frozen Food Item 1875,pcs,500g,616,473,470,19,A08,S02,L037,0303346771161,freshfarms_frozen_food_item_1875,ACTIVE
P1876,SKU-P1876,Glow Spices Item 1876,Glow,Spices,Sub Spices,High quality Glow Spices Item 1876,pcs,500ml,359,209,82,20,A18,S04,L089,7507627995533,glow_spices_item_1876,ACTIVE
P1877,SKU-P1877,PureLife Nuts 100g - Var 1877,PureLife,Snacks,Sub Snacks,High quality PureLife Nuts 100g - Var 1877,pcs,100g,679,449,221,6,A04,S05,L020,0245301239845,purelife_nuts_100g_var_1877,ACTIVE
P1878,SKU-P1878,Glow Canned Food Item 1878,Glow,Canned Food,Sub Canned Food,High quality Glow Canned Food Item 1878,pcs,500g,585,437,489,18,A07,S02,L032,7230342028476,glow_canned_food_item_1878,ACTIVE
P1879,SKU-P1879,BrandA Pasta Item 1879,BrandA,Pasta,Sub Pasta,High quality BrandA Pasta Item 1879,pcs,500g,492,297,351,10,A06,S04,L029,1901722240509,branda_pasta_item_1879,ACTIVE
P1880,SKU-P1880,CleanPlus Banana 1kg - Var 1880,CleanPlus,Fruits,Sub Fruits,High quality CleanPlus Banana 1kg - Var 1880,pcs,1kg,300,186,420,11,A09,S05,L045,7648717754613,cleanplus_banana_1kg_var_1880,ACTIVE
P1881,SKU-P1881,DailyChoice White Rice 1kg - Var 1881,DailyChoice,Rice & Grains,Sub Rice & Grains,High quality DailyChoice White Rice 1kg - Var 1881,pcs,1kg,294,155,76,20,A05,S04,L024,9924065838723,dailychoice_white_rice_1kg_var_1881,ACTIVE
P1882,SKU-P1882,HealthyO Meat Item 1882,HealthyO,Meat,Sub Meat,High quality HealthyO Meat Item 1882,pcs,500g,520,446,412,7,A11,S05,L055,7258122590951,healthyo_meat_item_1882,ACTIVE
P1883,SKU-P1883,BrandA Soft Drink 1.5L - Var 1883,BrandA,Beverages,Sub Beverages,High quality BrandA Soft Drink 1.5L - Var 1883,pcs,1.5L,361,271,170,16,A03,S01,L011,6684482373377,branda_soft_drink_1.5l_var_1883,ACTIVE
P1884,SKU-P1884,FreshFarms Canned Food Item 1884,FreshFarms,Canned Food,Sub Canned Food,High quality FreshFarms Canned Food Item 1884,pcs,200g,415,285,308,19,A07,S02,L032,9121211018781,freshfarms_canned_food_item_1884,ACTIVE
P1885,SKU-P1885,BrandC Breakfast Item 1885,BrandC,Breakfast,Sub Breakfast,High quality BrandC Breakfast Item 1885,pcs,200ml,344,151,91,9,A16,S03,L078,0358690170740,brandc_breakfast_item_1885,ACTIVE
P1886,SKU-P1886,BrandB Pasta Item 1886,BrandB,Pasta,Sub Pasta,High quality BrandB Pasta Item 1886,pcs,500ml,374,181,292,20,A06,S04,L029,0392519994520,brandb_pasta_item_1886,ACTIVE
P1887,SKU-P1887,BrandC Apple 1kg - Var 1887,BrandC,Fruits,Sub Fruits,High quality BrandC Apple 1kg - Var 1887,pcs,1kg,1212,828,396,6,A09,S02,L042,9517122276431,brandc_apple_1kg_var_1887,ACTIVE
P1888,SKU-P1888,CleanPlus Dhal 1kg - Var 1888,CleanPlus,Rice & Grains,Sub Rice & Grains,High quality CleanPlus Dhal 1kg - Var 1888,pcs,1kg,371,280,402,5,A05,S04,L024,3872205422164,cleanplus_dhal_1kg_var_1888,ACTIVE
P1889,SKU-P1889,HealthyO Laundry Detergent 1kg - Var 1889,HealthyO,Cleaning,Sub Cleaning,High quality HealthyO Laundry Detergent 1kg - Var 1889,pcs,1kg,623,436,239,5,A19,S03,L093,2654963308338,healthyo_laundry_detergent_1kg_var_1889,ACTIVE
P1890,SKU-P1890,Glow Breakfast Item 1890,Glow,Breakfast,Sub Breakfast,High quality Glow Breakfast Item 1890,pcs,200g,356,289,100,9,A16,S05,L080,4447048878998,glow_breakfast_item_1890,ACTIVE
P1891,SKU-P1891,CleanPlus Stationery Item 1891,CleanPlus,Stationery,Sub Stationery,High quality CleanPlus Stationery Item 1891,pcs,100g,542,442,334,15,A20,S03,L098,5047020596859,cleanplus_stationery_item_1891,ACTIVE
P1892,SKU-P1892,HealthyO Onion 1kg - Var 1892,HealthyO,Vegetables,Sub Vegetables,High quality HealthyO Onion 1kg - Var 1892,pcs,1kg,302,231,328,18,A10,S01,L046,1953774926634,healthyo_onion_1kg_var_1892,ACTIVE
P1893,SKU-P1893,PureLife Pasta Item 1893,PureLife,Pasta,Sub Pasta,High quality PureLife Pasta Item 1893,pcs,100ml,422,366,260,15,A06,S03,L028,2956342777521,purelife_pasta_item_1893,ACTIVE
P1894,SKU-P1894,FreshFarms Pasta Item 1894,FreshFarms,Pasta,Sub Pasta,High quality FreshFarms Pasta Item 1894,pcs,500ml,398,234,231,15,A06,S01,L026,2592061658125,freshfarms_pasta_item_1894,ACTIVE
P1895,SKU-P1895,BrandB Cake 1kg - Var 1895,BrandB,Bakery,Sub Bakery,High quality BrandB Cake 1kg - Var 1895,pcs,1kg,1670,1221,26,9,A02,S03,L008,9205922941153,brandb_cake_1kg_var_1895,ACTIVE
P1896,SKU-P1896,HealthyO Stationery Item 1896,HealthyO,Stationery,Sub Stationery,High quality HealthyO Stationery Item 1896,pcs,100ml,395,294,473,20,A20,S01,L096,6302955963633,healthyo_stationery_item_1896,ACTIVE
P1897,SKU-P1897,BrandA Household Item 1897,BrandA,Household,Sub Household,High quality BrandA Household Item 1897,pcs,500ml,602,456,181,16,A13,S04,L064,7262942066152,branda_household_item_1897,ACTIVE
P1898,SKU-P1898,CleanPlus Sauces Item 1898,CleanPlus,Sauces,Sub Sauces,High quality CleanPlus Sauces Item 1898,pcs,500ml,305,167,378,13,A17,S04,L084,4980851331385,cleanplus_sauces_item_1898,ACTIVE
P1899,SKU-P1899,DailyChoice Spices Item 1899,DailyChoice,Spices,Sub Spices,High quality DailyChoice Spices Item 1899,pcs,200ml,307,142,480,7,A18,S02,L087,0049832112215,dailychoice_spices_item_1899,ACTIVE
P1900,SKU-P1900,BrandB Meat Item 1900,BrandB,Meat,Sub Meat,High quality BrandB Meat Item 1900,pcs,100g,567,490,134,7,A11,S05,L055,2154815826862,brandb_meat_item_1900,ACTIVE
P1901,SKU-P1901,BrandB Pasta Item 1901,BrandB,Pasta,Sub Pasta,High quality BrandB Pasta Item 1901,pcs,100g,570,498,452,7,A06,S03,L028,8764019185487,brandb_pasta_item_1901,ACTIVE
P1902,SKU-P1902,HealthyO Cheese 250g - Var 1902,HealthyO,Dairy,Sub Dairy,High quality HealthyO Cheese 250g - Var 1902,pcs,250g,1019,804,308,19,A01,S01,L001,8064420062989,healthyo_cheese_250g_var_1902,ACTIVE
P1903,SKU-P1903,BrandB Pet Food Item 1903,BrandB,Pet Food,Sub Pet Food,High quality BrandB Pet Food Item 1903,pcs,500g,213,128,112,7,A21,S03,L103,7787358566466,brandb_pet_food_item_1903,ACTIVE
P1904,SKU-P1904,BrandB Pasta Item 1904,BrandB,Pasta,Sub Pasta,High quality BrandB Pasta Item 1904,pcs,100ml,560,451,117,6,A06,S01,L026,4196234219267,brandb_pasta_item_1904,ACTIVE
P1905,SKU-P1905,NatureBites Water 1L - Var 1905,NatureBites,Beverages,Sub Beverages,High quality NatureBites Water 1L - Var 1905,pcs,1L,140,72,428,11,A03,S04,L014,2213204104292,naturebites_water_1l_var_1905,ACTIVE
P1906,SKU-P1906,BrandC Breakfast Item 1906,BrandC,Breakfast,Sub Breakfast,High quality BrandC Breakfast Item 1906,pcs,200ml,539,474,236,10,A16,S05,L080,4831478911798,brandc_breakfast_item_1906,ACTIVE
P1907,SKU-P1907,BrandB Sauces Item 1907,BrandB,Sauces,Sub Sauces,High quality BrandB Sauces Item 1907,pcs,100g,320,234,459,11,A17,S01,L081,7269999498127,brandb_sauces_item_1907,ACTIVE
P1908,SKU-P1908,BrandC Potato Chips 50g - Var 1908,BrandC,Snacks,Sub Snacks,High quality BrandC Potato Chips 50g - Var 1908,pcs,50g,296,170,126,10,A04,S01,L016,8318003666027,brandc_potato_chips_50g_var_1908,ACTIVE
P1909,SKU-P1909,PureLife Household Item 1909,PureLife,Household,Sub Household,High quality PureLife Household Item 1909,pcs,500ml,482,359,121,18,A13,S05,L065,0005328538631,purelife_household_item_1909,ACTIVE
P1910,SKU-P1910,NatureBites Banana 1kg - Var 1910,NatureBites,Fruits,Sub Fruits,High quality NatureBites Banana 1kg - Var 1910,pcs,1kg,283,150,465,13,A09,S03,L043,1050524383805,naturebites_banana_1kg_var_1910,ACTIVE
P1911,SKU-P1911,BrandA Carrot 500g - Var 1911,BrandA,Vegetables,Sub Vegetables,High quality BrandA Carrot 500g - Var 1911,pcs,500g,213,104,186,6,A10,S02,L047,5826929900765,branda_carrot_500g_var_1911,ACTIVE
P1912,SKU-P1912,BrandB Stationery Item 1912,BrandB,Stationery,Sub Stationery,High quality BrandB Stationery Item 1912,pcs,500ml,178,106,173,16,A20,S04,L099,8627633283895,brandb_stationery_item_1912,ACTIVE
P1913,SKU-P1913,HealthyO Stationery Item 1913,HealthyO,Stationery,Sub Stationery,High quality HealthyO Stationery Item 1913,pcs,200ml,471,330,390,20,A20,S01,L096,6337618518622,healthyo_stationery_item_1913,ACTIVE
P1914,SKU-P1914,PureLife Seafood Item 1914,PureLife,Seafood,Sub Seafood,High quality PureLife Seafood Item 1914,pcs,200ml,477,379,126,10,A12,S04,L059,6713684101324,purelife_seafood_item_1914,ACTIVE
P1915,SKU-P1915,DailyChoice Cake 1kg - Var 1915,DailyChoice,Bakery,Sub Bakery,High quality DailyChoice Cake 1kg - Var 1915,pcs,1kg,1641,1229,482,17,A02,S03,L008,8233921883526,dailychoice_cake_1kg_var_1915,ACTIVE
P1916,SKU-P1916,DailyChoice Baby Products Item 1916,DailyChoice,Baby Products,Sub Baby Products,High quality DailyChoice Baby Products Item 1916,pcs,100g,625,477,224,5,A15,S04,L074,7918750677614,dailychoice_baby_products_item_1916,ACTIVE
P1917,SKU-P1917,BrandC Dhal 1kg - Var 1917,BrandC,Rice & Grains,Sub Rice & Grains,High quality BrandC Dhal 1kg - Var 1917,pcs,1kg,396,275,17,18,A05,S03,L023,0659208814317,brandc_dhal_1kg_var_1917,ACTIVE
P1918,SKU-P1918,HealthyO Pasta Item 1918,HealthyO,Pasta,Sub Pasta,High quality HealthyO Pasta Item 1918,pcs,100g,202,148,210,20,A06,S02,L027,9279761781591,healthyo_pasta_item_1918,ACTIVE
P1919,SKU-P1919,FreshFarms White Rice 1kg - Var 1919,FreshFarms,Rice & Grains,Sub Rice & Grains,High quality FreshFarms White Rice 1kg - Var 1919,pcs,1kg,263,141,210,10,A05,S03,L023,6983845720262,freshfarms_white_rice_1kg_var_1919,ACTIVE
P1920,SKU-P1920,FreshFarms Onion 1kg - Var 1920,FreshFarms,Vegetables,Sub Vegetables,High quality FreshFarms Onion 1kg - Var 1920,pcs,1kg,362,212,320,20,A10,S05,L050,6568629591254,freshfarms_onion_1kg_var_1920,ACTIVE
P1921,SKU-P1921,DailyChoice Soap 100g - Var 1921,DailyChoice,Personal Care,Sub Personal Care,High quality DailyChoice Soap 100g - Var 1921,pcs,100g,127,122,190,8,A14,S04,L069,7349899255393,dailychoice_soap_100g_var_1921,ACTIVE
P1922,SKU-P1922,HealthyO Energy Drink 250ml - Var 1922,HealthyO,Beverages,Sub Beverages,High quality HealthyO Energy Drink 250ml - Var 1922,pcs,250ml,418,318,130,20,A03,S03,L013,4607429907475,healthyo_energy_drink_250ml_var_1922,ACTIVE
P1923,SKU-P1923,DailyChoice Canned Food Item 1923,DailyChoice,Canned Food,Sub Canned Food,High quality DailyChoice Canned Food Item 1923,pcs,100ml,513,423,183,14,A07,S04,L034,2966941799671,dailychoice_canned_food_item_1923,ACTIVE
P1924,SKU-P1924,HealthyO Stationery Item 1924,HealthyO,Stationery,Sub Stationery,High quality HealthyO Stationery Item 1924,pcs,100g,493,371,184,16,A20,S04,L099,0808974748597,healthyo_stationery_item_1924,ACTIVE
P1925,SKU-P1925,BrandB Dhal 1kg - Var 1925,BrandB,Rice & Grains,Sub Rice & Grains,High quality BrandB Dhal 1kg - Var 1925,pcs,1kg,407,251,199,18,A05,S03,L023,9464183984167,brandb_dhal_1kg_var_1925,ACTIVE
P1926,SKU-P1926,Glow Frozen Food Item 1926,Glow,Frozen Food,Sub Frozen Food,High quality Glow Frozen Food Item 1926,pcs,500g,431,260,412,13,A08,S02,L037,7347853698811,glow_frozen_food_item_1926,ACTIVE
P1927,SKU-P1927,HealthyO Spices Item 1927,HealthyO,Spices,Sub Spices,High quality HealthyO Spices Item 1927,pcs,200g,297,165,410,12,A18,S03,L088,6498044509285,healthyo_spices_item_1927,ACTIVE
P1928,SKU-P1928,FreshFarms Dishwashing Liquid 500ml - Var 1928,FreshFarms,Cleaning,Sub Cleaning,High quality FreshFarms Dishwashing Liquid 500ml - Var 1928,pcs,500ml,352,231,250,5,A19,S05,L095,6052102627061,freshfarms_dishwashing_liquid_500ml_var_1928,ACTIVE
P1929,SKU-P1929,BrandB Meat Item 1929,BrandB,Meat,Sub Meat,High quality BrandB Meat Item 1929,pcs,200g,551,419,51,20,A11,S05,L055,6489008248456,brandb_meat_item_1929,ACTIVE
P1930,SKU-P1930,PureLife Baby Products Item 1930,PureLife,Baby Products,Sub Baby Products,High quality PureLife Baby Products Item 1930,pcs,100ml,398,299,415,13,A15,S05,L075,8130889830572,purelife_baby_products_item_1930,ACTIVE
P1931,SKU-P1931,DailyChoice Basmati Rice 1kg - Var 1931,DailyChoice,Rice & Grains,Sub Rice & Grains,High quality DailyChoice Basmati Rice 1kg - Var 1931,pcs,1kg,828,615,334,5,A05,S03,L023,4883997418562,dailychoice_basmati_rice_1kg_var_1931,ACTIVE
P1932,SKU-P1932,HealthyO Meat Item 1932,HealthyO,Meat,Sub Meat,High quality HealthyO Meat Item 1932,pcs,200g,370,239,258,15,A11,S03,L053,3027500030563,healthyo_meat_item_1932,ACTIVE
P1933,SKU-P1933,FreshFarms Stationery Item 1933,FreshFarms,Stationery,Sub Stationery,High quality FreshFarms Stationery Item 1933,pcs,500g,485,405,161,6,A20,S05,L100,6199530564183,freshfarms_stationery_item_1933,ACTIVE
P1934,SKU-P1934,NatureBites Canned Food Item 1934,NatureBites,Canned Food,Sub Canned Food,High quality NatureBites Canned Food Item 1934,pcs,200g,450,292,368,5,A07,S05,L035,4937846790870,naturebites_canned_food_item_1934,ACTIVE
P1935,SKU-P1935,BrandC Potato 1kg - Var 1935,BrandC,Vegetables,Sub Vegetables,High quality BrandC Potato 1kg - Var 1935,pcs,1kg,203,168,24,18,A10,S03,L048,0187260013657,brandc_potato_1kg_var_1935,ACTIVE
P1936,SKU-P1936,BrandC Energy Drink 250ml - Var 1936,BrandC,Beverages,Sub Beverages,High quality BrandC Energy Drink 250ml - Var 1936,pcs,250ml,480,328,205,10,A03,S03,L013,1034444299064,brandc_energy_drink_250ml_var_1936,ACTIVE
P1937,SKU-P1937,Glow Stationery Item 1937,Glow,Stationery,Sub Stationery,High quality Glow Stationery Item 1937,pcs,100ml,453,333,111,19,A20,S04,L099,7456865240625,glow_stationery_item_1937,ACTIVE
P1938,SKU-P1938,Glow Potato 1kg - Var 1938,Glow,Vegetables,Sub Vegetables,High quality Glow Potato 1kg - Var 1938,pcs,1kg,215,151,36,15,A10,S02,L047,2155996725623,glow_potato_1kg_var_1938,ACTIVE
P1939,SKU-P1939,Glow Spices Item 1939,Glow,Spices,Sub Spices,High quality Glow Spices Item 1939,pcs,100ml,614,468,291,5,A18,S04,L089,2219053347040,glow_spices_item_1939,ACTIVE
P1940,SKU-P1940,Glow Pet Food Item 1940,Glow,Pet Food,Sub Pet Food,High quality Glow Pet Food Item 1940,pcs,200g,325,267,339,14,A21,S04,L104,7476484559397,glow_pet_food_item_1940,ACTIVE
P1941,SKU-P1941,HealthyO Meat Item 1941,HealthyO,Meat,Sub Meat,High quality HealthyO Meat Item 1941,pcs,100g,553,470,264,7,A11,S05,L055,6521383507121,healthyo_meat_item_1941,ACTIVE
P1942,SKU-P1942,BrandB Juice 1L - Var 1942,BrandB,Beverages,Sub Beverages,High quality BrandB Juice 1L - Var 1942,pcs,1L,520,433,491,12,A03,S02,L012,4553129003620,brandb_juice_1l_var_1942,ACTIVE
P1943,SKU-P1943,Glow Water 1L - Var 1943,Glow,Beverages,Sub Beverages,High quality Glow Water 1L - Var 1943,pcs,1L,132,65,185,7,A03,S03,L013,2117327726488,glow_water_1l_var_1943,ACTIVE
P1944,SKU-P1944,NatureBites Breakfast Item 1944,NatureBites,Breakfast,Sub Breakfast,High quality NatureBites Breakfast Item 1944,pcs,100ml,579,428,365,9,A16,S04,L079,8395855852297,naturebites_breakfast_item_1944,ACTIVE
P1945,SKU-P1945,FreshFarms Spices Item 1945,FreshFarms,Spices,Sub Spices,High quality FreshFarms Spices Item 1945,pcs,200g,275,159,126,12,A18,S01,L086,4252516185757,freshfarms_spices_item_1945,ACTIVE
P1946,SKU-P1946,BrandA Bread 500g - Var 1946,BrandA,Bakery,Sub Bakery,High quality BrandA Bread 500g - Var 1946,pcs,500g,289,191,125,20,A02,S05,L010,9171050805493,branda_bread_500g_var_1946,ACTIVE
P1947,SKU-P1947,FreshFarms Buns 4pcs - Var 1947,FreshFarms,Bakery,Sub Bakery,High quality FreshFarms Buns 4pcs - Var 1947,pcs,4pcs,177,129,266,15,A02,S01,L006,1477447353522,freshfarms_buns_4pcs_var_1947,ACTIVE
P1948,SKU-P1948,CleanPlus Meat Item 1948,CleanPlus,Meat,Sub Meat,High quality CleanPlus Meat Item 1948,pcs,100ml,408,352,352,18,A11,S04,L054,4784171594976,cleanplus_meat_item_1948,ACTIVE
P1949,SKU-P1949,BrandA Spices Item 1949,BrandA,Spices,Sub Spices,High quality BrandA Spices Item 1949,pcs,100g,314,206,308,20,A18,S01,L086,3449305378808,branda_spices_item_1949,ACTIVE
P1950,SKU-P1950,HealthyO Milk 1L - Var 1950,HealthyO,Dairy,Sub Dairy,High quality HealthyO Milk 1L - Var 1950,pcs,1L,515,373,470,10,A01,S03,L003,3318361133891,healthyo_milk_1l_var_1950,ACTIVE
P1951,SKU-P1951,BrandC Household Item 1951,BrandC,Household,Sub Household,High quality BrandC Household Item 1951,pcs,500g,543,421,146,16,A13,S02,L062,2608788281529,brandc_household_item_1951,ACTIVE
P1952,SKU-P1952,BrandC Sauces Item 1952,BrandC,Sauces,Sub Sauces,High quality BrandC Sauces Item 1952,pcs,100ml,371,271,177,13,A17,S04,L084,7873048625152,brandc_sauces_item_1952,ACTIVE
P1953,SKU-P1953,PureLife Household Item 1953,PureLife,Household,Sub Household,High quality PureLife Household Item 1953,pcs,200g,509,328,404,17,A13,S01,L061,2174653537805,purelife_household_item_1953,ACTIVE
P1954,SKU-P1954,BrandB Canned Food Item 1954,BrandB,Canned Food,Sub Canned Food,High quality BrandB Canned Food Item 1954,pcs,100ml,256,154,112,14,A07,S02,L032,1891567344671,brandb_canned_food_item_1954,ACTIVE
P1955,SKU-P1955,PureLife Canned Food Item 1955,PureLife,Canned Food,Sub Canned Food,High quality PureLife Canned Food Item 1955,pcs,200ml,235,127,300,13,A07,S05,L035,1776296914336,purelife_canned_food_item_1955,ACTIVE
P1956,SKU-P1956,BrandA Canned Food Item 1956,BrandA,Canned Food,Sub Canned Food,High quality BrandA Canned Food Item 1956,pcs,200g,306,210,450,15,A07,S05,L035,6299946645091,branda_canned_food_item_1956,ACTIVE
P1957,SKU-P1957,CleanPlus Canned Food Item 1957,CleanPlus,Canned Food,Sub Canned Food,High quality CleanPlus Canned Food Item 1957,pcs,500ml,484,334,318,10,A07,S04,L034,9990010898579,cleanplus_canned_food_item_1957,ACTIVE
P1958,SKU-P1958,NatureBites Breakfast Item 1958,NatureBites,Breakfast,Sub Breakfast,High quality NatureBites Breakfast Item 1958,pcs,500ml,554,441,49,8,A16,S04,L079,3908352118961,naturebites_breakfast_item_1958,ACTIVE
P1959,SKU-P1959,BrandA Milk 1L - Var 1959,BrandA,Dairy,Sub Dairy,High quality BrandA Milk 1L - Var 1959,pcs,1L,450,367,165,19,A01,S01,L001,8442464884994,branda_milk_1l_var_1959,ACTIVE
P1960,SKU-P1960,BrandC Household Item 1960,BrandC,Household,Sub Household,High quality BrandC Household Item 1960,pcs,100g,393,288,340,11,A13,S05,L065,7957285759587,brandc_household_item_1960,ACTIVE
P1961,SKU-P1961,PureLife Shampoo 200ml - Var 1961,PureLife,Personal Care,Sub Personal Care,High quality PureLife Shampoo 200ml - Var 1961,pcs,200ml,533,326,21,14,A14,S03,L068,2819022179780,purelife_shampoo_200ml_var_1961,ACTIVE
P1962,SKU-P1962,BrandC Croissant 2pcs - Var 1962,BrandC,Bakery,Sub Bakery,High quality BrandC Croissant 2pcs - Var 1962,pcs,2pcs,358,216,486,11,A02,S01,L006,9124883971705,brandc_croissant_2pcs_var_1962,ACTIVE
P1963,SKU-P1963,BrandC Nuts 100g - Var 1963,BrandC,Snacks,Sub Snacks,High quality BrandC Nuts 100g - Var 1963,pcs,100g,614,400,54,12,A04,S01,L016,5984451436722,brandc_nuts_100g_var_1963,ACTIVE
P1964,SKU-P1964,NatureBites Baby Products Item 1964,NatureBites,Baby Products,Sub Baby Products,High quality NatureBites Baby Products Item 1964,pcs,200ml,305,111,255,7,A15,S05,L075,8681123038853,naturebites_baby_products_item_1964,ACTIVE
P1965,SKU-P1965,CleanPlus Basmati Rice 1kg - Var 1965,CleanPlus,Rice & Grains,Sub Rice & Grains,High quality CleanPlus Basmati Rice 1kg - Var 1965,pcs,1kg,848,643,25,6,A05,S02,L022,6811939781458,cleanplus_basmati_rice_1kg_var_1965,ACTIVE
P1966,SKU-P1966,DailyChoice Breakfast Item 1966,DailyChoice,Breakfast,Sub Breakfast,High quality DailyChoice Breakfast Item 1966,pcs,200g,303,106,469,6,A16,S04,L079,9009921779058,dailychoice_breakfast_item_1966,ACTIVE
P1967,SKU-P1967,DailyChoice Water 1L - Var 1967,DailyChoice,Beverages,Sub Beverages,High quality DailyChoice Water 1L - Var 1967,pcs,1L,114,72,22,13,A03,S03,L013,5286693351581,dailychoice_water_1l_var_1967,ACTIVE
P1968,SKU-P1968,DailyChoice Canned Food Item 1968,DailyChoice,Canned Food,Sub Canned Food,High quality DailyChoice Canned Food Item 1968,pcs,100g,549,388,296,20,A07,S02,L032,8070532601190,dailychoice_canned_food_item_1968,ACTIVE
P1969,SKU-P1969,PureLife Frozen Food Item 1969,PureLife,Frozen Food,Sub Frozen Food,High quality PureLife Frozen Food Item 1969,pcs,200g,550,406,243,20,A08,S01,L036,3910382974257,purelife_frozen_food_item_1969,ACTIVE
P1970,SKU-P1970,Glow Spices Item 1970,Glow,Spices,Sub Spices,High quality Glow Spices Item 1970,pcs,500ml,662,471,286,9,A18,S02,L087,5136090858186,glow_spices_item_1970,ACTIVE
P1971,SKU-P1971,CleanPlus Meat Item 1971,CleanPlus,Meat,Sub Meat,High quality CleanPlus Meat Item 1971,pcs,100ml,459,290,187,14,A11,S03,L053,1045024373616,cleanplus_meat_item_1971,ACTIVE
P1972,SKU-P1972,Glow Dhal 1kg - Var 1972,Glow,Rice & Grains,Sub Rice & Grains,High quality Glow Dhal 1kg - Var 1972,pcs,1kg,361,277,318,13,A05,S04,L024,5873662713589,glow_dhal_1kg_var_1972,ACTIVE
P1973,SKU-P1973,DailyChoice White Rice 1kg - Var 1973,DailyChoice,Rice & Grains,Sub Rice & Grains,High quality DailyChoice White Rice 1kg - Var 1973,pcs,1kg,296,168,286,10,A05,S03,L023,9693353900588,dailychoice_white_rice_1kg_var_1973,ACTIVE
P1974,SKU-P1974,HealthyO Buns 4pcs - Var 1974,HealthyO,Bakery,Sub Bakery,High quality HealthyO Buns 4pcs - Var 1974,pcs,4pcs,229,141,333,10,A02,S03,L008,5615473156632,healthyo_buns_4pcs_var_1974,ACTIVE
P1975,SKU-P1975,CleanPlus Dishwashing Liquid 500ml - Var 1975,CleanPlus,Cleaning,Sub Cleaning,High quality CleanPlus Dishwashing Liquid 500ml - Var 1975,pcs,500ml,333,205,460,8,A19,S02,L092,9792551164362,cleanplus_dishwashing_liquid_500ml_var_1975,ACTIVE
P1976,SKU-P1976,BrandA Sauces Item 1976,BrandA,Sauces,Sub Sauces,High quality BrandA Sauces Item 1976,pcs,500g,445,394,140,10,A17,S05,L085,9028377270285,branda_sauces_item_1976,ACTIVE
P1977,SKU-P1977,DailyChoice Frozen Food Item 1977,DailyChoice,Frozen Food,Sub Frozen Food,High quality DailyChoice Frozen Food Item 1977,pcs,100ml,619,474,290,17,A08,S03,L038,9666053428164,dailychoice_frozen_food_item_1977,ACTIVE
P1978,SKU-P1978,FreshFarms Sauces Item 1978,FreshFarms,Sauces,Sub Sauces,High quality FreshFarms Sauces Item 1978,pcs,500ml,637,483,362,8,A17,S04,L084,4416101975356,freshfarms_sauces_item_1978,ACTIVE
P1979,SKU-P1979,BrandC Frozen Food Item 1979,BrandC,Frozen Food,Sub Frozen Food,High quality BrandC Frozen Food Item 1979,pcs,500g,516,466,467,8,A08,S04,L039,8464051038801,brandc_frozen_food_item_1979,ACTIVE
P1980,SKU-P1980,BrandB Breakfast Item 1980,BrandB,Breakfast,Sub Breakfast,High quality BrandB Breakfast Item 1980,pcs,500ml,376,223,165,11,A16,S02,L077,2730427636282,brandb_breakfast_item_1980,ACTIVE
P1981,SKU-P1981,FreshFarms Spices Item 1981,FreshFarms,Spices,Sub Spices,High quality FreshFarms Spices Item 1981,pcs,100g,240,115,71,11,A18,S01,L086,1444718939532,freshfarms_spices_item_1981,ACTIVE
P1982,SKU-P1982,BrandB Pasta Item 1982,BrandB,Pasta,Sub Pasta,High quality BrandB Pasta Item 1982,pcs,200ml,318,160,493,16,A06,S01,L026,0969067649099,brandb_pasta_item_1982,ACTIVE
P1983,SKU-P1983,HealthyO Household Item 1983,HealthyO,Household,Sub Household,High quality HealthyO Household Item 1983,pcs,200ml,443,298,116,14,A13,S01,L061,2288498745513,healthyo_household_item_1983,ACTIVE
P1984,SKU-P1984,HealthyO Deodorant 150ml - Var 1984,HealthyO,Personal Care,Sub Personal Care,High quality HealthyO Deodorant 150ml - Var 1984,pcs,150ml,705,537,357,20,A14,S05,L070,3587271743067,healthyo_deodorant_150ml_var_1984,ACTIVE
P1985,SKU-P1985,Glow Croissant 2pcs - Var 1985,Glow,Bakery,Sub Bakery,High quality Glow Croissant 2pcs - Var 1985,pcs,2pcs,332,201,368,20,A02,S04,L009,8811640343981,glow_croissant_2pcs_var_1985,ACTIVE
P1986,SKU-P1986,BrandB Household Item 1986,BrandB,Household,Sub Household,High quality BrandB Household Item 1986,pcs,200ml,625,450,23,17,A13,S05,L065,8187387758334,brandb_household_item_1986,ACTIVE
P1987,SKU-P1987,DailyChoice Bread 500g - Var 1987,DailyChoice,Bakery,Sub Bakery,High quality DailyChoice Bread 500g - Var 1987,pcs,500g,269,166,57,7,A02,S04,L009,3647704130908,dailychoice_bread_500g_var_1987,ACTIVE
P1988,SKU-P1988,DailyChoice Frozen Food Item 1988,DailyChoice,Frozen Food,Sub Frozen Food,High quality DailyChoice Frozen Food Item 1988,pcs,200ml,393,223,27,15,A08,S01,L036,9153860282626,dailychoice_frozen_food_item_1988,ACTIVE
P1989,SKU-P1989,FreshFarms Tomato 500g - Var 1989,FreshFarms,Vegetables,Sub Vegetables,High quality FreshFarms Tomato 500g - Var 1989,pcs,500g,302,189,58,5,A10,S05,L050,5420412319050,freshfarms_tomato_500g_var_1989,ACTIVE
P1990,SKU-P1990,NatureBites Basmati Rice 1kg - Var 1990,NatureBites,Rice & Grains,Sub Rice & Grains,High quality NatureBites Basmati Rice 1kg - Var 1990,pcs,1kg,808,628,267,10,A05,S05,L025,7720441007941,naturebites_basmati_rice_1kg_var_1990,ACTIVE
P1991,SKU-P1991,HealthyO Baby Products Item 1991,HealthyO,Baby Products,Sub Baby Products,High quality HealthyO Baby Products Item 1991,pcs,200g,428,229,70,20,A15,S03,L073,1932453810976,healthyo_baby_products_item_1991,ACTIVE
P1992,SKU-P1992,PureLife Pasta Item 1992,PureLife,Pasta,Sub Pasta,High quality PureLife Pasta Item 1992,pcs,100g,382,248,228,8,A06,S04,L029,9412248709873,purelife_pasta_item_1992,ACTIVE
P1993,SKU-P1993,DailyChoice Red Rice 1kg - Var 1993,DailyChoice,Rice & Grains,Sub Rice & Grains,High quality DailyChoice Red Rice 1kg - Var 1993,pcs,1kg,251,181,12,17,A05,S01,L021,2649632251749,dailychoice_red_rice_1kg_var_1993,ACTIVE
P1994,SKU-P1994,CleanPlus Pet Food Item 1994,CleanPlus,Pet Food,Sub Pet Food,High quality CleanPlus Pet Food Item 1994,pcs,100ml,300,193,184,20,A21,S02,L102,2240432611896,cleanplus_pet_food_item_1994,ACTIVE
P1995,SKU-P1995,BrandB Frozen Food Item 1995,BrandB,Frozen Food,Sub Frozen Food,High quality BrandB Frozen Food Item 1995,pcs,100g,254,171,389,5,A08,S04,L039,0034686163070,brandb_frozen_food_item_1995,ACTIVE
P1996,SKU-P1996,Glow Baby Products Item 1996,Glow,Baby Products,Sub Baby Products,High quality Glow Baby Products Item 1996,pcs,500ml,294,110,469,16,A15,S04,L074,0286720200955,glow_baby_products_item_1996,ACTIVE
P1997,SKU-P1997,BrandB Pet Food Item 1997,BrandB,Pet Food,Sub Pet Food,High quality BrandB Pet Food Item 1997,pcs,200ml,238,117,233,18,A21,S05,L105,3662195368906,brandb_pet_food_item_1997,ACTIVE
P1998,SKU-P1998,PureLife Soft Drink 1.5L - Var 1998,PureLife,Beverages,Sub Beverages,High quality PureLife Soft Drink 1.5L - Var 1998,pcs,1.5L,395,292,253,17,A03,S01,L011,0577950017322,purelife_soft_drink_1.5l_var_1998,ACTIVE
P1999,SKU-P1999,BrandC Sauces Item 1999,BrandC,Sauces,Sub Sauces,High quality BrandC Sauces Item 1999,pcs,100g,254,182,302,10,A17,S02,L082,5900739713071,brandc_sauces_item_1999,ACTIVE
P2000,SKU-P2000,NatureBites Canned Food Item 2000,NatureBites,Canned Food,Sub Canned Food,High quality NatureBites Canned Food Item 2000,pcs,200ml,411,344,414,10,A07,S04,L034,2211386908714,naturebites_canned_food_item_2000,ACTIVE
