transaction_id,customer_id,transaction_date,subtotal,discount_amount,total_amount,payment_method
T000001,C0427,2025-12-11T19:12:51,3048,18.25,3029.75,CASH
T000002,C0064,2026-04-01T06:34:03,17924,0.0,17924.0,CARD
T000003,C0222,2026-07-05T00:34:56,16590,236.4,16353.6,CASH
T000004,C0312,2026-03-01T00:47:25,3745,51.2,3693.8,MOBILE_PAY
T000005,C0364,2026-05-24T12:00:31,12670,0.0,12670.0,CARD
T000006,C0411,2026-05-23T15:38:48,8778,108.0,8670.0,CARD
T000007,C0244,2025-11-28T16:53:59,15195,0.0,15195.0,MOBILE_PAY
T000008,C0079,2026-06-02T21:24:22,9516,0.0,9516.0,CASH
T000009,C0460,2026-05-23T07:09:20,2486,0.0,2486.0,CARD
T000010,C0357,2026-08-22T22:55:39,3867,0.0,3867.0,CASH
T000011,C0163,2026-02-28T18:16:44,1376,0.0,1376.0,MOBILE_PAY
T000012,C0125,2026-01-20T03:29:20,15947,0.0,15947.0,CASH
T000013,C0248,2026-01-09T21:21:04,6960,0.0,6960.0,CASH
T000014,C0232,2026-01-22T07:03:37,8773,85.2,8687.8,CARD
T000015,C0211,2026-03-24T20:44:29,1986,0.0,1986.0,MOBILE_PAY
T000016,C0052,2026-07-24T19:48:24,4092,98.6,3993.4,CASH
T000017,C0004,2026-08-18T11:35:33,10138,0.0,10138.0,CASH
T000018,C0053,2026-04-09T00:51:19,9786,0.0,9786.0,MOBILE_PAY
T000019,C0466,2026-08-27T03:36:25,13914,265.0,13649.0,CARD
T000020,C0019,2026-09-15T11:00:00,5992,0.0,5992.0,MOBILE_PAY
T000021,C0178,2025-12-06T07:46:52,4621,0.0,4621.0,CARD
T000022,C0312,2026-01-30T18:23:15,16362,53.25,16308.75,CARD
T000023,C0488,2026-08-05T00:34:19,8153,886.5,7266.5,MOBILE_PAY
T000024,C0223,2026-09-02T15:48:16,5475,0.0,5475.0,CASH
T000025,C0176,2026-08-08T11:23:01,12287,0.0,12287.0,CASH
T000026,C0108,2025-09-30T20:05:02,14058,0.0,14058.0,CASH
T000027,C0109,2026-04-21T16:46:16,7984,0.0,7984.0,MOBILE_PAY
T000028,C0276,2026-01-14T19:04:49,7857,864.0,6993.0,CARD
T000029,C0494,2026-06-16T13:09:44,11142,107.1,11034.9,CASH
T000030,C0252,2025-12-07T19:31:56,5216,0.0,5216.0,MOBILE_PAY
T000031,C0265,2025-12-29T15:22:42,1272,0.0,1272.0,CARD
T000032,C0331,2026-07-13T04:52:56,6035,60.0,5975.0,CASH
T000033,C0426,2025-11-20T23:30:29,9359,323.0,9036.0,MOBILE_PAY
T000034,C0089,2026-09-12T04:17:54,6073,0.0,6073.0,MOBILE_PAY
T000035,C0209,2026-01-02T13:55:37,16023,0.0,16023.0,MOBILE_PAY
T000036,C0171,2025-12-03T21:36:35,10716,46.8,10669.2,CARD
T000037,C0130,2025-12-18T20:17:49,7738,604.5,7133.5,CARD
T000038,C0276,2026-01-22T08:48:31,4109,0.0,4109.0,CASH
T000039,C0366,2026-04-14T05:37:41,19266,0.0,19266.0,CASH
T000040,C0357,2025-09-29T03:13:58,12041,510.0,11531.0,CASH
T000041,C0200,2026-07-22T01:49:12,10856,469.6,10386.4,CASH
T000042,C0180,2025-10-09T16:13:03,6681,805.0,5876.0,CARD
T000043,C0330,2026-01-11T15:47:32,23313,0.0,23313.0,CARD
T000044,C0443,2025-10-28T08:36:18,6058,0.0,6058.0,MOBILE_PAY
T000045,C0126,2026-03-22T17:49:30,11236,566.25,10669.75,MOBILE_PAY
T000046,C0493,2026-06-29T19:14:20,7097,41.2,7055.8,MOBILE_PAY
T000047,C0330,2025-11-15T05:22:47,9905,291.2,9613.8,CASH
T000048,C0176,2026-01-24T19:50:01,845,0.0,845.0,CARD
T000049,C0142,2025-11-09T05:45:57,7695,0.0,7695.0,CASH
T000050,C0438,2026-07-03T23:02:49,5583,256.5,5326.5,CARD
T000051,C0273,2026-02-02T19:53:06,10949,0.0,10949.0,CASH
T000052,C0234,2026-02-07T02:32:34,3217,0.0,3217.0,MOBILE_PAY
T000053,C0116,2026-01-01T01:16:50,7137,0.0,7137.0,CASH
T000054,C0155,2026-09-01T08:43:50,3523,0.0,3523.0,CASH
T000055,C0264,2026-02-28T23:24:40,4226,49.3,4176.7,MOBILE_PAY
T000056,C0398,2026-05-18T10:29:20,5221,0.0,5221.0,CASH
T000057,C0449,2025-11-08T05:32:43,18401,0.0,18401.0,MOBILE_PAY
T000058,C0047,2026-02-01T12:30:46,2275,0.0,2275.0,CARD
T000059,C0420,2026-04-22T21:25:03,8668,0.0,8668.0,CARD
T000060,C0431,2026-02-05T13:31:35,2176,0.0,2176.0,CASH
T000061,C0047,2026-01-27T17:50:30,6659,0.0,6659.0,CARD
T000062,C0165,2026-03-24T08:39:41,294,0.0,294.0,CASH
T000063,C0152,2026-01-14T17:15:27,13911,118.2,13792.8,CARD
T000064,C0401,2026-08-21T18:38:22,12937,0.0,12937.0,MOBILE_PAY
T000065,C0316,2026-05-12T11:00:39,8335,0.0,8335.0,MOBILE_PAY
T000066,C0068,2026-09-22T17:56:11,8303,807.5,7495.5,MOBILE_PAY
T000067,C0416,2025-10-08T11:10:45,8607,0.0,8607.0,CARD
T000068,C0324,2026-02-23T11:32:47,7480,0.0,7480.0,CARD
T000069,C0361,2025-12-03T21:41:12,5477,0.0,5477.0,CASH
T000070,C0316,2026-08-17T05:08:19,3786,0.0,3786.0,CARD
T000071,C0313,2026-04-09T01:41:53,1646,0.0,1646.0,CASH
T000072,C0347,2026-05-03T23:15:56,4868,0.0,4868.0,MOBILE_PAY
T000073,C0015,2026-08-07T11:09:22,3333,0.0,3333.0,CASH
T000074,C0231,2026-02-21T09:41:21,11558,246.1,11311.9,CASH
T000075,C0322,2025-10-03T02:06:24,9805,282.0,9523.0,CARD
T000076,C0038,2025-11-29T06:09:32,7634,1047.0,6587.0,CASH
T000077,C0247,2026-01-13T01:45:16,11205,1167.6,10037.4,MOBILE_PAY
T000078,C0087,2025-11-30T04:26:30,7409,514.8,6894.2,CARD
T000079,C0158,2026-02-17T13:24:18,3688,633.0,3055.0,CASH
T000080,C0111,2026-03-21T21:24:19,20115,165.0,19950.0,CARD
T000081,C0270,2025-10-21T03:24:16,14750,0.0,14750.0,CASH
T000082,C0328,2025-12-29T03:56:49,13992,0.0,13992.0,CARD
T000083,C0183,2026-07-20T13:26:13,2916,0.0,2916.0,MOBILE_PAY
T000084,C0322,2025-12-18T23:07:18,10054,127.6,9926.4,MOBILE_PAY
T000085,C0317,2025-12-22T08:28:31,7360,0.0,7360.0,CASH
T000086,C0226,2026-06-09T11:57:46,5828,0.0,5828.0,CARD
T000087,C0032,2025-11-22T08:41:33,13442,196.2,13245.8,CASH
T000088,C0396,2026-05-26T07:02:46,8061,95.4,7965.6,CARD
T000089,C0466,2026-08-01T23:07:59,12648,70.5,12577.5,CARD
T000090,C0177,2026-02-05T12:35:57,11586,0.0,11586.0,CARD
T000091,C0307,2026-06-16T16:22:20,8276,243.3,8032.7,CASH
T000092,C0175,2026-05-18T05:11:13,12867,0.0,12867.0,MOBILE_PAY
T000093,C0313,2026-01-18T08:12:04,6343,839.95,5503.05,MOBILE_PAY
T000094,C0400,2026-02-13T15:23:39,8984,125.6,8858.4,MOBILE_PAY
T000095,C0293,2025-12-06T16:28:42,4151,0.0,4151.0,CASH
T000096,C0167,2026-09-23T19:34:37,11063,685.5,10377.5,MOBILE_PAY
T000097,C0440,2025-12-22T14:14:05,7940,117.5,7822.5,CASH
T000098,C0233,2026-08-22T17:44:42,7344,0.0,7344.0,CASH
T000099,C0483,2025-10-29T08:22:35,8250,0.0,8250.0,CARD
T000100,C0318,2026-01-30T09:31:55,3378,0.0,3378.0,MOBILE_PAY
T000101,C0010,2026-06-02T20:21:52,10657,22.6,10634.4,CASH
T000102,C0086,2026-04-24T03:38:46,2955,284.0,2671.0,CARD
T000103,C0129,2026-09-20T04:56:32,13467,367.5,13099.5,MOBILE_PAY
T000104,C0111,2026-08-08T00:33:13,3992,0.0,3992.0,CASH
T000105,C0052,2025-11-20T09:09:45,7101,0.0,7101.0,MOBILE_PAY
T000106,C0434,2026-04-19T07:30:51,4112,0.0,4112.0,MOBILE_PAY
T000107,C0405,2026-02-24T12:43:56,11798,22.5,11775.5,CASH
T000108,C0206,2025-12-24T04:37:25,11032,404.9,10627.1,CARD
T000109,C0233,2025-10-15T04:23:18,2071,0.0,2071.0,CARD
T000110,C0411,2026-01-13T20:14:39,752,0.0,752.0,CARD
T000111,C0140,2025-10-05T03:35:41,2028,101.4,1926.6,CASH
T000112,C0085,2026-09-16T07:58:34,7529,0.0,7529.0,CASH
T000113,C0394,2026-08-14T21:36:54,9696,0.0,9696.0,MOBILE_PAY
T000114,C0417,2025-11-20T14:01:39,9945,0.0,9945.0,MOBILE_PAY
T000115,C0200,2026-05-20T06:44:45,11992,0.0,11992.0,MOBILE_PAY
T000116,C0280,2026-03-15T06:04:04,7339,106.0,7233.0,MOBILE_PAY
T000117,C0420,2026-02-26T15:23:28,6444,0.0,6444.0,CASH
T000118,C0097,2025-12-07T16:07:59,9004,268.4,8735.6,CASH
T000119,C0481,2026-09-13T16:20:26,8559,0.0,8559.0,CASH
T000120,C0137,2026-09-04T17:16:06,2762,0.0,2762.0,MOBILE_PAY
T000121,C0107,2026-06-22T07:32:28,325,0.0,325.0,MOBILE_PAY
T000122,C0247,2026-05-24T23:51:34,5626,0.0,5626.0,MOBILE_PAY
T000123,C0122,2026-05-18T08:04:51,6936,216.25,6719.75,CARD
T000124,C0145,2025-11-01T11:40:40,9561,416.0,9145.0,CASH
T000125,C0240,2026-03-18T04:19:55,1505,128.7,1376.3,CARD
T000126,C0166,2025-11-27T14:49:36,11544,0.0,11544.0,CARD
T000127,C0378,2025-11-04T19:29:23,5211,114.55,5096.45,CARD
T000128,C0327,2026-04-03T18:48:03,2064,0.0,2064.0,CARD
T000129,C0058,2026-01-20T00:58:15,12757,121.6,12635.4,CASH
T000130,C0099,2025-11-27T05:54:13,5064,0.0,5064.0,CASH
T000131,C0123,2026-05-18T09:25:41,2139,0.0,2139.0,CASH
T000132,C0294,2025-11-20T04:49:44,5756,161.5,5594.5,MOBILE_PAY
T000133,C0170,2026-08-15T07:41:26,8544,410.5,8133.5,CARD
T000134,C0177,2025-11-17T04:00:37,14074,379.0,13695.0,CASH
T000135,C0107,2025-10-07T13:15:43,11321,131.4,11189.6,CASH
T000136,C0483,2026-01-22T13:58:19,2753,0.0,2753.0,CARD
T000137,C0136,2025-10-31T01:48:57,10805,0.0,10805.0,MOBILE_PAY
T000138,C0411,2026-03-04T10:50:13,2266,0.0,2266.0,CARD
T000139,C0439,2026-03-26T11:41:26,8598,522.0,8076.0,CASH
T000140,C0426,2026-04-25T14:38:01,10587,0.0,10587.0,CASH
T000141,C0201,2026-09-22T12:45:36,9743,0.0,9743.0,CARD
T000142,C0152,2026-07-22T23:18:57,8168,379.5,7788.5,CASH
T000143,C0380,2025-12-04T23:00:16,1368,0.0,1368.0,MOBILE_PAY
T000144,C0303,2026-09-13T19:37:00,12616,248.25,12367.75,CASH
T000145,C0240,2025-11-12T14:02:25,8625,504.8,8120.2,MOBILE_PAY
T000146,C0414,2026-02-13T18:37:18,1113,0.0,1113.0,CASH
T000147,C0389,2026-06-20T02:46:19,7645,704.6,6940.4,CARD
T000148,C0084,2025-12-29T18:38:14,6360,0.0,6360.0,CASH
T000149,C0144,2026-05-14T13:10:03,812,0.0,812.0,MOBILE_PAY
T000150,C0456,2025-12-04T16:06:08,23379,0.0,23379.0,CASH
T000151,C0047,2026-09-11T17:58:49,11738,96.45,11641.55,MOBILE_PAY
T000152,C0324,2026-03-04T00:06:42,13977,268.4,13708.6,CASH
T000153,C0390,2026-02-22T19:29:13,6440,0.0,6440.0,MOBILE_PAY
T000154,C0272,2026-05-19T21:38:14,6771,0.0,6771.0,MOBILE_PAY
T000155,C0206,2025-12-17T19:21:24,4747,0.0,4747.0,MOBILE_PAY
T000156,C0398,2026-03-30T16:37:04,2573,0.0,2573.0,CASH
T000157,C0291,2026-08-26T16:01:05,4482,0.0,4482.0,MOBILE_PAY
T000158,C0286,2026-08-17T06:13:27,6381,0.0,6381.0,MOBILE_PAY
T000159,C0455,2025-09-29T04:58:27,5924,93.6,5830.4,CASH
T000160,C0208,2026-02-28T03:47:22,2118,0.0,2118.0,CARD
T000161,C0208,2025-12-22T05:22:36,5590,144.4,5445.6,CASH
T000162,C0377,2025-11-15T07:05:03,4681,0.0,4681.0,CARD
T000163,C0204,2026-08-11T12:13:16,13033,0.0,13033.0,MOBILE_PAY
T000164,C0361,2026-02-12T03:10:57,24534,229.5,24304.5,CARD
T000165,C0282,2026-07-16T03:30:39,4452,150.0,4302.0,CARD
T000166,C0426,2025-10-10T02:32:15,14194,0.0,14194.0,CARD
T000167,C0145,2025-12-19T22:55:33,1500,0.0,1500.0,CASH
T000168,C0155,2025-11-13T07:37:27,5884,0.0,5884.0,CARD
T000169,C0265,2026-08-19T02:51:29,3855,197.25,3657.75,MOBILE_PAY
T000170,C0231,2025-12-25T20:24:25,12127,107.1,12019.9,CASH
T000171,C0085,2026-05-13T00:09:23,8172,352.2,7819.8,MOBILE_PAY
T000172,C0025,2025-11-27T05:07:53,9364,0.0,9364.0,CARD
T000173,C0321,2026-04-09T12:10:33,182,0.0,182.0,MOBILE_PAY
T000174,C0034,2025-10-14T19:41:50,8551,0.0,8551.0,CASH
T000175,C0305,2026-01-22T14:17:49,1848,92.4,1755.6,MOBILE_PAY
T000176,C0119,2026-04-21T18:01:48,22130,0.0,22130.0,MOBILE_PAY
T000177,C0497,2026-07-27T07:06:52,410,0.0,410.0,CASH
T000178,C0065,2026-09-26T10:03:31,4858,370.5,4487.5,MOBILE_PAY
T000179,C0276,2026-08-12T06:05:17,6167,0.0,6167.0,CARD
T000180,C0221,2026-02-13T10:19:08,8978,0.0,8978.0,CARD
T000181,C0295,2025-09-30T05:32:25,1734,0.0,1734.0,CASH
T000182,C0209,2025-12-08T02:37:26,3485,0.0,3485.0,MOBILE_PAY
T000183,C0472,2025-11-25T00:18:17,6053,0.0,6053.0,MOBILE_PAY
T000184,C0074,2025-10-14T19:00:13,6820,373.0,6447.0,MOBILE_PAY
T000185,C0399,2026-03-08T14:43:01,8426,239.1,8186.9,CARD
T000186,C0127,2025-11-03T06:18:31,18096,0.0,18096.0,CARD
T000187,C0325,2026-06-15T00:55:35,2665,0.0,2665.0,CASH
T000188,C0469,2026-05-12T11:45:10,11691,0.0,11691.0,CARD
T000189,C0412,2025-10-16T05:10:13,266,0.0,266.0,CARD
T000190,C0459,2025-11-07T13:03:10,6568,113.25,6454.75,CARD
T000191,C0262,2026-05-09T03:44:24,8654,0.0,8654.0,MOBILE_PAY
T000192,C0255,2025-12-29T05:47:22,4966,90.0,4876.0,CASH
T000193,C0062,2026-06-03T23:52:12,3806,0.0,3806.0,CARD
T000194,C0162,2025-12-30T20:33:19,1676,0.0,1676.0,CASH
T000195,C0482,2025-12-18T11:29:05,9460,208.0,9252.0,CARD
T000196,C0157,2026-02-19T09:40:15,3134,0.0,3134.0,CARD
T000197,C0041,2026-05-25T16:15:01,10648,0.0,10648.0,CARD
T000198,C0020,2025-12-23T22:24:27,13270,0.0,13270.0,CASH
T000199,C0477,2026-04-05T08:25:11,12754,0.0,12754.0,CARD
T000200,C0366,2026-05-19T22:18:20,2271,0.0,2271.0,CASH
T000201,C0080,2026-04-04T11:57:24,12731,0.0,12731.0,MOBILE_PAY
T000202,C0300,2025-10-30T04:44:56,1587,0.0,1587.0,MOBILE_PAY
T000203,C0281,2026-05-19T17:42:55,11861,142.8,11718.2,CASH
T000204,C0036,2025-10-21T06:45:38,10554,158.0,10396.0,CARD
T000205,C0470,2025-09-28T02:00:48,5656,219.35,5436.65,CASH
T000206,C0220,2025-10-19T20:39:11,4247,0.0,4247.0,CARD
T000207,C0194,2026-06-05T05:08:36,5401,0.0,5401.0,CASH
T000208,C0173,2025-10-05T16:51:32,522,0.0,522.0,CASH
T000209,C0152,2025-12-07T16:00:13,10012,0.0,10012.0,CARD
T000210,C0270,2026-06-29T12:40:09,265,0.0,265.0,MOBILE_PAY
T000211,C0041,2026-05-11T05:15:39,3307,0.0,3307.0,MOBILE_PAY
T000212,C0499,2026-06-05T22:53:04,3760,0.0,3760.0,CASH
T000213,C0139,2026-02-06T22:39:42,11451,1090.0,10361.0,CARD
T000214,C0232,2026-03-13T09:21:43,8946,0.0,8946.0,CARD
T000215,C0095,2025-11-04T21:44:18,4100,149.0,3951.0,MOBILE_PAY
T000216,C0023,2026-02-20T14:40:05,3599,0.0,3599.0,CARD
T000217,C0173,2025-11-23T01:42:43,27307,2769.75,24537.25,CARD
T000218,C0299,2025-12-07T19:43:13,7158,0.0,7158.0,MOBILE_PAY
T000219,C0415,2026-08-20T03:52:57,7765,0.0,7765.0,MOBILE_PAY
T000220,C0429,2026-02-06T12:35:57,5357,0.0,5357.0,CASH
T000221,C0022,2026-02-20T12:42:40,1188,0.0,1188.0,CASH
T000222,C0348,2026-07-02T04:07:58,12395,0.0,12395.0,CARD
T000223,C0418,2026-07-03T02:29:53,12934,0.0,12934.0,CARD
T000224,C0497,2026-06-17T05:02:13,3716,0.0,3716.0,CARD
T000225,C0484,2026-01-14T07:47:27,7121,0.0,7121.0,CASH
T000226,C0160,2026-06-26T03:23:57,1152,0.0,1152.0,CASH
T000227,C0001,2026-04-06T10:42:28,2396,0.0,2396.0,CARD
T000228,C0152,2025-10-22T03:13:49,11285,61.2,11223.8,MOBILE_PAY
T000229,C0138,2026-04-14T22:46:06,12413,340.0,12073.0,CASH
T000230,C0046,2026-07-11T15:44:32,10073,0.0,10073.0,CASH
T000231,C0251,2026-02-17T09:09:04,4292,0.0,4292.0,MOBILE_PAY
T000232,C0171,2026-02-11T17:21:34,5563,0.0,5563.0,CASH
T000233,C0238,2026-05-18T04:25:33,5352,0.0,5352.0,CARD
T000234,C0386,2026-01-25T07:51:31,9616,85.5,9530.5,MOBILE_PAY
T000235,C0389,2025-09-28T05:42:05,762,0.0,762.0,MOBILE_PAY
T000236,C0013,2026-07-06T15:48:19,1459,0.0,1459.0,CASH
T000237,C0172,2026-03-20T20:24:48,12196,327.0,11869.0,CASH
T000238,C0398,2026-05-10T06:53:24,4025,234.0,3791.0,MOBILE_PAY
T000239,C0093,2026-05-26T16:59:11,6953,0.0,6953.0,MOBILE_PAY
T000240,C0445,2026-08-08T14:12:41,8506,0.0,8506.0,MOBILE_PAY
T000241,C0125,2026-09-11T05:35:36,11825,655.5,11169.5,CASH
T000242,C0480,2025-11-21T16:10:21,12555,153.0,12402.0,CASH
T000243,C0013,2025-12-24T09:42:01,11597,354.0,11243.0,CARD
T000244,C0434,2025-09-27T11:10:56,10740,49.65,10690.35,CARD
T000245,C0004,2026-01-16T05:17:30,1243,124.8,1118.2,CASH
T000246,C0038,2026-08-01T14:41:05,1734,0.0,1734.0,CASH
T000247,C0404,2026-07-27T01:31:55,12721,226.5,12494.5,MOBILE_PAY
T000248,C0352,2026-02-07T22:18:33,8961,490.5,8470.5,CASH
T000249,C0372,2026-07-06T14:31:16,1567,79.95,1487.05,MOBILE_PAY
T000250,C0281,2026-08-05T10:46:10,4450,0.0,4450.0,CASH
T000251,C0063,2025-12-20T15:12:11,7592,0.0,7592.0,CARD
T000252,C0217,2025-11-19T09:05:12,5001,177.6,4823.4,MOBILE_PAY
T000253,C0342,2026-07-12T19:07:32,18121,0.0,18121.0,CARD
T000254,C0161,2025-12-27T06:56:14,10789,343.0,10446.0,CASH
T000255,C0132,2025-10-29T10:57:26,19501,208.0,19293.0,CARD
T000256,C0353,2026-02-23T19:55:00,1332,0.0,1332.0,CARD
T000257,C0240,2026-06-07T01:31:39,3044,157.8,2886.2,MOBILE_PAY
T000258,C0012,2026-05-28T23:45:02,4411,0.0,4411.0,CARD
T000259,C0090,2026-03-28T07:36:46,10094,643.5,9450.5,CASH
T000260,C0437,2026-03-27T01:19:18,4378,0.0,4378.0,MOBILE_PAY
T000261,C0111,2026-09-18T00:59:34,8466,91.65,8374.35,MOBILE_PAY
T000262,C0436,2026-07-27T22:04:25,3292,0.0,3292.0,CARD
T000263,C0381,2026-04-22T20:27:42,11453,0.0,11453.0,MOBILE_PAY
T000264,C0219,2026-07-22T16:36:49,3583,0.0,3583.0,CASH
T000265,C0433,2025-10-26T14:13:01,15172,818.25,14353.75,CARD
T000266,C0351,2026-01-15T21:55:13,306,76.5,229.5,CARD
T000267,C0263,2026-02-03T00:34:45,18853,0.0,18853.0,CARD
T000268,C0362,2026-02-20T15:14:32,6297,0.0,6297.0,CASH
T000269,C0393,2026-01-17T18:18:02,10147,408.9,9738.1,CASH
T000270,C0192,2026-03-17T14:04:26,6519,595.3,5923.7,CARD
T000271,C0352,2026-07-09T07:23:54,7202,67.8,7134.2,CARD
T000272,C0298,2026-01-17T02:35:28,2861,294.75,2566.25,CARD
T000273,C0184,2026-08-18T16:16:54,8584,366.6,8217.4,MOBILE_PAY
T000274,C0084,2025-12-31T10:56:54,11004,284.0,10720.0,CASH
T000275,C0383,2026-03-18T16:35:53,17994,212.0,17782.0,CARD
T000276,C0043,2025-10-02T06:33:15,7488,0.0,7488.0,MOBILE_PAY
T000277,C0389,2026-07-28T03:01:35,1062,0.0,1062.0,CARD
T000278,C0092,2026-07-11T16:56:10,9082,0.0,9082.0,CASH
T000279,C0165,2025-11-12T05:09:03,12629,245.7,12383.3,CARD
T000280,C0227,2026-05-24T02:26:30,5569,0.0,5569.0,CARD
T000281,C0450,2026-01-20T02:59:55,5065,0.0,5065.0,MOBILE_PAY
T000282,C0398,2026-07-18T05:57:40,1485,0.0,1485.0,CARD
T000283,C0140,2026-02-11T06:36:26,9206,846.3,8359.7,CASH
T000284,C0200,2025-12-12T07:53:40,4060,0.0,4060.0,CARD
T000285,C0239,2026-06-17T11:13:29,14715,0.0,14715.0,MOBILE_PAY
T000286,C0330,2026-05-23T20:17:26,8489,89.2,8399.8,CASH
T000287,C0301,2026-06-25T20:44:31,8789,0.0,8789.0,CARD
T000288,C0198,2026-09-16T15:20:07,6284,15.15,6268.85,CARD
T000289,C0175,2025-11-06T19:58:11,17016,314.0,16702.0,CARD
T000290,C0194,2026-09-19T13:47:16,7757,196.5,7560.5,MOBILE_PAY
T000291,C0321,2025-10-28T11:03:21,16332,807.0,15525.0,MOBILE_PAY
T000292,C0175,2026-06-14T12:23:44,10548,0.0,10548.0,CASH
T000293,C0080,2026-03-21T13:46:30,12126,353.6,11772.4,CASH
T000294,C0356,2026-04-09T01:22:42,491,0.0,491.0,CARD
T000295,C0211,2026-03-12T11:11:26,15541,850.0,14691.0,MOBILE_PAY
T000296,C0306,2026-03-09T16:11:36,3170,0.0,3170.0,MOBILE_PAY
T000297,C0208,2026-06-30T14:26:35,5241,0.0,5241.0,CASH
T000298,C0146,2026-03-12T12:08:59,8152,177.0,7975.0,CARD
T000299,C0256,2026-02-06T07:39:10,9953,0.0,9953.0,CASH
T000300,C0348,2025-10-19T23:14:55,2230,0.0,2230.0,CARD
T000301,C0356,2026-02-08T02:42:35,9785,0.0,9785.0,MOBILE_PAY
T000302,C0012,2025-12-04T22:38:50,3360,48.0,3312.0,CASH
T000303,C0330,2026-06-10T03:34:11,380,0.0,380.0,CASH
T000304,C0348,2026-03-29T04:11:45,9111,83.2,9027.8,CASH
T000305,C0314,2026-06-05T23:33:05,21409,0.0,21409.0,MOBILE_PAY
T000306,C0313,2026-09-10T09:12:19,1302,0.0,1302.0,CASH
T000307,C0044,2026-07-19T07:23:43,3441,0.0,3441.0,MOBILE_PAY
T000308,C0120,2026-03-08T15:40:58,11488,226.8,11261.2,MOBILE_PAY
T000309,C0478,2025-10-23T06:19:03,1030,0.0,1030.0,CARD
T000310,C0082,2025-11-14T20:04:59,5755,0.0,5755.0,CARD
T000311,C0462,2025-10-07T13:49:13,8301,0.0,8301.0,CASH
T000312,C0007,2026-07-28T15:54:33,844,0.0,844.0,CASH
T000313,C0226,2026-05-08T18:50:00,8936,279.25,8656.75,CASH
T000314,C0281,2025-11-28T11:13:58,413,0.0,413.0,MOBILE_PAY
T000315,C0358,2026-04-30T08:20:52,11322,0.0,11322.0,MOBILE_PAY
T000316,C0157,2025-10-30T21:24:48,7632,0.0,7632.0,CASH
T000317,C0101,2026-08-12T06:29:29,1428,0.0,1428.0,CASH
T000318,C0199,2026-06-26T06:00:10,12930,0.0,12930.0,CARD
T000319,C0460,2026-06-05T22:37:22,2320,0.0,2320.0,CARD
T000320,C0430,2026-01-30T00:09:08,1205,241.0,964.0,MOBILE_PAY
T000321,C0044,2026-03-31T10:48:10,7969,0.0,7969.0,MOBILE_PAY
T000322,C0486,2026-04-27T21:18:27,6807,40.2,6766.8,CARD
T000323,C0018,2025-10-18T14:54:46,282,0.0,282.0,CARD
T000324,C0255,2026-03-04T06:15:23,280,0.0,280.0,CARD
T000325,C0191,2026-06-11T10:46:12,4405,0.0,4405.0,CARD
T000326,C0017,2025-10-26T02:11:47,8400,0.0,8400.0,CASH
T000327,C0187,2026-08-02T20:48:25,6262,0.0,6262.0,MOBILE_PAY
T000328,C0444,2026-07-04T10:22:16,5846,0.0,5846.0,CASH
T000329,C0043,2026-05-27T23:43:51,3926,65.75,3860.25,CARD
T000330,C0123,2025-10-20T12:51:51,13285,0.0,13285.0,CASH
T000331,C0393,2025-11-26T19:42:03,10918,587.5,10330.5,CARD
T000332,C0490,2025-11-17T13:32:59,14800,0.0,14800.0,CARD
T000333,C0133,2025-12-31T18:48:42,4397,0.0,4397.0,CARD
T000334,C0355,2025-10-24T04:13:49,11834,0.0,11834.0,MOBILE_PAY
T000335,C0233,2026-06-16T11:51:37,6206,0.0,6206.0,MOBILE_PAY
T000336,C0496,2025-11-10T12:12:34,4449,0.0,4449.0,MOBILE_PAY
T000337,C0265,2026-02-26T01:14:19,12905,526.0,12379.0,CARD
T000338,C0299,2026-04-01T02:22:17,10566,198.6,10367.4,CARD
T000339,C0415,2026-05-28T10:07:57,9245,334.25,8910.75,MOBILE_PAY
T000340,C0269,2026-04-27T18:05:14,7142,110.0,7032.0,MOBILE_PAY
T000341,C0480,2026-06-18T06:33:04,9294,50.7,9243.3,MOBILE_PAY
T000342,C0309,2026-09-22T10:25:38,5191,0.0,5191.0,CASH
T000343,C0246,2026-03-17T20:39:45,5933,207.7,5725.3,MOBILE_PAY
T000344,C0215,2025-10-06T14:52:12,9572,0.0,9572.0,CARD
T000345,C0275,2026-02-24T08:08:18,3569,0.0,3569.0,CARD
T000346,C0410,2026-05-29T15:21:42,5876,0.0,5876.0,MOBILE_PAY
T000347,C0463,2026-08-14T00:47:44,14435,165.0,14270.0,CASH
T000348,C0167,2026-03-31T20:26:01,4134,0.0,4134.0,MOBILE_PAY
T000349,C0268,2026-05-30T23:09:35,11594,0.0,11594.0,CASH
T000350,C0200,2026-03-12T08:06:47,4823,0.0,4823.0,CARD
T000351,C0169,2025-12-15T16:51:16,312,0.0,312.0,MOBILE_PAY
T000352,C0113,2026-02-04T12:00:58,16032,95.7,15936.3,MOBILE_PAY
T000353,C0360,2025-12-31T20:22:38,2819,32.2,2786.8,MOBILE_PAY
T000354,C0125,2025-11-18T21:35:34,1820,0.0,1820.0,CASH
T000355,C0288,2025-11-24T23:47:27,7820,0.0,7820.0,MOBILE_PAY
T000356,C0361,2025-12-13T08:13:44,6576,75.75,6500.25,CASH
T000357,C0362,2026-06-19T21:43:23,5189,0.0,5189.0,CASH
T000358,C0418,2026-04-04T03:23:22,572,0.0,572.0,CASH
T000359,C0022,2025-11-14T02:12:41,9743,76.05,9666.95,CARD
T000360,C0054,2026-04-24T16:02:58,7611,395.4,7215.6,MOBILE_PAY
T000361,C0006,2026-02-12T10:29:40,4868,306.0,4562.0,MOBILE_PAY
T000362,C0435,2026-05-12T18:36:14,7265,0.0,7265.0,CARD
T000363,C0006,2025-11-26T14:24:48,2816,0.0,2816.0,MOBILE_PAY
T000364,C0347,2025-10-25T02:16:20,3562,0.0,3562.0,MOBILE_PAY
T000365,C0285,2026-08-30T18:30:29,4990,0.0,4990.0,MOBILE_PAY
T000366,C0015,2025-11-19T21:36:17,5875,257.5,5617.5,CASH
T000367,C0218,2026-02-21T07:08:46,15292,1076.0,14216.0,CASH
T000368,C0011,2026-08-11T05:57:52,15477,360.7,15116.3,CASH
T000369,C0175,2026-06-01T04:29:59,10442,224.9,10217.1,MOBILE_PAY
T000370,C0115,2026-04-15T23:52:41,2117,0.0,2117.0,CASH
T000371,C0458,2026-07-04T01:59:13,1951,0.0,1951.0,CARD
T000372,C0313,2026-01-15T18:22:45,3524,0.0,3524.0,MOBILE_PAY
T000373,C0152,2026-06-05T14:24:25,3474,0.0,3474.0,MOBILE_PAY
T000374,C0452,2026-04-14T08:50:36,6140,243.8,5896.2,CARD
T000375,C0378,2026-02-17T01:23:49,12186,197.25,11988.75,MOBILE_PAY
T000376,C0032,2026-03-07T02:20:59,4007,170.4,3836.6,CARD
T000377,C0284,2025-12-21T23:35:34,1447,0.0,1447.0,MOBILE_PAY
T000378,C0364,2026-09-16T07:39:48,6215,528.6,5686.4,CARD
T000379,C0149,2026-04-08T16:18:32,1338,0.0,1338.0,MOBILE_PAY
T000380,C0045,2025-10-29T19:45:30,13034,0.0,13034.0,MOBILE_PAY
T000381,C0195,2025-10-29T13:35:29,6417,22.8,6394.2,MOBILE_PAY
T000382,C0079,2026-01-16T09:08:05,3424,65.4,3358.6,CASH
T000383,C0452,2026-08-21T18:15:12,8597,241.0,8356.0,CASH
T000384,C0019,2025-11-25T09:36:29,464,0.0,464.0,MOBILE_PAY
T000385,C0106,2026-05-20T17:40:50,1491,0.0,1491.0,CASH
T000386,C0304,2026-01-26T06:49:52,7285,0.0,7285.0,MOBILE_PAY
T000387,C0441,2025-12-11T01:38:03,3555,0.0,3555.0,CARD
T000388,C0428,2025-10-05T15:52:34,11217,0.0,11217.0,CASH
T000389,C0205,2025-10-12T20:01:09,786,0.0,786.0,MOBILE_PAY
T000390,C0312,2025-10-08T12:19:57,5790,0.0,5790.0,MOBILE_PAY
T000391,C0349,2026-09-26T22:32:09,7251,151.8,7099.2,CASH
T000392,C0456,2026-07-14T04:17:12,5408,0.0,5408.0,CASH
T000393,C0172,2025-12-31T08:52:57,20670,0.0,20670.0,CARD
T000394,C0220,2026-03-22T10:14:39,9559,436.8,9122.2,CASH
T000395,C0225,2026-08-15T16:37:04,7781,22.5,7758.5,CARD
T000396,C0055,2026-02-05T00:37:18,4347,0.0,4347.0,CARD
T000397,C0263,2026-07-24T10:49:57,1111,0.0,1111.0,CASH
T000398,C0092,2026-09-15T01:03:05,4248,248.4,3999.6,CASH
T000399,C0470,2025-12-31T16:29:49,5375,0.0,5375.0,CASH
T000400,C0175,2026-05-06T13:41:44,7533,0.0,7533.0,CASH
T000401,C0474,2026-07-16T11:07:41,12784,0.0,12784.0,CARD
T000402,C0119,2026-04-24T04:08:46,4040,0.0,4040.0,CASH
T000403,C0398,2026-05-04T13:14:39,4534,432.0,4102.0,MOBILE_PAY
T000404,C0447,2026-09-14T20:42:06,10032,743.85,9288.15,MOBILE_PAY
T000405,C0310,2026-06-24T22:17:14,10333,0.0,10333.0,CARD
T000406,C0447,2025-11-23T22:56:32,10666,440.7,10225.3,CASH
T000407,C0146,2026-09-01T14:17:06,7039,352.7,6686.3,MOBILE_PAY
T000408,C0004,2025-12-30T18:25:18,1534,331.2,1202.8,CASH
T000409,C0157,2026-06-27T07:35:44,9743,0.0,9743.0,CASH
T000410,C0368,2026-06-25T02:01:27,502,0.0,502.0,CASH
T000411,C0007,2025-10-25T16:36:02,10653,546.0,10107.0,CASH
T000412,C0047,2025-12-16T17:50:46,4271,0.0,4271.0,CARD
T000413,C0404,2025-11-21T21:31:45,6442,0.0,6442.0,MOBILE_PAY
T000414,C0285,2026-01-06T02:56:22,8130,331.2,7798.8,CARD
T000415,C0424,2026-03-16T03:13:46,3851,0.0,3851.0,CASH
T000416,C0062,2026-02-08T02:30:43,14733,0.0,14733.0,MOBILE_PAY
T000417,C0235,2026-05-18T01:57:58,7761,241.8,7519.2,CASH
T000418,C0370,2026-06-10T02:22:41,7643,0.0,7643.0,CARD
T000419,C0324,2026-05-28T12:58:49,7485,0.0,7485.0,CASH
T000420,C0293,2026-04-10T07:41:08,15897,545.5,15351.5,MOBILE_PAY
T000421,C0382,2026-08-23T22:56:56,3010,0.0,3010.0,CARD
T000422,C0229,2026-02-21T21:34:29,11083,0.0,11083.0,CARD
T000423,C0019,2026-02-21T20:33:19,1315,0.0,1315.0,CARD
T000424,C0140,2026-05-23T04:41:49,14628,0.0,14628.0,CASH
T000425,C0227,2025-12-17T07:56:44,10237,642.5,9594.5,CASH
T000426,C0245,2025-11-15T12:45:05,210,0.0,210.0,CASH
T000427,C0171,2026-04-01T05:02:59,3340,0.0,3340.0,CARD
T000428,C0030,2026-07-17T11:35:16,4540,0.0,4540.0,CASH
T000429,C0115,2026-04-23T04:49:54,296,59.2,236.8,CASH
T000430,C0386,2026-07-01T10:05:01,1672,0.0,1672.0,CARD
T000431,C0172,2026-01-05T10:10:38,8140,0.0,8140.0,CASH
T000432,C0390,2025-11-06T09:27:02,932,0.0,932.0,CASH
T000433,C0371,2026-04-05T22:12:43,11752,0.0,11752.0,MOBILE_PAY
T000434,C0091,2026-06-10T06:09:21,7044,0.0,7044.0,CARD
T000435,C0336,2026-04-30T08:04:02,4415,0.0,4415.0,MOBILE_PAY
T000436,C0321,2025-12-14T14:49:41,12037,1027.6,11009.4,MOBILE_PAY
T000437,C0329,2026-08-04T12:49:41,4432,0.0,4432.0,MOBILE_PAY
T000438,C0009,2026-06-19T12:55:25,5482,177.0,5305.0,CARD
T000439,C0238,2026-04-08T06:32:31,12702,0.0,12702.0,CARD
T000440,C0135,2026-03-06T13:45:43,9891,99.15,9791.85,CARD
T000441,C0049,2026-02-07T07:06:53,14931,453.0,14478.0,CARD
T000442,C0153,2026-05-06T16:44:40,7972,0.0,7972.0,CARD
T000443,C0456,2025-10-25T01:57:20,4506,0.0,4506.0,CARD
T000444,C0167,2026-09-04T23:13:05,14892,150.0,14742.0,CASH
T000445,C0165,2026-02-06T15:32:13,9209,59.6,9149.4,CARD
T000446,C0379,2026-09-10T01:37:06,2116,0.0,2116.0,CARD
T000447,C0195,2025-12-17T23:01:19,4702,0.0,4702.0,CARD
T000448,C0485,2026-09-19T07:45:33,6853,0.0,6853.0,CARD
T000449,C0298,2026-04-18T16:54:03,999,0.0,999.0,MOBILE_PAY
T000450,C0266,2025-11-20T10:40:06,9680,0.0,9680.0,MOBILE_PAY
T000451,C0354,2025-10-13T07:13:13,8502,88.3,8413.7,CASH
T000452,C0150,2025-11-02T21:14:54,13028,0.0,13028.0,CASH
T000453,C0394,2025-11-04T11:35:45,9737,0.0,9737.0,CASH
T000454,C0379,2026-07-26T19:04:27,10401,0.0,10401.0,CASH
T000455,C0317,2026-01-12T00:02:02,14076,0.0,14076.0,CASH
T000456,C0397,2026-06-13T10:28:26,5629,232.35,5396.65,CARD
T000457,C0259,2026-08-31T11:13:28,1630,0.0,1630.0,CARD
T000458,C0170,2025-10-09T01:31:45,7117,621.3,6495.7,CASH
T000459,C0221,2026-08-09T14:43:17,926,0.0,926.0,CARD
T000460,C0416,2026-02-24T21:41:01,790,0.0,790.0,MOBILE_PAY
T000461,C0295,2026-08-05T11:01:17,4677,0.0,4677.0,CASH
T000462,C0267,2026-02-11T09:55:13,4338,0.0,4338.0,CARD
T000463,C0264,2025-11-29T20:17:18,6928,508.2,6419.8,CARD
T000464,C0095,2026-06-26T06:20:23,5099,0.0,5099.0,MOBILE_PAY
T000465,C0395,2026-03-12T11:46:09,7556,0.0,7556.0,MOBILE_PAY
T000466,C0417,2026-02-26T21:04:15,14482,196.0,14286.0,MOBILE_PAY
T000467,C0489,2026-01-19T00:14:13,402,0.0,402.0,MOBILE_PAY
T000468,C0217,2025-12-07T17:42:00,2555,0.0,2555.0,MOBILE_PAY
T000469,C0181,2026-03-13T16:46:41,1939,0.0,1939.0,CASH
T000470,C0447,2026-03-19T03:34:59,9136,0.0,9136.0,MOBILE_PAY
T000471,C0118,2026-08-29T12:37:31,15884,0.0,15884.0,CARD
T000472,C0461,2026-08-01T06:14:37,3043,0.0,3043.0,CASH
T000473,C0299,2026-09-02T19:23:33,11193,480.4,10712.6,MOBILE_PAY
T000474,C0056,2025-12-21T20:24:43,8387,0.0,8387.0,MOBILE_PAY
T000475,C0456,2026-08-31T17:48:29,3842,177.3,3664.7,CASH
T000476,C0218,2026-09-06T22:46:51,6772,0.0,6772.0,CASH
T000477,C0424,2026-02-17T12:15:52,13280,69.3,13210.7,MOBILE_PAY
T000478,C0141,2025-10-21T23:43:10,7814,268.4,7545.6,MOBILE_PAY
T000479,C0390,2026-08-06T02:26:05,5831,0.0,5831.0,CARD
T000480,C0241,2025-11-22T09:38:02,7725,0.0,7725.0,CASH
T000481,C0071,2026-04-04T17:54:18,8399,0.0,8399.0,CARD
T000482,C0203,2025-12-07T09:12:51,4867,0.0,4867.0,MOBILE_PAY
T000483,C0481,2026-01-13T21:19:22,8052,39.45,8012.55,MOBILE_PAY
T000484,C0429,2026-01-27T23:24:36,10065,45.45,10019.55,CASH
T000485,C0009,2026-02-08T10:24:11,10139,30.0,10109.0,CASH
T000486,C0466,2025-12-21T23:00:25,14863,850.0,14013.0,CARD
T000487,C0353,2026-08-07T00:01:30,790,0.0,790.0,CARD
T000488,C0476,2026-09-15T12:45:52,13894,269.0,13625.0,CASH
T000489,C0084,2026-01-01T22:46:48,6566,144.0,6422.0,CASH
T000490,C0498,2026-04-05T04:41:28,8498,241.8,8256.2,CASH
T000491,C0160,2026-08-17T08:10:52,3344,0.0,3344.0,CARD
T000492,C0461,2026-02-16T04:51:54,12870,0.0,12870.0,CARD
T000493,C0004,2026-06-15T12:16:05,8480,0.0,8480.0,CARD
T000494,C0371,2026-02-26T14:51:00,984,0.0,984.0,CASH
T000495,C0107,2026-01-27T05:37:58,9486,0.0,9486.0,CARD
T000496,C0337,2026-09-23T14:18:34,18311,0.0,18311.0,CASH
T000497,C0477,2026-07-16T02:04:55,3745,120.9,3624.1,MOBILE_PAY
T000498,C0436,2026-02-24T03:40:22,3990,120.0,3870.0,MOBILE_PAY
T000499,C0240,2026-05-23T13:55:04,4258,0.0,4258.0,CARD
T000500,C0151,2026-03-28T12:37:59,14246,0.0,14246.0,MOBILE_PAY
T000501,C0477,2026-03-05T19:06:13,3211,0.0,3211.0,CASH
T000502,C0311,2026-01-06T07:49:46,4835,389.5,4445.5,CARD
T000503,C0488,2026-04-20T16:49:39,4969,0.0,4969.0,MOBILE_PAY
T000504,C0021,2026-03-17T15:53:19,2068,0.0,2068.0,CARD
T000505,C0352,2026-04-13T20:32:43,12097,1076.0,11021.0,CARD
T000506,C0114,2026-01-19T06:27:50,7936,196.5,7739.5,CARD
T000507,C0404,2026-05-13T21:41:53,2742,0.0,2742.0,MOBILE_PAY
T000508,C0085,2026-03-11T16:06:17,7113,80.7,7032.3,MOBILE_PAY
T000509,C0390,2025-11-28T07:42:27,8230,0.0,8230.0,MOBILE_PAY
T000510,C0142,2025-11-30T05:47:20,1400,0.0,1400.0,CARD
T000511,C0079,2026-01-13T12:18:09,4040,0.0,4040.0,MOBILE_PAY
T000512,C0046,2026-08-09T11:11:14,1360,0.0,1360.0,MOBILE_PAY
T000513,C0372,2026-08-04T19:33:35,11834,289.35,11544.65,CASH
T000514,C0086,2026-05-09T15:52:36,28251,0.0,28251.0,MOBILE_PAY
T000515,C0108,2026-01-17T02:57:25,9152,0.0,9152.0,CASH
T000516,C0438,2026-06-29T07:18:23,4385,0.0,4385.0,CARD
T000517,C0017,2026-02-17T01:09:13,1000,0.0,1000.0,CASH
T000518,C0158,2026-08-15T19:15:17,6717,0.0,6717.0,MOBILE_PAY
T000519,C0310,2025-11-13T00:12:10,3670,0.0,3670.0,CASH
T000520,C0423,2025-10-05T16:52:18,14396,127.2,14268.8,CASH
T000521,C0232,2026-01-24T10:37:58,1128,0.0,1128.0,CARD
T000522,C0024,2026-03-04T06:24:39,3507,63.8,3443.2,MOBILE_PAY
T000523,C0409,2026-05-28T04:38:25,10699,599.5,10099.5,CARD
T000524,C0349,2025-11-19T21:53:15,3816,0.0,3816.0,CASH
T000525,C0261,2026-01-27T13:53:29,9119,0.0,9119.0,CARD
T000526,C0483,2025-09-29T12:59:01,11637,483.6,11153.4,CASH
T000527,C0337,2026-03-06T18:48:23,9673,0.0,9673.0,CASH
T000528,C0420,2026-05-09T23:41:19,7305,339.75,6965.25,CARD
T000529,C0227,2025-11-16T14:53:10,3123,0.0,3123.0,MOBILE_PAY
T000530,C0204,2026-05-05T16:07:08,3506,0.0,3506.0,CASH
T000531,C0284,2026-03-08T22:21:30,13962,330.0,13632.0,MOBILE_PAY
T000532,C0269,2026-02-01T06:34:29,4525,0.0,4525.0,MOBILE_PAY
T000533,C0451,2026-02-23T01:20:19,1513,0.0,1513.0,MOBILE_PAY
T000534,C0451,2026-04-22T14:28:16,8372,82.0,8290.0,MOBILE_PAY
T000535,C0219,2026-09-22T23:55:39,8064,45.0,8019.0,MOBILE_PAY
T000536,C0076,2026-02-03T22:03:55,17210,0.0,17210.0,CASH
T000537,C0244,2026-08-26T18:54:41,4705,30.9,4674.1,CARD
T000538,C0456,2025-11-08T22:44:24,6206,0.0,6206.0,CARD
T000539,C0372,2025-11-21T19:36:11,8193,617.4,7575.6,MOBILE_PAY
T000540,C0057,2026-08-11T03:03:24,8163,0.0,8163.0,MOBILE_PAY
T000541,C0053,2026-06-15T07:51:20,5820,0.0,5820.0,CASH
T000542,C0297,2025-10-18T08:19:09,1068,0.0,1068.0,CARD
T000543,C0454,2026-08-29T17:55:57,12224,0.0,12224.0,CASH
T000544,C0265,2026-03-10T01:20:22,7017,430.2,6586.8,MOBILE_PAY
T000545,C0006,2026-07-21T17:38:55,2842,190.8,2651.2,MOBILE_PAY
T000546,C0403,2025-11-15T08:40:56,10885,0.0,10885.0,CASH
T000547,C0137,2026-07-15T19:46:15,15690,0.0,15690.0,CARD
T000548,C0106,2026-03-20T00:01:46,5624,0.0,5624.0,CARD
T000549,C0467,2026-09-02T09:59:40,9490,0.0,9490.0,CARD
T000550,C0412,2026-03-08T13:49:13,8560,0.0,8560.0,CARD
T000551,C0041,2026-06-30T09:26:34,2500,0.0,2500.0,MOBILE_PAY
T000552,C0065,2026-04-06T10:20:27,7544,166.4,7377.6,MOBILE_PAY
T000553,C0184,2025-12-05T22:12:36,6688,0.0,6688.0,MOBILE_PAY
T000554,C0081,2026-05-17T05:49:22,4237,0.0,4237.0,CASH
T000555,C0437,2025-12-26T03:44:31,12313,61.5,12251.5,MOBILE_PAY
T000556,C0064,2026-07-11T13:15:19,12003,170.1,11832.9,MOBILE_PAY
T000557,C0293,2026-01-29T09:28:05,7564,0.0,7564.0,CASH
T000558,C0178,2026-06-26T23:20:28,14215,119.2,14095.8,CASH
T000559,C0191,2025-10-05T17:50:51,11746,1047.0,10699.0,CASH
T000560,C0316,2026-05-23T16:39:26,1019,0.0,1019.0,MOBILE_PAY
T000561,C0146,2026-03-17T11:48:50,6331,0.0,6331.0,CARD
T000562,C0102,2026-05-12T04:55:53,8618,514.8,8103.2,CASH
T000563,C0320,2026-07-26T06:47:55,10058,0.0,10058.0,MOBILE_PAY
T000564,C0322,2025-12-19T23:30:15,8123,0.0,8123.0,CARD
T000565,C0405,2026-01-05T05:56:42,6769,0.0,6769.0,MOBILE_PAY
T000566,C0248,2026-06-20T05:44:03,7630,220.0,7410.0,MOBILE_PAY
T000567,C0027,2026-09-03T00:09:32,4444,429.15,4014.85,CARD
T000568,C0048,2026-01-09T20:46:13,13001,328.75,12672.25,CARD
T000569,C0018,2026-08-29T18:54:31,6153,113.25,6039.75,CASH
T000570,C0025,2025-11-20T01:33:10,23248,1076.0,22172.0,MOBILE_PAY
T000571,C0153,2025-10-25T14:44:00,8910,165.6,8744.4,MOBILE_PAY
T000572,C0048,2025-11-17T03:42:59,5566,0.0,5566.0,CARD
T000573,C0132,2026-05-08T19:06:27,11400,0.0,11400.0,CASH
T000574,C0423,2025-11-09T02:22:27,4488,0.0,4488.0,CASH
T000575,C0418,2026-01-22T05:49:43,13183,0.0,13183.0,MOBILE_PAY
T000576,C0413,2026-03-16T00:44:11,7171,158.25,7012.75,CARD
T000577,C0296,2026-08-30T15:26:58,6566,0.0,6566.0,CASH
T000578,C0071,2026-07-28T04:58:37,1252,0.0,1252.0,CARD
T000579,C0118,2026-06-09T08:05:15,13347,255.6,13091.4,CASH
T000580,C0404,2026-02-18T11:04:47,8514,75.75,8438.25,MOBILE_PAY
T000581,C0002,2026-09-12T05:02:46,11790,0.0,11790.0,CARD
T000582,C0085,2025-09-28T23:31:56,3352,0.0,3352.0,CARD
T000583,C0131,2025-12-08T12:52:34,6201,0.0,6201.0,CASH
T000584,C0129,2025-11-23T12:08:44,1904,159.9,1744.1,CASH
T000585,C0043,2026-07-30T02:06:12,14612,0.0,14612.0,CASH
T000586,C0211,2025-12-12T08:33:53,2314,0.0,2314.0,CARD
T000587,C0105,2026-01-18T23:01:41,845,0.0,845.0,MOBILE_PAY
T000588,C0410,2026-09-09T01:58:13,18725,382.5,18342.5,CASH
T000589,C0434,2026-04-06T21:52:37,8601,108.25,8492.75,MOBILE_PAY
T000590,C0248,2026-03-25T12:00:03,8892,166.4,8725.6,MOBILE_PAY
T000591,C0234,2026-04-28T22:08:13,3828,0.0,3828.0,CARD
T000592,C0228,2026-08-26T02:54:11,4824,0.0,4824.0,CARD
T000593,C0114,2026-06-22T02:05:12,10217,0.0,10217.0,CASH
T000594,C0234,2026-09-25T08:51:58,1086,0.0,1086.0,CASH
T000595,C0323,2026-08-25T04:15:39,2056,0.0,2056.0,MOBILE_PAY
T000596,C0161,2026-06-25T20:08:16,4899,0.0,4899.0,MOBILE_PAY
T000597,C0433,2026-06-13T18:13:19,10073,245.45,9827.55,CARD
T000598,C0498,2026-07-07T18:09:53,10551,0.0,10551.0,CARD
T000599,C0446,2026-06-25T18:14:26,4425,36.5,4388.5,CARD
T000600,C0139,2025-09-29T17:04:25,6810,96.45,6713.55,CARD
T000601,C0439,2026-01-16T16:39:41,9016,257.5,8758.5,MOBILE_PAY
T000602,C0127,2026-09-15T23:12:34,8324,454.5,7869.5,CARD
T000603,C0208,2026-02-08T05:23:42,2962,30.3,2931.7,MOBILE_PAY
T000604,C0139,2026-04-06T15:31:44,564,0.0,564.0,CASH
T000605,C0361,2026-07-05T02:00:52,14009,432.0,13577.0,CASH
T000606,C0019,2026-05-05T13:50:09,12283,0.0,12283.0,MOBILE_PAY
T000607,C0334,2026-03-26T08:14:43,14618,0.0,14618.0,CARD
T000608,C0477,2026-08-26T11:39:11,7569,149.0,7420.0,MOBILE_PAY
T000609,C0483,2026-09-02T23:05:10,10888,209.4,10678.6,CARD
T000610,C0311,2025-11-19T11:10:26,6429,67.8,6361.2,MOBILE_PAY
T000611,C0208,2026-02-19T08:49:06,14292,0.0,14292.0,CARD
T000612,C0452,2025-11-11T10:01:19,5027,0.0,5027.0,CASH
T000613,C0223,2026-08-28T20:02:15,15560,0.0,15560.0,MOBILE_PAY
T000614,C0340,2026-04-17T03:14:27,3066,0.0,3066.0,CASH
T000615,C0055,2026-01-18T09:58:22,10503,0.0,10503.0,MOBILE_PAY
T000616,C0255,2026-06-25T09:41:46,9250,45.45,9204.55,MOBILE_PAY
T000617,C0303,2026-06-08T19:56:02,506,0.0,506.0,CARD
T000618,C0314,2025-10-17T10:54:33,1572,0.0,1572.0,CASH
T000619,C0328,2026-03-24T12:34:21,18270,0.0,18270.0,CASH
T000620,C0493,2025-10-06T16:36:46,4471,181.8,4289.2,CASH
T000621,C0286,2025-12-15T08:35:49,1896,0.0,1896.0,MOBILE_PAY
T000622,C0068,2025-12-25T16:12:51,6262,10.3,6251.7,CASH
T000623,C0130,2026-06-06T14:43:14,7848,643.5,7204.5,CARD
T000624,C0297,2026-05-22T13:23:45,3383,0.0,3383.0,CASH
T000625,C0172,2026-04-20T23:57:26,7947,166.4,7780.6,MOBILE_PAY
T000626,C0248,2025-11-18T07:20:33,8967,0.0,8967.0,CARD
T000627,C0439,2025-11-02T15:16:48,10510,0.0,10510.0,CARD
T000628,C0103,2026-01-18T22:04:23,13393,42.6,13350.4,CARD
T000629,C0031,2026-03-22T03:02:45,668,0.0,668.0,CASH
T000630,C0400,2026-05-01T00:26:17,3600,0.0,3600.0,CARD
T000631,C0259,2026-06-18T14:46:08,10127,265.5,9861.5,MOBILE_PAY
T000632,C0256,2026-08-19T20:19:44,3237,0.0,3237.0,MOBILE_PAY
T000633,C0083,2025-11-22T05:08:42,3617,0.0,3617.0,CARD
T000634,C0467,2026-07-24T22:35:48,3809,0.0,3809.0,MOBILE_PAY
T000635,C0364,2025-12-30T15:51:57,4423,0.0,4423.0,CARD
T000636,C0385,2025-12-11T06:19:13,7591,0.0,7591.0,CASH
T000637,C0427,2026-03-18T23:46:14,7550,0.0,7550.0,CASH
T000638,C0069,2026-06-04T19:38:12,10067,187.2,9879.8,CARD
T000639,C0197,2026-07-08T05:29:03,14331,596.0,13735.0,CASH
T000640,C0357,2026-09-04T08:44:12,11328,67.8,11260.2,CARD
T000641,C0044,2025-11-26T21:22:55,2580,37.75,2542.25,MOBILE_PAY
T000642,C0139,2026-06-23T13:53:54,15942,0.0,15942.0,CARD
T000643,C0298,2025-10-19T01:41:24,7091,0.0,7091.0,CASH
T000644,C0456,2026-09-22T02:04:31,7904,0.0,7904.0,MOBILE_PAY
T000645,C0263,2026-05-05T15:13:06,6975,0.0,6975.0,CASH
T000646,C0455,2026-06-25T15:18:35,5895,0.0,5895.0,CARD
T000647,C0112,2026-06-27T08:43:32,8455,82.5,8372.5,CASH
T000648,C0245,2026-01-10T00:49:40,3307,0.0,3307.0,MOBILE_PAY
T000649,C0218,2026-01-28T06:14:48,1208,0.0,1208.0,CASH
T000650,C0198,2025-10-22T03:36:44,6865,0.0,6865.0,CASH
T000651,C0442,2026-07-03T00:52:39,2234,0.0,2234.0,CASH
T000652,C0432,2026-09-20T13:23:25,2114,0.0,2114.0,MOBILE_PAY
T000653,C0019,2026-02-27T13:44:17,4309,841.5,3467.5,CARD
T000654,C0146,2026-04-04T21:30:08,3512,0.0,3512.0,CARD
T000655,C0224,2026-03-01T16:56:29,12372,488.45,11883.55,MOBILE_PAY
T000656,C0334,2026-07-21T17:51:01,11480,0.0,11480.0,CARD
T000657,C0421,2026-07-07T17:26:07,11433,0.0,11433.0,CASH
T000658,C0004,2026-03-19T04:59:13,10518,267.0,10251.0,CARD
T000659,C0313,2025-10-01T20:19:19,8932,149.0,8783.0,CASH
T000660,C0050,2026-02-27T20:25:03,3443,0.0,3443.0,CASH
T000661,C0159,2025-12-12T20:11:08,2996,60.0,2936.0,CASH
T000662,C0388,2026-03-04T08:16:35,10999,16.1,10982.9,MOBILE_PAY
T000663,C0089,2026-05-30T00:07:46,10642,0.0,10642.0,CARD
T000664,C0226,2025-12-21T14:38:25,11976,0.0,11976.0,MOBILE_PAY
T000665,C0393,2026-06-14T20:03:38,12946,716.1,12229.9,CARD
T000666,C0156,2025-11-20T21:30:55,6142,154.8,5987.2,MOBILE_PAY
T000667,C0282,2026-08-22T21:16:36,12004,110.0,11894.0,CARD
T000668,C0330,2026-08-28T09:32:14,5371,362.7,5008.3,CARD
T000669,C0007,2026-07-28T16:33:37,1510,0.0,1510.0,CASH
T000670,C0171,2026-08-07T02:00:52,10177,492.65,9684.35,MOBILE_PAY
T000671,C0268,2026-04-17T07:35:58,11960,843.4,11116.6,MOBILE_PAY
T000672,C0498,2026-03-11T20:33:37,13540,349.95,13190.05,CARD
T000673,C0331,2025-12-14T03:13:54,5224,0.0,5224.0,CASH
T000674,C0373,2025-09-28T23:17:21,12855,0.0,12855.0,MOBILE_PAY
T000675,C0055,2025-11-10T02:23:27,4417,0.0,4417.0,MOBILE_PAY
T000676,C0098,2025-10-23T10:40:18,13583,0.0,13583.0,CARD
T000677,C0235,2025-11-20T00:01:02,2055,0.0,2055.0,CARD
T000678,C0345,2026-09-05T07:34:18,5364,60.6,5303.4,MOBILE_PAY
T000679,C0276,2026-08-01T13:19:11,3230,0.0,3230.0,CASH
T000680,C0012,2026-08-13T20:28:05,8798,0.0,8798.0,MOBILE_PAY
T000681,C0219,2025-11-25T03:20:01,12625,0.0,12625.0,CASH
T000682,C0043,2025-10-07T19:04:36,1305,0.0,1305.0,CASH
T000683,C0239,2026-08-12T09:39:10,2022,0.0,2022.0,CARD
T000684,C0238,2026-08-19T21:35:35,7750,0.0,7750.0,MOBILE_PAY
T000685,C0448,2025-10-16T07:36:25,4178,198.6,3979.4,CARD
T000686,C0412,2026-09-08T10:42:02,9916,0.0,9916.0,CARD
T000687,C0054,2026-09-07T04:37:56,1010,0.0,1010.0,CASH
T000688,C0394,2026-07-03T22:04:11,3590,130.5,3459.5,MOBILE_PAY
T000689,C0404,2026-06-16T18:32:23,1658,0.0,1658.0,CARD
T000690,C0139,2026-04-16T10:50:10,8495,108.0,8387.0,CARD
T000691,C0064,2026-01-18T18:05:35,6236,0.0,6236.0,MOBILE_PAY
T000692,C0206,2026-04-10T18:38:13,960,0.0,960.0,CARD
T000693,C0091,2026-09-18T20:09:51,15871,1497.6,14373.4,CASH
T000694,C0397,2026-01-09T12:40:11,1793,0.0,1793.0,MOBILE_PAY
T000695,C0392,2025-11-15T09:51:52,5671,24.15,5646.85,CASH
T000696,C0391,2026-02-24T20:24:25,9990,59.6,9930.4,CARD
T000697,C0100,2026-08-10T14:47:04,10072,239.4,9832.6,CARD
T000698,C0447,2026-01-03T14:06:52,11364,91.2,11272.8,CASH
T000699,C0147,2026-07-24T13:52:06,10763,762.9,10000.1,CASH
T000700,C0065,2026-08-31T00:46:57,10847,0.0,10847.0,CARD
T000701,C0299,2026-04-26T05:12:06,3117,0.0,3117.0,CASH
T000702,C0130,2025-12-15T07:55:48,4220,0.0,4220.0,CARD
T000703,C0073,2025-12-15T17:44:24,5038,16.1,5021.9,CARD
T000704,C0191,2026-07-16T14:49:29,7155,352.5,6802.5,MOBILE_PAY
T000705,C0184,2025-12-18T19:35:33,6259,188.4,6070.6,CASH
T000706,C0475,2026-03-10T12:08:04,11980,178.0,11802.0,CARD
T000707,C0436,2026-08-23T01:07:32,7915,0.0,7915.0,CASH
T000708,C0210,2026-03-21T13:46:01,777,0.0,777.0,CARD
T000709,C0143,2026-06-16T16:43:55,4577,0.0,4577.0,CASH
T000710,C0004,2026-05-09T01:54:14,3475,101.4,3373.6,MOBILE_PAY
T000711,C0326,2026-02-22T06:12:50,9287,340.0,8947.0,MOBILE_PAY
T000712,C0404,2025-10-06T04:37:21,7614,0.0,7614.0,CARD
T000713,C0035,2026-07-31T01:58:40,5326,0.0,5326.0,CARD
T000714,C0448,2026-04-13T03:45:49,2704,91.2,2612.8,CARD
T000715,C0497,2025-11-30T21:37:25,9435,0.0,9435.0,CARD
T000716,C0431,2026-09-26T18:17:45,9482,158.5,9323.5,MOBILE_PAY
T000717,C0328,2026-06-22T18:31:59,19263,93.6,19169.4,CARD
T000718,C0126,2026-04-25T02:21:39,12410,0.0,12410.0,CARD
T000719,C0008,2026-05-20T08:09:18,11600,0.0,11600.0,MOBILE_PAY
T000720,C0280,2026-03-03T18:04:02,8717,292.0,8425.0,CASH
T000721,C0023,2026-04-08T23:37:38,9072,0.0,9072.0,CASH
T000722,C0407,2026-07-05T08:55:53,13761,178.5,13582.5,CASH
T000723,C0055,2026-07-11T16:42:50,11790,0.0,11790.0,CASH
T000724,C0318,2026-06-02T02:40:10,4220,0.0,4220.0,MOBILE_PAY
T000725,C0078,2025-10-30T14:27:18,7715,30.9,7684.1,CARD
T000726,C0233,2026-06-25T02:12:54,482,0.0,482.0,CASH
T000727,C0295,2025-12-16T14:44:14,2889,0.0,2889.0,MOBILE_PAY
T000728,C0076,2026-02-22T07:45:04,3737,0.0,3737.0,CASH
T000729,C0322,2025-09-30T16:08:22,8493,0.0,8493.0,CASH
T000730,C0488,2026-08-24T02:20:51,4424,0.0,4424.0,MOBILE_PAY
T000731,C0400,2026-02-04T14:31:10,8566,544.6,8021.4,MOBILE_PAY
T000732,C0277,2026-06-02T21:06:05,9613,59.1,9553.9,MOBILE_PAY
T000733,C0097,2026-06-17T06:33:27,9873,360.05,9512.95,CASH
T000734,C0404,2026-01-03T14:44:31,4201,456.7,3744.3,CASH
T000735,C0101,2026-05-20T20:37:20,10377,0.0,10377.0,MOBILE_PAY
T000736,C0167,2026-09-18T13:09:40,7834,235.2,7598.8,CARD
T000737,C0251,2026-01-16T08:53:10,6216,0.0,6216.0,CARD
T000738,C0215,2026-09-08T04:16:51,4716,0.0,4716.0,MOBILE_PAY
T000739,C0428,2026-03-15T04:02:30,1104,0.0,1104.0,CASH
T000740,C0358,2026-09-02T18:18:32,7687,0.0,7687.0,CASH
T000741,C0473,2026-09-18T00:21:40,2220,0.0,2220.0,MOBILE_PAY
T000742,C0487,2026-05-18T01:33:15,8497,474.75,8022.25,CASH
T000743,C0335,2025-11-17T23:12:01,14205,0.0,14205.0,MOBILE_PAY
T000744,C0181,2025-10-06T14:44:37,1953,0.0,1953.0,MOBILE_PAY
T000745,C0072,2026-05-03T15:43:54,4866,0.0,4866.0,MOBILE_PAY
T000746,C0266,2026-02-18T03:50:36,7315,353.9,6961.1,CASH
T000747,C0456,2026-09-18T11:58:18,12290,0.0,12290.0,CARD
T000748,C0084,2026-03-09T03:01:02,6869,83.2,6785.8,CARD
T000749,C0472,2026-01-13T23:57:01,10782,0.0,10782.0,CASH
T000750,C0039,2026-05-05T23:21:27,4852,0.0,4852.0,CASH
T000751,C0038,2026-07-02T00:52:21,16705,0.0,16705.0,MOBILE_PAY
T000752,C0454,2026-08-17T03:42:49,5564,140.4,5423.6,MOBILE_PAY
T000753,C0384,2025-10-17T11:27:33,18762,340.0,18422.0,MOBILE_PAY
T000754,C0441,2025-11-10T10:47:16,2740,0.0,2740.0,CASH
T000755,C0247,2026-08-30T00:38:01,1739,0.0,1739.0,MOBILE_PAY
T000756,C0389,2025-12-09T05:11:40,12002,15.1,11986.9,CARD
T000757,C0019,2025-11-22T19:37:14,14728,925.2,13802.8,CARD
T000758,C0166,2026-01-06T20:37:45,9003,196.0,8807.0,CASH
T000759,C0098,2026-05-26T16:49:27,1194,0.0,1194.0,CASH
T000760,C0008,2026-02-17T19:38:13,5161,0.0,5161.0,CARD
T000761,C0136,2026-07-20T20:02:39,1364,0.0,1364.0,CARD
T000762,C0013,2026-08-30T01:22:01,12940,0.0,12940.0,CASH
T000763,C0034,2025-11-02T15:02:32,3877,352.2,3524.8,CASH
T000764,C0286,2026-09-14T22:52:22,4869,295.5,4573.5,CARD
T000765,C0409,2026-05-04T06:57:47,13360,118.35,13241.65,MOBILE_PAY
T000766,C0277,2026-09-23T15:57:04,10092,0.0,10092.0,CARD
T000767,C0227,2025-12-19T20:07:52,9717,0.0,9717.0,CARD
T000768,C0002,2026-02-19T14:35:53,5626,246.5,5379.5,CASH
T000769,C0302,2025-10-16T16:04:17,10409,166.4,10242.6,CARD
T000770,C0164,2026-08-13T15:08:40,11214,265.0,10949.0,CARD
T000771,C0021,2026-06-07T21:58:49,1686,0.0,1686.0,MOBILE_PAY
T000772,C0217,2026-09-07T22:11:19,5446,0.0,5446.0,CASH
T000773,C0207,2026-09-01T22:50:38,9376,0.0,9376.0,CASH
T000774,C0182,2025-09-27T15:19:13,13676,0.0,13676.0,CASH
T000775,C0056,2025-10-27T08:38:23,6233,0.0,6233.0,MOBILE_PAY
T000776,C0472,2025-11-08T08:03:05,8304,0.0,8304.0,CASH
T000777,C0327,2026-09-11T09:21:27,2622,0.0,2622.0,CARD
T000778,C0167,2026-02-03T03:25:08,5380,0.0,5380.0,CASH
T000779,C0024,2026-01-18T14:19:25,835,24.15,810.85,CARD
T000780,C0030,2026-02-26T07:53:00,11268,380.55,10887.45,CARD
T000781,C0086,2025-11-08T21:30:12,837,0.0,837.0,MOBILE_PAY
T000782,C0202,2026-03-30T19:55:17,14297,103.3,14193.7,CASH
T000783,C0235,2026-02-08T06:14:59,1990,0.0,1990.0,CARD
T000784,C0160,2026-07-29T22:56:39,6532,45.0,6487.0,CASH
T000785,C0259,2026-09-11T15:57:33,9924,385.8,9538.2,CASH
T000786,C0195,2026-04-21T08:18:49,6512,0.0,6512.0,MOBILE_PAY
T000787,C0420,2026-07-02T02:45:50,10098,157.8,9940.2,CARD
T000788,C0480,2026-06-22T14:40:03,11589,0.0,11589.0,MOBILE_PAY
T000789,C0458,2026-09-09T16:51:29,790,0.0,790.0,MOBILE_PAY
T000790,C0479,2026-06-29T10:19:31,4624,176.4,4447.6,CASH
T000791,C0410,2026-06-03T17:17:51,5863,0.0,5863.0,MOBILE_PAY
T000792,C0015,2025-10-20T14:10:19,12190,213.0,11977.0,CARD
T000793,C0398,2026-04-25T08:17:20,4562,0.0,4562.0,CASH
T000794,C0093,2026-09-03T04:15:14,1612,0.0,1612.0,MOBILE_PAY
T000795,C0051,2025-10-16T05:31:50,4116,0.0,4116.0,MOBILE_PAY
T000796,C0035,2025-12-20T10:56:02,2870,0.0,2870.0,CARD
T000797,C0041,2026-04-18T18:06:38,10537,637.0,9900.0,CARD
T000798,C0051,2026-07-09T05:49:41,9791,412.4,9378.6,CARD
T000799,C0481,2026-04-13T04:20:39,4440,0.0,4440.0,CASH
T000800,C0369,2026-05-09T09:32:44,5072,0.0,5072.0,CASH
T000801,C0073,2026-06-02T09:59:06,642,0.0,642.0,CARD
T000802,C0320,2026-07-18T09:38:40,10938,78.9,10859.1,CARD
T000803,C0136,2026-07-07T02:36:30,11319,495.6,10823.4,CASH
T000804,C0372,2026-07-09T20:16:13,3518,0.0,3518.0,MOBILE_PAY
T000805,C0014,2025-10-11T03:45:13,4561,0.0,4561.0,CARD
T000806,C0412,2026-01-16T07:01:51,8856,0.0,8856.0,CARD
T000807,C0222,2026-01-04T10:11:16,5979,0.0,5979.0,CASH
T000808,C0352,2026-06-02T01:55:23,1535,0.0,1535.0,MOBILE_PAY
T000809,C0268,2025-10-23T17:53:13,1042,0.0,1042.0,CASH
T000810,C0166,2025-10-21T01:41:57,1233,0.0,1233.0,MOBILE_PAY
T000811,C0164,2026-01-14T17:47:17,12554,0.0,12554.0,MOBILE_PAY
T000812,C0231,2025-10-21T03:25:15,3340,60.8,3279.2,CASH
T000813,C0463,2026-01-10T21:27:18,7887,355.0,7532.0,CASH
T000814,C0056,2025-12-30T06:18:37,2659,261.6,2397.4,CASH
T000815,C0274,2025-10-22T02:08:59,1628,153.0,1475.0,CASH
T000816,C0022,2026-02-09T15:42:51,5412,0.0,5412.0,MOBILE_PAY
T000817,C0202,2026-03-03T19:53:12,11278,0.0,11278.0,MOBILE_PAY
T000818,C0351,2026-02-23T18:54:14,9404,0.0,9404.0,CASH
T000819,C0408,2026-09-09T07:59:04,6410,0.0,6410.0,CASH
T000820,C0217,2026-04-12T22:45:10,6506,425.0,6081.0,CASH
T000821,C0232,2026-02-06T07:10:44,14125,95.7,14029.3,CASH
T000822,C0402,2025-10-26T17:45:00,8890,95.7,8794.3,CARD
T000823,C0359,2026-06-21T03:04:01,538,0.0,538.0,MOBILE_PAY
T000824,C0258,2025-12-19T05:28:41,10275,0.0,10275.0,CARD
T000825,C0300,2026-08-17T00:51:55,11804,101.4,11702.6,CARD
T000826,C0404,2026-02-02T12:13:49,8126,0.0,8126.0,CARD
T000827,C0060,2025-12-10T10:24:51,2226,0.0,2226.0,CARD
T000828,C0498,2026-04-18T04:17:51,5457,0.0,5457.0,CARD
T000829,C0187,2026-05-31T14:57:08,951,0.0,951.0,CASH
T000830,C0187,2026-06-08T11:27:38,2414,0.0,2414.0,CASH
T000831,C0447,2025-11-06T07:05:11,3374,0.0,3374.0,MOBILE_PAY
T000832,C0136,2026-01-11T20:46:04,12659,566.25,12092.75,MOBILE_PAY
T000833,C0057,2026-04-15T07:25:34,20458,0.0,20458.0,MOBILE_PAY
T000834,C0105,2026-06-05T01:24:07,4620,0.0,4620.0,CASH
T000835,C0123,2025-12-20T15:38:05,1077,0.0,1077.0,CARD
T000836,C0134,2026-03-31T15:39:57,2173,282.0,1891.0,MOBILE_PAY
T000837,C0091,2026-01-25T18:56:59,1856,0.0,1856.0,MOBILE_PAY
T000838,C0088,2026-03-24T04:25:34,6438,303.6,6134.4,MOBILE_PAY
T000839,C0245,2026-01-29T10:47:33,2134,0.0,2134.0,MOBILE_PAY
T000840,C0213,2026-02-11T02:07:56,7367,21.3,7345.7,CASH
T000841,C0307,2026-04-11T16:07:52,9644,0.0,9644.0,CARD
T000842,C0072,2025-10-16T16:15:35,1861,0.0,1861.0,CARD
T000843,C0096,2025-12-12T19:45:46,6700,1090.0,5610.0,CARD
T000844,C0328,2025-10-13T14:51:03,3475,0.0,3475.0,CARD
T000845,C0136,2026-05-27T19:14:12,5081,0.0,5081.0,MOBILE_PAY
T000846,C0310,2026-06-02T12:12:59,8627,380.0,8247.0,CARD
T000847,C0362,2025-10-01T22:51:10,3131,0.0,3131.0,CARD
T000848,C0266,2025-11-06T07:50:44,12653,661.6,11991.4,CASH
T000849,C0295,2026-09-20T10:05:09,11367,0.0,11367.0,CARD
T000850,C0396,2026-03-02T21:58:26,4074,0.0,4074.0,CASH
T000851,C0393,2026-04-15T19:14:42,12418,0.0,12418.0,MOBILE_PAY
T000852,C0149,2026-09-24T00:02:44,9652,0.0,9652.0,CASH
T000853,C0032,2026-01-28T16:32:46,14600,0.0,14600.0,CASH
T000854,C0459,2026-02-22T10:00:44,12391,286.2,12104.8,CARD
T000855,C0437,2026-01-14T17:39:51,13652,314.0,13338.0,MOBILE_PAY
T000856,C0316,2026-03-20T00:40:08,6202,0.0,6202.0,CASH
T000857,C0001,2025-11-08T23:58:38,13765,548.2,13216.8,CASH
T000858,C0362,2026-04-04T10:30:34,4758,0.0,4758.0,MOBILE_PAY
T000859,C0182,2026-08-19T19:34:27,712,0.0,712.0,CARD
T000860,C0135,2026-08-10T01:07:46,3358,0.0,3358.0,MOBILE_PAY
T000861,C0254,2026-03-21T08:35:08,8970,140.55,8829.45,CARD
T000862,C0412,2026-04-28T11:03:17,1728,0.0,1728.0,MOBILE_PAY
T000863,C0412,2026-01-07T03:16:31,1365,0.0,1365.0,CASH
T000864,C0145,2025-10-11T07:11:47,13028,1621.75,11406.25,CARD
T000865,C0477,2025-11-01T16:56:26,11917,170.1,11746.9,CASH
T000866,C0170,2026-09-22T08:22:54,4565,257.5,4307.5,CARD
T000867,C0462,2026-05-21T11:37:03,6815,0.0,6815.0,CARD
T000868,C0276,2025-10-11T17:32:35,2790,0.0,2790.0,CASH
T000869,C0499,2025-11-26T09:20:14,4317,32.2,4284.8,CASH
T000870,C0226,2026-09-07T08:56:16,2567,0.0,2567.0,CASH
T000871,C0418,2026-03-25T22:26:44,6478,236.0,6242.0,CARD
T000872,C0299,2026-07-31T05:01:08,1500,0.0,1500.0,CASH
T000873,C0423,2026-09-16T10:17:43,1970,0.0,1970.0,MOBILE_PAY
T000874,C0409,2026-06-09T11:01:17,14398,445.0,13953.0,MOBILE_PAY
T000875,C0184,2025-11-06T04:06:02,16806,117.5,16688.5,CARD
T000876,C0133,2026-03-03T11:47:32,10103,0.0,10103.0,MOBILE_PAY
T000877,C0241,2026-09-10T19:42:35,12493,0.0,12493.0,CARD
T000878,C0409,2026-05-20T18:00:36,1916,340.0,1576.0,CARD
T000879,C0139,2026-04-19T23:52:04,816,0.0,816.0,CARD
T000880,C0212,2026-06-23T18:33:09,3973,117.5,3855.5,CASH
T000881,C0166,2026-05-02T06:46:02,11748,406.65,11341.35,CASH
T000882,C0465,2026-06-05T02:26:39,13053,0.0,13053.0,CARD
T000883,C0290,2026-06-27T09:52:53,8166,0.0,8166.0,CARD
T000884,C0107,2025-12-15T14:08:05,9966,0.0,9966.0,CARD
T000885,C0042,2026-04-03T03:30:51,12400,0.0,12400.0,CASH
T000886,C0379,2026-06-26T19:21:53,880,0.0,880.0,CASH
T000887,C0083,2025-11-06T05:14:56,680,0.0,680.0,CASH
T000888,C0293,2026-03-15T13:58:23,5493,0.0,5493.0,CARD
T000889,C0003,2025-11-02T13:25:51,2696,0.0,2696.0,CASH
T000890,C0200,2025-11-07T17:20:32,2480,0.0,2480.0,CASH
T000891,C0125,2026-02-16T08:25:39,1107,0.0,1107.0,MOBILE_PAY
T000892,C0178,2026-04-15T15:51:51,8560,0.0,8560.0,CASH
T000893,C0192,2026-09-22T14:55:16,6915,0.0,6915.0,CASH
T000894,C0393,2026-02-25T10:59:03,12301,1047.0,11254.0,CARD
T000895,C0428,2026-03-11T01:29:50,11819,128.75,11690.25,CASH
T000896,C0408,2026-08-03T12:27:43,9265,0.0,9265.0,CASH
T000897,C0090,2026-04-16T04:56:01,1854,271.05,1582.95,CARD
T000898,C0351,2026-03-10T07:48:19,10298,125.7,10172.3,MOBILE_PAY
T000899,C0230,2025-11-10T02:22:54,7677,52.9,7624.1,CARD
T000900,C0234,2025-10-30T08:48:07,5512,0.0,5512.0,MOBILE_PAY
T000901,C0310,2026-05-06T03:56:01,20346,393.8,19952.2,MOBILE_PAY
T000902,C0046,2026-05-07T03:34:16,11520,0.0,11520.0,MOBILE_PAY
T000903,C0138,2026-03-28T19:43:39,4612,0.0,4612.0,CASH
T000904,C0246,2026-08-14T07:17:02,8346,159.0,8187.0,CASH
T000905,C0369,2026-08-16T05:54:47,10113,0.0,10113.0,CARD
T000906,C0079,2026-02-23T22:48:01,1060,0.0,1060.0,CARD
T000907,C0288,2026-03-16T14:17:36,6147,0.0,6147.0,CARD
T000908,C0001,2026-02-12T15:16:05,626,0.0,626.0,MOBILE_PAY
T000909,C0482,2026-05-10T04:47:47,3005,0.0,3005.0,CASH
T000910,C0203,2026-07-10T01:21:10,9694,0.0,9694.0,CASH
T000911,C0248,2026-07-01T02:38:17,18782,0.0,18782.0,CASH
T000912,C0104,2026-04-17T17:49:02,2663,0.0,2663.0,MOBILE_PAY
T000913,C0485,2025-12-14T17:14:39,5337,0.0,5337.0,CASH
T000914,C0274,2026-06-12T03:41:05,2424,0.0,2424.0,CARD
T000915,C0049,2025-12-13T15:32:02,11018,1184.45,9833.55,CARD
T000916,C0426,2025-11-28T08:32:01,13740,227.7,13512.3,MOBILE_PAY
T000917,C0255,2026-03-06T23:54:33,3379,0.0,3379.0,CASH
T000918,C0054,2025-10-22T18:54:47,4169,482.25,3686.75,CASH
T000919,C0255,2026-03-31T08:00:35,12728,201.3,12526.7,MOBILE_PAY
T000920,C0154,2026-08-31T01:46:57,16675,0.0,16675.0,CARD
T000921,C0431,2025-10-13T11:19:28,405,0.0,405.0,MOBILE_PAY
T000922,C0314,2026-07-03T16:15:05,9501,116.8,9384.2,MOBILE_PAY
T000923,C0105,2026-01-29T21:18:49,1172,0.0,1172.0,CASH
T000924,C0125,2026-08-29T03:40:02,432,108.0,324.0,CASH
T000925,C0478,2025-10-08T04:33:29,13555,848.25,12706.75,CARD
T000926,C0304,2026-02-03T13:05:09,12114,621.1,11492.9,MOBILE_PAY
T000927,C0429,2026-04-23T13:33:59,5187,42.6,5144.4,MOBILE_PAY
T000928,C0447,2025-12-16T19:42:47,6287,324.0,5963.0,CASH
T000929,C0145,2026-02-19T21:20:31,9136,303.2,8832.8,MOBILE_PAY
T000930,C0416,2025-12-09T21:54:59,4401,25.35,4375.65,CASH
T000931,C0377,2026-01-04T13:00:27,6592,0.0,6592.0,MOBILE_PAY
T000932,C0005,2026-02-12T17:57:49,9615,193.5,9421.5,CARD
T000933,C0353,2026-06-04T05:48:22,4746,0.0,4746.0,CASH
T000934,C0394,2026-04-24T15:44:46,12008,0.0,12008.0,CASH
T000935,C0347,2025-10-23T07:02:20,14521,0.0,14521.0,CARD
T000936,C0324,2026-05-13T15:56:12,1310,327.5,982.5,CASH
T000937,C0334,2026-02-09T08:19:07,7611,0.0,7611.0,CASH
T000938,C0047,2026-03-10T03:57:17,5867,0.0,5867.0,CASH
T000939,C0445,2026-02-01T08:02:51,4274,0.0,4274.0,CARD
T000940,C0464,2026-03-17T01:23:36,13897,307.45,13589.55,MOBILE_PAY
T000941,C0300,2026-06-28T07:21:57,4653,152.75,4500.25,CASH
T000942,C0089,2025-11-24T12:26:37,8440,65.5,8374.5,CASH
T000943,C0091,2026-04-27T02:35:43,7204,120.9,7083.1,CARD
T000944,C0241,2026-02-17T19:52:56,9749,0.0,9749.0,CARD
T000945,C0324,2026-01-01T04:12:01,10849,0.0,10849.0,CARD
T000946,C0269,2026-02-15T22:28:36,8260,0.0,8260.0,CARD
T000947,C0459,2025-12-29T06:18:39,870,0.0,870.0,CASH
T000948,C0270,2026-01-01T09:20:22,1631,0.0,1631.0,MOBILE_PAY
T000949,C0338,2026-05-09T22:49:51,10736,0.0,10736.0,MOBILE_PAY
T000950,C0054,2026-06-09T02:24:21,6313,182.4,6130.6,CASH
T000951,C0038,2026-05-15T16:26:48,10756,0.0,10756.0,CARD
T000952,C0397,2026-07-23T12:02:23,8795,159.5,8635.5,CARD
T000953,C0087,2026-07-19T20:37:11,653,0.0,653.0,CASH
T000954,C0223,2026-04-13T00:41:52,2521,0.0,2521.0,CARD
T000955,C0337,2025-11-29T14:56:53,3329,0.0,3329.0,MOBILE_PAY
T000956,C0390,2026-01-14T21:55:06,5705,0.0,5705.0,CARD
T000957,C0260,2025-11-28T02:51:26,9202,0.0,9202.0,CASH
T000958,C0311,2026-02-24T22:15:11,3311,0.0,3311.0,MOBILE_PAY
T000959,C0070,2026-03-01T16:44:34,12157,0.0,12157.0,CARD
T000960,C0259,2026-06-10T09:23:34,4881,170.0,4711.0,MOBILE_PAY
T000961,C0304,2025-11-21T10:34:41,2649,0.0,2649.0,CARD
T000962,C0116,2025-11-02T21:24:17,16525,2469.0,14056.0,CARD
T000963,C0429,2026-03-28T02:02:05,3042,0.0,3042.0,CASH
T000964,C0088,2026-09-13T21:56:16,6604,0.0,6604.0,CASH
T000965,C0148,2026-07-25T22:52:54,7534,0.0,7534.0,CASH
T000966,C0271,2026-06-26T06:59:24,11178,0.0,11178.0,CASH
T000967,C0374,2026-04-02T11:09:23,7038,0.0,7038.0,CASH
T000968,C0265,2026-02-04T10:37:55,7954,0.0,7954.0,CARD
T000969,C0203,2026-05-02T14:15:24,6851,90.0,6761.0,MOBILE_PAY
T000970,C0036,2025-10-14T02:30:59,6143,140.4,6002.6,MOBILE_PAY
T000971,C0425,2025-10-23T02:57:23,18411,23.1,18387.9,CASH
T000972,C0361,2026-06-18T21:09:18,6125,0.0,6125.0,CASH
T000973,C0428,2026-02-02T12:57:31,8498,60.6,8437.4,CASH
T000974,C0274,2026-04-24T18:36:39,11408,229.5,11178.5,CARD
T000975,C0266,2026-08-09T13:24:21,7066,0.0,7066.0,MOBILE_PAY
T000976,C0258,2026-01-09T05:47:57,11411,773.4,10637.6,CASH
T000977,C0391,2026-09-23T01:59:23,7500,510.0,6990.0,CASH
T000978,C0285,2026-03-11T11:05:22,9518,0.0,9518.0,MOBILE_PAY
T000979,C0320,2026-03-12T09:46:53,5501,0.0,5501.0,CASH
T000980,C0014,2026-04-28T03:01:18,3538,0.0,3538.0,CASH
T000981,C0449,2026-04-03T14:10:56,4627,120.0,4507.0,CARD
T000982,C0064,2026-05-20T03:29:52,4794,0.0,4794.0,MOBILE_PAY
T000983,C0157,2026-08-30T18:31:45,5001,0.0,5001.0,CARD
T000984,C0402,2025-12-17T01:39:39,8493,255.6,8237.4,CASH
T000985,C0082,2025-09-28T22:52:50,9953,0.0,9953.0,MOBILE_PAY
T000986,C0307,2026-08-09T17:09:54,10858,0.0,10858.0,MOBILE_PAY
T000987,C0462,2026-09-02T02:07:46,10049,677.6,9371.4,CARD
T000988,C0286,2026-07-25T19:04:12,2077,0.0,2077.0,MOBILE_PAY
T000989,C0011,2025-12-14T21:14:38,1131,0.0,1131.0,CASH
T000990,C0489,2025-09-29T19:00:35,312,0.0,312.0,CARD
T000991,C0461,2025-11-25T04:02:38,9758,46.8,9711.2,CASH
T000992,C0221,2026-07-30T13:57:00,9100,182.15,8917.85,MOBILE_PAY
T000993,C0323,2026-04-15T11:01:55,11163,287.0,10876.0,CASH
T000994,C0262,2026-02-06T16:53:25,6493,340.0,6153.0,MOBILE_PAY
T000995,C0011,2025-12-15T16:57:19,1842,0.0,1842.0,MOBILE_PAY
T000996,C0417,2025-11-27T11:38:43,7665,432.0,7233.0,CASH
T000997,C0208,2026-09-12T04:15:41,5091,0.0,5091.0,MOBILE_PAY
T000998,C0143,2026-08-13T23:10:32,7183,0.0,7183.0,MOBILE_PAY
T000999,C0017,2026-03-25T17:11:27,10828,0.0,10828.0,CARD
T001000,C0162,2025-12-05T17:03:00,1677,0.0,1677.0,MOBILE_PAY
T001001,C0179,2026-04-01T07:18:23,7679,0.0,7679.0,MOBILE_PAY
T001002,C0301,2026-07-17T02:07:07,3727,0.0,3727.0,CARD
T001003,C0161,2026-02-23T12:15:16,1256,0.0,1256.0,MOBILE_PAY
T001004,C0096,2026-03-13T06:39:52,8091,682.4,7408.6,MOBILE_PAY
T001005,C0129,2026-05-15T09:32:57,5928,267.0,5661.0,MOBILE_PAY
T001006,C0011,2026-05-02T20:00:46,16652,22.65,16629.35,MOBILE_PAY
T001007,C0405,2026-08-08T06:58:30,7690,0.0,7690.0,MOBILE_PAY
T001008,C0140,2026-06-05T16:31:39,10992,213.0,10779.0,MOBILE_PAY
T001009,C0413,2025-12-22T11:47:16,5660,327.0,5333.0,MOBILE_PAY
T001010,C0058,2026-01-04T08:00:04,10159,0.0,10159.0,MOBILE_PAY
T001011,C0213,2026-01-28T06:14:37,6445,45.0,6400.0,MOBILE_PAY
T001012,C0351,2025-10-24T07:49:06,9279,197.2,9081.8,CARD
T001013,C0126,2026-06-02T01:07:18,2703,107.1,2595.9,MOBILE_PAY
T001014,C0182,2026-02-18T08:32:18,3460,220.0,3240.0,CASH
T001015,C0436,2026-08-08T05:55:21,5304,0.0,5304.0,MOBILE_PAY
T001016,C0386,2026-07-11T03:32:12,8179,0.0,8179.0,CASH
T001017,C0098,2026-06-30T01:35:58,4730,540.0,4190.0,CASH
T001018,C0198,2025-10-21T01:30:10,1477,0.0,1477.0,MOBILE_PAY
T001019,C0444,2025-11-30T05:02:30,8014,0.0,8014.0,CARD
T001020,C0160,2026-01-29T12:48:35,10121,0.0,10121.0,MOBILE_PAY
T001021,C0101,2025-11-15T03:10:13,7697,159.5,7537.5,CARD
T001022,C0413,2026-09-02T00:24:40,12294,925.9,11368.1,CARD
T001023,C0046,2026-04-16T09:35:35,9773,295.0,9478.0,CASH
T001024,C0342,2026-02-18T05:11:44,4240,0.0,4240.0,MOBILE_PAY
T001025,C0359,2026-01-21T17:21:43,12201,1091.0,11110.0,CARD
T001026,C0261,2026-03-11T21:46:40,5371,0.0,5371.0,CASH
T001027,C0241,2025-11-07T15:24:22,13376,496.7,12879.3,CASH
T001028,C0231,2025-12-28T22:16:28,8572,102.5,8469.5,MOBILE_PAY
T001029,C0159,2025-09-28T23:58:41,2524,0.0,2524.0,CARD
T001030,C0272,2026-08-05T10:40:49,17136,197.25,16938.75,CASH
T001031,C0029,2026-04-26T16:40:47,13592,633.0,12959.0,CASH
T001032,C0383,2026-03-27T16:37:55,8804,373.8,8430.2,MOBILE_PAY
T001033,C0149,2026-08-11T00:49:46,12018,0.0,12018.0,MOBILE_PAY
T001034,C0217,2025-12-10T05:51:32,13452,0.0,13452.0,MOBILE_PAY
T001035,C0322,2026-09-17T17:41:49,1745,0.0,1745.0,CARD
T001036,C0381,2025-09-30T06:08:19,4757,0.0,4757.0,CASH
T001037,C0094,2026-04-23T02:57:06,3894,0.0,3894.0,CASH
T001038,C0056,2026-09-18T01:26:42,9835,113.0,9722.0,CARD
T001039,C0338,2026-05-04T10:28:55,11439,15.15,11423.85,CASH
T001040,C0064,2026-09-21T01:46:32,4806,0.0,4806.0,CARD
T001041,C0389,2026-03-29T13:14:14,8973,0.0,8973.0,CASH
T001042,C0410,2025-11-14T20:27:24,10906,425.0,10481.0,MOBILE_PAY
T001043,C0459,2026-09-06T08:55:35,12333,0.0,12333.0,CASH
T001044,C0062,2026-07-04T16:53:15,5105,90.9,5014.1,CARD
T001045,C0199,2026-08-20T10:15:22,5624,0.0,5624.0,CARD
T001046,C0164,2025-09-30T09:06:33,7934,283.9,7650.1,MOBILE_PAY
T001047,C0328,2026-06-02T09:51:26,7769,197.25,7571.75,MOBILE_PAY
T001048,C0164,2026-03-23T15:21:49,21967,1076.0,20891.0,CASH
T001049,C0430,2026-07-21T14:00:52,2230,306.0,1924.0,MOBILE_PAY
T001050,C0324,2026-08-15T02:23:18,13267,159.0,13108.0,MOBILE_PAY
T001051,C0366,2025-12-23T04:23:41,14061,2478.0,11583.0,CASH
T001052,C0261,2026-05-01T01:05:03,8756,0.0,8756.0,MOBILE_PAY
T001053,C0312,2026-08-29T05:27:14,15753,0.0,15753.0,CARD
T001054,C0354,2026-07-01T23:18:36,11005,379.5,10625.5,MOBILE_PAY
T001055,C0314,2026-08-21T07:08:38,1648,0.0,1648.0,MOBILE_PAY
T001056,C0333,2025-12-01T02:34:44,7138,490.5,6647.5,MOBILE_PAY
T001057,C0185,2026-04-03T03:57:22,890,178.0,712.0,MOBILE_PAY
T001058,C0126,2026-08-01T09:25:53,1785,0.0,1785.0,CASH
T001059,C0372,2026-03-30T19:11:53,11891,82.5,11808.5,CASH
T001060,C0305,2026-03-28T11:31:29,9765,633.0,9132.0,CASH
T001061,C0100,2026-03-23T07:54:44,7910,0.0,7910.0,MOBILE_PAY
T001062,C0294,2026-09-19T12:27:25,5069,183.35,4885.65,CARD
T001063,C0316,2026-07-14T08:22:05,7676,772.0,6904.0,CASH
T001064,C0494,2026-07-17T18:08:15,2294,0.0,2294.0,MOBILE_PAY
T001065,C0002,2025-11-11T07:33:50,10304,75.9,10228.1,CASH
T001066,C0121,2025-11-13T05:23:35,7930,73.0,7857.0,MOBILE_PAY
T001067,C0119,2026-09-03T13:59:28,10618,0.0,10618.0,MOBILE_PAY
T001068,C0447,2026-07-19T10:05:45,8530,391.5,8138.5,CARD
T001069,C0174,2026-04-09T22:54:16,5543,0.0,5543.0,CASH
T001070,C0264,2026-01-18T20:59:48,17367,1314.5,16052.5,CARD
T001071,C0065,2025-11-20T17:38:10,11475,204.45,11270.55,MOBILE_PAY
T001072,C0291,2026-01-29T04:27:38,20694,0.0,20694.0,CARD
T001073,C0449,2025-11-16T02:22:34,8673,0.0,8673.0,MOBILE_PAY
T001074,C0241,2026-06-23T12:46:00,11021,432.0,10589.0,MOBILE_PAY
T001075,C0256,2026-07-08T18:04:42,10357,0.0,10357.0,MOBILE_PAY
T001076,C0459,2026-04-01T23:32:23,3341,26.8,3314.2,MOBILE_PAY
T001077,C0094,2026-06-07T16:17:20,8854,0.0,8854.0,MOBILE_PAY
T001078,C0180,2026-04-10T23:59:32,10033,93.6,9939.4,CASH
T001079,C0344,2026-09-20T04:11:20,21750,153.0,21597.0,MOBILE_PAY
T001080,C0485,2026-02-25T17:15:50,445,89.0,356.0,CASH
T001081,C0043,2025-12-13T08:12:06,3095,0.0,3095.0,CASH
T001082,C0230,2025-09-27T17:01:11,1754,209.4,1544.6,CASH
T001083,C0281,2026-07-27T07:05:39,9028,0.0,9028.0,CARD
T001084,C0246,2026-05-19T06:52:10,1256,125.6,1130.4,MOBILE_PAY
T001085,C0019,2025-10-21T03:49:08,13216,0.0,13216.0,CASH
T001086,C0342,2025-09-30T15:08:35,1420,0.0,1420.0,CASH
T001087,C0191,2026-03-18T03:59:32,12861,45.2,12815.8,MOBILE_PAY
T001088,C0315,2026-09-14T16:22:44,918,0.0,918.0,MOBILE_PAY
T001089,C0230,2025-10-29T11:53:37,5117,0.0,5117.0,MOBILE_PAY
T001090,C0011,2025-11-23T03:35:42,7796,181.8,7614.2,CARD
T001091,C0208,2025-10-25T16:54:58,539,0.0,539.0,CASH
T001092,C0393,2025-10-15T22:39:20,1520,0.0,1520.0,CARD
T001093,C0119,2026-08-14T13:36:33,1839,0.0,1839.0,CASH
T001094,C0340,2025-11-21T06:11:44,105,0.0,105.0,CASH
T001095,C0172,2026-07-02T11:27:30,2080,0.0,2080.0,MOBILE_PAY
T001096,C0071,2026-08-26T07:44:18,14969,0.0,14969.0,MOBILE_PAY
T001097,C0357,2026-01-13T12:04:45,7838,703.0,7135.0,CASH
T001098,C0186,2025-11-20T23:15:48,8274,282.0,7992.0,MOBILE_PAY
T001099,C0312,2025-12-11T09:59:43,729,0.0,729.0,CASH
T001100,C0109,2026-01-19T22:17:30,6255,0.0,6255.0,MOBILE_PAY
T001101,C0225,2026-06-16T11:31:06,13283,295.5,12987.5,CARD
T001102,C0348,2026-01-18T00:17:09,10547,107.1,10439.9,CASH
T001103,C0056,2026-04-05T03:18:05,11938,0.0,11938.0,MOBILE_PAY
T001104,C0031,2025-12-20T09:42:54,1177,0.0,1177.0,CASH
T001105,C0397,2026-09-07T07:43:59,1729,0.0,1729.0,CASH
T001106,C0481,2026-06-17T12:26:58,6943,154.8,6788.2,CARD
T001107,C0221,2025-10-17T09:52:46,8058,0.0,8058.0,MOBILE_PAY
T001108,C0189,2026-02-09T17:50:16,3259,0.0,3259.0,CARD
T001109,C0478,2026-07-11T05:27:58,10784,0.0,10784.0,CASH
T001110,C0461,2026-06-10T01:49:52,8701,0.0,8701.0,CARD
T001111,C0181,2026-04-03T00:40:39,8682,0.0,8682.0,MOBILE_PAY
T001112,C0079,2026-08-22T21:52:22,2749,0.0,2749.0,CASH
T001113,C0477,2026-08-12T09:08:17,11472,272.7,11199.3,CARD
T001114,C0357,2026-06-22T22:16:39,7481,115.6,7365.4,CARD
T001115,C0209,2026-06-11T11:05:24,3528,0.0,3528.0,CASH
T001116,C0229,2026-03-19T21:28:06,10270,0.0,10270.0,MOBILE_PAY
T001117,C0078,2026-03-28T16:15:46,6216,0.0,6216.0,MOBILE_PAY
T001118,C0385,2025-11-02T18:20:29,10684,0.0,10684.0,CARD
T001119,C0017,2026-07-18T10:11:45,1358,161.5,1196.5,CASH
T001120,C0231,2026-05-25T16:42:07,4305,0.0,4305.0,CARD
T001121,C0204,2026-08-17T06:16:45,3826,0.0,3826.0,MOBILE_PAY
T001122,C0114,2026-09-22T15:38:09,7184,0.0,7184.0,CARD
T001123,C0185,2026-07-28T15:26:29,3962,0.0,3962.0,CASH
T001124,C0007,2026-06-30T17:23:06,2148,30.9,2117.1,CASH
T001125,C0020,2026-09-13T02:04:50,9607,575.0,9032.0,CASH
T001126,C0493,2026-03-12T04:31:36,4552,414.0,4138.0,CARD
T001127,C0040,2026-09-25T06:36:20,9261,841.5,8419.5,CARD
T001128,C0445,2025-11-13T00:09:49,11507,0.0,11507.0,CARD
T001129,C0028,2026-06-17T12:52:15,2501,0.0,2501.0,CARD
T001130,C0100,2026-05-10T09:16:59,29095,427.5,28667.5,MOBILE_PAY
T001131,C0316,2026-05-11T12:41:23,2704,0.0,2704.0,MOBILE_PAY
T001132,C0061,2026-05-30T07:10:56,2730,0.0,2730.0,CASH
T001133,C0344,2026-03-30T15:39:54,9055,0.0,9055.0,CARD
T001134,C0329,2025-11-08T08:33:59,30089,0.0,30089.0,CASH
T001135,C0185,2026-02-20T09:13:09,1272,0.0,1272.0,MOBILE_PAY
T001136,C0125,2026-02-15T22:39:00,5998,0.0,5998.0,CASH
T001137,C0405,2026-06-29T22:23:45,2934,0.0,2934.0,MOBILE_PAY
T001138,C0362,2026-05-22T03:36:26,8155,261.6,7893.4,CARD
T001139,C0025,2026-03-15T00:39:16,9062,0.0,9062.0,CARD
T001140,C0415,2026-02-10T03:47:40,1870,0.0,1870.0,CARD
T001141,C0040,2026-07-24T01:14:51,4405,0.0,4405.0,CARD
T001142,C0463,2026-03-01T03:31:09,4280,248.25,4031.75,MOBILE_PAY
T001143,C0152,2026-03-02T15:38:10,7602,0.0,7602.0,CASH
T001144,C0212,2026-07-23T04:35:51,5637,0.0,5637.0,CASH
T001145,C0045,2026-03-23T02:07:07,6979,0.0,6979.0,CASH
T001146,C0213,2026-03-04T05:41:58,8098,0.0,8098.0,CARD
T001147,C0189,2026-01-20T05:40:37,1638,0.0,1638.0,CARD
T001148,C0366,2025-10-13T02:04:26,16476,0.0,16476.0,CARD
T001149,C0051,2026-05-21T02:49:50,683,0.0,683.0,CASH
T001150,C0084,2026-05-21T22:49:02,2527,0.0,2527.0,CASH
T001151,C0455,2026-07-05T05:38:55,11394,0.0,11394.0,MOBILE_PAY
T001152,C0165,2026-06-18T20:36:52,3516,0.0,3516.0,CASH
T001153,C0207,2026-02-20T22:32:33,8630,0.0,8630.0,CARD
T001154,C0481,2026-04-18T18:58:23,5344,215.1,5128.9,CASH
T001155,C0439,2026-08-25T05:07:37,9613,352.3,9260.7,CARD
T001156,C0130,2025-12-27T08:45:49,5881,0.0,5881.0,CASH
T001157,C0065,2025-12-11T22:11:54,3862,0.0,3862.0,CARD
T001158,C0115,2026-01-16T23:09:49,1607,0.0,1607.0,CARD
T001159,C0122,2026-07-26T19:24:19,8064,0.0,8064.0,CASH
T001160,C0298,2026-01-08T14:13:49,150,22.5,127.5,CASH
T001161,C0331,2025-10-03T12:39:12,1808,0.0,1808.0,MOBILE_PAY
T001162,C0054,2025-10-04T01:35:13,7918,0.0,7918.0,MOBILE_PAY
T001163,C0248,2026-05-24T02:57:01,10859,0.0,10859.0,CASH
T001164,C0124,2026-07-01T08:10:00,5901,108.0,5793.0,CARD
T001165,C0341,2026-02-16T16:10:53,12528,587.4,11940.6,CARD
T001166,C0467,2025-11-25T10:42:05,20823,0.0,20823.0,CASH
T001167,C0229,2025-11-28T23:52:16,6801,0.0,6801.0,CASH
T001168,C0019,2026-09-25T20:31:35,3116,51.2,3064.8,MOBILE_PAY
T001169,C0377,2026-08-13T08:09:12,10007,0.0,10007.0,CARD
T001170,C0124,2026-08-19T08:40:46,4290,0.0,4290.0,CARD
T001171,C0423,2026-01-14T15:01:26,10247,745.3,9501.7,CASH
T001172,C0334,2025-11-20T00:52:09,2212,58.4,2153.6,MOBILE_PAY
T001173,C0130,2026-06-16T05:15:35,2435,0.0,2435.0,CARD
T001174,C0459,2026-02-21T19:22:01,6191,442.5,5748.5,CASH
T001175,C0026,2026-06-19T04:54:13,15017,0.0,15017.0,CARD
T001176,C0236,2026-07-01T01:08:39,7133,186.2,6946.8,CARD
T001177,C0338,2026-02-15T20:27:25,7455,0.0,7455.0,MOBILE_PAY
T001178,C0023,2025-12-12T12:13:43,3899,67.8,3831.2,CARD
T001179,C0117,2026-07-27T08:00:46,1988,0.0,1988.0,CARD
T001180,C0269,2026-03-24T11:59:27,9261,0.0,9261.0,CARD
T001181,C0246,2026-05-27T16:13:55,3672,0.0,3672.0,CARD
T001182,C0072,2025-12-14T01:38:34,344,0.0,344.0,MOBILE_PAY
T001183,C0415,2026-06-24T00:32:36,13619,0.0,13619.0,CARD
T001184,C0228,2025-12-07T01:56:50,7733,0.0,7733.0,CASH
T001185,C0158,2025-11-15T16:14:23,11519,0.0,11519.0,CARD
T001186,C0290,2026-08-18T15:33:11,12133,387.9,11745.1,CASH
T001187,C0395,2025-10-31T13:17:12,1756,0.0,1756.0,CASH
T001188,C0396,2026-05-10T07:42:49,12785,0.0,12785.0,MOBILE_PAY
T001189,C0171,2025-10-26T18:35:55,3761,151.8,3609.2,MOBILE_PAY
T001190,C0030,2026-07-19T12:44:21,11230,196.0,11034.0,CARD
T001191,C0147,2026-01-05T15:00:22,8847,32.2,8814.8,CASH
T001192,C0451,2025-12-30T23:53:54,1161,0.0,1161.0,CARD
T001193,C0295,2026-05-27T12:43:37,16977,991.2,15985.8,MOBILE_PAY
T001194,C0417,2026-06-27T11:09:04,7702,0.0,7702.0,MOBILE_PAY
T001195,C0135,2025-10-02T10:37:29,7200,0.0,7200.0,CARD
T001196,C0497,2026-03-24T09:46:09,4776,29.8,4746.2,MOBILE_PAY
T001197,C0403,2025-10-05T12:52:23,2488,0.0,2488.0,MOBILE_PAY
T001198,C0256,2026-02-14T19:26:41,12770,75.9,12694.1,CARD
T001199,C0432,2026-06-23T12:37:50,1414,22.5,1391.5,CARD
T001200,C0012,2026-01-15T18:39:34,6095,0.0,6095.0,CASH
T001201,C0010,2026-04-01T00:19:28,4613,8.05,4604.95,MOBILE_PAY
T001202,C0041,2026-06-15T04:04:20,29786,2478.0,27308.0,CARD
T001203,C0225,2025-12-30T18:01:15,6957,171.0,6786.0,CASH
T001204,C0242,2026-03-09T21:54:36,6477,231.2,6245.8,CASH
T001205,C0472,2025-10-16T17:28:23,6141,0.0,6141.0,CARD
T001206,C0483,2026-07-20T07:36:15,3332,0.0,3332.0,CASH
T001207,C0483,2025-11-10T13:31:09,12861,0.0,12861.0,CARD
T001208,C0456,2026-02-04T05:15:43,14542,495.6,14046.4,CASH
T001209,C0474,2026-04-06T16:24:57,13547,512.55,13034.45,MOBILE_PAY
T001210,C0229,2026-07-30T12:59:49,5902,112.5,5789.5,CASH
T001211,C0430,2026-06-03T01:03:39,2534,0.0,2534.0,CASH
T001212,C0223,2026-05-13T03:38:48,660,0.0,660.0,CASH
T001213,C0386,2025-11-10T16:03:07,7321,0.0,7321.0,MOBILE_PAY
T001214,C0156,2025-10-29T08:50:05,6852,215.45,6636.55,CASH
T001215,C0317,2026-09-14T20:47:11,3090,0.0,3090.0,MOBILE_PAY
T001216,C0319,2026-02-01T22:59:52,12262,89.4,12172.6,MOBILE_PAY
T001217,C0210,2025-10-11T16:59:06,3251,0.0,3251.0,CASH
T001218,C0488,2026-07-13T16:46:00,1332,0.0,1332.0,CARD
T001219,C0241,2026-06-26T22:50:05,3204,0.0,3204.0,MOBILE_PAY
T001220,C0168,2025-11-03T15:17:08,2300,0.0,2300.0,MOBILE_PAY
T001221,C0140,2025-10-14T07:34:02,10169,177.6,9991.4,CARD
T001222,C0329,2025-10-24T04:11:14,7051,0.0,7051.0,CASH
T001223,C0182,2026-02-28T10:47:01,10741,131.9,10609.1,CARD
T001224,C0484,2026-06-29T13:39:28,10694,343.15,10350.85,CARD
T001225,C0246,2026-08-15T03:48:41,4239,0.0,4239.0,CARD
T001226,C0387,2026-09-15T12:14:09,10124,383.25,9740.75,MOBILE_PAY
T001227,C0181,2025-11-25T01:52:26,1282,0.0,1282.0,CARD
T001228,C0127,2026-03-09T00:42:39,2547,0.0,2547.0,CASH
T001229,C0223,2025-09-30T17:52:34,10299,0.0,10299.0,MOBILE_PAY
T001230,C0486,2025-10-09T05:13:19,5623,0.0,5623.0,MOBILE_PAY
T001231,C0257,2026-04-10T23:40:00,6106,0.0,6106.0,CASH
T001232,C0405,2025-10-09T23:33:11,1256,0.0,1256.0,CASH
T001233,C0082,2025-11-18T12:53:51,1218,0.0,1218.0,CARD
T001234,C0081,2026-03-02T03:25:28,10565,406.5,10158.5,MOBILE_PAY
T001235,C0454,2026-02-09T16:26:33,15878,355.0,15523.0,CARD
T001236,C0027,2026-05-02T23:16:11,1652,0.0,1652.0,MOBILE_PAY
T001237,C0447,2026-05-07T08:33:07,8458,182.1,8275.9,CASH
T001238,C0413,2026-07-03T00:52:43,12063,421.3,11641.7,MOBILE_PAY
T001239,C0108,2025-12-17T10:12:44,6213,566.25,5646.75,CASH
T001240,C0203,2026-06-14T06:17:15,4841,0.0,4841.0,CASH
T001241,C0291,2026-01-06T21:35:29,1461,20.5,1440.5,CASH
T001242,C0120,2026-08-21T07:55:49,3102,0.0,3102.0,MOBILE_PAY
T001243,C0247,2026-03-28T07:38:38,2704,0.0,2704.0,CARD
T001244,C0212,2026-09-15T14:08:35,1734,190.8,1543.2,MOBILE_PAY
T001245,C0347,2026-02-04T21:00:23,612,0.0,612.0,CARD
T001246,C0107,2026-05-17T11:22:53,4342,0.0,4342.0,MOBILE_PAY
T001247,C0370,2026-03-23T06:21:46,6106,0.0,6106.0,MOBILE_PAY
T001248,C0125,2026-08-28T15:21:35,903,118.2,784.8,CASH
T001249,C0208,2026-05-01T07:56:30,4855,98.0,4757.0,CASH
T001250,C0077,2026-09-18T23:58:02,7504,0.0,7504.0,CASH
T001251,C0437,2026-08-24T21:38:09,1888,0.0,1888.0,CASH
T001252,C0056,2025-12-15T05:45:59,10785,166.4,10618.6,CASH
T001253,C0022,2025-12-21T23:28:14,9400,0.0,9400.0,CARD
T001254,C0384,2026-01-29T00:46:47,8308,292.0,8016.0,CARD
T001255,C0211,2026-01-17T12:40:53,11081,16.1,11064.9,MOBILE_PAY
T001256,C0006,2026-04-12T09:58:24,17092,850.0,16242.0,CASH
T001257,C0129,2026-04-09T14:48:17,12913,0.0,12913.0,MOBILE_PAY
T001258,C0129,2026-07-01T11:14:36,14501,891.0,13610.0,MOBILE_PAY
T001259,C0082,2025-12-16T16:19:36,11805,142.8,11662.2,MOBILE_PAY
T001260,C0114,2026-02-13T09:03:34,8856,67.8,8788.2,CASH
T001261,C0353,2026-04-06T08:32:18,5543,0.0,5543.0,CASH
T001262,C0050,2026-09-09T15:29:52,27349,247.5,27101.5,CARD
T001263,C0163,2025-10-31T22:45:01,13447,53.25,13393.75,CASH
T001264,C0125,2026-05-18T08:20:58,11045,306.35,10738.65,MOBILE_PAY
T001265,C0225,2025-12-08T20:44:55,5617,0.0,5617.0,CARD
T001266,C0027,2025-11-08T03:32:17,7464,0.0,7464.0,MOBILE_PAY
T001267,C0366,2026-01-15T10:57:42,1355,0.0,1355.0,MOBILE_PAY
T001268,C0357,2026-05-06T19:49:26,1647,0.0,1647.0,MOBILE_PAY
T001269,C0442,2026-03-02T18:16:52,8894,236.8,8657.2,CASH
T001270,C0336,2026-03-29T14:05:51,2429,196.2,2232.8,CARD
T001271,C0352,2026-05-06T16:50:07,16738,587.5,16150.5,CASH
T001272,C0093,2025-11-01T17:40:45,5265,243.2,5021.8,CASH
T001273,C0162,2026-08-11T00:59:38,5477,454.5,5022.5,CARD
T001274,C0164,2026-01-03T04:59:52,756,0.0,756.0,CASH
T001275,C0081,2026-02-23T13:42:06,9433,113.25,9319.75,CARD
T001276,C0263,2025-12-30T10:44:40,6357,0.0,6357.0,CASH
T001277,C0220,2026-09-10T08:25:14,7642,198.6,7443.4,MOBILE_PAY
T001278,C0136,2026-06-30T08:41:05,3900,60.8,3839.2,CARD
T001279,C0436,2026-04-11T13:04:08,13109,0.0,13109.0,MOBILE_PAY
T001280,C0161,2026-09-21T04:17:14,18627,1170.75,17456.25,CARD
T001281,C0387,2026-03-06T17:47:56,1372,0.0,1372.0,MOBILE_PAY
T001282,C0230,2026-05-31T08:06:03,5499,110.0,5389.0,MOBILE_PAY
T001283,C0266,2026-02-24T17:03:19,2938,0.0,2938.0,CARD
T001284,C0167,2026-08-24T13:55:42,20419,1975.2,18443.8,CASH
T001285,C0162,2026-01-15T10:25:54,12163,0.0,12163.0,CARD
T001286,C0289,2026-06-17T21:28:24,2060,0.0,2060.0,MOBILE_PAY
T001287,C0278,2026-08-16T07:18:38,8717,0.0,8717.0,CARD
T001288,C0054,2025-12-29T12:22:01,18004,458.75,17545.25,CARD
T001289,C0160,2026-08-08T18:06:14,10050,0.0,10050.0,MOBILE_PAY
T001290,C0069,2025-11-26T18:38:42,3238,143.75,3094.25,MOBILE_PAY
T001291,C0032,2025-10-06T04:40:03,9922,0.0,9922.0,MOBILE_PAY
T001292,C0023,2026-09-02T17:16:06,6823,0.0,6823.0,CASH
T001293,C0361,2025-12-16T22:24:28,8808,117.4,8690.6,MOBILE_PAY
T001294,C0109,2025-11-01T20:45:03,11705,167.6,11537.4,CASH
T001295,C0277,2026-04-07T11:10:56,7975,0.0,7975.0,CASH
T001296,C0071,2026-06-23T06:58:50,9060,0.0,9060.0,CASH
T001297,C0210,2025-11-20T03:39:35,4227,0.0,4227.0,CASH
T001298,C0367,2026-08-10T16:27:46,5569,0.0,5569.0,CARD
T001299,C0308,2026-06-09T14:12:25,11283,127.2,11155.8,MOBILE_PAY
T001300,C0311,2026-03-04T14:32:25,14749,127.8,14621.2,MOBILE_PAY
T001301,C0474,2026-03-10T16:04:39,14477,0.0,14477.0,MOBILE_PAY
T001302,C0257,2026-02-15T23:36:22,1296,33.1,1262.9,CASH
T001303,C0206,2025-11-23T01:58:18,6615,49.3,6565.7,MOBILE_PAY
T001304,C0188,2026-07-26T16:37:23,16437,0.0,16437.0,CARD
T001305,C0291,2026-04-16T15:04:49,4050,0.0,4050.0,CARD
T001306,C0221,2025-11-21T10:12:45,5081,327.0,4754.0,CASH
T001307,C0438,2026-01-25T19:43:47,1903,0.0,1903.0,MOBILE_PAY
T001308,C0162,2026-02-26T20:22:55,8570,0.0,8570.0,CASH
T001309,C0352,2026-04-24T12:05:18,982,0.0,982.0,CARD
T001310,C0056,2026-02-03T15:15:33,6044,63.9,5980.1,CARD
T001311,C0110,2026-01-07T18:14:27,1236,0.0,1236.0,CASH
T001312,C0018,2026-08-26T14:50:24,15498,1975.2,13522.8,MOBILE_PAY
T001313,C0352,2026-09-07T12:36:46,1324,0.0,1324.0,CASH
T001314,C0256,2026-05-15T06:55:04,9337,0.0,9337.0,MOBILE_PAY
T001315,C0430,2026-09-12T10:42:27,5551,0.0,5551.0,CASH
T001316,C0084,2025-11-30T22:11:19,2753,0.0,2753.0,MOBILE_PAY
T001317,C0492,2026-07-04T03:18:57,10451,255.6,10195.4,MOBILE_PAY
T001318,C0330,2026-04-08T17:03:11,2388,0.0,2388.0,CASH
T001319,C0067,2026-06-14T09:53:04,9112,425.0,8687.0,MOBILE_PAY
T001320,C0460,2025-11-16T04:50:14,2400,0.0,2400.0,MOBILE_PAY
T001321,C0227,2026-01-17T22:42:34,6220,0.0,6220.0,CARD
T001322,C0063,2025-09-28T07:09:34,13854,1043.4,12810.6,MOBILE_PAY
T001323,C0291,2025-10-12T14:00:39,11583,691.95,10891.05,CARD
T001324,C0367,2026-08-08T04:24:42,818,0.0,818.0,CASH
T001325,C0437,2025-10-10T15:16:01,3928,0.0,3928.0,MOBILE_PAY
T001326,C0150,2026-06-21T22:39:51,6531,0.0,6531.0,CARD
T001327,C0038,2026-09-04T06:23:44,2913,0.0,2913.0,CARD
T001328,C0498,2026-07-09T14:06:54,13323,935.75,12387.25,CASH
T001329,C0013,2026-06-16T13:03:43,2472,0.0,2472.0,CARD
T001330,C0198,2026-06-09T18:12:29,2684,291.9,2392.1,CASH
T001331,C0172,2025-11-21T03:20:43,5385,491.25,4893.75,CASH
T001332,C0379,2025-10-05T08:35:06,1105,0.0,1105.0,MOBILE_PAY
T001333,C0406,2026-04-27T08:51:33,15876,540.7,15335.3,CARD
T001334,C0416,2026-02-26T04:19:41,8176,890.0,7286.0,MOBILE_PAY
T001335,C0085,2026-06-12T04:23:11,4798,0.0,4798.0,CARD
T001336,C0162,2025-10-16T13:22:41,2947,425.0,2522.0,CASH
T001337,C0330,2025-10-30T19:44:16,5841,0.0,5841.0,MOBILE_PAY
T001338,C0110,2026-01-23T10:05:35,6633,0.0,6633.0,CARD
T001339,C0256,2026-06-13T03:23:52,5065,0.0,5065.0,CARD
T001340,C0326,2026-07-14T02:39:33,7120,0.0,7120.0,CASH
T001341,C0307,2026-02-20T16:36:07,4997,0.0,4997.0,CASH
T001342,C0346,2026-07-31T01:17:58,6173,0.0,6173.0,CARD
T001343,C0046,2025-10-04T01:36:41,13436,225.0,13211.0,CASH
T001344,C0441,2026-01-29T09:57:39,9282,147.9,9134.1,MOBILE_PAY
T001345,C0197,2025-10-30T16:31:45,6836,517.2,6318.8,CASH
T001346,C0231,2026-05-14T02:48:12,6083,167.45,5915.55,CARD
T001347,C0046,2025-10-06T15:18:42,14034,0.0,14034.0,MOBILE_PAY
T001348,C0193,2026-05-02T13:30:49,5807,0.0,5807.0,CASH
T001349,C0001,2026-07-21T15:32:50,572,0.0,572.0,MOBILE_PAY
T001350,C0191,2026-02-05T12:26:40,8880,149.0,8731.0,CARD
T001351,C0392,2026-01-13T22:45:14,8193,0.0,8193.0,MOBILE_PAY
T001352,C0096,2025-12-17T05:53:34,5225,0.0,5225.0,CASH
T001353,C0105,2026-08-13T06:06:59,4988,0.0,4988.0,MOBILE_PAY
T001354,C0457,2025-11-21T21:53:58,3212,0.0,3212.0,CASH
T001355,C0445,2026-04-07T17:15:36,15421,0.0,15421.0,MOBILE_PAY
T001356,C0431,2026-09-03T00:52:01,8979,66.2,8912.8,CASH
T001357,C0139,2025-11-10T18:24:10,3251,0.0,3251.0,CARD
T001358,C0263,2026-03-01T21:04:26,10259,0.0,10259.0,MOBILE_PAY
T001359,C0352,2026-06-07T09:06:16,2074,0.0,2074.0,CARD
T001360,C0292,2025-12-15T02:07:57,3117,0.0,3117.0,MOBILE_PAY
T001361,C0182,2026-07-07T15:28:17,5264,0.0,5264.0,CARD
T001362,C0373,2025-10-19T10:15:47,8755,0.0,8755.0,CARD
T001363,C0142,2026-09-03T16:40:49,7831,203.6,7627.4,MOBILE_PAY
T001364,C0210,2026-06-04T18:18:15,7733,296.0,7437.0,CASH
T001365,C0463,2026-06-24T14:40:39,13474,297.9,13176.1,CASH
T001366,C0287,2026-07-06T00:51:49,9170,0.0,9170.0,CARD
T001367,C0011,2025-12-13T05:39:57,2172,0.0,2172.0,MOBILE_PAY
T001368,C0038,2025-12-27T08:13:59,5285,172.05,5112.95,MOBILE_PAY
T001369,C0143,2026-01-29T15:54:51,2476,0.0,2476.0,CARD
T001370,C0286,2026-09-11T06:21:39,11069,0.0,11069.0,CARD
T001371,C0146,2026-03-09T17:01:04,417,0.0,417.0,CARD
T001372,C0043,2026-08-21T10:54:55,3028,0.0,3028.0,CASH
T001373,C0178,2026-06-08T20:04:41,3072,144.0,2928.0,MOBILE_PAY
T001374,C0477,2026-09-15T12:39:46,10447,791.25,9655.75,CARD
T001375,C0043,2025-12-20T14:02:26,5372,247.5,5124.5,CARD
T001376,C0227,2026-02-22T09:36:17,8693,0.0,8693.0,MOBILE_PAY
T001377,C0143,2026-05-17T15:06:12,9246,0.0,9246.0,MOBILE_PAY
T001378,C0280,2026-07-01T02:16:49,10364,0.0,10364.0,CASH
T001379,C0164,2026-07-20T10:59:53,6266,192.6,6073.4,MOBILE_PAY
T001380,C0248,2026-08-16T15:14:53,4958,45.9,4912.1,MOBILE_PAY
T001381,C0167,2026-09-10T13:13:26,8578,0.0,8578.0,MOBILE_PAY
T001382,C0093,2025-12-14T06:07:56,12564,312.7,12251.3,CARD
T001383,C0424,2026-08-08T13:32:29,5854,63.8,5790.2,MOBILE_PAY
T001384,C0013,2025-10-02T06:41:38,8916,355.0,8561.0,MOBILE_PAY
T001385,C0250,2025-11-01T00:09:05,8814,0.0,8814.0,MOBILE_PAY
T001386,C0479,2026-09-14T13:20:41,4670,0.0,4670.0,CARD
T001387,C0389,2025-10-19T21:22:36,6231,0.0,6231.0,MOBILE_PAY
T001388,C0106,2025-10-19T08:48:45,5284,227.3,5056.7,MOBILE_PAY
T001389,C0348,2026-07-04T19:53:06,824,164.8,659.2,MOBILE_PAY
T001390,C0304,2025-10-11T22:20:19,16593,482.25,16110.75,CASH
T001391,C0356,2026-05-14T03:46:42,11101,294.0,10807.0,CASH
T001392,C0321,2025-10-17T15:20:35,20120,2029.2,18090.8,MOBILE_PAY
T001393,C0090,2026-04-19T16:29:13,11249,0.0,11249.0,CASH
T001394,C0069,2026-08-12T00:47:33,10661,1363.75,9297.25,MOBILE_PAY
T001395,C0301,2026-05-16T10:21:29,17406,359.8,17046.2,CARD
T001396,C0034,2026-05-13T21:21:36,3859,0.0,3859.0,CASH
T001397,C0317,2025-12-27T11:15:23,3383,0.0,3383.0,MOBILE_PAY
T001398,C0059,2025-10-22T21:39:00,544,0.0,544.0,MOBILE_PAY
T001399,C0126,2026-04-30T01:32:41,8779,434.6,8344.4,CASH
T001400,C0177,2026-03-18T11:16:49,8636,95.4,8540.6,MOBILE_PAY
T001401,C0430,2026-04-17T15:15:11,5124,0.0,5124.0,CARD
T001402,C0091,2025-11-10T12:57:49,21195,82.5,21112.5,MOBILE_PAY
T001403,C0004,2026-07-06T16:01:58,1858,0.0,1858.0,CARD
T001404,C0489,2025-09-28T15:54:00,2023,59.0,1964.0,MOBILE_PAY
T001405,C0140,2026-08-07T16:16:42,2883,0.0,2883.0,MOBILE_PAY
T001406,C0039,2026-01-25T13:37:17,1501,70.5,1430.5,MOBILE_PAY
T001407,C0203,2026-08-24T19:00:00,5385,0.0,5385.0,CARD
T001408,C0327,2026-08-13T06:33:55,6983,0.0,6983.0,CARD
T001409,C0339,2026-04-21T18:32:58,7222,267.0,6955.0,MOBILE_PAY
T001410,C0194,2025-10-14T16:52:32,6313,49.65,6263.35,CARD
T001411,C0116,2025-12-03T15:50:36,7520,0.0,7520.0,CARD
T001412,C0391,2026-04-19T20:15:08,8249,0.0,8249.0,CARD
T001413,C0308,2026-06-04T06:29:25,19001,261.6,18739.4,CARD
T001414,C0144,2025-12-25T20:31:38,1532,0.0,1532.0,MOBILE_PAY
T001415,C0327,2026-02-04T17:49:14,5949,112.5,5836.5,MOBILE_PAY
T001416,C0256,2026-06-25T18:08:21,617,0.0,617.0,CASH
T001417,C0433,2026-01-13T12:16:29,5261,0.0,5261.0,CARD
T001418,C0146,2025-10-22T07:41:31,14011,0.0,14011.0,CARD
T001419,C0443,2026-02-04T10:10:59,6574,59.6,6514.4,CASH
T001420,C0157,2026-04-26T10:57:46,5249,0.0,5249.0,CARD
T001421,C0212,2026-09-04T08:16:23,2590,0.0,2590.0,MOBILE_PAY
T001422,C0482,2026-05-18T08:28:37,6901,0.0,6901.0,CARD
T001423,C0429,2026-07-17T21:12:41,7727,188.4,7538.6,CARD
T001424,C0339,2025-12-06T01:49:17,2434,0.0,2434.0,MOBILE_PAY
T001425,C0178,2026-05-28T00:09:27,1504,29.8,1474.2,CARD
T001426,C0199,2026-06-19T12:17:10,13301,552.75,12748.25,MOBILE_PAY
T001427,C0463,2025-10-16T22:09:58,2650,0.0,2650.0,CASH
T001428,C0334,2026-05-26T16:52:46,8449,0.0,8449.0,CASH
T001429,C0087,2026-07-11T12:19:25,1977,0.0,1977.0,CASH
T001430,C0030,2025-12-25T15:37:34,9297,0.0,9297.0,CARD
T001431,C0005,2025-10-16T10:56:58,11958,482.25,11475.75,MOBILE_PAY
T001432,C0061,2026-09-20T22:05:29,15474,0.0,15474.0,CARD
T001433,C0378,2026-01-07T05:35:16,6976,0.0,6976.0,CASH
T001434,C0018,2026-06-28T13:46:39,10934,303.6,10630.4,MOBILE_PAY
T001435,C0330,2025-12-21T23:10:21,5858,0.0,5858.0,MOBILE_PAY
T001436,C0162,2026-05-31T06:06:53,12959,587.0,12372.0,MOBILE_PAY
T001437,C0021,2026-03-18T12:20:42,7926,522.0,7404.0,MOBILE_PAY
T001438,C0439,2026-03-08T07:00:07,3831,71.0,3760.0,MOBILE_PAY
T001439,C0325,2026-03-11T05:15:56,277,0.0,277.0,MOBILE_PAY
T001440,C0053,2025-10-31T15:52:05,666,0.0,666.0,CARD
T001441,C0444,2025-12-30T10:30:58,9666,71.0,9595.0,CARD
T001442,C0148,2026-07-23T10:38:55,6025,171.0,5854.0,CARD
T001443,C0056,2026-03-08T10:01:56,7202,227.7,6974.3,CASH
T001444,C0446,2026-02-27T06:17:14,7315,90.4,7224.6,MOBILE_PAY
T001445,C0445,2025-12-02T10:58:55,5832,0.0,5832.0,MOBILE_PAY
T001446,C0377,2026-04-22T14:04:38,14179,510.0,13669.0,MOBILE_PAY
T001447,C0095,2026-09-18T02:18:26,8645,0.0,8645.0,MOBILE_PAY
T001448,C0100,2026-06-03T21:10:11,16287,0.0,16287.0,MOBILE_PAY
T001449,C0042,2025-10-06T21:19:18,6940,73.0,6867.0,CARD
T001450,C0105,2026-04-14T01:32:18,12863,0.0,12863.0,CARD
T001451,C0018,2026-07-30T15:35:45,1752,0.0,1752.0,CASH
T001452,C0027,2026-08-08T03:45:49,6798,49.65,6748.35,CARD
T001453,C0262,2025-10-29T06:19:53,7136,0.0,7136.0,CASH
T001454,C0356,2025-11-20T18:46:23,6035,427.5,5607.5,CASH
T001455,C0313,2025-11-19T12:42:45,13748,0.0,13748.0,CARD
T001456,C0424,2026-06-16T04:28:00,8846,206.0,8640.0,MOBILE_PAY
T001457,C0200,2026-05-31T23:11:32,9040,48.2,8991.8,CARD
T001458,C0020,2026-03-12T22:12:01,14764,837.6,13926.4,MOBILE_PAY
T001459,C0036,2026-04-17T04:44:11,5683,361.0,5322.0,MOBILE_PAY
T001460,C0213,2025-10-23T05:13:51,14391,0.0,14391.0,MOBILE_PAY
T001461,C0113,2026-02-09T17:45:26,8110,352.2,7757.8,CASH
T001462,C0232,2026-08-24T13:47:43,10171,79.95,10091.05,CASH
T001463,C0160,2026-08-29T07:12:18,4917,0.0,4917.0,CARD
T001464,C0094,2026-07-19T20:07:57,11578,0.0,11578.0,CASH
T001465,C0389,2026-05-07T10:57:24,4336,0.0,4336.0,MOBILE_PAY
T001466,C0211,2026-01-22T23:53:35,4015,0.0,4015.0,CASH
T001467,C0110,2026-07-27T03:09:07,5925,0.0,5925.0,CASH
T001468,C0440,2026-03-24T11:43:11,1667,0.0,1667.0,MOBILE_PAY
T001469,C0423,2026-09-09T12:41:19,2925,0.0,2925.0,CARD
T001470,C0320,2026-06-25T03:06:27,4099,628.2,3470.8,CARD
T001471,C0086,2026-01-04T20:56:30,8372,633.0,7739.0,CASH
T001472,C0155,2026-07-22T23:21:45,3682,81.3,3600.7,CASH
T001473,C0031,2026-03-24T03:39:13,6635,0.0,6635.0,MOBILE_PAY
T001474,C0221,2026-08-22T03:35:06,1308,270.75,1037.25,CARD
T001475,C0041,2025-09-28T17:42:43,10346,451.25,9894.75,CARD
T001476,C0151,2026-08-31T20:42:08,5213,0.0,5213.0,CASH
T001477,C0202,2026-02-09T05:34:14,16959,0.0,16959.0,CASH
T001478,C0302,2026-09-16T05:17:39,8213,0.0,8213.0,CASH
T001479,C0056,2026-07-03T01:15:04,728,0.0,728.0,CARD
T001480,C0481,2025-12-21T20:01:51,7794,0.0,7794.0,MOBILE_PAY
T001481,C0332,2025-10-25T21:16:01,4821,0.0,4821.0,MOBILE_PAY
T001482,C0313,2026-08-14T22:15:47,930,0.0,930.0,CASH
T001483,C0206,2026-08-28T12:04:15,8630,65.5,8564.5,CARD
T001484,C0121,2025-10-31T13:35:55,9715,605.8,9109.2,CASH
T001485,C0041,2025-10-11T09:28:22,7723,129.6,7593.4,MOBILE_PAY
T001486,C0320,2026-02-09T18:19:47,9451,0.0,9451.0,CASH
T001487,C0490,2026-06-18T17:03:56,5727,0.0,5727.0,CASH
T001488,C0309,2026-04-28T07:00:12,14069,117.5,13951.5,CASH
T001489,C0143,2025-12-18T15:37:44,10597,20.5,10576.5,CASH
T001490,C0424,2026-06-16T04:07:55,9321,451.65,8869.35,CARD
T001491,C0117,2026-07-27T02:38:26,9669,168.3,9500.7,MOBILE_PAY
T001492,C0241,2026-07-12T07:46:26,948,0.0,948.0,MOBILE_PAY
T001493,C0335,2025-12-31T05:46:02,13224,59.2,13164.8,CASH
T001494,C0375,2025-09-30T12:47:02,7671,0.0,7671.0,CASH
T001495,C0351,2026-08-28T01:23:15,7765,0.0,7765.0,CARD
T001496,C0399,2026-05-23T07:11:16,6646,147.9,6498.1,CARD
T001497,C0068,2026-03-14T07:23:31,11783,0.0,11783.0,CASH
T001498,C0127,2026-04-08T08:59:17,6262,325.2,5936.8,CARD
T001499,C0308,2026-09-23T09:48:05,3326,0.0,3326.0,CASH
T001500,C0327,2025-12-15T01:03:32,8370,0.0,8370.0,CASH
T001501,C0230,2026-05-20T02:38:25,4472,0.0,4472.0,CARD
T001502,C0283,2026-03-20T05:11:55,6477,0.0,6477.0,MOBILE_PAY
T001503,C0213,2026-05-25T13:48:56,2577,604.5,1972.5,CASH
T001504,C0033,2026-04-10T22:54:36,2810,0.0,2810.0,MOBILE_PAY
T001505,C0220,2026-01-17T23:48:23,9577,117.6,9459.4,MOBILE_PAY
T001506,C0089,2025-11-20T11:06:30,7297,72.2,7224.8,CARD
T001507,C0458,2025-11-03T01:08:06,6698,241.8,6456.2,CARD
T001508,C0425,2026-05-01T20:56:04,2615,0.0,2615.0,CARD
T001509,C0428,2026-05-12T07:00:29,14061,0.0,14061.0,MOBILE_PAY
T001510,C0134,2025-11-14T17:56:37,8962,0.0,8962.0,CARD
T001511,C0320,2026-07-14T09:18:20,13666,267.0,13399.0,MOBILE_PAY
T001512,C0009,2026-01-25T01:31:29,4352,168.3,4183.7,CASH
T001513,C0287,2025-11-20T15:02:52,5126,31.8,5094.2,CASH
T001514,C0325,2026-06-13T10:10:03,2741,0.0,2741.0,MOBILE_PAY
T001515,C0187,2026-03-10T05:54:03,8448,0.0,8448.0,MOBILE_PAY
T001516,C0113,2026-05-20T18:53:38,16947,157.05,16789.95,CARD
T001517,C0348,2025-12-26T16:28:11,10550,0.0,10550.0,MOBILE_PAY
T001518,C0268,2026-03-30T12:15:16,6510,565.5,5944.5,CARD
T001519,C0459,2026-03-04T19:25:19,5144,0.0,5144.0,MOBILE_PAY
T001520,C0232,2026-07-09T03:00:54,430,0.0,430.0,CARD
T001521,C0341,2026-08-28T15:20:06,912,0.0,912.0,MOBILE_PAY
T001522,C0465,2026-02-12T12:45:21,1492,0.0,1492.0,MOBILE_PAY
T001523,C0467,2026-06-05T19:13:45,8471,0.0,8471.0,CARD
T001524,C0350,2025-10-08T11:03:44,9069,109.2,8959.8,CARD
T001525,C0035,2026-07-18T10:54:45,1960,0.0,1960.0,CASH
T001526,C0466,2026-07-07T04:39:40,14986,837.6,14148.4,CASH
T001527,C0094,2025-11-06T14:42:40,3312,411.8,2900.2,CARD
T001528,C0378,2026-03-03T18:40:04,1830,218.4,1611.6,CARD
T001529,C0170,2026-08-08T17:55:52,14559,98.0,14461.0,CARD
T001530,C0109,2026-04-03T22:59:06,4301,232.5,4068.5,CASH
T001531,C0233,2026-03-12T04:02:19,10612,257.95,10354.05,MOBILE_PAY
T001532,C0339,2026-04-01T06:48:25,8796,0.0,8796.0,MOBILE_PAY
T001533,C0323,2026-06-22T06:48:05,8726,75.75,8650.25,MOBILE_PAY
T001534,C0390,2026-08-29T21:43:00,11020,482.25,10537.75,CARD
T001535,C0136,2025-11-04T10:57:39,623,0.0,623.0,CARD
T001536,C0013,2026-04-12T23:50:01,10940,60.6,10879.4,CARD
T001537,C0175,2026-04-07T14:45:56,1099,0.0,1099.0,CARD
T001538,C0432,2026-04-01T04:45:24,10993,0.0,10993.0,CARD
T001539,C0086,2026-02-28T21:37:27,6027,0.0,6027.0,CARD
T001540,C0001,2026-08-31T01:17:50,11341,331.2,11009.8,CARD
T001541,C0480,2026-09-11T00:13:25,16979,0.0,16979.0,CASH
T001542,C0099,2025-11-14T22:21:18,6734,336.7,6397.3,MOBILE_PAY
T001543,C0356,2026-06-09T21:41:08,6959,330.2,6628.8,CASH
T001544,C0347,2026-04-21T09:56:11,21068,0.0,21068.0,CASH
T001545,C0327,2026-04-26T01:03:42,3174,120.0,3054.0,CASH
T001546,C0095,2026-08-08T01:07:30,10439,130.8,10308.2,CASH
T001547,C0418,2025-12-20T10:59:54,11343,192.9,11150.1,CASH
T001548,C0462,2026-03-05T04:30:40,4000,0.0,4000.0,CARD
T001549,C0049,2026-09-22T05:32:40,4984,0.0,4984.0,CARD
T001550,C0201,2025-12-28T00:13:31,5895,25.35,5869.65,MOBILE_PAY
T001551,C0087,2026-03-14T05:27:05,15580,393.25,15186.75,CASH
T001552,C0207,2026-04-26T20:12:27,8348,213.0,8135.0,MOBILE_PAY
T001553,C0094,2026-04-19T13:08:36,7408,296.0,7112.0,CASH
T001554,C0037,2026-09-14T03:48:55,2706,0.0,2706.0,CASH
T001555,C0168,2026-06-12T11:11:44,10845,0.0,10845.0,MOBILE_PAY
T001556,C0236,2026-06-13T05:31:42,1368,0.0,1368.0,CARD
T001557,C0234,2026-02-13T03:15:58,2925,0.0,2925.0,CARD
T001558,C0101,2025-10-06T19:51:06,11331,0.0,11331.0,CASH
T001559,C0209,2025-10-31T08:58:54,7365,0.0,7365.0,MOBILE_PAY
T001560,C0087,2026-07-07T06:51:53,6804,0.0,6804.0,CASH
T001561,C0251,2026-06-08T13:25:14,9994,0.0,9994.0,CARD
T001562,C0468,2026-02-28T06:33:36,11957,22.65,11934.35,MOBILE_PAY
T001563,C0392,2026-09-03T16:35:01,11065,0.0,11065.0,CARD
T001564,C0421,2026-07-25T15:03:12,9622,0.0,9622.0,CASH
T001565,C0023,2026-07-28T02:31:08,19024,463.5,18560.5,MOBILE_PAY
T001566,C0246,2026-06-02T18:54:52,2398,0.0,2398.0,MOBILE_PAY
T001567,C0033,2025-11-28T23:45:40,9830,0.0,9830.0,CASH
T001568,C0002,2026-03-24T21:17:08,13842,0.0,13842.0,CARD
T001569,C0361,2026-09-21T06:04:12,5695,172.8,5522.2,CASH
T001570,C0180,2026-03-02T05:13:05,982,0.0,982.0,CARD
T001571,C0185,2025-12-03T00:59:58,9855,928.0,8927.0,CASH
T001572,C0492,2026-05-15T05:47:55,8568,773.4,7794.6,MOBILE_PAY
T001573,C0440,2025-11-27T23:59:45,4791,294.0,4497.0,MOBILE_PAY
T001574,C0338,2025-12-07T18:30:20,880,0.0,880.0,MOBILE_PAY
T001575,C0400,2026-03-11T09:08:59,6443,0.0,6443.0,MOBILE_PAY
T001576,C0155,2026-03-14T03:42:37,7965,0.0,7965.0,CASH
T001577,C0178,2026-03-15T05:07:04,13107,255.6,12851.4,CASH
T001578,C0177,2026-03-18T15:48:35,7848,322.4,7525.6,CARD
T001579,C0400,2026-04-15T04:21:58,5004,0.0,5004.0,MOBILE_PAY
T001580,C0355,2026-08-15T22:26:19,13966,115.6,13850.4,CASH
T001581,C0235,2026-06-22T16:35:42,3794,0.0,3794.0,MOBILE_PAY
T001582,C0016,2026-04-15T05:48:55,2520,0.0,2520.0,CARD
T001583,C0137,2025-10-01T15:07:29,2855,0.0,2855.0,CARD
T001584,C0100,2026-05-06T14:25:37,9570,327.0,9243.0,CASH
T001585,C0185,2026-06-25T20:09:32,11201,0.0,11201.0,CASH
T001586,C0496,2026-06-21T09:26:00,8361,182.4,8178.6,CARD
T001587,C0123,2025-12-11T21:41:05,6242,391.5,5850.5,CASH
T001588,C0019,2026-03-20T02:13:53,7157,839.9,6317.1,CARD
T001589,C0274,2026-06-04T05:24:40,6655,0.0,6655.0,CARD
T001590,C0453,2026-02-28T11:52:15,4155,31.9,4123.1,MOBILE_PAY
T001591,C0356,2025-10-30T12:53:00,9610,180.5,9429.5,CARD
T001592,C0225,2026-02-27T18:04:55,5453,165.6,5287.4,MOBILE_PAY
T001593,C0486,2026-08-10T14:00:11,11992,31.9,11960.1,MOBILE_PAY
T001594,C0213,2026-01-31T10:45:21,2989,0.0,2989.0,MOBILE_PAY
T001595,C0404,2025-12-01T22:04:03,6328,0.0,6328.0,CASH
T001596,C0475,2025-12-09T00:11:59,11396,59.6,11336.4,CARD
T001597,C0056,2026-04-28T23:56:14,7430,107.1,7322.9,MOBILE_PAY
T001598,C0265,2026-09-18T07:46:34,2035,0.0,2035.0,CASH
T001599,C0092,2026-06-03T03:42:33,5700,0.0,5700.0,CARD
T001600,C0069,2026-05-19T03:57:17,572,0.0,572.0,CARD
T001601,C0238,2026-06-16T19:22:20,2405,0.0,2405.0,MOBILE_PAY
T001602,C0039,2026-09-08T16:45:13,7069,0.0,7069.0,CARD
T001603,C0371,2026-07-01T14:55:54,8984,0.0,8984.0,CASH
T001604,C0370,2026-04-24T03:13:50,7299,0.0,7299.0,CASH
T001605,C0374,2026-05-21T20:55:04,6909,8.05,6900.95,CARD
T001606,C0024,2025-09-27T13:05:47,3532,0.0,3532.0,CARD
T001607,C0137,2026-03-26T09:43:23,8429,98.6,8330.4,CASH
T001608,C0487,2026-01-18T11:09:32,11723,89.4,11633.6,CASH
T001609,C0272,2026-05-10T20:03:41,14396,91.2,14304.8,CARD
T001610,C0156,2026-05-11T23:34:30,12623,791.9,11831.1,CASH
T001611,C0274,2025-12-30T04:53:12,6808,26.9,6781.1,CARD
T001612,C0424,2026-08-07T05:51:04,9698,275.0,9423.0,CARD
T001613,C0081,2026-01-28T18:41:23,2581,294.75,2286.25,CASH
T001614,C0153,2026-05-04T22:34:39,2368,71.4,2296.6,CARD
T001615,C0077,2026-04-23T05:39:10,2535,0.0,2535.0,CASH
T001616,C0270,2025-11-07T12:23:50,14677,0.0,14677.0,CASH
T001617,C0499,2025-11-18T22:29:11,2766,436.8,2329.2,MOBILE_PAY
T001618,C0144,2026-01-30T21:39:10,9114,0.0,9114.0,CARD
T001619,C0464,2026-02-06T20:51:42,804,0.0,804.0,CARD
T001620,C0329,2026-05-27T00:47:46,181,0.0,181.0,CASH
T001621,C0126,2026-03-31T09:13:46,9754,1064.8,8689.2,CARD
T001622,C0301,2026-04-01T19:15:35,8619,0.0,8619.0,MOBILE_PAY
T001623,C0380,2026-03-26T19:32:37,5876,67.8,5808.2,CARD
T001624,C0083,2025-11-25T10:16:49,4306,0.0,4306.0,CASH
T001625,C0308,2026-03-14T18:25:30,7129,0.0,7129.0,MOBILE_PAY
T001626,C0080,2026-01-30T14:43:47,7878,151.8,7726.2,CASH
T001627,C0213,2026-05-19T13:36:13,18330,806.0,17524.0,CARD
T001628,C0175,2026-08-17T22:22:41,858,0.0,858.0,CASH
T001629,C0288,2026-04-07T21:54:18,4399,315.4,4083.6,CARD
T001630,C0003,2026-02-21T22:21:01,2184,0.0,2184.0,CARD
T001631,C0286,2026-01-20T09:18:50,12436,409.5,12026.5,CARD
T001632,C0285,2025-10-06T23:13:57,10055,616.2,9438.8,MOBILE_PAY
T001633,C0156,2026-04-28T12:15:53,5546,295.5,5250.5,MOBILE_PAY
T001634,C0479,2026-08-18T23:09:34,1560,0.0,1560.0,MOBILE_PAY
T001635,C0206,2025-12-09T06:43:16,8370,147.9,8222.1,CASH
T001636,C0325,2026-09-16T12:30:43,7510,352.5,7157.5,CARD
T001637,C0023,2026-05-01T14:49:17,9788,153.0,9635.0,MOBILE_PAY
T001638,C0228,2026-02-17T17:27:34,8576,0.0,8576.0,CASH
T001639,C0338,2026-07-12T11:13:28,11318,127.8,11190.2,CARD
T001640,C0379,2026-04-21T23:16:18,5988,0.0,5988.0,MOBILE_PAY
T001641,C0497,2025-10-06T20:25:44,10108,261.6,9846.4,CARD
T001642,C0235,2026-01-28T10:16:13,6960,0.0,6960.0,MOBILE_PAY
T001643,C0234,2025-10-08T16:08:18,656,0.0,656.0,CARD
T001644,C0395,2026-09-21T05:41:25,9815,0.0,9815.0,CASH
T001645,C0369,2025-10-25T09:59:10,6242,198.6,6043.4,CARD
T001646,C0443,2026-09-18T23:25:42,2609,0.0,2609.0,CARD
T001647,C0135,2026-06-30T05:54:24,804,0.0,804.0,MOBILE_PAY
T001648,C0439,2026-09-25T10:15:44,4844,75.8,4768.2,CARD
T001649,C0256,2026-01-18T06:15:52,6355,0.0,6355.0,MOBILE_PAY
T001650,C0332,2025-11-14T18:00:14,9103,0.0,9103.0,CARD
T001651,C0163,2026-07-24T13:36:24,6529,0.0,6529.0,CARD
T001652,C0401,2026-03-17T11:30:28,18452,599.25,17852.75,CARD
T001653,C0410,2025-11-08T18:06:40,5096,0.0,5096.0,MOBILE_PAY
T001654,C0089,2026-09-08T16:17:47,5680,0.0,5680.0,MOBILE_PAY
T001655,C0033,2026-07-27T11:31:41,751,0.0,751.0,CARD
T001656,C0290,2026-02-24T18:51:15,14668,1183.2,13484.8,CARD
T001657,C0253,2026-02-02T07:27:55,16108,0.0,16108.0,CASH
T001658,C0198,2026-04-02T19:14:54,16500,0.0,16500.0,CASH
T001659,C0398,2026-04-29T10:33:16,1144,0.0,1144.0,MOBILE_PAY
T001660,C0014,2026-05-11T14:04:14,12513,96.45,12416.55,MOBILE_PAY
T001661,C0208,2025-12-09T11:28:30,7831,0.0,7831.0,CARD
T001662,C0023,2026-05-07T07:01:44,10142,91.2,10050.8,CASH
T001663,C0109,2025-10-24T10:58:30,1901,0.0,1901.0,MOBILE_PAY
T001664,C0093,2026-08-12T21:23:10,15613,643.75,14969.25,CASH
T001665,C0227,2025-11-20T07:04:19,9421,0.0,9421.0,MOBILE_PAY
T001666,C0482,2026-05-14T12:09:08,4523,0.0,4523.0,CASH
T001667,C0019,2026-08-28T10:16:56,10641,714.6,9926.4,CARD
T001668,C0307,2026-02-11T04:08:45,8505,31.9,8473.1,CARD
T001669,C0325,2026-08-30T03:34:33,1302,0.0,1302.0,CARD
T001670,C0132,2026-02-28T06:16:31,8883,0.0,8883.0,CASH
T001671,C0134,2026-02-10T13:35:56,4716,0.0,4716.0,CARD
T001672,C0354,2026-08-04T12:41:21,10398,142.0,10256.0,CASH
T001673,C0370,2025-11-02T07:52:25,14194,281.55,13912.45,MOBILE_PAY
T001674,C0494,2026-04-22T19:36:37,19382,0.0,19382.0,CASH
T001675,C0225,2026-04-22T05:34:12,4888,0.0,4888.0,MOBILE_PAY
T001676,C0367,2026-03-17T16:57:19,6924,0.0,6924.0,CASH
T001677,C0081,2025-10-28T11:03:02,6785,212.0,6573.0,MOBILE_PAY
T001678,C0003,2026-06-06T01:16:20,559,0.0,559.0,CASH
T001679,C0485,2025-11-10T14:45:36,6285,0.0,6285.0,CARD
T001680,C0387,2026-08-20T02:16:20,12636,0.0,12636.0,CASH
T001681,C0486,2026-01-25T01:00:48,14136,0.0,14136.0,MOBILE_PAY
T001682,C0480,2026-04-19T09:34:42,498,0.0,498.0,CASH
T001683,C0457,2026-03-12T16:59:31,17373,0.0,17373.0,MOBILE_PAY
T001684,C0381,2025-10-12T13:49:32,3844,0.0,3844.0,MOBILE_PAY
T001685,C0158,2025-10-19T01:31:28,6097,133.1,5963.9,CASH
T001686,C0261,2026-09-01T08:05:49,9002,0.0,9002.0,CARD
T001687,C0200,2026-06-07T07:06:32,5298,0.0,5298.0,MOBILE_PAY
T001688,C0162,2026-02-14T12:07:49,8248,0.0,8248.0,CARD
T001689,C0228,2026-07-24T19:46:08,7346,229.65,7116.35,CASH
T001690,C0157,2025-10-14T05:03:26,8025,0.0,8025.0,CARD
T001691,C0168,2025-09-28T23:27:44,8596,0.0,8596.0,CARD
T001692,C0069,2026-07-03T06:45:54,6839,862.0,5977.0,MOBILE_PAY
T001693,C0332,2026-05-19T15:32:14,11343,0.0,11343.0,CASH
T001694,C0175,2025-12-07T14:24:23,861,0.0,861.0,MOBILE_PAY
T001695,C0325,2026-01-06T23:47:31,12606,41.0,12565.0,CASH
T001696,C0444,2026-01-10T01:14:02,8263,379.0,7884.0,CARD
T001697,C0428,2026-05-16T02:41:21,568,0.0,568.0,MOBILE_PAY
T001698,C0277,2026-06-27T16:36:34,2095,75.75,2019.25,CASH
T001699,C0334,2026-06-02T06:57:10,5709,303.6,5405.4,CASH
T001700,C0139,2025-12-06T13:20:48,5761,178.5,5582.5,CASH
T001701,C0360,2026-04-18T08:08:28,10553,115.6,10437.4,MOBILE_PAY
T001702,C0044,2026-03-19T23:03:27,9621,241.8,9379.2,CARD
T001703,C0150,2026-05-03T05:21:26,5267,0.0,5267.0,CASH
T001704,C0383,2026-08-17T16:05:05,10975,208.45,10766.55,CASH
T001705,C0208,2026-09-07T12:49:08,11660,0.0,11660.0,CASH
T001706,C0275,2026-04-06T01:48:56,2615,0.0,2615.0,CARD
T001707,C0402,2026-02-10T01:07:37,5459,142.0,5317.0,CARD
T001708,C0494,2026-06-02T14:55:21,13658,0.0,13658.0,CARD
T001709,C0231,2026-03-26T02:47:18,9238,261.6,8976.4,CASH
T001710,C0456,2025-10-16T14:52:10,3412,0.0,3412.0,CARD
T001711,C0356,2026-05-28T13:49:20,1531,0.0,1531.0,CASH
T001712,C0358,2025-12-26T17:43:08,7642,316.5,7325.5,MOBILE_PAY
T001713,C0413,2026-06-03T19:53:43,1824,91.2,1732.8,MOBILE_PAY
T001714,C0337,2025-10-03T18:05:00,6298,190.8,6107.2,CASH
T001715,C0448,2026-07-24T20:27:18,11589,654.25,10934.75,CASH
T001716,C0441,2025-11-21T03:46:16,3282,243.9,3038.1,MOBILE_PAY
T001717,C0151,2026-05-14T06:44:23,14004,177.6,13826.4,MOBILE_PAY
T001718,C0107,2025-12-12T11:17:59,3504,399.75,3104.25,CARD
T001719,C0371,2025-10-04T06:44:11,14648,378.75,14269.25,CARD
T001720,C0159,2025-11-14T05:49:09,345,0.0,345.0,CASH
T001721,C0267,2025-11-05T18:28:51,5436,0.0,5436.0,CARD
T001722,C0214,2026-07-08T05:01:01,10822,0.0,10822.0,MOBILE_PAY
T001723,C0379,2026-09-02T22:47:15,13200,249.3,12950.7,CARD
T001724,C0466,2025-11-24T12:12:17,12016,303.6,11712.4,CARD
T001725,C0312,2026-02-06T06:51:10,6266,49.3,6216.7,CARD
T001726,C0485,2026-05-31T08:33:55,11693,0.0,11693.0,MOBILE_PAY
T001727,C0380,2025-10-02T09:45:48,16054,510.0,15544.0,MOBILE_PAY
T001728,C0208,2025-10-22T01:31:49,3346,0.0,3346.0,CARD
T001729,C0467,2026-06-04T06:56:44,9661,0.0,9661.0,CASH
T001730,C0352,2026-04-12T06:01:08,12381,557.0,11824.0,CASH
T001731,C0397,2026-02-26T07:08:37,7154,0.0,7154.0,CASH
T001732,C0496,2026-08-17T19:16:38,13544,0.0,13544.0,CASH
T001733,C0008,2026-05-28T05:28:39,132,0.0,132.0,MOBILE_PAY
T001734,C0052,2025-10-11T07:32:38,8377,294.0,8083.0,CARD
T001735,C0005,2026-04-06T21:41:25,7150,0.0,7150.0,CASH
T001736,C0138,2026-01-12T04:11:35,8551,0.0,8551.0,MOBILE_PAY
T001737,C0067,2025-12-02T15:50:40,14313,545.5,13767.5,CASH
T001738,C0385,2026-05-07T06:41:19,9077,160.1,8916.9,CARD
T001739,C0215,2026-07-17T04:46:50,15869,249.6,15619.4,CASH
T001740,C0457,2025-10-06T04:46:46,4909,0.0,4909.0,CASH
T001741,C0103,2026-03-02T05:03:03,10381,0.0,10381.0,CASH
T001742,C0092,2026-06-11T05:03:19,1156,0.0,1156.0,CARD
T001743,C0240,2026-06-04T01:11:06,1276,0.0,1276.0,CASH
T001744,C0380,2026-05-18T13:58:37,11178,96.4,11081.6,CARD
T001745,C0050,2026-02-08T02:58:41,5414,0.0,5414.0,MOBILE_PAY
T001746,C0274,2025-11-24T05:46:04,3436,0.0,3436.0,CASH
T001747,C0397,2025-12-06T15:18:50,7235,0.0,7235.0,CARD
T001748,C0055,2025-11-29T05:13:20,3834,30.0,3804.0,CARD
T001749,C0008,2025-12-24T11:10:07,2224,0.0,2224.0,CASH
T001750,C0427,2026-08-23T18:31:33,4021,0.0,4021.0,MOBILE_PAY
T001751,C0448,2025-12-09T16:42:34,7767,0.0,7767.0,CASH
T001752,C0319,2026-03-04T18:19:34,7692,172.8,7519.2,MOBILE_PAY
T001753,C0319,2026-05-20T03:16:21,6586,292.0,6294.0,CASH
T001754,C0256,2025-12-18T03:47:18,1566,0.0,1566.0,MOBILE_PAY
T001755,C0095,2026-08-12T01:34:46,569,0.0,569.0,CARD
T001756,C0453,2025-11-12T12:34:32,795,0.0,795.0,CARD
T001757,C0066,2026-05-31T11:59:37,10885,0.0,10885.0,MOBILE_PAY
T001758,C0158,2026-05-03T01:46:19,12371,51.2,12319.8,CARD
T001759,C0468,2025-10-03T08:55:15,11510,181.8,11328.2,MOBILE_PAY
T001760,C0276,2026-02-23T14:03:18,8425,0.0,8425.0,MOBILE_PAY
T001761,C0356,2025-12-01T14:03:09,2206,187.2,2018.8,CASH
T001762,C0324,2026-09-06T12:58:33,5873,0.0,5873.0,CASH
T001763,C0158,2025-10-13T12:50:49,11513,62.8,11450.2,CASH
T001764,C0035,2025-10-02T13:55:58,12782,115.5,12666.5,MOBILE_PAY
T001765,C0125,2026-07-28T03:50:41,9018,248.4,8769.6,MOBILE_PAY
T001766,C0402,2026-04-08T20:55:12,4921,179.8,4741.2,CARD
T001767,C0493,2026-06-02T10:08:16,10223,0.0,10223.0,CASH
T001768,C0148,2025-12-12T05:36:05,6783,0.0,6783.0,CARD
T001769,C0095,2025-10-04T23:28:05,338,0.0,338.0,CARD
T001770,C0215,2026-09-27T12:08:57,9427,0.0,9427.0,CASH
T001771,C0088,2025-11-19T03:21:21,770,0.0,770.0,CARD
T001772,C0083,2026-08-08T18:47:11,20252,234.0,20018.0,CARD
T001773,C0112,2026-01-06T21:49:30,4719,18.25,4700.75,MOBILE_PAY
T001774,C0193,2026-07-29T08:09:17,7078,0.0,7078.0,CARD
T001775,C0309,2025-12-03T09:02:52,7755,0.0,7755.0,CARD
T001776,C0017,2026-09-13T15:11:58,458,0.0,458.0,CARD
T001777,C0405,2026-02-23T18:16:36,21220,268.4,20951.6,CARD
T001778,C0043,2026-06-07T04:29:56,5300,0.0,5300.0,CARD
T001779,C0335,2026-06-30T05:56:11,1512,0.0,1512.0,CASH
T001780,C0474,2026-03-10T17:52:00,3005,294.0,2711.0,CASH
T001781,C0408,2025-11-20T05:22:22,18909,170.0,18739.0,MOBILE_PAY
T001782,C0381,2026-01-06T02:05:40,8141,0.0,8141.0,CARD
T001783,C0455,2026-06-26T19:34:22,8210,0.0,8210.0,MOBILE_PAY
T001784,C0389,2026-08-05T21:17:28,6899,514.8,6384.2,CARD
T001785,C0317,2026-05-08T06:53:42,11540,197.25,11342.75,CARD
T001786,C0151,2026-03-21T12:35:16,1403,0.0,1403.0,CASH
T001787,C0164,2026-02-15T10:40:39,2484,0.0,2484.0,CARD
T001788,C0417,2025-12-29T04:28:17,8270,277.2,7992.8,MOBILE_PAY
T001789,C0073,2026-03-28T15:32:26,6015,0.0,6015.0,CARD
T001790,C0251,2026-08-01T02:24:44,7439,0.0,7439.0,CARD
T001791,C0256,2026-07-09T15:24:59,6035,0.0,6035.0,CARD
T001792,C0201,2026-05-31T21:57:07,13326,82.8,13243.2,CASH
T001793,C0172,2026-01-17T05:45:56,684,0.0,684.0,CARD
T001794,C0416,2025-10-06T22:43:14,10927,0.0,10927.0,CARD
T001795,C0232,2026-06-25T01:58:34,8416,0.0,8416.0,MOBILE_PAY
T001796,C0090,2026-08-07T10:58:04,9939,139.2,9799.8,MOBILE_PAY
T001797,C0294,2026-02-01T03:13:29,4291,0.0,4291.0,CARD
T001798,C0401,2026-04-07T10:50:14,12296,719.4,11576.6,CASH
T001799,C0371,2026-09-05T15:28:58,10704,919.6,9784.4,CARD
T001800,C0095,2026-07-27T22:35:02,1512,30.3,1481.7,CASH
T001801,C0026,2026-06-22T09:36:06,10070,13.4,10056.6,CARD
T001802,C0397,2025-11-02T00:30:08,12438,235.2,12202.8,MOBILE_PAY
T001803,C0048,2026-08-06T14:20:33,5408,0.0,5408.0,MOBILE_PAY
T001804,C0045,2026-06-03T14:40:51,9124,90.0,9034.0,CASH
T001805,C0318,2026-07-20T11:07:10,16108,77.65,16030.35,CARD
T001806,C0455,2026-01-12T21:27:32,4100,0.0,4100.0,CARD
T001807,C0062,2026-01-23T18:18:29,8921,152.75,8768.25,CARD
T001808,C0343,2026-02-26T03:26:44,9175,0.0,9175.0,MOBILE_PAY
T001809,C0091,2026-06-11T21:37:27,9639,0.0,9639.0,CASH
T001810,C0333,2026-05-17T08:28:30,5006,0.0,5006.0,MOBILE_PAY
T001811,C0494,2026-02-16T23:56:48,11771,375.0,11396.0,CARD
T001812,C0249,2026-09-12T07:26:35,13892,233.45,13658.55,CASH
T001813,C0236,2026-03-04T17:41:47,7442,0.0,7442.0,MOBILE_PAY
T001814,C0495,2026-06-17T16:54:46,4172,0.0,4172.0,MOBILE_PAY
T001815,C0149,2026-07-26T00:42:33,2136,66.2,2069.8,CASH
T001816,C0140,2026-09-15T00:55:40,5020,0.0,5020.0,CARD
T001817,C0256,2026-04-07T22:12:19,11490,0.0,11490.0,CASH
T001818,C0072,2026-01-04T14:12:29,9485,102.3,9382.7,CASH
T001819,C0381,2025-10-16T14:01:58,6283,197.25,6085.75,CARD
T001820,C0232,2026-07-04T01:03:00,4877,0.0,4877.0,MOBILE_PAY
T001821,C0447,2026-02-22T00:39:25,5667,0.0,5667.0,CASH
T001822,C0420,2026-04-26T01:35:46,23992,0.0,23992.0,CARD
T001823,C0482,2026-09-13T01:24:03,3938,125.6,3812.4,CARD
T001824,C0478,2026-04-06T17:23:43,11279,0.0,11279.0,CARD
T001825,C0172,2026-07-30T16:40:44,6208,0.0,6208.0,CASH
T001826,C0050,2025-12-17T04:05:44,25109,0.0,25109.0,CASH
T001827,C0258,2026-02-14T19:49:46,13060,0.0,13060.0,CARD
T001828,C0160,2026-06-05T03:24:24,8931,7.55,8923.45,CARD
T001829,C0160,2026-01-23T07:37:14,11541,873.3,10667.7,CARD
T001830,C0026,2026-01-03T14:20:45,8303,0.0,8303.0,CARD
T001831,C0250,2026-09-27T05:50:58,2904,54.4,2849.6,CASH
T001832,C0026,2026-02-19T00:24:21,9343,53.0,9290.0,MOBILE_PAY
T001833,C0425,2025-12-21T06:48:45,2784,0.0,2784.0,CARD
T001834,C0124,2026-01-04T01:50:48,10369,0.0,10369.0,CARD
T001835,C0108,2026-02-02T13:28:35,10091,0.0,10091.0,CARD
T001836,C0217,2026-07-05T16:07:37,4595,0.0,4595.0,MOBILE_PAY
T001837,C0323,2025-10-22T18:04:49,18791,2493.1,16297.9,MOBILE_PAY
T001838,C0341,2026-01-14T06:59:39,3674,0.0,3674.0,MOBILE_PAY
T001839,C0286,2026-02-22T04:16:18,10303,0.0,10303.0,CASH
T001840,C0139,2026-06-08T18:47:22,7615,0.0,7615.0,MOBILE_PAY
T001841,C0095,2026-03-12T22:38:53,2756,0.0,2756.0,CARD
T001842,C0258,2026-09-10T09:08:17,9757,24.15,9732.85,CARD
T001843,C0267,2026-04-28T11:35:52,11057,20.6,11036.4,CASH
T001844,C0277,2026-04-23T14:57:36,5940,0.0,5940.0,MOBILE_PAY
T001845,C0088,2026-06-11T15:14:13,15579,20.5,15558.5,CARD
T001846,C0003,2026-08-12T19:06:57,4626,0.0,4626.0,CARD
T001847,C0053,2026-03-08T22:36:19,6073,158.4,5914.6,CARD
T001848,C0354,2026-02-11T17:43:08,1204,0.0,1204.0,CARD
T001849,C0261,2026-09-22T11:31:25,4050,0.0,4050.0,CASH
T001850,C0089,2026-09-01T17:03:13,7936,286.8,7649.2,CARD
T001851,C0179,2026-04-14T22:40:54,6415,0.0,6415.0,MOBILE_PAY
T001852,C0178,2025-12-13T10:07:57,14796,499.95,14296.05,CASH
T001853,C0434,2026-06-13T00:45:51,14009,60.6,13948.4,MOBILE_PAY
T001854,C0255,2026-07-14T14:21:36,575,0.0,575.0,MOBILE_PAY
T001855,C0209,2026-09-01T03:50:29,404,0.0,404.0,MOBILE_PAY
T001856,C0374,2026-01-09T05:38:39,3594,140.4,3453.6,CASH
T001857,C0258,2026-04-12T01:21:55,814,0.0,814.0,CASH
T001858,C0135,2025-12-13T07:04:48,14816,82.4,14733.6,MOBILE_PAY
T001859,C0152,2026-07-29T17:57:54,7291,46.8,7244.2,CARD
T001860,C0090,2026-01-20T11:59:45,2633,0.0,2633.0,CASH
T001861,C0135,2026-05-03T08:57:25,852,0.0,852.0,MOBILE_PAY
T001862,C0306,2026-07-12T05:14:02,3768,149.0,3619.0,MOBILE_PAY
T001863,C0443,2026-08-25T18:41:27,9831,90.0,9741.0,CARD
T001864,C0004,2025-12-25T01:53:08,8826,0.0,8826.0,CASH
T001865,C0128,2026-06-11T03:01:51,2631,0.0,2631.0,CARD
T001866,C0108,2026-09-27T06:10:13,1365,0.0,1365.0,MOBILE_PAY
T001867,C0368,2026-09-22T05:28:16,416,0.0,416.0,CASH
T001868,C0345,2026-02-11T10:36:56,9168,178.2,8989.8,MOBILE_PAY
T001869,C0377,2026-06-08T15:02:24,2638,336.6,2301.4,MOBILE_PAY
T001870,C0261,2026-04-27T17:30:41,2956,0.0,2956.0,CASH
T001871,C0139,2026-03-12T20:59:26,15386,40.2,15345.8,CASH
T001872,C0389,2026-05-29T22:38:49,1170,0.0,1170.0,CASH
T001873,C0337,2025-11-28T10:18:10,21396,306.0,21090.0,CASH
T001874,C0398,2026-08-25T04:57:20,12221,0.0,12221.0,MOBILE_PAY
T001875,C0015,2026-03-08T00:46:29,738,0.0,738.0,CASH
T001876,C0218,2026-08-16T10:45:54,666,0.0,666.0,MOBILE_PAY
T001877,C0116,2026-04-07T08:05:25,2877,0.0,2877.0,CASH
T001878,C0188,2025-12-20T02:31:10,11938,0.0,11938.0,MOBILE_PAY
T001879,C0044,2026-03-14T21:37:01,10629,146.1,10482.9,CARD
T001880,C0049,2026-02-26T09:07:11,4921,453.0,4468.0,CARD
T001881,C0251,2026-08-15T13:45:02,8088,176.6,7911.4,CARD
T001882,C0157,2026-01-21T16:19:50,12939,0.0,12939.0,CASH
T001883,C0498,2026-04-16T07:02:30,7951,0.0,7951.0,CASH
T001884,C0023,2026-01-26T21:56:20,16301,0.0,16301.0,CARD
T001885,C0115,2025-12-29T14:54:23,6765,0.0,6765.0,MOBILE_PAY
T001886,C0250,2025-11-26T04:34:54,8196,0.0,8196.0,CARD
T001887,C0235,2025-10-08T15:52:48,7203,546.0,6657.0,CARD
T001888,C0325,2026-08-27T12:53:10,2369,0.0,2369.0,CASH
T001889,C0278,2026-06-11T18:21:47,1148,0.0,1148.0,MOBILE_PAY
T001890,C0043,2026-08-08T09:37:54,10026,0.0,10026.0,CASH
T001891,C0129,2026-03-25T05:02:57,3322,0.0,3322.0,MOBILE_PAY
T001892,C0132,2026-03-29T21:15:42,9235,1486.8,7748.2,CASH
T001893,C0265,2026-02-16T00:05:09,6530,30.2,6499.8,MOBILE_PAY
T001894,C0118,2026-04-18T23:43:28,5891,0.0,5891.0,CASH
T001895,C0360,2026-03-29T04:49:55,7261,153.6,7107.4,CASH
T001896,C0428,2025-09-29T01:26:38,3580,0.0,3580.0,MOBILE_PAY
T001897,C0347,2026-09-21T06:00:25,3989,99.3,3889.7,CASH
T001898,C0153,2026-04-12T12:41:58,16422,0.0,16422.0,CARD
T001899,C0496,2026-09-12T05:35:07,8719,0.0,8719.0,CASH
T001900,C0451,2026-05-21T18:36:10,5065,0.0,5065.0,MOBILE_PAY
T001901,C0362,2026-01-18T04:34:35,16197,85.2,16111.8,CASH
T001902,C0101,2025-12-30T22:16:35,5344,0.0,5344.0,MOBILE_PAY
T001903,C0346,2025-11-28T01:25:12,1925,0.0,1925.0,MOBILE_PAY
T001904,C0331,2026-07-24T12:58:51,19232,130.8,19101.2,CARD
T001905,C0430,2026-09-05T12:36:50,12805,85.2,12719.8,CARD
T001906,C0144,2026-06-06T21:22:44,13159,0.0,13159.0,CASH
T001907,C0055,2026-03-04T22:25:01,7358,144.4,7213.6,CARD
T001908,C0060,2026-07-23T21:15:57,4603,0.0,4603.0,CARD
T001909,C0010,2026-08-05T14:18:59,8678,399.75,8278.25,CASH
T001910,C0411,2026-05-22T05:11:35,6852,120.0,6732.0,CARD
T001911,C0306,2026-05-03T02:19:25,7210,103.2,7106.8,CASH
T001912,C0019,2025-12-21T02:50:05,7186,0.0,7186.0,CASH
T001913,C0193,2026-06-09T09:25:50,1929,76.05,1852.95,CASH
T001914,C0182,2026-08-15T06:45:48,4865,0.0,4865.0,CARD
T001915,C0131,2026-06-06T06:18:44,11109,379.0,10730.0,CARD
T001916,C0143,2026-01-03T01:57:05,6197,40.25,6156.75,CASH
T001917,C0148,2026-01-22T02:08:26,7143,36.1,7106.9,CASH
T001918,C0024,2025-12-30T23:41:30,3434,0.0,3434.0,CARD
T001919,C0178,2026-08-31T15:35:59,8368,248.4,8119.6,MOBILE_PAY
T001920,C0384,2026-07-07T07:42:29,12452,176.4,12275.6,MOBILE_PAY
T001921,C0290,2026-03-13T12:30:02,4103,134.5,3968.5,MOBILE_PAY
T001922,C0086,2026-05-17T03:49:42,9790,0.0,9790.0,CASH
T001923,C0475,2026-06-22T10:48:24,13203,482.25,12720.75,CASH
T001924,C0192,2026-02-05T05:53:00,2179,30.2,2148.8,CASH
T001925,C0037,2026-08-29T19:21:19,15281,0.0,15281.0,CASH
T001926,C0180,2026-04-23T06:41:25,742,0.0,742.0,CARD
T001927,C0022,2025-10-09T14:01:08,10172,92.4,10079.6,MOBILE_PAY
T001928,C0289,2026-02-12T13:14:53,1660,0.0,1660.0,CASH
T001929,C0168,2025-10-06T12:26:10,6021,327.0,5694.0,CASH
T001930,C0052,2026-07-20T15:57:18,7899,0.0,7899.0,CASH
T001931,C0177,2026-07-05T11:31:25,11349,0.0,11349.0,CARD
T001932,C0033,2026-07-31T06:17:05,5403,363.6,5039.4,MOBILE_PAY
T001933,C0005,2026-01-23T23:12:40,3099,294.75,2804.25,CASH
T001934,C0021,2026-01-29T05:16:47,16658,0.0,16658.0,MOBILE_PAY
T001935,C0019,2026-08-03T20:38:03,1501,21.3,1479.7,CASH
T001936,C0372,2025-10-20T10:03:44,6636,0.0,6636.0,CASH
T001937,C0316,2026-02-14T13:13:20,2511,0.0,2511.0,CASH
T001938,C0041,2026-07-04T04:29:51,17673,0.0,17673.0,CASH
T001939,C0229,2025-10-09T15:57:04,818,0.0,818.0,CASH
T001940,C0130,2026-05-16T16:48:31,12906,0.0,12906.0,CASH
T001941,C0002,2025-12-04T04:41:24,5157,0.0,5157.0,CARD
T001942,C0338,2026-04-21T21:30:22,4488,0.0,4488.0,CARD
T001943,C0354,2026-01-09T19:21:50,13529,0.0,13529.0,CARD
T001944,C0315,2026-03-01T23:23:31,1670,0.0,1670.0,CASH
T001945,C0118,2026-03-26T06:45:17,13606,42.6,13563.4,MOBILE_PAY
T001946,C0168,2025-11-30T10:26:00,8856,522.0,8334.0,CARD
T001947,C0177,2026-07-08T21:08:29,7364,0.0,7364.0,CARD
T001948,C0413,2026-08-12T19:12:49,9221,0.0,9221.0,MOBILE_PAY
T001949,C0157,2025-09-30T11:08:22,3393,0.0,3393.0,CASH
T001950,C0213,2025-10-17T03:25:34,12947,0.0,12947.0,MOBILE_PAY
T001951,C0392,2026-03-24T02:36:06,10230,0.0,10230.0,CARD
T001952,C0104,2025-12-12T19:39:31,6174,177.6,5996.4,MOBILE_PAY
T001953,C0396,2026-01-14T03:58:51,10530,0.0,10530.0,CASH
T001954,C0020,2025-12-03T03:57:41,4027,76.5,3950.5,CARD
T001955,C0016,2026-09-18T16:59:49,4237,282.0,3955.0,CASH
T001956,C0204,2026-07-18T17:20:44,3644,0.0,3644.0,MOBILE_PAY
T001957,C0270,2026-05-19T15:54:16,6068,142.0,5926.0,CASH
T001958,C0118,2026-07-18T20:24:42,1569,0.0,1569.0,CASH
T001959,C0370,2025-12-12T11:03:30,5393,211.5,5181.5,CARD
T001960,C0145,2026-05-05T12:58:07,13940,0.0,13940.0,CARD
T001961,C0286,2025-10-15T00:33:06,12559,1068.5,11490.5,CARD
T001962,C0474,2026-06-24T22:46:39,3727,75.9,3651.1,CASH
T001963,C0326,2026-03-27T19:39:36,2564,0.0,2564.0,MOBILE_PAY
T001964,C0165,2026-03-19T19:37:01,8153,0.0,8153.0,CARD
T001965,C0500,2025-12-24T13:10:08,10755,0.0,10755.0,MOBILE_PAY
T001966,C0106,2026-09-17T12:13:05,7323,0.0,7323.0,MOBILE_PAY
T001967,C0417,2026-07-11T00:17:26,3888,0.0,3888.0,CARD
T001968,C0342,2026-04-05T14:08:15,7813,0.0,7813.0,MOBILE_PAY
T001969,C0159,2026-09-14T12:30:56,2554,0.0,2554.0,CASH
T001970,C0487,2025-11-21T09:12:06,8584,0.0,8584.0,CARD
T001971,C0370,2026-08-21T06:26:51,4366,0.0,4366.0,CARD
T001972,C0393,2026-05-14T12:42:16,3095,0.0,3095.0,MOBILE_PAY
T001973,C0073,2026-01-27T12:18:56,8755,117.4,8637.6,CARD
T001974,C0355,2026-01-10T00:02:07,7808,0.0,7808.0,MOBILE_PAY
T001975,C0441,2026-05-31T20:49:58,3475,226.5,3248.5,CASH
T001976,C0388,2026-07-30T11:51:42,5849,0.0,5849.0,MOBILE_PAY
T001977,C0126,2026-09-20T09:15:41,3323,177.0,3146.0,CARD
T001978,C0305,2026-02-08T09:46:59,30121,0.0,30121.0,MOBILE_PAY
T001979,C0165,2026-06-13T07:15:46,7890,0.0,7890.0,CASH
T001980,C0063,2026-05-29T12:26:20,5650,45.2,5604.8,CARD
T001981,C0021,2026-06-20T13:17:14,7657,0.0,7657.0,CASH
T001982,C0023,2025-09-29T03:25:05,17349,129.5,17219.5,CASH
T001983,C0255,2025-12-30T03:30:15,1237,0.0,1237.0,CARD
T001984,C0345,2026-05-03T15:08:39,1947,0.0,1947.0,CARD
T001985,C0292,2026-09-21T15:55:44,7380,391.9,6988.1,CASH
T001986,C0324,2025-10-08T09:09:30,16942,543.1,16398.9,CARD
T001987,C0489,2025-10-21T22:03:40,15584,491.25,15092.75,MOBILE_PAY
T001988,C0065,2026-03-10T01:25:17,9683,209.4,9473.6,CASH
T001989,C0173,2025-11-19T18:19:23,20157,1481.4,18675.6,CASH
T001990,C0316,2026-02-04T09:59:36,11276,1319.7,9956.3,CASH
T001991,C0087,2026-05-02T09:56:15,2026,0.0,2026.0,MOBILE_PAY
T001992,C0100,2026-02-10T15:53:06,2518,0.0,2518.0,CARD
T001993,C0402,2025-11-08T23:30:04,346,0.0,346.0,CASH
T001994,C0206,2026-02-11T21:33:18,23334,634.65,22699.35,CASH
T001995,C0112,2025-10-12T05:11:33,4554,628.2,3925.8,MOBILE_PAY
T001996,C0481,2026-06-17T01:01:07,6888,131.5,6756.5,MOBILE_PAY
T001997,C0340,2025-11-17T19:14:05,11589,872.0,10717.0,CASH
T001998,C0041,2026-06-21T21:56:01,5959,0.0,5959.0,CASH
T001999,C0189,2026-06-25T01:11:28,3792,164.8,3627.2,CASH
T002000,C0188,2026-06-01T06:59:17,3118,192.0,2926.0,CARD
T002001,C0457,2025-09-29T04:08:55,5196,0.0,5196.0,CARD
T002002,C0442,2026-01-21T18:02:39,3874,0.0,3874.0,CARD
T002003,C0112,2026-02-07T16:25:10,286,0.0,286.0,CASH
T002004,C0378,2025-10-06T06:39:42,10713,0.0,10713.0,MOBILE_PAY
T002005,C0478,2026-06-09T19:11:03,14011,0.0,14011.0,MOBILE_PAY
T002006,C0298,2025-12-08T03:02:35,1613,0.0,1613.0,CASH
T002007,C0470,2026-05-03T16:03:56,6744,128.7,6615.3,MOBILE_PAY
T002008,C0493,2025-11-02T20:55:46,5588,392.0,5196.0,CASH
T002009,C0278,2026-01-26T07:36:15,2114,426.6,1687.4,CARD
T002010,C0329,2025-12-17T17:30:33,1060,106.0,954.0,CASH
T002011,C0049,2026-02-07T15:40:59,5821,204.1,5616.9,MOBILE_PAY
T002012,C0145,2025-12-24T10:21:59,12439,0.0,12439.0,CARD
T002013,C0155,2026-09-05T20:58:15,5562,0.0,5562.0,CASH
T002014,C0211,2025-10-22T10:07:38,5990,109.2,5880.8,MOBILE_PAY
T002015,C0102,2025-11-20T08:52:51,2922,20.5,2901.5,MOBILE_PAY
T002016,C0393,2026-09-15T05:56:51,6610,15.15,6594.85,CASH
T002017,C0419,2026-03-26T11:32:49,7934,323.0,7611.0,CARD
T002018,C0389,2026-05-16T23:44:48,8574,0.0,8574.0,CASH
T002019,C0278,2026-01-08T03:07:47,4187,0.0,4187.0,CARD
T002020,C0375,2026-07-24T00:17:49,11547,327.8,11219.2,CASH
T002021,C0088,2026-06-19T20:05:26,1816,0.0,1816.0,CASH
T002022,C0163,2026-06-20T22:58:33,8661,121.6,8539.4,MOBILE_PAY
T002023,C0496,2026-06-15T09:25:14,15935,1229.6,14705.4,MOBILE_PAY
T002024,C0435,2026-06-20T03:13:57,4228,352.5,3875.5,MOBILE_PAY
T002025,C0387,2025-12-26T14:13:53,10618,597.0,10021.0,CARD
T002026,C0108,2026-08-13T10:25:45,6012,381.6,5630.4,MOBILE_PAY
T002027,C0351,2025-12-23T04:44:12,10772,454.5,10317.5,CASH
T002028,C0106,2026-07-15T18:52:02,25702,0.0,25702.0,MOBILE_PAY
T002029,C0390,2026-04-06T03:38:18,15482,0.0,15482.0,MOBILE_PAY
T002030,C0495,2026-05-26T05:43:23,21475,134.2,21340.8,CASH
T002031,C0309,2026-08-26T16:20:30,4670,118.4,4551.6,CASH
T002032,C0284,2026-08-16T13:39:42,14232,805.25,13426.75,CARD
T002033,C0171,2026-07-18T19:54:03,17682,0.0,17682.0,CASH
T002034,C0091,2026-02-02T16:19:23,1644,0.0,1644.0,CASH
T002035,C0079,2025-12-09T07:55:50,13217,0.0,13217.0,CASH
T002036,C0344,2025-10-27T20:02:59,12218,0.0,12218.0,MOBILE_PAY
T002037,C0249,2026-08-02T23:55:05,1676,0.0,1676.0,CARD
T002038,C0499,2026-07-04T12:08:18,1464,0.0,1464.0,CASH
T002039,C0285,2026-07-05T19:12:05,7060,0.0,7060.0,CARD
T002040,C0298,2026-09-14T00:02:46,446,0.0,446.0,CASH
T002041,C0498,2025-11-05T08:10:55,3928,0.0,3928.0,CASH
T002042,C0244,2025-11-09T15:41:16,11703,0.0,11703.0,CARD
T002043,C0297,2025-11-21T12:32:10,5459,437.4,5021.6,CASH
T002044,C0258,2025-12-29T02:26:43,3758,153.6,3604.4,CASH
T002045,C0121,2026-06-09T08:48:28,10982,0.0,10982.0,MOBILE_PAY
T002046,C0228,2026-02-11T05:12:06,4909,0.0,4909.0,MOBILE_PAY
T002047,C0346,2026-05-09T00:28:51,10537,0.0,10537.0,CASH
T002048,C0413,2025-10-08T14:53:31,8915,0.0,8915.0,MOBILE_PAY
T002049,C0006,2026-01-11T23:51:06,23264,0.0,23264.0,CASH
T002050,C0272,2026-08-30T17:52:50,11136,227.6,10908.4,CASH
T002051,C0393,2025-12-01T02:08:16,7527,0.0,7527.0,CARD
T002052,C0123,2026-03-02T01:22:04,12167,85.5,12081.5,CARD
T002053,C0211,2026-02-13T07:19:04,2400,0.0,2400.0,CARD
T002054,C0361,2025-12-07T23:51:59,7282,0.0,7282.0,MOBILE_PAY
T002055,C0407,2026-09-05T22:50:37,14379,0.0,14379.0,MOBILE_PAY
T002056,C0096,2026-03-25T05:00:41,1394,0.0,1394.0,CARD
T002057,C0258,2026-08-10T14:51:45,2512,0.0,2512.0,CARD
T002058,C0287,2026-01-07T21:15:00,2882,0.0,2882.0,CARD
T002059,C0135,2025-11-24T03:27:32,11483,261.0,11222.0,CARD
T002060,C0319,2026-04-29T09:51:07,11340,63.8,11276.2,CARD
T002061,C0440,2026-03-14T21:11:37,4420,0.0,4420.0,CASH
T002062,C0203,2026-08-19T16:45:31,9203,112.5,9090.5,MOBILE_PAY
T002063,C0457,2026-06-16T16:15:24,10600,126.75,10473.25,CARD
T002064,C0043,2026-02-21T23:29:24,299,0.0,299.0,CARD
T002065,C0071,2026-09-14T04:21:43,4370,0.0,4370.0,MOBILE_PAY
T002066,C0298,2025-12-07T10:08:49,5526,0.0,5526.0,CARD
T002067,C0324,2026-08-06T08:25:18,7574,0.0,7574.0,CASH
T002068,C0274,2026-06-13T15:29:56,7610,1076.0,6534.0,MOBILE_PAY
T002069,C0079,2026-02-07T20:36:27,8318,0.0,8318.0,MOBILE_PAY
T002070,C0337,2025-11-09T09:28:54,3211,0.0,3211.0,CASH
T002071,C0114,2026-06-22T23:46:49,9126,514.0,8612.0,MOBILE_PAY
T002072,C0388,2025-10-17T03:12:06,3814,236.4,3577.6,CARD
T002073,C0445,2026-04-18T14:50:54,7878,0.0,7878.0,MOBILE_PAY
T002074,C0351,2026-02-15T10:39:10,7736,0.0,7736.0,MOBILE_PAY
T002075,C0307,2026-04-07T21:00:58,6447,0.0,6447.0,CARD
T002076,C0428,2025-12-23T01:27:05,5130,0.0,5130.0,MOBILE_PAY
T002077,C0331,2026-04-20T13:03:08,12879,516.5,12362.5,MOBILE_PAY
T002078,C0103,2025-12-11T00:27:30,5789,272.75,5516.25,MOBILE_PAY
T002079,C0149,2026-04-30T10:31:11,3434,0.0,3434.0,CARD
T002080,C0395,2026-07-01T22:15:52,14227,118.2,14108.8,CASH
T002081,C0158,2026-06-17T03:56:10,8781,0.0,8781.0,CASH
T002082,C0209,2026-02-10T05:56:31,7482,386.1,7095.9,MOBILE_PAY
T002083,C0162,2026-02-09T15:37:40,7417,0.0,7417.0,CASH
T002084,C0281,2026-01-18T21:36:51,1632,0.0,1632.0,CARD
T002085,C0344,2026-02-07T04:32:02,1688,0.0,1688.0,CASH
T002086,C0311,2025-10-28T10:45:17,6999,493.8,6505.2,CASH
T002087,C0314,2026-01-06T01:55:27,8994,235.0,8759.0,CASH
T002088,C0459,2026-05-30T16:43:35,700,0.0,700.0,CARD
T002089,C0104,2026-07-18T02:48:43,3577,0.0,3577.0,CARD
T002090,C0317,2026-03-13T19:38:02,12671,427.5,12243.5,CASH
T002091,C0440,2025-10-13T04:44:20,9786,314.0,9472.0,MOBILE_PAY
T002092,C0454,2026-08-03T06:26:02,18046,0.0,18046.0,CARD
T002093,C0121,2026-05-19T17:01:25,213,10.65,202.35,CASH
T002094,C0184,2026-08-13T05:08:39,13756,0.0,13756.0,CASH
T002095,C0314,2026-09-15T05:57:36,870,261.0,609.0,CARD
T002096,C0470,2026-05-28T07:46:00,2615,0.0,2615.0,CARD
T002097,C0134,2025-10-28T16:06:39,4649,262.0,4387.0,MOBILE_PAY
T002098,C0106,2026-05-12T07:40:05,12856,0.0,12856.0,CARD
T002099,C0216,2025-12-26T10:35:45,9819,0.0,9819.0,CARD
T002100,C0406,2026-01-31T04:21:54,17493,0.0,17493.0,CARD
T002101,C0267,2025-11-02T16:46:11,6603,0.0,6603.0,MOBILE_PAY
T002102,C0154,2025-10-27T17:28:08,13654,340.0,13314.0,CASH
T002103,C0162,2026-03-31T09:22:19,9527,0.0,9527.0,CARD
T002104,C0220,2026-06-12T18:17:15,3601,340.4,3260.6,MOBILE_PAY
T002105,C0390,2026-09-12T12:54:07,6756,475.0,6281.0,CASH
T002106,C0148,2026-09-20T19:16:07,9032,0.0,9032.0,CASH
T002107,C0111,2026-01-23T12:21:05,21333,261.6,21071.4,CARD
T002108,C0493,2026-02-07T21:17:50,5898,336.6,5561.4,MOBILE_PAY
T002109,C0174,2026-08-15T03:44:57,1860,0.0,1860.0,MOBILE_PAY
T002110,C0115,2026-02-13T02:44:43,3671,71.4,3599.6,CASH
T002111,C0420,2026-01-26T17:02:33,5454,628.2,4825.8,CARD
T002112,C0466,2026-07-17T19:21:16,1212,0.0,1212.0,CASH
T002113,C0064,2026-06-20T00:35:34,8248,0.0,8248.0,MOBILE_PAY
T002114,C0153,2025-12-21T16:35:48,4662,0.0,4662.0,MOBILE_PAY
T002115,C0349,2026-06-21T17:22:03,2801,117.0,2684.0,MOBILE_PAY
T002116,C0233,2026-03-22T12:06:21,3675,0.0,3675.0,CASH
T002117,C0071,2026-06-25T13:38:27,8684,279.65,8404.35,MOBILE_PAY
T002118,C0314,2025-10-09T10:04:31,13592,0.0,13592.0,MOBILE_PAY
T002119,C0269,2026-09-21T01:17:49,16034,0.0,16034.0,CASH
T002120,C0464,2026-07-21T07:53:32,13868,198.6,13669.4,MOBILE_PAY
T002121,C0189,2026-03-08T13:42:47,4334,0.0,4334.0,CARD
T002122,C0157,2025-11-18T23:43:48,6841,0.0,6841.0,MOBILE_PAY
T002123,C0024,2026-03-30T07:55:30,1204,0.0,1204.0,CASH
T002124,C0170,2025-12-08T16:53:23,1380,0.0,1380.0,MOBILE_PAY
T002125,C0391,2026-04-26T11:31:59,9786,30.3,9755.7,MOBILE_PAY
T002126,C0052,2026-08-21T12:38:35,8367,0.0,8367.0,MOBILE_PAY
T002127,C0140,2025-11-08T02:12:07,18793,0.0,18793.0,CASH
T002128,C0131,2026-03-07T17:42:43,8537,0.0,8537.0,MOBILE_PAY
T002129,C0137,2026-03-23T05:33:16,13155,458.25,12696.75,MOBILE_PAY
T002130,C0360,2025-12-13T21:02:06,10287,0.0,10287.0,CARD
T002131,C0158,2026-01-01T09:12:22,8589,0.0,8589.0,MOBILE_PAY
T002132,C0362,2026-03-18T00:58:39,10978,0.0,10978.0,CASH
T002133,C0001,2026-01-02T10:38:34,544,0.0,544.0,CASH
T002134,C0391,2026-02-23T21:47:11,4658,15.3,4642.7,CASH
T002135,C0118,2025-11-03T08:37:40,6589,0.0,6589.0,CASH
T002136,C0228,2026-08-20T20:14:18,673,0.0,673.0,CASH
T002137,C0047,2025-11-20T19:23:42,8762,0.0,8762.0,MOBILE_PAY
T002138,C0451,2026-08-21T18:44:54,7802,0.0,7802.0,MOBILE_PAY
T002139,C0195,2025-10-31T00:28:32,7693,0.0,7693.0,CARD
T002140,C0452,2026-06-13T15:09:08,8027,0.0,8027.0,MOBILE_PAY
T002141,C0109,2026-01-28T13:44:41,11888,638.0,11250.0,CARD
T002142,C0074,2026-08-15T19:12:11,1152,67.8,1084.2,CASH
T002143,C0134,2026-03-30T23:58:11,11301,0.0,11301.0,MOBILE_PAY
T002144,C0178,2026-02-19T17:52:26,9019,101.4,8917.6,CASH
T002145,C0104,2026-03-10T15:06:25,10208,0.0,10208.0,MOBILE_PAY
T002146,C0100,2026-07-03T13:41:08,2832,0.0,2832.0,CASH
T002147,C0315,2026-07-04T15:31:17,2304,0.0,2304.0,MOBILE_PAY
T002148,C0441,2026-07-20T09:46:50,1359,0.0,1359.0,CASH
T002149,C0439,2026-08-30T23:00:49,12325,0.0,12325.0,MOBILE_PAY
T002150,C0451,2026-07-14T10:52:03,3880,127.6,3752.4,CASH
T002151,C0399,2025-12-01T01:21:29,672,0.0,672.0,CARD
T002152,C0345,2026-07-19T20:18:12,12907,15.15,12891.85,CASH
T002153,C0377,2026-03-11T11:49:55,1065,0.0,1065.0,CASH
T002154,C0109,2026-01-05T05:16:12,5539,0.0,5539.0,MOBILE_PAY
T002155,C0079,2026-09-05T04:40:37,14338,0.0,14338.0,MOBILE_PAY
T002156,C0062,2025-11-05T16:52:51,15354,597.2,14756.8,MOBILE_PAY
T002157,C0151,2025-12-03T18:43:48,3950,0.0,3950.0,CASH
T002158,C0352,2026-07-16T19:39:59,12611,227.7,12383.3,MOBILE_PAY
T002159,C0259,2026-03-11T01:42:01,1707,41.9,1665.1,CARD
T002160,C0006,2025-10-08T10:44:35,10704,538.0,10166.0,MOBILE_PAY
T002161,C0492,2026-04-14T18:47:13,264,0.0,264.0,CARD
T002162,C0434,2026-01-05T07:13:54,13659,0.0,13659.0,CARD
T002163,C0351,2026-04-19T10:51:18,2764,0.0,2764.0,MOBILE_PAY
T002164,C0334,2025-11-12T07:33:43,4068,0.0,4068.0,CASH
T002165,C0365,2026-04-13T19:11:31,3324,0.0,3324.0,CARD
T002166,C0090,2026-07-28T13:53:03,7677,0.0,7677.0,CASH
T002167,C0120,2026-06-08T15:51:58,11289,0.0,11289.0,CARD
T002168,C0406,2026-03-17T23:14:24,1530,0.0,1530.0,MOBILE_PAY
T002169,C0052,2026-02-26T14:52:47,6724,489.75,6234.25,CARD
T002170,C0456,2025-11-28T08:05:27,10327,0.0,10327.0,CARD
T002171,C0074,2025-10-02T18:21:55,2336,0.0,2336.0,CASH
T002172,C0271,2026-05-14T02:07:30,8511,0.0,8511.0,CARD
T002173,C0332,2026-05-26T15:00:14,6461,0.0,6461.0,MOBILE_PAY
T002174,C0454,2026-09-24T14:08:36,13119,0.0,13119.0,CASH
T002175,C0076,2025-10-20T06:40:57,9275,902.85,8372.15,CARD
T002176,C0317,2026-03-10T21:47:58,797,0.0,797.0,CARD
T002177,C0014,2026-05-07T01:05:23,13081,0.0,13081.0,MOBILE_PAY
T002178,C0467,2025-12-27T04:13:19,3490,0.0,3490.0,CASH
T002179,C0065,2025-10-29T20:12:32,8324,0.0,8324.0,CASH
T002180,C0256,2026-05-19T15:53:40,4042,166.4,3875.6,MOBILE_PAY
T002181,C0495,2026-08-16T12:00:21,1726,43.2,1682.8,MOBILE_PAY
T002182,C0496,2026-03-13T20:33:07,8776,0.0,8776.0,CARD
T002183,C0052,2025-12-29T16:24:39,7955,0.0,7955.0,CASH
T002184,C0199,2025-10-05T02:52:02,8233,266.8,7966.2,CARD
T002185,C0421,2026-07-31T03:03:37,5323,0.0,5323.0,MOBILE_PAY
T002186,C0173,2026-08-21T02:12:58,7063,0.0,7063.0,CASH
T002187,C0216,2025-12-27T11:57:29,12104,0.0,12104.0,CASH
T002188,C0345,2026-09-20T17:17:21,746,0.0,746.0,CASH
T002189,C0489,2026-05-25T11:19:24,5849,126.75,5722.25,CARD
T002190,C0067,2026-05-17T09:53:10,164,0.0,164.0,CARD
T002191,C0462,2026-02-04T18:47:53,651,0.0,651.0,CASH
T002192,C0004,2025-10-25T22:13:55,2541,0.0,2541.0,CARD
T002193,C0449,2026-03-15T12:59:47,10056,45.45,10010.55,CARD
T002194,C0074,2026-07-13T12:12:00,12757,562.75,12194.25,CASH
T002195,C0069,2026-04-07T03:52:53,14103,538.8,13564.2,MOBILE_PAY
T002196,C0051,2025-10-20T07:39:59,7015,0.0,7015.0,MOBILE_PAY
T002197,C0071,2026-01-25T23:20:05,6167,0.0,6167.0,CASH
T002198,C0221,2026-02-04T14:41:39,10269,0.0,10269.0,MOBILE_PAY
T002199,C0189,2025-10-09T21:35:26,5902,0.0,5902.0,MOBILE_PAY
T002200,C0237,2026-06-30T21:42:01,17233,352.5,16880.5,CASH
T002201,C0009,2026-02-02T09:58:12,3871,0.0,3871.0,CASH
T002202,C0469,2026-07-04T07:58:14,4392,0.0,4392.0,CASH
T002203,C0159,2026-05-24T08:05:46,13256,270.75,12985.25,MOBILE_PAY
T002204,C0341,2026-08-12T07:47:22,2160,540.0,1620.0,CARD
T002205,C0294,2026-05-14T11:36:33,12391,0.0,12391.0,CARD
T002206,C0030,2026-04-24T22:35:31,5765,0.0,5765.0,CARD
T002207,C0013,2025-11-21T18:09:04,5323,470.0,4853.0,CARD
T002208,C0255,2026-09-18T16:14:42,7414,75.75,7338.25,CASH
T002209,C0100,2026-08-12T02:02:17,582,0.0,582.0,MOBILE_PAY
T002210,C0245,2025-11-14T20:16:50,2180,654.0,1526.0,CARD
T002211,C0003,2026-09-17T09:25:59,2154,67.8,2086.2,MOBILE_PAY
T002212,C0239,2026-06-17T06:34:11,5967,588.2,5378.8,CARD
T002213,C0496,2026-06-27T15:36:38,10808,0.0,10808.0,CASH
T002214,C0347,2026-07-05T07:00:20,11142,91.25,11050.75,MOBILE_PAY
T002215,C0316,2026-03-08T22:02:44,1296,0.0,1296.0,MOBILE_PAY
T002216,C0267,2026-03-17T10:32:35,4685,0.0,4685.0,CARD
T002217,C0133,2025-12-24T15:50:55,13577,0.0,13577.0,MOBILE_PAY
T002218,C0370,2026-06-17T02:05:16,436,65.4,370.6,MOBILE_PAY
T002219,C0275,2026-08-05T11:01:40,3160,51.2,3108.8,MOBILE_PAY
T002220,C0277,2025-11-05T02:28:35,8962,123.6,8838.4,CARD
T002221,C0208,2025-12-03T13:32:37,4312,0.0,4312.0,CARD
T002222,C0033,2026-07-19T16:00:06,1384,0.0,1384.0,MOBILE_PAY
T002223,C0316,2025-12-19T21:39:40,7461,16.55,7444.45,CARD
T002224,C0315,2026-01-14T04:17:16,9804,265.5,9538.5,CASH
T002225,C0079,2026-07-27T20:15:15,5529,15.15,5513.85,MOBILE_PAY
T002226,C0042,2025-12-25T06:38:50,671,67.1,603.9,MOBILE_PAY
T002227,C0143,2026-08-14T18:18:37,1640,0.0,1640.0,MOBILE_PAY
T002228,C0162,2026-07-25T10:02:32,7730,0.0,7730.0,CARD
T002229,C0097,2026-04-21T12:13:26,2670,0.0,2670.0,CASH
T002230,C0298,2026-09-19T11:33:45,13055,257.4,12797.6,CASH
T002231,C0219,2026-05-01T05:35:31,13495,178.5,13316.5,MOBILE_PAY
T002232,C0372,2026-04-21T08:16:48,27188,587.5,26600.5,CARD
T002233,C0138,2025-10-12T05:26:31,4217,8.05,4208.95,CARD
T002234,C0235,2026-01-25T02:56:22,6697,476.5,6220.5,CASH
T002235,C0261,2026-04-10T06:32:24,1380,0.0,1380.0,CARD
T002236,C0367,2026-02-07T22:34:03,6864,0.0,6864.0,MOBILE_PAY
T002237,C0028,2026-08-23T11:19:16,5319,833.35,4485.65,MOBILE_PAY
T002238,C0383,2026-09-25T16:42:48,6656,176.4,6479.6,MOBILE_PAY
T002239,C0113,2025-11-01T09:52:03,440,0.0,440.0,CARD
T002240,C0119,2026-06-09T15:48:05,6138,255.0,5883.0,MOBILE_PAY
T002241,C0090,2026-01-18T14:07:37,15425,213.0,15212.0,CARD
T002242,C0353,2026-06-06T19:13:18,2490,0.0,2490.0,CARD
T002243,C0137,2025-11-25T09:54:18,3116,0.0,3116.0,CASH
T002244,C0256,2025-10-19T11:47:41,6916,108.0,6808.0,CARD
T002245,C0192,2025-11-22T16:37:24,12358,350.1,12007.9,CASH
T002246,C0191,2026-02-17T16:53:56,892,0.0,892.0,CASH
T002247,C0285,2026-05-21T07:58:02,5679,0.0,5679.0,CARD
T002248,C0382,2026-08-10T03:37:55,5645,0.0,5645.0,CASH
T002249,C0128,2025-12-30T09:07:10,7668,0.0,7668.0,MOBILE_PAY
T002250,C0376,2026-03-01T21:56:45,13230,67.1,13162.9,MOBILE_PAY
T002251,C0447,2026-01-20T22:18:30,3616,418.8,3197.2,CARD
T002252,C0278,2026-02-16T12:39:41,11670,289.35,11380.65,MOBILE_PAY
T002253,C0315,2025-10-15T05:23:39,2156,65.4,2090.6,CASH
T002254,C0215,2026-08-26T21:27:16,1920,0.0,1920.0,MOBILE_PAY
T002255,C0272,2026-06-18T04:24:05,7423,117.6,7305.4,CASH
T002256,C0422,2025-11-22T11:59:29,4008,0.0,4008.0,CARD
T002257,C0339,2026-04-30T00:55:04,13883,782.55,13100.45,CARD
T002258,C0366,2025-12-04T12:28:49,561,168.3,392.7,CARD
T002259,C0429,2026-07-29T07:34:02,10693,0.0,10693.0,CARD
T002260,C0389,2026-07-04T19:36:18,3091,0.0,3091.0,MOBILE_PAY
T002261,C0115,2025-12-28T12:53:29,10101,62.8,10038.2,CASH
T002262,C0237,2025-11-07T20:44:05,7989,75.8,7913.2,MOBILE_PAY
T002263,C0375,2025-12-31T22:38:04,10541,0.0,10541.0,MOBILE_PAY
T002264,C0346,2026-01-04T10:50:55,3490,58.4,3431.6,MOBILE_PAY
T002265,C0247,2025-11-17T17:55:26,8794,166.1,8627.9,CASH
T002266,C0132,2026-03-29T08:23:04,10921,76.5,10844.5,CARD
T002267,C0083,2026-02-14T19:07:46,4648,113.4,4534.6,CARD
T002268,C0025,2026-07-22T04:46:09,8078,0.0,8078.0,CARD
T002269,C0041,2026-02-18T09:33:55,12669,474.3,12194.7,CASH
T002270,C0197,2026-03-17T18:28:03,1713,241.0,1472.0,MOBILE_PAY
T002271,C0296,2026-02-21T07:34:32,3054,0.0,3054.0,CASH
T002272,C0156,2026-03-27T11:26:11,6828,98.0,6730.0,MOBILE_PAY
T002273,C0443,2025-12-08T01:18:32,15269,0.0,15269.0,MOBILE_PAY
T002274,C0492,2026-05-20T18:39:21,6650,83.8,6566.2,CASH
T002275,C0271,2026-05-22T00:59:52,1320,0.0,1320.0,CASH
T002276,C0274,2025-10-22T02:36:26,19040,1481.4,17558.6,CARD
T002277,C0226,2025-11-09T01:55:42,8489,142.0,8347.0,CARD
T002278,C0461,2026-07-03T06:10:15,8514,163.5,8350.5,CASH
T002279,C0388,2026-02-02T22:08:10,1284,0.0,1284.0,MOBILE_PAY
T002280,C0140,2026-01-18T23:56:05,1605,0.0,1605.0,CARD
T002281,C0449,2026-05-14T14:22:42,17170,0.0,17170.0,CASH
T002282,C0469,2025-10-06T17:07:51,2785,0.0,2785.0,CARD
T002283,C0182,2026-07-14T23:12:08,20601,0.0,20601.0,MOBILE_PAY
T002284,C0425,2026-01-16T01:24:18,4810,355.0,4455.0,CARD
T002285,C0150,2026-05-29T10:48:27,1563,0.0,1563.0,MOBILE_PAY
T002286,C0404,2026-01-05T18:37:25,7389,0.0,7389.0,MOBILE_PAY
T002287,C0326,2025-12-11T15:46:42,12520,91.25,12428.75,MOBILE_PAY
T002288,C0402,2026-09-09T23:36:01,12729,0.0,12729.0,CASH
T002289,C0252,2025-10-30T07:48:34,9223,490.5,8732.5,MOBILE_PAY
T002290,C0375,2026-04-17T18:00:50,13271,169.5,13101.5,CASH
T002291,C0027,2026-08-23T17:11:51,4583,0.0,4583.0,CARD
T002292,C0042,2026-06-28T22:49:37,3567,140.4,3426.6,MOBILE_PAY
T002293,C0287,2025-12-15T04:02:40,16543,0.0,16543.0,CASH
T002294,C0417,2026-06-05T12:18:47,18088,0.0,18088.0,CASH
T002295,C0002,2026-01-21T11:07:17,10474,0.0,10474.0,CASH
T002296,C0192,2026-01-01T21:08:41,10717,194.15,10522.85,CASH
T002297,C0448,2026-03-15T13:28:54,10536,400.4,10135.6,MOBILE_PAY
T002298,C0313,2026-09-05T04:19:29,331,49.65,281.35,MOBILE_PAY
T002299,C0444,2026-05-24T03:21:32,4370,0.0,4370.0,MOBILE_PAY
T002300,C0204,2026-02-18T22:51:47,12537,0.0,12537.0,CARD
T002301,C0143,2025-12-23T16:10:21,5843,144.6,5698.4,CASH
T002302,C0407,2026-09-17T18:29:33,11824,303.6,11520.4,CASH
T002303,C0480,2026-08-02T05:49:08,3703,0.0,3703.0,CASH
T002304,C0119,2025-10-30T02:55:16,9043,0.0,9043.0,MOBILE_PAY
T002305,C0321,2026-09-06T14:29:47,4355,340.0,4015.0,CASH
T002306,C0141,2025-10-12T02:14:23,9745,170.0,9575.0,CARD
T002307,C0307,2026-06-20T13:45:42,14998,0.0,14998.0,CASH
T002308,C0388,2026-06-07T22:49:14,1425,0.0,1425.0,MOBILE_PAY
T002309,C0051,2026-08-25T15:00:04,205,20.5,184.5,MOBILE_PAY
T002310,C0049,2025-11-27T04:07:23,3042,0.0,3042.0,CASH
T002311,C0299,2026-06-12T08:07:49,3377,464.9,2912.1,MOBILE_PAY
T002312,C0442,2026-05-12T13:46:38,4555,0.0,4555.0,MOBILE_PAY
T002313,C0058,2026-04-03T04:13:29,11765,490.0,11275.0,MOBILE_PAY
T002314,C0486,2026-04-03T02:41:18,5531,323.0,5208.0,CARD
T002315,C0464,2025-11-12T09:11:03,6411,90.0,6321.0,CASH
T002316,C0358,2026-06-17T16:06:52,4994,0.0,4994.0,MOBILE_PAY
T002317,C0342,2026-06-03T19:29:21,2449,0.0,2449.0,CASH
T002318,C0198,2025-11-07T22:00:11,3088,0.0,3088.0,MOBILE_PAY
T002319,C0250,2026-01-29T19:52:33,4262,545.5,3716.5,CARD
T002320,C0130,2025-10-03T10:03:42,7162,0.0,7162.0,MOBILE_PAY
T002321,C0399,2026-03-04T17:38:10,10331,0.0,10331.0,CASH
T002322,C0235,2025-11-23T09:39:31,1797,0.0,1797.0,CARD
T002323,C0387,2026-06-19T15:48:06,4348,0.0,4348.0,MOBILE_PAY
T002324,C0276,2026-05-12T07:10:02,7806,363.6,7442.4,CASH
T002325,C0163,2025-11-10T19:48:28,6880,60.6,6819.4,CARD
T002326,C0096,2026-06-15T16:58:45,11091,0.0,11091.0,CASH
T002327,C0266,2026-09-25T20:08:25,10551,176.4,10374.6,CARD
T002328,C0371,2026-03-27T22:04:24,7232,36.5,7195.5,MOBILE_PAY
T002329,C0133,2026-05-20T05:24:10,5906,225.85,5680.15,MOBILE_PAY
T002330,C0288,2025-11-15T09:55:46,8352,0.0,8352.0,CARD
T002331,C0092,2026-02-25T16:14:52,5768,95.4,5672.6,MOBILE_PAY
T002332,C0054,2026-09-13T01:41:53,2368,0.0,2368.0,MOBILE_PAY
T002333,C0168,2026-07-28T01:58:59,7454,0.0,7454.0,MOBILE_PAY
T002334,C0168,2026-02-06T05:19:49,15339,1982.4,13356.6,MOBILE_PAY
T002335,C0149,2026-08-07T10:16:22,1459,0.0,1459.0,MOBILE_PAY
T002336,C0460,2025-10-22T05:28:37,6562,0.0,6562.0,MOBILE_PAY
T002337,C0345,2026-09-15T13:50:06,4725,0.0,4725.0,CASH
T002338,C0260,2026-03-21T18:56:47,10465,227.2,10237.8,MOBILE_PAY
T002339,C0318,2025-12-19T05:58:09,5456,113.25,5342.75,CARD
T002340,C0113,2026-08-26T04:47:23,4158,0.0,4158.0,CARD
T002341,C0491,2025-11-29T02:10:20,5745,0.0,5745.0,MOBILE_PAY
T002342,C0223,2026-04-13T01:11:59,5020,0.0,5020.0,CARD
T002343,C0193,2025-11-09T14:27:06,425,0.0,425.0,CARD
T002344,C0433,2026-08-20T05:26:10,11319,0.0,11319.0,MOBILE_PAY
T002345,C0062,2026-03-12T06:05:20,3097,667.65,2429.35,MOBILE_PAY
T002346,C0030,2025-11-21T03:23:11,8926,0.0,8926.0,CARD
T002347,C0093,2026-06-20T10:20:06,8530,652.5,7877.5,MOBILE_PAY
T002348,C0337,2026-05-23T21:16:10,19277,0.0,19277.0,MOBILE_PAY
T002349,C0105,2025-10-29T15:58:03,12053,0.0,12053.0,MOBILE_PAY
T002350,C0277,2026-07-13T02:01:07,17417,0.0,17417.0,CARD
T002351,C0336,2025-10-18T02:09:19,4013,496.5,3516.5,CASH
T002352,C0320,2026-07-08T05:39:00,9000,361.0,8639.0,CASH
T002353,C0297,2026-04-10T19:00:37,8881,0.0,8881.0,MOBILE_PAY
T002354,C0368,2026-04-05T06:12:35,5099,0.0,5099.0,MOBILE_PAY
T002355,C0375,2025-12-25T01:23:34,1410,0.0,1410.0,CASH
T002356,C0361,2026-08-11T18:39:20,3480,0.0,3480.0,CARD
T002357,C0252,2026-05-25T12:07:52,18857,0.0,18857.0,CARD
T002358,C0280,2025-11-26T17:16:47,13612,0.0,13612.0,CASH
T002359,C0255,2025-11-27T03:38:10,11228,352.5,10875.5,CASH
T002360,C0291,2025-11-04T07:45:38,2049,0.0,2049.0,MOBILE_PAY
T002361,C0438,2026-05-15T20:31:12,9009,850.0,8159.0,CASH
T002362,C0156,2026-04-28T20:39:23,3139,0.0,3139.0,CARD
T002363,C0283,2025-12-31T21:24:52,4540,172.8,4367.2,CASH
T002364,C0183,2026-02-28T11:45:39,8801,0.0,8801.0,CASH
T002365,C0005,2026-05-05T13:29:11,5592,0.0,5592.0,CASH
T002366,C0115,2026-09-11T18:24:18,3245,0.0,3245.0,CASH
T002367,C0377,2025-10-26T14:39:30,1933,0.0,1933.0,CASH
T002368,C0213,2026-07-29T20:44:12,2780,0.0,2780.0,CASH
T002369,C0323,2026-01-30T10:30:26,3373,31.8,3341.2,CARD
T002370,C0406,2026-03-18T04:37:43,1420,0.0,1420.0,CASH
T002371,C0472,2025-12-20T21:07:55,1880,0.0,1880.0,MOBILE_PAY
T002372,C0322,2026-06-18T03:14:27,3114,0.0,3114.0,MOBILE_PAY
T002373,C0115,2026-03-25T03:03:25,5691,0.0,5691.0,CARD
T002374,C0390,2026-03-15T06:41:07,13847,247.8,13599.2,MOBILE_PAY
T002375,C0133,2026-07-26T10:24:53,5035,0.0,5035.0,CASH
T002376,C0130,2026-04-03T06:26:15,6298,0.0,6298.0,CASH
T002377,C0002,2025-11-10T12:30:03,8851,103.2,8747.8,MOBILE_PAY
T002378,C0040,2026-07-24T10:31:31,14198,215.2,13982.8,CARD
T002379,C0053,2025-10-07T17:34:16,933,0.0,933.0,CASH
T002380,C0500,2026-02-13T16:46:47,6890,98.6,6791.4,CARD
T002381,C0067,2025-11-19T10:52:57,12778,0.0,12778.0,CARD
T002382,C0036,2026-05-04T15:51:43,4833,0.0,4833.0,CARD
T002383,C0372,2026-04-14T20:10:43,8331,0.0,8331.0,CARD
T002384,C0016,2026-06-19T07:38:36,10345,0.0,10345.0,CARD
T002385,C0011,2026-03-21T12:28:54,11030,279.8,10750.2,CARD
T002386,C0158,2026-04-04T12:59:10,11374,0.0,11374.0,CARD
T002387,C0284,2025-09-27T15:55:17,12770,0.0,12770.0,MOBILE_PAY
T002388,C0361,2026-03-17T23:11:52,2509,0.0,2509.0,MOBILE_PAY
T002389,C0413,2026-06-04T04:22:01,9206,245.7,8960.3,MOBILE_PAY
T002390,C0182,2026-01-18T16:35:55,10574,175.2,10398.8,CASH
T002391,C0033,2026-02-08T18:08:54,5078,0.0,5078.0,CASH
T002392,C0340,2026-08-23T13:29:54,2159,0.0,2159.0,CASH
T002393,C0166,2026-05-16T07:15:57,4232,0.0,4232.0,CASH
T002394,C0226,2026-07-11T20:37:10,1416,0.0,1416.0,MOBILE_PAY
T002395,C0014,2026-05-25T13:58:12,14684,118.4,14565.6,MOBILE_PAY
T002396,C0289,2026-08-19T16:42:34,7515,67.0,7448.0,CASH
T002397,C0069,2026-07-07T09:31:49,8253,162.6,8090.4,CASH
T002398,C0447,2025-10-28T17:32:29,5159,109.9,5049.1,MOBILE_PAY
T002399,C0109,2026-02-19T04:54:09,14223,1118.4,13104.6,CARD
T002400,C0041,2026-08-28T14:09:53,2575,0.0,2575.0,CARD
T002401,C0029,2025-12-12T14:16:50,1302,0.0,1302.0,MOBILE_PAY
T002402,C0473,2025-10-19T05:13:38,3638,0.0,3638.0,CASH
T002403,C0469,2026-01-04T01:00:16,1016,0.0,1016.0,MOBILE_PAY
T002404,C0104,2026-01-11T18:11:32,16523,0.0,16523.0,CARD
T002405,C0188,2026-01-28T16:52:19,9237,184.4,9052.6,MOBILE_PAY
T002406,C0114,2025-10-17T03:15:24,916,0.0,916.0,MOBILE_PAY
T002407,C0169,2025-10-01T07:17:18,5688,131.0,5557.0,CARD
T002408,C0318,2026-08-07T09:57:43,5873,168.3,5704.7,MOBILE_PAY
T002409,C0378,2025-12-05T05:58:44,5924,0.0,5924.0,CARD
T002410,C0237,2025-09-29T13:35:20,6646,0.0,6646.0,MOBILE_PAY
T002411,C0077,2025-11-17T03:10:27,9920,0.0,9920.0,CARD
T002412,C0161,2026-07-25T16:42:09,5239,0.0,5239.0,CASH
T002413,C0327,2026-06-05T05:50:13,10756,147.15,10608.85,MOBILE_PAY
T002414,C0466,2026-02-20T19:20:15,8471,177.0,8294.0,CASH
T002415,C0285,2026-07-12T14:28:46,13750,406.5,13343.5,MOBILE_PAY
T002416,C0302,2026-08-06T15:48:22,4857,0.0,4857.0,CARD
T002417,C0322,2026-04-17T12:28:31,12894,619.0,12275.0,CASH
T002418,C0053,2025-12-31T01:22:37,14155,356.0,13799.0,CASH
T002419,C0106,2026-05-02T22:40:35,4490,0.0,4490.0,CARD
T002420,C0335,2026-04-07T06:38:06,2728,0.0,2728.0,CASH
T002421,C0450,2026-04-30T19:19:18,8186,294.0,7892.0,CASH
T002422,C0209,2026-05-23T07:36:23,5720,0.0,5720.0,MOBILE_PAY
T002423,C0104,2025-10-10T13:42:23,5342,0.0,5342.0,CASH
T002424,C0240,2026-09-06T18:44:39,5582,386.1,5195.9,MOBILE_PAY
T002425,C0276,2025-12-19T00:32:23,10211,0.0,10211.0,MOBILE_PAY
T002426,C0403,2026-07-13T12:36:52,9824,147.9,9676.1,CARD
T002427,C0323,2026-09-27T09:27:51,4326,0.0,4326.0,CASH
T002428,C0077,2026-01-25T13:12:43,4764,0.0,4764.0,CARD
T002429,C0424,2026-06-02T00:56:04,4915,0.0,4915.0,MOBILE_PAY
T002430,C0103,2026-02-08T17:48:13,10228,0.0,10228.0,MOBILE_PAY
T002431,C0068,2026-09-04T05:37:56,11288,0.0,11288.0,CARD
T002432,C0459,2025-10-18T18:08:25,11093,71.55,11021.45,MOBILE_PAY
T002433,C0005,2025-12-02T08:15:16,7385,0.0,7385.0,CARD
T002434,C0066,2026-05-16T03:25:49,9200,538.0,8662.0,CASH
T002435,C0037,2026-01-28T02:04:26,688,0.0,688.0,MOBILE_PAY
T002436,C0269,2026-04-10T15:05:17,7069,261.6,6807.4,CASH
T002437,C0062,2026-03-01T12:52:43,2410,0.0,2410.0,CASH
T002438,C0101,2026-03-22T01:14:03,3538,0.0,3538.0,MOBILE_PAY
T002439,C0163,2026-07-19T21:59:56,3030,107.1,2922.9,CASH
T002440,C0229,2026-02-28T07:23:09,4624,0.0,4624.0,MOBILE_PAY
T002441,C0327,2025-10-15T15:01:19,5674,144.0,5530.0,CARD
T002442,C0252,2025-12-28T14:41:34,7246,935.8,6310.2,CARD
T002443,C0489,2026-06-06T03:56:46,7310,36.5,7273.5,CARD
T002444,C0171,2026-07-26T20:38:34,12566,0.0,12566.0,CARD
T002445,C0238,2025-10-15T17:45:17,9358,0.0,9358.0,CARD
T002446,C0451,2026-01-10T23:53:31,4060,522.0,3538.0,CASH
T002447,C0060,2025-09-30T14:06:22,1936,0.0,1936.0,CASH
T002448,C0165,2026-05-20T01:57:26,7501,89.0,7412.0,MOBILE_PAY
T002449,C0156,2026-07-27T13:02:40,4269,0.0,4269.0,MOBILE_PAY
T002450,C0252,2026-07-03T10:44:51,3928,213.0,3715.0,CARD
T002451,C0115,2026-07-30T13:49:11,1977,0.0,1977.0,MOBILE_PAY
T002452,C0161,2025-12-16T04:12:18,4653,83.2,4569.8,CARD
T002453,C0054,2026-01-11T08:40:15,15502,570.0,14932.0,MOBILE_PAY
T002454,C0435,2026-03-04T18:26:39,5936,399.75,5536.25,CARD
T002455,C0319,2026-06-20T06:00:28,13353,0.0,13353.0,CARD
T002456,C0394,2026-06-22T03:57:18,13142,0.0,13142.0,MOBILE_PAY
T002457,C0033,2026-03-24T15:12:31,13509,0.0,13509.0,CASH
T002458,C0070,2026-06-18T03:27:05,10259,336.6,9922.4,CARD
T002459,C0036,2026-02-09T10:15:35,10363,1982.4,8380.6,CASH
T002460,C0388,2026-01-20T20:36:27,11014,0.0,11014.0,CASH
T002461,C0406,2026-05-28T04:15:47,6372,0.0,6372.0,MOBILE_PAY
T002462,C0149,2025-10-24T00:07:47,2707,0.0,2707.0,CARD
T002463,C0200,2026-04-23T15:03:22,8159,0.0,8159.0,MOBILE_PAY
T002464,C0426,2026-06-30T09:38:37,6750,0.0,6750.0,MOBILE_PAY
T002465,C0264,2026-07-05T07:15:07,21130,340.0,20790.0,CASH
T002466,C0409,2025-11-23T01:26:27,11636,0.0,11636.0,CARD
T002467,C0112,2025-12-29T12:37:59,6702,241.0,6461.0,CASH
T002468,C0266,2026-07-30T15:01:08,10700,0.0,10700.0,CARD
T002469,C0088,2026-03-10T22:25:50,1225,0.0,1225.0,CASH
T002470,C0067,2026-04-25T15:50:29,4942,60.0,4882.0,CARD
T002471,C0182,2026-04-11T09:38:01,1554,0.0,1554.0,CARD
T002472,C0096,2025-11-03T15:59:26,13392,1160.25,12231.75,CARD
T002473,C0315,2025-10-14T14:59:58,9567,254.25,9312.75,MOBILE_PAY
T002474,C0440,2025-10-26T14:40:04,10457,0.0,10457.0,MOBILE_PAY
T002475,C0149,2026-09-07T09:45:51,10444,528.8,9915.2,CARD
T002476,C0466,2025-12-30T21:11:35,7035,0.0,7035.0,CASH
T002477,C0476,2026-08-15T15:56:00,545,0.0,545.0,CASH
T002478,C0296,2026-04-28T16:08:31,13765,294.0,13471.0,CARD
T002479,C0209,2026-06-12T13:20:05,13765,62.8,13702.2,MOBILE_PAY
T002480,C0058,2025-11-17T14:38:31,6201,0.0,6201.0,MOBILE_PAY
T002481,C0186,2026-03-19T15:36:55,12035,490.5,11544.5,CARD
T002482,C0276,2025-12-03T06:49:51,8483,0.0,8483.0,CARD
T002483,C0213,2025-10-25T02:49:13,9615,278.55,9336.45,CASH
T002484,C0083,2025-10-16T02:33:17,2193,0.0,2193.0,CASH
T002485,C0103,2026-08-31T16:20:46,5294,0.0,5294.0,MOBILE_PAY
T002486,C0250,2026-07-15T16:29:53,9635,0.0,9635.0,MOBILE_PAY
T002487,C0326,2026-01-27T01:30:07,14895,0.0,14895.0,CASH
T002488,C0473,2025-11-05T04:03:56,364,0.0,364.0,MOBILE_PAY
T002489,C0395,2025-12-30T22:06:05,7218,0.0,7218.0,CASH
T002490,C0362,2025-12-31T06:19:48,5702,58.8,5643.2,CARD
T002491,C0477,2026-01-14T08:12:19,5730,0.0,5730.0,CARD
T002492,C0014,2026-02-20T00:49:11,20827,0.0,20827.0,CASH
T002493,C0356,2025-10-20T15:01:52,12591,0.0,12591.0,MOBILE_PAY
T002494,C0005,2025-11-05T07:59:34,6496,0.0,6496.0,CARD
T002495,C0001,2026-04-27T03:09:11,664,0.0,664.0,MOBILE_PAY
T002496,C0215,2026-01-25T20:54:33,7832,243.2,7588.8,CARD
T002497,C0489,2025-11-28T07:09:10,6233,326.05,5906.95,CARD
T002498,C0186,2025-11-24T02:37:17,7582,0.0,7582.0,CASH
T002499,C0086,2025-09-28T10:02:01,1575,0.0,1575.0,CARD
T002500,C0420,2025-11-04T13:15:30,20274,173.4,20100.6,CASH
T002501,C0381,2025-12-27T13:21:24,2225,445.0,1780.0,CARD
T002502,C0049,2026-04-23T05:14:54,7012,311.2,6700.8,CASH
T002503,C0089,2026-06-09T15:27:32,15778,587.5,15190.5,MOBILE_PAY
T002504,C0096,2026-04-27T16:19:18,13128,502.35,12625.65,CARD
T002505,C0034,2025-12-01T22:32:32,12293,0.0,12293.0,MOBILE_PAY
T002506,C0199,2026-02-14T17:43:59,8234,0.0,8234.0,MOBILE_PAY
T002507,C0052,2026-08-02T10:56:04,10374,0.0,10374.0,CARD
T002508,C0127,2025-12-27T22:54:21,546,0.0,546.0,CARD
T002509,C0073,2025-12-03T18:50:58,729,0.0,729.0,CASH
T002510,C0278,2025-10-09T12:38:41,11693,430.3,11262.7,CARD
T002511,C0317,2026-07-23T16:33:25,7345,0.0,7345.0,MOBILE_PAY
T002512,C0111,2026-04-28T22:47:05,15220,0.0,15220.0,MOBILE_PAY
T002513,C0072,2026-07-11T18:15:41,7862,0.0,7862.0,CARD
T002514,C0237,2025-12-12T18:50:57,3715,102.5,3612.5,MOBILE_PAY
T002515,C0158,2026-06-20T08:46:42,8778,418.8,8359.2,CASH
T002516,C0459,2026-07-08T06:06:52,6683,328.75,6354.25,MOBILE_PAY
T002517,C0152,2025-10-27T02:36:06,15191,0.0,15191.0,CARD
T002518,C0419,2026-09-04T14:49:24,10228,0.0,10228.0,CASH
T002519,C0342,2026-07-16T10:22:42,8201,0.0,8201.0,CASH
T002520,C0240,2026-06-15T07:23:45,5024,8.05,5015.95,MOBILE_PAY
T002521,C0108,2026-02-24T11:26:07,5748,372.4,5375.6,CARD
T002522,C0314,2026-04-18T09:14:59,4144,0.0,4144.0,CASH
T002523,C0039,2025-11-13T11:48:20,3194,0.0,3194.0,CASH
T002524,C0231,2026-07-05T07:50:37,1382,39.45,1342.55,MOBILE_PAY
T002525,C0126,2026-07-27T02:27:25,4303,122.2,4180.8,CARD
T002526,C0112,2026-06-01T17:41:56,4070,0.0,4070.0,CASH
T002527,C0500,2026-03-05T22:17:31,10298,902.35,9395.65,MOBILE_PAY
T002528,C0475,2025-12-22T14:26:44,11981,246.5,11734.5,CARD
T002529,C0236,2026-03-07T14:00:35,2648,0.0,2648.0,CARD
T002530,C0051,2026-08-19T22:22:57,11293,0.0,11293.0,CASH
T002531,C0454,2025-09-30T19:02:06,2613,0.0,2613.0,CARD
T002532,C0376,2025-12-28T13:00:33,3513,0.0,3513.0,MOBILE_PAY
T002533,C0110,2026-04-24T00:23:30,14610,75.0,14535.0,CASH
T002534,C0214,2026-05-04T20:09:07,11270,0.0,11270.0,MOBILE_PAY
T002535,C0001,2026-06-17T02:26:34,4432,0.0,4432.0,CASH
T002536,C0188,2026-06-13T12:56:59,1610,0.0,1610.0,CASH
T002537,C0261,2026-06-18T10:55:11,4988,26.8,4961.2,CARD
T002538,C0269,2025-10-30T15:56:42,8744,271.4,8472.6,CARD
T002539,C0281,2026-06-06T03:22:34,7228,0.0,7228.0,CASH
T002540,C0099,2026-09-26T17:25:41,2228,0.0,2228.0,CASH
T002541,C0355,2026-06-26T16:26:55,11009,626.4,10382.6,MOBILE_PAY
T002542,C0145,2026-04-01T06:19:19,17040,0.0,17040.0,CASH
T002543,C0352,2025-12-31T15:19:55,5064,0.0,5064.0,CASH
T002544,C0091,2026-07-11T00:03:39,10969,164.8,10804.2,CARD
T002545,C0008,2026-02-22T00:09:22,7899,0.0,7899.0,CASH
T002546,C0086,2026-05-18T09:22:21,9272,60.0,9212.0,MOBILE_PAY
T002547,C0317,2025-10-02T04:31:19,2413,46.2,2366.8,CARD
T002548,C0230,2026-03-27T04:53:49,6863,0.0,6863.0,CARD
T002549,C0113,2026-07-15T04:47:16,1835,0.0,1835.0,CASH
T002550,C0451,2026-04-13T10:57:34,3264,0.0,3264.0,CARD
T002551,C0339,2026-05-15T09:24:03,2465,0.0,2465.0,MOBILE_PAY
T002552,C0155,2026-06-28T15:12:40,3616,0.0,3616.0,MOBILE_PAY
T002553,C0102,2026-01-24T05:18:59,9388,0.0,9388.0,MOBILE_PAY
T002554,C0296,2026-06-05T22:44:45,12564,0.0,12564.0,CASH
T002555,C0437,2026-04-04T01:30:14,10211,0.0,10211.0,CARD
T002556,C0309,2026-03-12T15:52:31,2821,0.0,2821.0,MOBILE_PAY
T002557,C0089,2026-04-02T12:41:40,9006,267.0,8739.0,CARD
T002558,C0476,2025-12-07T19:32:53,7645,180.5,7464.5,CASH
T002559,C0480,2025-10-15T05:09:43,7839,70.5,7768.5,CARD
T002560,C0361,2025-10-13T21:10:50,1086,0.0,1086.0,CASH
T002561,C0206,2025-10-06T06:25:48,14232,382.5,13849.5,CASH
T002562,C0133,2026-02-11T14:28:45,17375,1486.8,15888.2,CARD
T002563,C0414,2025-11-16T12:54:30,11362,241.8,11120.2,CASH
T002564,C0399,2025-10-28T15:50:21,15692,294.75,15397.25,CASH
T002565,C0386,2026-01-05T02:01:04,1984,0.0,1984.0,MOBILE_PAY
T002566,C0059,2026-06-25T15:36:53,4479,0.0,4479.0,CASH
T002567,C0040,2026-07-02T20:15:08,16919,85.5,16833.5,MOBILE_PAY
T002568,C0169,2025-11-05T00:17:08,7615,0.0,7615.0,CASH
T002569,C0331,2026-07-27T09:59:23,8645,0.0,8645.0,CARD
T002570,C0205,2025-10-16T20:07:58,2547,0.0,2547.0,CARD
T002571,C0005,2026-03-30T07:45:57,7481,63.9,7417.1,CASH
T002572,C0344,2026-09-16T23:36:07,12273,30.2,12242.8,MOBILE_PAY
T002573,C0410,2025-09-30T17:08:47,3609,0.0,3609.0,MOBILE_PAY
T002574,C0195,2026-03-23T16:02:09,6911,0.0,6911.0,MOBILE_PAY
T002575,C0494,2025-11-10T14:39:34,10789,248.25,10540.75,CASH
T002576,C0255,2026-03-14T17:11:26,6935,0.0,6935.0,CASH
T002577,C0193,2025-12-30T01:13:17,17524,0.0,17524.0,CASH
T002578,C0119,2026-01-09T18:00:24,4422,59.2,4362.8,MOBILE_PAY
T002579,C0293,2026-05-03T00:14:09,5904,0.0,5904.0,MOBILE_PAY
T002580,C0191,2026-02-16T02:33:31,3839,0.0,3839.0,CASH
T002581,C0041,2026-08-31T16:28:35,2474,0.0,2474.0,MOBILE_PAY
T002582,C0011,2026-08-01T17:59:50,6353,91.65,6261.35,CASH
T002583,C0194,2025-10-07T23:54:18,5615,141.0,5474.0,MOBILE_PAY
T002584,C0416,2026-08-01T19:39:49,1783,0.0,1783.0,CARD
T002585,C0252,2026-06-08T08:29:04,1535,0.0,1535.0,CASH
T002586,C0289,2026-06-14T23:41:31,8160,0.0,8160.0,MOBILE_PAY
T002587,C0067,2026-04-22T07:57:27,9478,333.65,9144.35,CARD
T002588,C0310,2026-08-18T17:03:26,10810,0.0,10810.0,MOBILE_PAY
T002589,C0351,2026-05-20T21:14:37,4830,0.0,4830.0,CASH
T002590,C0369,2026-01-29T19:23:21,6915,76.5,6838.5,MOBILE_PAY
T002591,C0057,2025-11-06T18:00:32,2755,0.0,2755.0,MOBILE_PAY
T002592,C0148,2025-12-06T07:20:51,13455,0.0,13455.0,MOBILE_PAY
T002593,C0039,2025-12-20T10:30:38,11676,15.1,11660.9,MOBILE_PAY
T002594,C0485,2026-03-24T10:55:03,7044,0.0,7044.0,CASH
T002595,C0048,2025-09-29T18:38:06,12957,234.8,12722.2,CASH
T002596,C0468,2026-04-20T18:14:26,8015,0.0,8015.0,CASH
T002597,C0391,2026-02-18T11:41:58,13643,0.0,13643.0,CASH
T002598,C0360,2025-10-28T17:05:33,8533,307.4,8225.6,MOBILE_PAY
T002599,C0326,2026-07-21T06:45:53,7712,0.0,7712.0,CARD
T002600,C0433,2025-11-09T01:16:37,5485,0.0,5485.0,CARD
T002601,C0022,2026-09-04T21:03:19,12096,227.7,11868.3,CARD
T002602,C0430,2026-07-27T14:59:54,11687,0.0,11687.0,CARD
T002603,C0111,2026-05-12T03:23:08,8736,0.0,8736.0,MOBILE_PAY
T002604,C0416,2026-07-16T21:41:35,8225,0.0,8225.0,CARD
T002605,C0415,2025-10-28T13:08:37,11470,0.0,11470.0,CARD
T002606,C0112,2026-05-26T22:16:12,7007,0.0,7007.0,CARD
T002607,C0185,2026-01-08T03:12:22,16611,40.2,16570.8,CARD
T002608,C0457,2026-08-03T09:48:03,1735,0.0,1735.0,CARD
T002609,C0192,2026-06-03T20:05:54,9969,377.8,9591.2,MOBILE_PAY
T002610,C0051,2026-01-23T07:39:07,9638,130.5,9507.5,CASH
T002611,C0421,2026-02-14T19:05:06,3022,0.0,3022.0,CARD
T002612,C0377,2026-01-06T01:54:09,16350,1091.0,15259.0,CASH
T002613,C0168,2026-09-25T07:12:29,11944,0.0,11944.0,CARD
T002614,C0273,2026-02-15T09:38:22,8558,0.0,8558.0,CASH
T002615,C0331,2026-03-09T12:25:30,7138,0.0,7138.0,MOBILE_PAY
T002616,C0364,2026-05-20T10:32:29,1411,0.0,1411.0,CASH
T002617,C0252,2026-03-29T19:51:06,10951,45.9,10905.1,CASH
T002618,C0445,2025-11-21T08:10:22,7579,115.5,7463.5,CASH
T002619,C0463,2026-05-24T20:07:12,7645,229.1,7415.9,CARD
T002620,C0011,2026-02-27T20:27:13,24360,0.0,24360.0,CARD
T002621,C0130,2026-02-07T22:12:10,5152,362.7,4789.3,MOBILE_PAY
T002622,C0076,2026-02-05T17:12:32,14027,96.45,13930.55,CARD
T002623,C0466,2026-02-25T13:03:53,1402,0.0,1402.0,CASH
T002624,C0151,2026-08-12T18:56:33,8023,299.8,7723.2,CARD
T002625,C0160,2025-11-10T21:35:31,3821,0.0,3821.0,CASH
T002626,C0282,2026-05-18T07:34:30,10612,130.5,10481.5,MOBILE_PAY
T002627,C0350,2025-12-08T13:02:39,7395,0.0,7395.0,MOBILE_PAY
T002628,C0133,2026-03-22T09:54:25,5447,8.05,5438.95,CARD
T002629,C0180,2026-03-12T10:03:14,8296,0.0,8296.0,CASH
T002630,C0233,2026-04-08T21:18:26,10268,409.9,9858.1,CARD
T002631,C0393,2025-10-27T16:07:00,6494,0.0,6494.0,CASH
T002632,C0010,2025-12-28T01:31:45,6508,352.2,6155.8,CARD
T002633,C0150,2026-03-16T20:21:12,5428,297.9,5130.1,CARD
T002634,C0413,2026-03-19T13:11:31,7943,538.0,7405.0,MOBILE_PAY
T002635,C0164,2026-07-09T11:32:39,6190,0.0,6190.0,CASH
T002636,C0485,2026-06-20T01:27:09,3851,0.0,3851.0,CASH
T002637,C0024,2026-08-08T04:45:29,11889,135.6,11753.4,MOBILE_PAY
T002638,C0364,2025-11-11T11:03:49,11482,0.0,11482.0,MOBILE_PAY
T002639,C0424,2026-06-21T12:20:32,7206,0.0,7206.0,CARD
T002640,C0360,2026-07-17T14:13:37,7055,661.7,6393.3,MOBILE_PAY
T002641,C0403,2026-06-16T17:03:19,12113,159.9,11953.1,MOBILE_PAY
T002642,C0272,2026-04-09T20:41:51,5561,0.0,5561.0,CARD
T002643,C0341,2026-04-09T15:34:20,9635,797.5,8837.5,CASH
T002644,C0225,2026-03-07T13:25:47,10113,0.0,10113.0,MOBILE_PAY
T002645,C0176,2026-07-15T14:05:02,1248,0.0,1248.0,MOBILE_PAY
T002646,C0347,2025-11-21T04:25:44,9925,0.0,9925.0,MOBILE_PAY
T002647,C0455,2026-08-22T00:21:10,12379,125.6,12253.4,CASH
T002648,C0189,2026-03-11T14:12:35,12857,0.0,12857.0,CARD
T002649,C0236,2025-12-29T16:35:08,5211,0.0,5211.0,CARD
T002650,C0255,2026-05-12T08:10:18,8567,245.7,8321.3,MOBILE_PAY
T002651,C0014,2026-02-11T21:49:00,4053,118.35,3934.65,CARD
T002652,C0498,2026-03-01T22:27:03,7556,242.8,7313.2,CARD
T002653,C0153,2025-11-07T15:55:58,15255,482.25,14772.75,CASH
T002654,C0295,2025-11-18T12:10:06,7439,130.5,7308.5,MOBILE_PAY
T002655,C0069,2026-07-12T12:27:58,8896,0.0,8896.0,CASH
T002656,C0057,2026-03-02T07:08:49,20352,0.0,20352.0,MOBILE_PAY
T002657,C0024,2026-07-21T08:17:56,2672,15.1,2656.9,CARD
T002658,C0112,2026-08-15T07:19:37,2902,53.0,2849.0,MOBILE_PAY
T002659,C0160,2026-02-22T12:20:23,2479,150.0,2329.0,MOBILE_PAY
T002660,C0452,2026-09-20T23:59:43,2997,0.0,2997.0,CARD
T002661,C0453,2026-07-25T19:00:37,16622,431.55,16190.45,CARD
T002662,C0425,2026-03-17T09:40:05,5507,272.7,5234.3,CASH
T002663,C0052,2026-04-26T12:20:24,7341,0.0,7341.0,CASH
T002664,C0021,2025-12-21T05:46:38,9002,0.0,9002.0,MOBILE_PAY
T002665,C0217,2026-09-27T07:49:12,11712,0.0,11712.0,CARD
T002666,C0073,2025-10-07T02:14:00,8568,0.0,8568.0,CARD
T002667,C0429,2026-02-18T20:28:09,1180,0.0,1180.0,MOBILE_PAY
T002668,C0462,2026-02-15T10:27:28,12658,491.25,12166.75,CASH
T002669,C0393,2026-04-07T07:06:59,7154,0.0,7154.0,CASH
T002670,C0090,2025-12-16T20:35:21,4878,35.7,4842.3,CARD
T002671,C0460,2026-03-24T10:48:40,2267,0.0,2267.0,CASH
T002672,C0162,2025-11-04T12:22:40,3029,192.8,2836.2,CARD
T002673,C0234,2025-12-12T05:53:47,1204,146.7,1057.3,CARD
T002674,C0374,2026-04-26T17:37:56,10464,58.4,10405.6,CARD
T002675,C0439,2026-08-21T20:43:04,2813,262.0,2551.0,CASH
T002676,C0415,2026-08-24T04:41:24,2669,30.0,2639.0,MOBILE_PAY
T002677,C0386,2026-04-19T01:51:00,3204,0.0,3204.0,CARD
T002678,C0039,2026-03-31T20:28:20,5290,0.0,5290.0,CASH
T002679,C0498,2026-07-14T13:26:30,9016,352.5,8663.5,MOBILE_PAY
T002680,C0227,2026-01-16T13:07:49,16679,0.0,16679.0,CASH
T002681,C0369,2026-08-12T23:14:45,1149,26.9,1122.1,MOBILE_PAY
T002682,C0430,2025-10-15T08:34:00,6347,0.0,6347.0,CASH
T002683,C0415,2025-11-30T16:50:58,7983,0.0,7983.0,MOBILE_PAY
T002684,C0432,2026-07-07T13:39:33,788,0.0,788.0,CARD
T002685,C0283,2025-11-20T13:44:04,2303,45.45,2257.55,CASH
T002686,C0495,2025-12-20T17:15:25,1260,0.0,1260.0,CASH
T002687,C0134,2026-06-21T05:44:35,13515,0.0,13515.0,MOBILE_PAY
T002688,C0427,2026-06-08T18:25:14,4346,0.0,4346.0,CASH
T002689,C0025,2026-09-22T12:55:50,2199,0.0,2199.0,CARD
T002690,C0469,2026-07-02T21:20:24,15280,0.0,15280.0,CASH
T002691,C0032,2026-07-19T23:47:32,1393,0.0,1393.0,MOBILE_PAY
T002692,C0158,2026-01-17T09:34:56,1730,0.0,1730.0,CARD
T002693,C0072,2026-06-13T09:42:38,9444,281.55,9162.45,CARD
T002694,C0382,2026-02-22T03:55:56,4706,0.0,4706.0,MOBILE_PAY
T002695,C0038,2025-10-24T00:30:15,1792,0.0,1792.0,CARD
T002696,C0127,2026-01-22T12:57:07,10899,779.45,10119.55,CARD
T002697,C0030,2026-01-20T16:09:06,856,0.0,856.0,MOBILE_PAY
T002698,C0404,2026-07-30T02:26:50,264,0.0,264.0,CARD
T002699,C0053,2026-02-26T03:01:04,2840,213.0,2627.0,MOBILE_PAY
T002700,C0328,2026-09-06T06:33:10,4847,0.0,4847.0,CARD
T002701,C0129,2026-02-22T08:25:46,4291,482.25,3808.75,CASH
T002702,C0220,2025-12-04T14:23:13,9971,0.0,9971.0,MOBILE_PAY
T002703,C0381,2026-04-07T05:26:26,12525,234.0,12291.0,MOBILE_PAY
T002704,C0362,2026-03-11T01:12:56,9428,0.0,9428.0,MOBILE_PAY
T002705,C0376,2025-12-15T19:36:45,9950,0.0,9950.0,MOBILE_PAY
T002706,C0370,2026-07-06T19:47:16,7367,241.8,7125.2,CARD
T002707,C0475,2025-12-21T02:32:57,2581,0.0,2581.0,CASH
T002708,C0011,2025-09-27T14:42:25,8858,878.0,7980.0,CASH
T002709,C0378,2026-01-20T13:42:18,8562,0.0,8562.0,CASH
T002710,C0443,2026-06-18T08:38:28,3538,0.0,3538.0,CARD
T002711,C0154,2025-11-09T04:16:01,868,0.0,868.0,CASH
T002712,C0056,2025-10-25T02:19:48,2881,0.0,2881.0,CASH
T002713,C0037,2026-08-06T02:56:18,1532,0.0,1532.0,CASH
T002714,C0127,2026-03-23T19:04:54,796,0.0,796.0,CASH
T002715,C0238,2026-03-07T21:05:38,7973,319.5,7653.5,CASH
T002716,C0193,2026-07-26T20:51:57,9264,192.0,9072.0,MOBILE_PAY
T002717,C0212,2025-11-03T20:41:19,2527,128.75,2398.25,MOBILE_PAY
T002718,C0299,2026-06-19T23:59:03,5892,129.6,5762.4,CASH
T002719,C0494,2026-01-21T02:08:00,312,0.0,312.0,MOBILE_PAY
T002720,C0218,2025-12-03T21:40:31,7783,0.0,7783.0,CARD
T002721,C0016,2026-05-28T11:29:37,3604,0.0,3604.0,MOBILE_PAY
T002722,C0100,2026-06-14T20:26:03,7351,0.0,7351.0,CASH
T002723,C0451,2025-11-05T23:59:15,7477,843.2,6633.8,CASH
T002724,C0394,2026-02-19T18:15:39,9802,324.0,9478.0,CASH
T002725,C0185,2025-12-08T08:25:31,2609,0.0,2609.0,CASH
T002726,C0436,2026-01-20T01:15:34,1161,0.0,1161.0,CARD
T002727,C0383,2026-04-13T21:00:25,20399,118.2,20280.8,CASH
T002728,C0270,2025-12-24T08:23:39,1264,0.0,1264.0,CARD
T002729,C0211,2025-11-10T01:11:19,9256,327.0,8929.0,CASH
T002730,C0467,2026-05-18T16:12:10,7280,726.1,6553.9,MOBILE_PAY
T002731,C0400,2026-02-28T09:04:33,11408,31.95,11376.05,CARD
T002732,C0027,2026-04-21T20:07:58,7919,0.0,7919.0,CARD
T002733,C0393,2026-07-10T13:16:23,6309,0.0,6309.0,MOBILE_PAY
T002734,C0253,2026-03-09T23:26:47,6424,192.0,6232.0,CARD
T002735,C0232,2025-12-16T18:07:33,10486,89.0,10397.0,MOBILE_PAY
T002736,C0157,2026-09-06T19:52:12,8940,587.0,8353.0,MOBILE_PAY
T002737,C0280,2026-09-20T18:32:40,3577,0.0,3577.0,MOBILE_PAY
T002738,C0201,2026-03-07T17:00:49,5333,0.0,5333.0,CASH
T002739,C0178,2026-01-07T00:10:50,5086,565.5,4520.5,CASH
T002740,C0330,2026-04-01T09:14:45,13097,837.6,12259.4,CASH
T002741,C0399,2025-10-07T20:26:36,5743,0.0,5743.0,MOBILE_PAY
T002742,C0465,2026-08-20T04:11:15,3835,0.0,3835.0,MOBILE_PAY
T002743,C0222,2026-01-02T11:18:56,10060,372.2,9687.8,CASH
T002744,C0315,2026-02-25T01:59:58,9787,418.8,9368.2,MOBILE_PAY
T002745,C0090,2026-01-26T21:58:32,3950,0.0,3950.0,CASH
T002746,C0285,2026-02-20T17:41:48,5072,0.0,5072.0,CARD
T002747,C0327,2026-04-24T11:21:36,10988,491.4,10496.6,CASH
T002748,C0352,2026-05-04T20:29:25,6797,685.9,6111.1,CASH
T002749,C0192,2026-02-24T18:33:09,10963,0.0,10963.0,CASH
T002750,C0140,2026-05-15T15:24:22,2030,0.0,2030.0,MOBILE_PAY
T002751,C0482,2026-04-13T13:07:56,4431,372.65,4058.35,CASH
T002752,C0015,2026-09-12T17:43:15,10867,0.0,10867.0,CARD
T002753,C0490,2026-04-02T21:01:22,10466,134.1,10331.9,MOBILE_PAY
T002754,C0381,2026-09-22T06:48:36,8819,224.7,8594.3,CARD
T002755,C0052,2025-10-05T18:25:54,521,0.0,521.0,MOBILE_PAY
T002756,C0475,2025-12-20T08:15:52,5440,0.0,5440.0,MOBILE_PAY
T002757,C0037,2026-02-20T20:27:47,8434,0.0,8434.0,CASH
T002758,C0160,2026-04-29T08:24:55,3725,0.0,3725.0,CASH
T002759,C0435,2026-05-02T06:33:52,864,0.0,864.0,CARD
T002760,C0088,2026-07-26T23:25:24,14341,0.0,14341.0,CARD
T002761,C0194,2025-12-26T02:55:07,723,0.0,723.0,MOBILE_PAY
T002762,C0039,2025-09-28T10:39:59,12593,103.2,12489.8,MOBILE_PAY
T002763,C0188,2025-10-08T06:38:14,8352,30.2,8321.8,CASH
T002764,C0056,2026-01-13T08:46:45,16153,323.0,15830.0,CARD
T002765,C0354,2026-04-25T11:55:42,5481,522.0,4959.0,MOBILE_PAY
T002766,C0066,2025-12-21T16:18:56,1868,0.0,1868.0,CASH
T002767,C0359,2026-04-04T04:34:27,9776,0.0,9776.0,CASH
T002768,C0180,2026-06-19T11:59:39,1086,0.0,1086.0,CARD
T002769,C0263,2026-05-19T14:26:28,506,0.0,506.0,MOBILE_PAY
T002770,C0212,2026-09-19T18:47:54,11996,0.0,11996.0,CASH
T002771,C0031,2026-06-03T02:31:20,8937,0.0,8937.0,CARD
T002772,C0359,2025-12-24T18:23:47,5988,0.0,5988.0,MOBILE_PAY
T002773,C0221,2026-03-02T05:39:05,8624,0.0,8624.0,CARD
T002774,C0050,2026-07-07T08:58:45,10331,103.2,10227.8,CARD
T002775,C0118,2025-12-24T10:42:53,9914,134.2,9779.8,CARD
T002776,C0260,2026-06-22T06:57:09,11844,0.0,11844.0,MOBILE_PAY
T002777,C0018,2026-08-20T15:33:44,10716,0.0,10716.0,CASH
T002778,C0276,2025-10-27T20:52:32,2397,0.0,2397.0,CARD
T002779,C0344,2026-07-21T13:50:55,7184,107.1,7076.9,CASH
T002780,C0469,2026-02-08T01:54:53,358,0.0,358.0,CASH
T002781,C0050,2026-05-09T05:35:43,11857,0.0,11857.0,CASH
T002782,C0121,2025-12-06T15:00:20,13180,0.0,13180.0,MOBILE_PAY
T002783,C0446,2026-07-14T07:39:54,4115,327.25,3787.75,MOBILE_PAY
T002784,C0177,2025-11-22T13:59:15,15427,0.0,15427.0,CARD
T002785,C0384,2026-07-26T23:55:58,7507,0.0,7507.0,CARD
T002786,C0307,2026-06-28T20:01:15,1572,0.0,1572.0,CASH
T002787,C0468,2026-05-15T21:58:00,14104,192.9,13911.1,CARD
T002788,C0036,2025-11-10T09:45:55,16974,107.6,16866.4,CASH
T002789,C0247,2026-06-11T02:45:13,910,0.0,910.0,MOBILE_PAY
T002790,C0255,2026-06-04T07:54:25,15037,0.0,15037.0,CARD
T002791,C0484,2025-12-01T09:34:11,10760,364.4,10395.6,CARD
T002792,C0175,2026-04-02T16:31:48,3279,0.0,3279.0,MOBILE_PAY
T002793,C0486,2026-09-25T10:01:24,1146,0.0,1146.0,MOBILE_PAY
T002794,C0098,2025-10-19T16:08:44,516,0.0,516.0,MOBILE_PAY
T002795,C0015,2026-02-23T03:25:48,7438,0.0,7438.0,CASH
T002796,C0036,2026-02-02T09:02:31,16639,1363.75,15275.25,CASH
T002797,C0382,2026-05-17T15:27:11,24245,0.0,24245.0,CARD
T002798,C0094,2025-12-22T21:48:52,9618,0.0,9618.0,MOBILE_PAY
T002799,C0090,2026-01-14T02:04:29,5921,0.0,5921.0,CARD
T002800,C0181,2025-10-22T07:10:47,8866,53.25,8812.75,CASH
T002801,C0235,2025-10-14T05:56:06,11188,76.5,11111.5,CASH
T002802,C0207,2026-09-14T20:30:25,9857,92.4,9764.6,CASH
T002803,C0127,2026-01-07T21:31:48,2616,0.0,2616.0,CARD
T002804,C0386,2025-10-16T15:42:35,1887,127.8,1759.2,CARD
T002805,C0027,2026-02-20T17:48:54,8993,0.0,8993.0,MOBILE_PAY
T002806,C0121,2026-07-12T18:26:46,5226,0.0,5226.0,CARD
T002807,C0441,2026-09-26T00:55:44,10470,626.7,9843.3,CARD
T002808,C0313,2026-06-20T12:58:19,3841,0.0,3841.0,CARD
T002809,C0192,2025-11-22T15:43:53,8719,587.5,8131.5,MOBILE_PAY
T002810,C0129,2026-05-10T03:33:27,10150,175.2,9974.8,CARD
T002811,C0042,2025-11-02T20:41:33,1600,75.9,1524.1,CASH
T002812,C0014,2025-10-29T02:41:02,5658,0.0,5658.0,MOBILE_PAY
T002813,C0154,2026-04-26T05:56:22,8332,0.0,8332.0,CASH
T002814,C0234,2026-03-21T16:35:57,3736,0.0,3736.0,CARD
T002815,C0368,2025-12-02T10:28:19,3946,0.0,3946.0,CASH
T002816,C0239,2025-11-16T02:28:40,11738,0.0,11738.0,CASH
T002817,C0054,2026-04-14T17:33:09,5140,0.0,5140.0,CARD
T002818,C0002,2025-11-27T05:00:33,11414,816.0,10598.0,CASH
T002819,C0170,2026-01-14T07:43:32,13199,0.0,13199.0,MOBILE_PAY
T002820,C0339,2026-04-01T14:59:29,15843,148.95,15694.05,MOBILE_PAY
T002821,C0122,2025-11-14T11:16:55,5771,261.0,5510.0,MOBILE_PAY
T002822,C0174,2026-04-16T16:26:38,7771,1481.4,6289.6,CARD
T002823,C0449,2025-12-11T01:46:12,2124,0.0,2124.0,MOBILE_PAY
T002824,C0267,2025-10-05T05:08:52,5593,0.0,5593.0,CASH
T002825,C0211,2025-10-31T06:24:19,3876,0.0,3876.0,CASH
T002826,C0231,2026-04-23T15:05:40,8382,58.8,8323.2,CARD
T002827,C0350,2025-11-10T15:20:17,9492,0.0,9492.0,MOBILE_PAY
T002828,C0402,2026-03-19T15:04:56,23813,1763.75,22049.25,CARD
T002829,C0340,2026-06-24T18:51:58,10789,102.5,10686.5,MOBILE_PAY
T002830,C0267,2026-05-11T20:22:39,8519,241.8,8277.2,MOBILE_PAY
T002831,C0480,2026-07-24T08:40:03,10560,841.5,9718.5,CARD
T002832,C0433,2026-03-01T19:31:45,13068,76.5,12991.5,CASH
T002833,C0071,2026-06-07T11:54:46,3544,30.0,3514.0,MOBILE_PAY
T002834,C0021,2025-10-18T00:47:11,9612,0.0,9612.0,CASH
T002835,C0133,2026-08-22T14:33:59,8111,98.6,8012.4,CASH
T002836,C0398,2026-08-14T14:34:13,12725,0.0,12725.0,MOBILE_PAY
T002837,C0031,2026-04-01T20:59:46,1036,0.0,1036.0,CASH
T002838,C0091,2026-02-04T06:06:36,3704,0.0,3704.0,CARD
T002839,C0200,2026-06-17T06:14:57,3314,216.0,3098.0,CASH
T002840,C0152,2026-03-20T08:19:17,2203,0.0,2203.0,MOBILE_PAY
T002841,C0147,2026-04-19T11:47:55,2025,0.0,2025.0,MOBILE_PAY
T002842,C0077,2026-05-23T06:42:48,12359,424.4,11934.6,CASH
T002843,C0447,2026-07-07T10:29:15,12780,1062.15,11717.85,CASH
T002844,C0024,2026-07-31T02:40:44,12072,61.5,12010.5,MOBILE_PAY
T002845,C0151,2026-08-18T03:38:52,2535,0.0,2535.0,CARD
T002846,C0037,2026-07-06T16:35:50,4957,0.0,4957.0,MOBILE_PAY
T002847,C0182,2026-04-17T11:30:46,5395,0.0,5395.0,MOBILE_PAY
T002848,C0283,2026-06-09T02:44:09,3856,0.0,3856.0,MOBILE_PAY
T002849,C0085,2026-01-03T04:01:19,5724,82.0,5642.0,MOBILE_PAY
T002850,C0053,2026-08-16T15:28:47,1645,30.2,1614.8,CARD
T002851,C0435,2026-05-09T04:38:40,2360,182.4,2177.6,CASH
T002852,C0184,2026-03-31T13:21:36,2906,469.4,2436.6,CARD
T002853,C0035,2026-09-09T15:07:04,9561,303.2,9257.8,CASH
T002854,C0201,2026-01-15T21:52:52,6285,0.0,6285.0,CARD
T002855,C0457,2026-05-11T04:01:56,12148,30.2,12117.8,CASH
T002856,C0450,2026-05-23T20:29:36,14319,0.0,14319.0,MOBILE_PAY
T002857,C0020,2026-03-20T13:52:39,9518,0.0,9518.0,CASH
T002858,C0466,2026-05-27T17:31:47,16262,112.5,16149.5,MOBILE_PAY
T002859,C0092,2026-05-18T09:41:48,4384,0.0,4384.0,CARD
T002860,C0446,2025-10-19T08:57:38,6240,653.9,5586.1,CARD
T002861,C0055,2026-01-27T21:33:28,2264,0.0,2264.0,CARD
T002862,C0140,2025-11-28T21:34:13,11201,247.5,10953.5,MOBILE_PAY
T002863,C0148,2026-09-23T09:42:28,10248,236.8,10011.2,CASH
T002864,C0012,2026-08-30T11:27:50,3094,0.0,3094.0,MOBILE_PAY
T002865,C0075,2025-11-18T15:25:46,7684,46.2,7637.8,CARD
T002866,C0276,2025-11-07T15:02:10,8749,0.0,8749.0,MOBILE_PAY
T002867,C0493,2026-04-05T17:01:44,4786,30.3,4755.7,CARD
T002868,C0061,2025-11-14T12:47:18,18627,213.0,18414.0,CARD
T002869,C0234,2025-11-09T03:36:14,4363,0.0,4363.0,CARD
T002870,C0368,2026-01-13T16:45:08,11401,144.4,11256.6,MOBILE_PAY
T002871,C0480,2026-04-27T10:32:46,8828,0.0,8828.0,MOBILE_PAY
T002872,C0227,2026-08-24T19:33:16,1510,0.0,1510.0,CASH
T002873,C0244,2026-03-05T04:59:45,4518,0.0,4518.0,CASH
T002874,C0146,2026-07-31T07:02:54,6080,1047.0,5033.0,CARD
T002875,C0416,2026-02-04T16:13:50,3904,0.0,3904.0,MOBILE_PAY
T002876,C0437,2026-03-08T10:15:49,2015,0.0,2015.0,CARD
T002877,C0374,2026-02-12T12:27:25,5668,508.2,5159.8,CARD
T002878,C0122,2026-04-15T23:34:19,6337,445.0,5892.0,CASH
T002879,C0383,2026-07-10T19:18:27,13713,379.5,13333.5,CARD
T002880,C0305,2025-11-03T03:31:29,4902,327.6,4574.4,CARD
T002881,C0088,2026-04-30T00:07:30,2905,0.0,2905.0,CASH
T002882,C0209,2026-05-25T23:51:22,9141,0.0,9141.0,CARD
T002883,C0139,2026-04-22T21:02:45,236,0.0,236.0,CASH
T002884,C0343,2026-06-11T17:33:49,2238,0.0,2238.0,CARD
T002885,C0052,2025-11-05T21:33:30,2380,0.0,2380.0,CARD
T002886,C0379,2026-09-08T11:07:00,8405,0.0,8405.0,MOBILE_PAY
T002887,C0468,2025-09-30T22:32:08,6800,324.0,6476.0,CARD
T002888,C0471,2026-03-14T07:33:42,7601,0.0,7601.0,MOBILE_PAY
T002889,C0200,2025-10-27T04:12:22,2223,0.0,2223.0,CASH
T002890,C0406,2026-04-06T13:22:50,2470,180.5,2289.5,MOBILE_PAY
T002891,C0292,2025-12-18T07:52:41,342,0.0,342.0,CASH
T002892,C0137,2026-05-30T15:59:53,3384,196.5,3187.5,CASH
T002893,C0038,2026-08-04T06:41:24,8571,0.0,8571.0,CARD
T002894,C0495,2026-06-20T04:46:15,6897,0.0,6897.0,CARD
T002895,C0436,2026-08-25T00:06:32,7478,0.0,7478.0,CASH
T002896,C0356,2026-08-29T07:34:54,1331,177.0,1154.0,CARD
T002897,C0144,2026-06-28T16:28:11,3591,408.9,3182.1,CASH
T002898,C0158,2026-01-26T23:44:26,5645,0.0,5645.0,CASH
T002899,C0183,2026-03-04T02:33:21,12719,0.0,12719.0,MOBILE_PAY
T002900,C0262,2026-08-27T21:13:05,9111,0.0,9111.0,MOBILE_PAY
T002901,C0147,2025-12-30T18:05:24,970,0.0,970.0,CARD
T002902,C0146,2025-11-03T01:35:12,8108,0.0,8108.0,CASH
T002903,C0205,2026-03-04T17:01:29,11604,427.5,11176.5,CASH
T002904,C0276,2025-12-14T00:01:02,5290,0.0,5290.0,MOBILE_PAY
T002905,C0478,2026-08-15T06:28:56,5961,0.0,5961.0,MOBILE_PAY
T002906,C0419,2025-11-02T20:02:43,24765,0.0,24765.0,MOBILE_PAY
T002907,C0356,2025-12-01T14:11:27,2487,0.0,2487.0,CARD
T002908,C0195,2026-05-16T21:26:29,1615,206.4,1408.6,CARD
T002909,C0067,2026-03-25T07:36:52,9404,0.0,9404.0,CARD
T002910,C0241,2026-02-16T15:02:37,1683,0.0,1683.0,CASH
T002911,C0428,2026-08-16T17:05:08,3140,0.0,3140.0,CASH
T002912,C0487,2026-02-11T03:23:46,7734,196.0,7538.0,CARD
T002913,C0186,2026-03-20T12:20:44,9750,0.0,9750.0,MOBILE_PAY
T002914,C0057,2026-08-10T22:53:18,6152,75.15,6076.85,MOBILE_PAY
T002915,C0068,2025-12-05T09:57:28,14004,0.0,14004.0,CASH
T002916,C0265,2026-07-13T13:16:13,5893,0.0,5893.0,CARD
T002917,C0446,2026-08-29T21:20:43,9340,196.5,9143.5,CASH
T002918,C0134,2026-07-16T20:00:43,13063,251.2,12811.8,CARD
T002919,C0247,2026-03-07T05:27:06,16302,444.1,15857.9,CARD
T002920,C0279,2025-11-06T10:08:38,6819,0.0,6819.0,MOBILE_PAY
T002921,C0098,2026-03-08T19:59:23,13210,558.4,12651.6,CASH
T002922,C0157,2026-05-17T00:17:30,15502,0.0,15502.0,CARD
T002923,C0119,2026-01-23T18:25:39,2015,0.0,2015.0,MOBILE_PAY
T002924,C0160,2026-05-21T17:14:54,15817,0.0,15817.0,CASH
T002925,C0473,2026-03-05T17:07:44,4730,204.25,4525.75,CASH
T002926,C0259,2025-12-20T21:56:49,6575,630.2,5944.8,CASH
T002927,C0267,2026-04-04T19:19:17,13023,1075.9,11947.1,CASH
T002928,C0083,2026-09-17T04:33:12,756,0.0,756.0,MOBILE_PAY
T002929,C0396,2026-05-02T23:32:16,4522,187.2,4334.8,CASH
T002930,C0263,2026-04-12T05:28:03,13600,178.1,13421.9,CASH
T002931,C0060,2025-10-24T20:51:06,3141,0.0,3141.0,MOBILE_PAY
T002932,C0467,2025-10-31T17:21:20,6016,90.0,5926.0,MOBILE_PAY
T002933,C0084,2026-05-08T04:28:54,8794,364.0,8430.0,CARD
T002934,C0499,2026-08-19T04:31:29,11379,406.5,10972.5,CARD
T002935,C0120,2026-09-08T13:27:27,13317,0.0,13317.0,CASH
T002936,C0182,2025-12-18T07:52:35,5387,0.0,5387.0,MOBILE_PAY
T002937,C0259,2026-04-19T09:19:58,4653,10.3,4642.7,CASH
T002938,C0044,2026-08-24T12:49:40,5080,90.0,4990.0,MOBILE_PAY
T002939,C0217,2026-06-22T03:39:18,4412,0.0,4412.0,MOBILE_PAY
T002940,C0009,2026-06-30T05:23:36,12297,1109.8,11187.2,CASH
T002941,C0465,2026-05-14T09:47:12,10204,295.5,9908.5,CASH
T002942,C0081,2026-06-06T01:06:55,7261,0.0,7261.0,CARD
T002943,C0412,2026-05-10T19:53:33,618,30.9,587.1,CARD
T002944,C0245,2026-09-06T18:47:31,11180,0.0,11180.0,CARD
T002945,C0167,2026-05-12T13:41:59,6300,0.0,6300.0,CARD
T002946,C0059,2025-10-18T01:56:20,934,0.0,934.0,MOBILE_PAY
T002947,C0180,2026-02-26T12:09:59,3850,0.0,3850.0,MOBILE_PAY
T002948,C0352,2026-04-21T06:29:48,7111,41.6,7069.4,MOBILE_PAY
T002949,C0440,2025-12-01T00:27:31,9420,62.8,9357.2,CARD
T002950,C0277,2026-06-25T05:49:41,3594,95.4,3498.6,CARD
T002951,C0233,2025-10-15T16:14:11,4813,130.8,4682.2,CASH
T002952,C0056,2025-11-10T11:45:30,5621,566.25,5054.75,CARD
T002953,C0071,2026-07-20T20:09:28,14069,1096.1,12972.9,CASH
T002954,C0209,2025-12-16T17:52:12,15238,0.0,15238.0,MOBILE_PAY
T002955,C0302,2026-06-04T00:00:39,7339,0.0,7339.0,CARD
T002956,C0238,2026-08-13T00:29:38,6101,350.0,5751.0,CARD
T002957,C0450,2025-10-02T07:40:10,9326,0.0,9326.0,CASH
T002958,C0428,2026-04-09T07:19:30,358,0.0,358.0,MOBILE_PAY
T002959,C0365,2025-10-27T03:10:59,8054,124.8,7929.2,MOBILE_PAY
T002960,C0336,2026-03-11T17:34:35,3144,60.0,3084.0,CARD
T002961,C0499,2026-04-07T00:53:50,10506,154.8,10351.2,MOBILE_PAY
T002962,C0263,2026-02-09T10:56:37,7746,0.0,7746.0,CASH
T002963,C0404,2025-12-09T11:58:48,2631,67.8,2563.2,CASH
T002964,C0275,2026-08-02T03:56:51,2038,0.0,2038.0,CARD
T002965,C0238,2026-06-19T15:18:57,1723,0.0,1723.0,CARD
T002966,C0230,2026-06-24T10:19:44,12021,0.0,12021.0,CASH
T002967,C0059,2025-12-02T23:32:11,3236,0.0,3236.0,CARD
T002968,C0341,2025-11-10T21:55:25,18013,2213.75,15799.25,CASH
T002969,C0342,2026-02-25T08:42:15,5599,0.0,5599.0,CASH
T002970,C0304,2025-12-22T10:09:21,8497,0.0,8497.0,CARD
T002971,C0108,2026-08-04T22:24:52,12813,739.5,12073.5,CARD
T002972,C0136,2026-06-22T15:52:49,16396,0.0,16396.0,MOBILE_PAY
T002973,C0498,2025-12-11T19:23:23,2632,0.0,2632.0,CASH
T002974,C0153,2026-03-10T00:19:04,2508,50.7,2457.3,CASH
T002975,C0491,2026-09-19T22:25:30,6160,0.0,6160.0,CARD
T002976,C0047,2025-11-13T02:15:36,6078,256.0,5822.0,CASH
T002977,C0137,2026-08-04T21:03:36,2816,0.0,2816.0,CARD
T002978,C0192,2026-08-18T13:35:48,20604,0.0,20604.0,CARD
T002979,C0010,2025-12-30T07:07:08,6981,255.6,6725.4,MOBILE_PAY
T002980,C0167,2025-10-27T03:23:18,2885,0.0,2885.0,CASH
T002981,C0389,2026-03-28T21:26:25,8062,0.0,8062.0,CARD
T002982,C0263,2026-05-23T16:56:59,8803,1119.75,7683.25,CASH
T002983,C0237,2026-08-27T15:44:24,8602,0.0,8602.0,MOBILE_PAY
T002984,C0452,2026-04-19T21:42:28,10385,0.0,10385.0,MOBILE_PAY
T002985,C0059,2026-02-02T05:14:34,3407,0.0,3407.0,CARD
T002986,C0480,2026-01-09T06:30:39,7787,98.25,7688.75,MOBILE_PAY
T002987,C0260,2026-05-09T21:50:14,12010,883.65,11126.35,CARD
T002988,C0288,2025-10-11T12:13:26,10305,0.0,10305.0,MOBILE_PAY
T002989,C0494,2026-07-17T05:30:18,3573,0.0,3573.0,CARD
T002990,C0407,2026-08-22T13:39:25,4137,0.0,4137.0,MOBILE_PAY
T002991,C0082,2025-10-14T22:02:27,15111,0.0,15111.0,CARD
T002992,C0496,2026-01-25T20:36:36,9783,391.5,9391.5,MOBILE_PAY
T002993,C0470,2026-06-21T23:02:50,8421,209.4,8211.6,CASH
T002994,C0378,2026-05-19T02:19:24,2951,253.5,2697.5,CARD
T002995,C0377,2026-08-17T11:38:27,2548,77.95,2470.05,MOBILE_PAY
T002996,C0336,2025-10-19T03:23:16,5789,324.0,5465.0,CARD
T002997,C0054,2025-12-30T12:40:17,19567,427.5,19139.5,CARD
T002998,C0288,2026-03-31T05:30:22,12945,576.9,12368.1,CASH
T002999,C0278,2026-06-15T11:28:09,9148,0.0,9148.0,CASH
T003000,C0140,2025-11-29T17:15:30,7362,289.35,7072.65,CARD
T003001,C0354,2026-05-18T20:02:06,10484,0.0,10484.0,CASH
T003002,C0277,2026-02-13T00:40:36,10677,0.0,10677.0,CASH
T003003,C0028,2026-07-15T10:50:10,7884,0.0,7884.0,MOBILE_PAY
T003004,C0387,2026-01-20T04:21:13,9962,390.7,9571.3,CASH
T003005,C0413,2026-02-18T14:05:47,8901,0.0,8901.0,MOBILE_PAY
T003006,C0180,2026-04-15T15:13:42,1353,0.0,1353.0,CARD
T003007,C0050,2026-07-25T20:32:08,550,0.0,550.0,MOBILE_PAY
T003008,C0110,2026-02-03T13:43:44,12675,643.5,12031.5,MOBILE_PAY
T003009,C0416,2026-04-10T19:57:55,10426,0.0,10426.0,CASH
T003010,C0334,2025-12-23T15:05:17,9015,0.0,9015.0,MOBILE_PAY
T003011,C0441,2026-02-07T00:06:21,10626,117.5,10508.5,CARD
T003012,C0356,2026-06-24T03:13:11,6667,0.0,6667.0,MOBILE_PAY
T003013,C0483,2026-03-09T19:42:59,3528,0.0,3528.0,CASH
T003014,C0458,2026-09-13T06:52:31,1071,0.0,1071.0,MOBILE_PAY
T003015,C0267,2026-08-11T20:49:06,902,0.0,902.0,CASH
T003016,C0360,2026-08-30T05:10:54,6148,40.25,6107.75,CASH
T003017,C0448,2025-12-27T07:45:06,12529,0.0,12529.0,CARD
T003018,C0421,2026-06-18T09:37:37,13532,0.0,13532.0,CASH
T003019,C0108,2026-05-17T09:47:05,9668,0.0,9668.0,CARD
T003020,C0429,2026-09-18T10:30:14,6106,0.0,6106.0,MOBILE_PAY
T003021,C0473,2026-05-12T20:40:58,5100,0.0,5100.0,CARD
T003022,C0227,2026-04-28T04:00:30,11535,0.0,11535.0,MOBILE_PAY
T003023,C0075,2026-07-18T20:34:20,14453,1511.6,12941.4,MOBILE_PAY
T003024,C0053,2026-08-15T23:01:20,5582,0.0,5582.0,CARD
T003025,C0205,2025-11-14T07:24:56,3264,95.7,3168.3,MOBILE_PAY
T003026,C0257,2025-11-25T18:14:50,1686,0.0,1686.0,CARD
T003027,C0035,2026-04-02T09:46:17,20613,295.5,20317.5,CASH
T003028,C0327,2026-08-23T15:04:18,6854,0.0,6854.0,CASH
T003029,C0003,2026-01-13T10:09:23,2168,118.4,2049.6,CASH
T003030,C0397,2026-07-08T18:21:37,9502,0.0,9502.0,MOBILE_PAY
T003031,C0268,2025-12-20T21:05:45,10757,261.0,10496.0,CARD
T003032,C0339,2026-05-19T18:13:07,2971,0.0,2971.0,MOBILE_PAY
T003033,C0258,2026-05-30T18:33:42,5053,987.6,4065.4,MOBILE_PAY
T003034,C0081,2025-11-26T03:22:05,2400,0.0,2400.0,CASH
T003035,C0311,2025-11-22T18:57:23,3703,0.0,3703.0,CASH
T003036,C0071,2026-09-15T23:50:49,10836,1982.4,8853.6,MOBILE_PAY
T003037,C0472,2026-01-30T09:30:59,11905,0.0,11905.0,MOBILE_PAY
T003038,C0352,2026-07-26T02:47:16,8325,91.65,8233.35,CARD
T003039,C0090,2026-09-08T16:37:08,656,0.0,656.0,CASH
T003040,C0137,2026-02-07T02:42:35,12034,1674.0,10360.0,CARD
T003041,C0144,2025-11-07T09:18:43,15041,211.8,14829.2,CARD
T003042,C0040,2026-03-16T08:44:43,5604,987.6,4616.4,MOBILE_PAY
T003043,C0296,2026-08-07T08:38:02,7644,151.0,7493.0,MOBILE_PAY
T003044,C0390,2026-01-11T01:05:23,10393,257.9,10135.1,MOBILE_PAY
T003045,C0240,2025-10-24T08:49:16,15664,118.2,15545.8,CARD
T003046,C0481,2026-08-17T00:45:51,10395,261.0,10134.0,CASH
T003047,C0075,2026-05-18T09:03:28,14642,913.35,13728.65,CASH
T003048,C0362,2026-06-26T08:31:39,4033,0.0,4033.0,CASH
T003049,C0067,2026-07-11T13:55:26,5985,0.0,5985.0,CASH
T003050,C0342,2025-12-07T20:11:25,1780,0.0,1780.0,CASH
T003051,C0444,2026-01-30T14:18:46,9635,0.0,9635.0,CARD
T003052,C0220,2026-05-01T20:29:14,11729,0.0,11729.0,CASH
T003053,C0007,2026-09-04T06:26:32,8374,0.0,8374.0,CASH
T003054,C0340,2026-09-03T07:54:46,7226,0.0,7226.0,CASH
T003055,C0289,2025-10-23T05:07:47,6306,130.8,6175.2,CASH
T003056,C0308,2026-05-29T16:46:07,7497,191.8,7305.2,MOBILE_PAY
T003057,C0269,2026-07-11T07:16:52,11914,0.0,11914.0,MOBILE_PAY
T003058,C0316,2026-08-20T16:31:35,1551,0.0,1551.0,MOBILE_PAY
T003059,C0395,2026-09-13T01:29:56,294,0.0,294.0,MOBILE_PAY
T003060,C0343,2026-08-16T04:41:03,13997,841.5,13155.5,CASH
T003061,C0476,2026-01-03T22:49:01,7918,32.2,7885.8,CASH
T003062,C0080,2026-08-16T10:16:00,17614,491.25,17122.75,MOBILE_PAY
T003063,C0426,2026-04-06T22:50:29,9853,30.3,9822.7,CARD
T003064,C0223,2026-08-30T05:50:55,4243,249.6,3993.4,MOBILE_PAY
T003065,C0437,2026-03-09T18:32:26,5371,0.0,5371.0,CASH
T003066,C0342,2026-09-11T01:02:52,8612,261.0,8351.0,MOBILE_PAY
T003067,C0259,2025-12-05T23:53:55,16506,1303.9,15202.1,CARD
T003068,C0125,2026-09-13T14:18:57,8910,0.0,8910.0,MOBILE_PAY
T003069,C0200,2026-09-25T10:10:26,13919,169.5,13749.5,CARD
T003070,C0255,2025-11-07T13:31:40,11007,0.0,11007.0,CASH
T003071,C0197,2026-08-11T07:30:16,11288,0.0,11288.0,MOBILE_PAY
T003072,C0454,2026-06-27T09:14:16,20578,0.0,20578.0,CARD
T003073,C0105,2025-12-07T00:59:58,4883,0.0,4883.0,CARD
T003074,C0256,2026-06-28T17:25:33,13028,323.4,12704.6,MOBILE_PAY
T003075,C0100,2025-12-09T05:52:14,6195,0.0,6195.0,CASH
T003076,C0015,2026-03-03T21:16:43,3549,0.0,3549.0,MOBILE_PAY
T003077,C0362,2026-08-08T06:46:51,8837,849.7,7987.3,MOBILE_PAY
T003078,C0466,2025-10-11T18:40:16,12171,0.0,12171.0,CARD
T003079,C0266,2025-11-13T11:23:38,11180,0.0,11180.0,MOBILE_PAY
T003080,C0275,2026-06-24T15:58:44,16879,0.0,16879.0,CARD
T003081,C0007,2026-04-25T18:36:18,4408,0.0,4408.0,CASH
T003082,C0039,2026-02-27T18:00:12,9872,633.3,9238.7,MOBILE_PAY
T003083,C0480,2025-12-26T21:02:30,2152,0.0,2152.0,MOBILE_PAY
T003084,C0403,2026-05-07T05:04:59,23079,0.0,23079.0,MOBILE_PAY
T003085,C0389,2026-05-17T14:44:42,12256,0.0,12256.0,MOBILE_PAY
T003086,C0032,2026-01-06T16:36:54,21156,0.0,21156.0,MOBILE_PAY
T003087,C0470,2026-02-13T07:40:14,15353,0.0,15353.0,CASH
T003088,C0293,2026-01-05T13:28:18,6494,0.0,6494.0,CARD
T003089,C0103,2025-11-04T05:07:46,6738,480.9,6257.1,CARD
T003090,C0420,2026-08-13T14:37:41,7260,515.0,6745.0,CARD
T003091,C0404,2025-12-17T00:39:10,1680,0.0,1680.0,CASH
T003092,C0206,2026-07-05T04:42:12,5542,0.0,5542.0,CASH
T003093,C0021,2026-07-24T07:35:00,9030,0.0,9030.0,MOBILE_PAY
T003094,C0330,2026-04-30T18:27:25,2756,0.0,2756.0,MOBILE_PAY
T003095,C0084,2026-01-03T00:42:41,1136,0.0,1136.0,CASH
T003096,C0255,2026-01-28T21:56:01,9153,0.0,9153.0,MOBILE_PAY
T003097,C0383,2025-12-27T01:32:44,4080,0.0,4080.0,MOBILE_PAY
T003098,C0270,2025-11-02T17:13:39,11596,170.4,11425.6,CARD
T003099,C0038,2026-01-27T05:02:12,8071,21.3,8049.7,CASH
T003100,C0220,2026-02-25T14:14:38,11625,153.6,11471.4,MOBILE_PAY
T003101,C0175,2025-12-20T19:14:21,15929,0.0,15929.0,CARD
T003102,C0050,2026-07-25T15:27:53,32820,745.4,32074.6,CARD
T003103,C0338,2025-10-17T18:11:48,8818,30.3,8787.7,CASH
T003104,C0385,2026-05-19T12:10:13,4268,0.0,4268.0,CARD
T003105,C0477,2025-12-30T09:46:16,4047,0.0,4047.0,CARD
T003106,C0132,2025-09-30T15:40:26,10589,0.0,10589.0,CASH
T003107,C0280,2026-09-09T18:31:55,20664,0.0,20664.0,CARD
T003108,C0282,2026-07-24T00:36:44,3024,0.0,3024.0,CASH
T003109,C0054,2026-08-04T08:28:15,12143,0.0,12143.0,CARD
T003110,C0478,2026-03-28T22:15:02,4021,248.4,3772.6,CASH
T003111,C0283,2026-05-17T10:50:45,8284,197.25,8086.75,CASH
T003112,C0043,2026-03-01T14:32:10,5894,255.0,5639.0,MOBILE_PAY
T003113,C0305,2026-04-17T17:49:12,10339,0.0,10339.0,MOBILE_PAY
T003114,C0215,2026-06-11T04:12:58,3592,0.0,3592.0,MOBILE_PAY
T003115,C0126,2026-07-10T11:00:11,11988,837.6,11150.4,CARD
T003116,C0258,2026-02-05T10:09:25,3628,197.2,3430.8,CASH
T003117,C0428,2026-07-25T07:54:27,14518,0.0,14518.0,CARD
T003118,C0290,2026-05-26T18:02:39,12756,101.7,12654.3,CASH
T003119,C0331,2025-10-15T04:52:06,1515,0.0,1515.0,MOBILE_PAY
T003120,C0149,2026-06-06T22:56:38,3175,0.0,3175.0,CASH
T003121,C0322,2026-05-13T07:22:15,11567,112.95,11454.05,MOBILE_PAY
T003122,C0423,2026-03-12T18:05:49,5273,0.0,5273.0,CARD
T003123,C0308,2026-06-24T11:47:05,3349,0.0,3349.0,CARD
T003124,C0183,2026-06-11T05:22:29,17859,0.0,17859.0,MOBILE_PAY
T003125,C0025,2026-01-24T01:33:48,2025,0.0,2025.0,MOBILE_PAY
T003126,C0341,2026-02-15T00:15:42,4300,0.0,4300.0,CASH
T003127,C0213,2026-09-04T18:58:32,8244,96.3,8147.7,MOBILE_PAY
T003128,C0464,2026-07-30T09:54:50,8346,170.0,8176.0,CASH
T003129,C0048,2026-05-10T06:13:05,14767,247.5,14519.5,CARD
T003130,C0271,2026-04-24T08:51:28,3826,41.2,3784.8,CARD
T003131,C0258,2026-03-26T19:10:42,1844,0.0,1844.0,CASH
T003132,C0440,2025-11-18T22:47:18,2237,0.0,2237.0,CASH
T003133,C0362,2026-05-29T19:26:53,20587,208.0,20379.0,CARD
T003134,C0073,2026-01-13T01:53:35,4274,83.8,4190.2,CARD
T003135,C0371,2026-09-17T12:06:29,10157,732.8,9424.2,CARD
T003136,C0199,2026-07-07T13:06:40,1138,0.0,1138.0,CASH
T003137,C0073,2025-10-09T18:05:23,9952,0.0,9952.0,MOBILE_PAY
T003138,C0057,2026-05-03T16:46:40,14197,491.1,13705.9,MOBILE_PAY
T003139,C0471,2026-07-15T06:23:33,6796,161.5,6634.5,CARD
T003140,C0291,2026-05-22T16:19:54,9661,0.0,9661.0,CASH
T003141,C0147,2026-05-20T09:05:07,1356,0.0,1356.0,CASH
T003142,C0166,2026-08-29T16:46:29,4517,0.0,4517.0,CARD
T003143,C0408,2025-12-04T13:45:54,4896,33.9,4862.1,MOBILE_PAY
T003144,C0236,2026-06-27T03:40:30,10947,0.0,10947.0,CASH
T003145,C0442,2025-11-08T01:48:26,5389,928.6,4460.4,CARD
T003146,C0231,2026-03-25T06:43:09,6463,248.25,6214.75,CARD
T003147,C0149,2026-04-03T00:55:39,7936,0.0,7936.0,MOBILE_PAY
T003148,C0249,2026-06-01T07:13:31,16498,300.0,16198.0,CASH
T003149,C0429,2026-07-25T19:22:10,10930,418.8,10511.2,CASH
T003150,C0312,2026-09-08T17:10:14,460,0.0,460.0,MOBILE_PAY
T003151,C0353,2025-12-09T08:47:12,2471,0.0,2471.0,CARD
T003152,C0210,2026-02-01T21:46:41,3546,0.0,3546.0,MOBILE_PAY
T003153,C0186,2026-06-07T01:09:53,1580,0.0,1580.0,CARD
T003154,C0499,2026-07-19T14:33:49,5437,0.0,5437.0,MOBILE_PAY
T003155,C0315,2026-09-21T19:13:16,8953,120.9,8832.1,MOBILE_PAY
T003156,C0125,2025-11-02T09:08:01,16450,0.0,16450.0,CASH
T003157,C0475,2026-03-08T19:50:48,20659,295.5,20363.5,CARD
T003158,C0085,2026-03-01T19:21:26,11055,0.0,11055.0,MOBILE_PAY
T003159,C0157,2026-04-12T15:46:25,2080,0.0,2080.0,MOBILE_PAY
T003160,C0342,2025-10-22T06:47:19,9141,118.35,9022.65,CASH
T003161,C0329,2025-10-23T03:01:13,9513,0.0,9513.0,CARD
T003162,C0432,2026-09-03T00:14:42,1063,0.0,1063.0,MOBILE_PAY
T003163,C0055,2025-12-16T08:40:57,6514,0.0,6514.0,MOBILE_PAY
T003164,C0073,2025-12-20T02:07:55,3076,0.0,3076.0,CASH
T003165,C0484,2026-05-26T17:27:48,2693,0.0,2693.0,MOBILE_PAY
T003166,C0140,2026-03-28T23:53:00,2176,0.0,2176.0,MOBILE_PAY
T003167,C0041,2025-12-10T21:23:20,9230,128.75,9101.25,CARD
T003168,C0464,2026-09-25T03:09:27,7960,99.3,7860.7,CARD
T003169,C0286,2026-03-12T19:25:59,18967,0.0,18967.0,CARD
T003170,C0404,2026-03-22T03:23:56,8530,0.0,8530.0,MOBILE_PAY
T003171,C0034,2025-10-08T11:04:28,6628,148.95,6479.05,CARD
T003172,C0413,2026-04-01T00:07:24,16705,337.65,16367.35,CASH
T003173,C0044,2026-06-23T04:31:59,936,0.0,936.0,CASH
T003174,C0242,2025-11-19T03:12:25,4537,0.0,4537.0,CASH
T003175,C0106,2025-11-13T06:49:23,3202,40.25,3161.75,CASH
T003176,C0275,2026-04-01T05:44:29,665,0.0,665.0,CASH
T003177,C0456,2026-06-09T09:11:58,13247,1996.8,11250.2,CASH
T003178,C0154,2025-12-24T04:39:14,7932,261.0,7671.0,CARD
T003179,C0213,2026-06-28T16:54:14,14669,135.6,14533.4,CASH
T003180,C0242,2026-01-19T08:36:02,2585,442.5,2142.5,MOBILE_PAY
T003181,C0494,2025-10-01T15:14:18,1192,0.0,1192.0,CARD
T003182,C0105,2026-06-28T14:25:55,4851,0.0,4851.0,CARD
T003183,C0411,2026-09-19T12:43:01,12415,163.5,12251.5,CARD
T003184,C0311,2025-12-06T06:56:27,20561,2478.0,18083.0,CARD
T003185,C0418,2026-01-23T23:28:34,8563,0.0,8563.0,CASH
T003186,C0338,2025-11-17T18:45:31,11520,0.0,11520.0,CARD
T003187,C0484,2026-06-06T21:29:25,9760,162.6,9597.4,CASH
T003188,C0011,2025-12-02T22:42:02,11542,30.3,11511.7,CASH
T003189,C0051,2026-06-05T07:07:04,1548,0.0,1548.0,CASH
T003190,C0285,2025-12-02T14:10:25,13225,0.0,13225.0,CASH
T003191,C0365,2026-07-09T17:15:54,8971,82.4,8888.6,CARD
T003192,C0224,2026-08-23T18:32:39,6494,159.0,6335.0,MOBILE_PAY
T003193,C0076,2026-01-10T06:51:22,1262,0.0,1262.0,CARD
T003194,C0449,2025-11-02T19:28:45,13605,0.0,13605.0,MOBILE_PAY
T003195,C0260,2026-06-21T14:38:36,8905,10.65,8894.35,CARD
T003196,C0313,2026-05-24T19:07:59,8430,188.5,8241.5,MOBILE_PAY
T003197,C0305,2026-04-19T06:06:57,1432,0.0,1432.0,CASH
T003198,C0056,2026-09-03T20:53:00,8003,0.0,8003.0,MOBILE_PAY
T003199,C0218,2026-07-31T19:57:34,6110,0.0,6110.0,CASH
T003200,C0455,2026-08-19T07:22:28,5888,0.0,5888.0,CARD
T003201,C0269,2026-07-04T14:52:24,3287,107.6,3179.4,MOBILE_PAY
T003202,C0400,2025-12-25T10:12:43,3860,147.65,3712.35,CARD
T003203,C0366,2026-08-08T03:36:53,1846,45.9,1800.1,CASH
T003204,C0055,2026-08-07T14:44:58,15104,0.0,15104.0,CASH
T003205,C0188,2025-10-21T02:26:39,176,0.0,176.0,MOBILE_PAY
T003206,C0366,2026-03-06T05:00:13,1252,0.0,1252.0,CASH
T003207,C0299,2026-06-15T22:13:30,2990,0.0,2990.0,MOBILE_PAY
T003208,C0083,2026-09-16T14:38:08,13977,22.5,13954.5,CARD
T003209,C0411,2025-12-31T16:16:10,2238,30.2,2207.8,CARD
T003210,C0397,2025-12-08T01:30:57,15545,118.2,15426.8,CASH
T003211,C0287,2026-07-09T03:41:51,8023,284.55,7738.45,CASH
T003212,C0290,2025-12-27T10:15:14,11315,587.0,10728.0,MOBILE_PAY
T003213,C0303,2026-03-14T18:50:56,3748,0.0,3748.0,CASH
T003214,C0021,2026-01-26T17:06:22,4058,0.0,4058.0,CARD
T003215,C0493,2026-01-25T02:36:38,20254,1481.4,18772.6,CARD
T003216,C0066,2026-09-12T12:04:00,12659,273.85,12385.15,CARD
T003217,C0445,2025-10-02T21:09:57,8309,0.0,8309.0,MOBILE_PAY
T003218,C0110,2025-11-02T20:17:22,8158,0.0,8158.0,CARD
T003219,C0071,2026-09-08T12:44:28,1325,0.0,1325.0,CASH
T003220,C0145,2026-04-26T15:50:19,3516,0.0,3516.0,CARD
T003221,C0358,2025-11-05T01:43:46,1869,0.0,1869.0,CASH
T003222,C0304,2026-06-06T06:10:44,5976,0.0,5976.0,CARD
T003223,C0492,2026-07-31T10:32:45,9067,0.0,9067.0,CARD
T003224,C0386,2026-01-25T16:14:40,9499,0.0,9499.0,CARD
T003225,C0304,2026-01-17T23:33:32,6411,255.0,6156.0,MOBILE_PAY
T003226,C0443,2026-01-09T12:59:07,3643,92.4,3550.6,CARD
T003227,C0077,2025-12-01T14:29:53,6476,0.0,6476.0,CARD
T003228,C0320,2026-01-20T10:40:01,23223,335.5,22887.5,CARD
T003229,C0016,2026-07-19T17:46:31,12789,295.95,12493.05,MOBILE_PAY
T003230,C0305,2026-04-29T22:46:24,2962,16.1,2945.9,MOBILE_PAY
T003231,C0097,2026-09-01T04:09:41,4494,0.0,4494.0,MOBILE_PAY
T003232,C0230,2026-08-24T13:23:48,10852,0.0,10852.0,CASH
T003233,C0356,2026-01-10T10:22:57,7608,0.0,7608.0,CASH
T003234,C0203,2025-11-26T14:18:44,5456,256.9,5199.1,CARD
T003235,C0459,2026-06-14T06:04:41,9908,418.8,9489.2,CARD
T003236,C0493,2026-06-13T18:26:17,10056,295.0,9761.0,CASH
T003237,C0411,2025-10-09T06:02:14,13470,358.8,13111.2,MOBILE_PAY
T003238,C0333,2025-11-27T09:19:54,12740,745.2,11994.8,MOBILE_PAY
T003239,C0475,2026-06-23T11:12:47,4991,0.0,4991.0,MOBILE_PAY
T003240,C0487,2026-01-13T20:01:35,9711,0.0,9711.0,CARD
T003241,C0319,2025-12-31T07:06:32,2996,0.0,2996.0,CASH
T003242,C0002,2026-08-07T06:39:24,3690,0.0,3690.0,MOBILE_PAY
T003243,C0157,2026-08-18T06:11:29,14880,63.8,14816.2,CASH
T003244,C0448,2026-07-17T02:00:27,3895,0.0,3895.0,CARD
T003245,C0392,2026-02-17T03:27:45,3340,0.0,3340.0,MOBILE_PAY
T003246,C0431,2025-09-30T03:03:10,14377,1149.5,13227.5,CASH
T003247,C0481,2026-06-25T05:53:46,1144,0.0,1144.0,MOBILE_PAY
T003248,C0439,2026-05-18T15:48:25,8308,0.0,8308.0,CARD
T003249,C0469,2026-01-24T18:18:28,7687,270.0,7417.0,CARD
T003250,C0420,2026-03-16T20:36:34,8257,142.8,8114.2,CARD
T003251,C0204,2026-03-06T00:53:03,16747,991.2,15755.8,CASH
T003252,C0272,2026-02-10T14:42:12,10454,355.0,10099.0,MOBILE_PAY
T003253,C0165,2026-06-26T17:44:05,7667,83.8,7583.2,CARD
T003254,C0214,2026-09-09T15:38:09,2931,504.9,2426.1,CARD
T003255,C0099,2026-09-26T13:24:19,5094,0.0,5094.0,CASH
T003256,C0133,2025-11-01T13:41:16,9247,807.5,8439.5,CARD
T003257,C0358,2025-11-12T02:46:53,7884,75.0,7809.0,CARD
T003258,C0423,2026-06-13T19:52:39,11677,469.6,11207.4,CASH
T003259,C0403,2026-07-10T01:18:42,7055,0.0,7055.0,CASH
T003260,C0358,2026-04-15T04:39:08,9441,0.0,9441.0,CASH
T003261,C0343,2026-03-11T15:30:41,375,0.0,375.0,CARD
T003262,C0252,2026-06-09T13:55:53,9920,103.0,9817.0,CASH
T003263,C0082,2025-10-22T13:48:49,6555,152.1,6402.9,CARD
T003264,C0025,2026-02-04T21:55:46,8925,0.0,8925.0,MOBILE_PAY
T003265,C0314,2026-03-08T01:07:30,7295,58.8,7236.2,MOBILE_PAY
T003266,C0274,2026-01-11T16:19:57,4813,90.0,4723.0,CARD
T003267,C0326,2025-09-30T09:57:51,18679,0.0,18679.0,CARD
T003268,C0402,2026-05-23T05:28:13,8262,650.9,7611.1,CARD
T003269,C0291,2026-08-05T00:34:00,6958,0.0,6958.0,MOBILE_PAY
T003270,C0106,2026-05-08T23:07:04,5150,470.0,4680.0,CARD
T003271,C0494,2026-01-15T23:15:29,2531,0.0,2531.0,MOBILE_PAY
T003272,C0412,2025-11-06T07:17:45,15228,0.0,15228.0,MOBILE_PAY
T003273,C0311,2026-01-25T06:13:43,14512,2850.55,11661.45,MOBILE_PAY
T003274,C0143,2026-04-07T12:27:58,4426,59.2,4366.8,CARD
T003275,C0405,2026-02-10T19:30:37,12551,428.9,12122.1,CASH
T003276,C0197,2025-12-11T00:08:53,3173,414.0,2759.0,CASH
T003277,C0290,2026-05-26T10:54:43,2584,0.0,2584.0,CARD
T003278,C0150,2026-04-24T16:03:25,2680,98.6,2581.4,MOBILE_PAY
T003279,C0389,2026-05-26T02:00:07,7814,0.0,7814.0,CASH
T003280,C0213,2026-06-28T17:32:44,13668,515.0,13153.0,MOBILE_PAY
T003281,C0424,2025-10-22T12:12:38,10621,336.6,10284.4,MOBILE_PAY
T003282,C0370,2026-09-10T17:49:13,3285,0.0,3285.0,CASH
T003283,C0027,2025-12-11T01:13:08,10353,0.0,10353.0,MOBILE_PAY
T003284,C0216,2026-03-27T19:49:27,9013,0.0,9013.0,CASH
T003285,C0069,2025-10-12T09:39:57,6749,16.1,6732.9,CARD
T003286,C0471,2026-01-29T12:39:36,12547,0.0,12547.0,MOBILE_PAY
T003287,C0141,2026-01-26T01:57:30,7603,0.0,7603.0,CASH
T003288,C0064,2026-08-15T22:35:02,8909,0.0,8909.0,MOBILE_PAY
T003289,C0258,2026-06-01T09:25:41,1756,0.0,1756.0,CASH
T003290,C0323,2025-11-18T09:57:39,3601,69.3,3531.7,CASH
T003291,C0218,2026-01-21T19:45:54,9121,15.1,9105.9,CARD
T003292,C0160,2026-08-19T00:42:30,4128,82.0,4046.0,MOBILE_PAY
T003293,C0375,2026-01-31T10:02:30,2122,0.0,2122.0,CASH
T003294,C0423,2025-11-02T12:46:43,18339,0.0,18339.0,CARD
T003295,C0225,2026-06-20T01:39:24,11253,780.9,10472.1,MOBILE_PAY
T003296,C0428,2026-05-31T06:51:58,1184,0.0,1184.0,CASH
T003297,C0089,2026-05-27T11:04:17,1590,331.2,1258.8,CARD
T003298,C0469,2025-10-18T22:54:58,19794,272.75,19521.25,CARD
T003299,C0409,2026-04-12T19:01:22,11360,392.0,10968.0,CASH
T003300,C0450,2026-09-15T10:04:28,1593,0.0,1593.0,CARD
T003301,C0277,2026-08-13T13:06:40,10532,218.9,10313.1,CARD
T003302,C0464,2025-12-05T19:58:38,6718,0.0,6718.0,MOBILE_PAY
T003303,C0026,2026-02-24T00:19:29,268,0.0,268.0,CASH
T003304,C0119,2026-08-27T07:18:21,13215,379.0,12836.0,CARD
T003305,C0335,2025-10-26T20:02:23,14343,0.0,14343.0,CARD
T003306,C0177,2026-06-13T11:23:31,1275,0.0,1275.0,MOBILE_PAY
T003307,C0476,2026-09-12T12:21:02,1166,0.0,1166.0,MOBILE_PAY
T003308,C0442,2026-08-12T10:36:54,3468,0.0,3468.0,MOBILE_PAY
T003309,C0014,2026-07-27T04:00:28,12567,241.0,12326.0,CASH
T003310,C0116,2025-10-24T16:49:49,6605,0.0,6605.0,MOBILE_PAY
T003311,C0348,2025-10-07T19:57:40,6760,0.0,6760.0,CARD
T003312,C0201,2026-06-04T00:01:58,10600,0.0,10600.0,MOBILE_PAY
T003313,C0095,2025-12-13T19:31:21,3539,0.0,3539.0,CASH
T003314,C0462,2026-01-28T21:37:34,8589,282.0,8307.0,CASH
T003315,C0435,2026-02-23T03:42:05,8238,450.9,7787.1,MOBILE_PAY
T003316,C0420,2026-01-29T08:59:15,13554,0.0,13554.0,CASH
T003317,C0435,2026-05-24T17:01:20,9690,0.0,9690.0,CARD
T003318,C0055,2026-01-09T00:58:59,6500,235.0,6265.0,CARD
T003319,C0032,2025-12-06T16:03:54,1664,0.0,1664.0,CASH
T003320,C0423,2026-07-15T07:14:13,9004,149.0,8855.0,CARD
T003321,C0038,2026-05-09T17:17:03,12307,0.0,12307.0,CARD
T003322,C0356,2026-05-15T19:51:10,3406,0.0,3406.0,CARD
T003323,C0332,2025-12-04T09:54:36,13254,76.05,13177.95,CASH
T003324,C0098,2025-10-10T23:11:27,10413,0.0,10413.0,CASH
T003325,C0160,2026-05-31T13:43:21,2770,0.0,2770.0,MOBILE_PAY
T003326,C0192,2025-12-04T01:15:08,1722,118.0,1604.0,CARD
T003327,C0450,2025-12-30T05:06:55,5104,0.0,5104.0,CASH
T003328,C0198,2026-04-01T19:22:43,4624,26.9,4597.1,MOBILE_PAY
T003329,C0319,2026-02-22T17:27:01,2291,51.2,2239.8,MOBILE_PAY
T003330,C0409,2026-06-30T10:57:51,10929,256.8,10672.2,CARD
T003331,C0019,2026-02-22T11:36:44,202,0.0,202.0,CARD
T003332,C0430,2026-03-14T08:37:17,7076,0.0,7076.0,MOBILE_PAY
T003333,C0480,2026-05-11T17:33:16,2712,0.0,2712.0,CARD
T003334,C0216,2026-06-12T03:24:06,5375,0.0,5375.0,CASH
T003335,C0460,2026-09-25T23:59:52,20408,1091.0,19317.0,CASH
T003336,C0111,2026-03-10T17:25:12,1081,0.0,1081.0,CARD
T003337,C0416,2026-05-18T06:43:23,2601,0.0,2601.0,CASH
T003338,C0387,2025-12-03T13:47:00,13762,333.9,13428.1,MOBILE_PAY
T003339,C0048,2026-07-25T09:44:59,10959,0.0,10959.0,CARD
T003340,C0055,2025-12-01T11:33:46,6197,615.0,5582.0,CASH
T003341,C0285,2026-05-06T14:09:41,9122,0.0,9122.0,CARD
T003342,C0303,2026-02-09T00:49:55,7633,152.6,7480.4,CASH
T003343,C0250,2025-12-27T01:17:54,6800,0.0,6800.0,CASH
T003344,C0083,2025-12-26T06:31:07,7154,0.0,7154.0,CARD
T003345,C0145,2026-04-23T22:25:12,13987,256.5,13730.5,CARD
T003346,C0118,2026-02-23T07:21:35,3380,0.0,3380.0,CASH
T003347,C0467,2025-11-02T12:08:35,2830,67.1,2762.9,MOBILE_PAY
T003348,C0182,2026-05-06T03:17:28,1250,0.0,1250.0,CARD
T003349,C0039,2026-01-02T09:25:06,10545,117.6,10427.4,CASH
T003350,C0166,2025-11-02T08:21:53,9677,0.0,9677.0,CASH
T003351,C0440,2026-08-17T11:21:59,6999,0.0,6999.0,MOBILE_PAY
T003352,C0169,2025-10-22T16:36:14,7547,0.0,7547.0,CASH
T003353,C0313,2026-05-28T01:16:11,3544,0.0,3544.0,CARD
T003354,C0162,2026-08-12T19:06:22,1335,267.0,1068.0,CASH
T003355,C0498,2026-04-25T16:25:25,5948,0.0,5948.0,CARD
T003356,C0292,2026-07-28T03:37:36,6838,0.0,6838.0,CARD
T003357,C0303,2026-07-17T07:11:57,13846,0.0,13846.0,CASH
T003358,C0118,2025-12-10T19:11:58,1266,0.0,1266.0,MOBILE_PAY
T003359,C0347,2026-05-21T17:30:13,19384,647.3,18736.7,CARD
T003360,C0465,2026-06-17T03:06:00,11417,499.45,10917.55,CARD
T003361,C0277,2025-10-03T14:11:26,7442,545.7,6896.3,MOBILE_PAY
T003362,C0033,2026-08-17T20:46:59,5536,0.0,5536.0,CASH
T003363,C0357,2026-05-26T11:58:37,1370,0.0,1370.0,CASH
T003364,C0201,2026-08-01T06:33:22,4400,0.0,4400.0,CARD
T003365,C0363,2025-12-25T19:10:15,8663,0.0,8663.0,MOBILE_PAY
T003366,C0078,2026-07-28T13:00:15,9595,108.3,9486.7,MOBILE_PAY
T003367,C0011,2026-08-01T15:20:08,7339,0.0,7339.0,CASH
T003368,C0049,2026-01-23T22:40:23,15801,837.6,14963.4,CARD
T003369,C0090,2025-11-15T12:48:53,7910,246.5,7663.5,CASH
T003370,C0020,2026-01-14T04:42:51,6768,65.4,6702.6,CARD
T003371,C0366,2026-06-08T03:46:16,3789,0.0,3789.0,CARD
T003372,C0100,2026-05-30T07:27:22,1106,0.0,1106.0,CARD
T003373,C0105,2026-08-26T18:06:23,5967,340.6,5626.4,MOBILE_PAY
T003374,C0474,2025-11-24T01:40:50,804,0.0,804.0,CASH
T003375,C0433,2026-01-19T11:36:01,12024,0.0,12024.0,CASH
T003376,C0234,2025-09-28T03:18:36,10834,0.0,10834.0,CARD
T003377,C0200,2026-02-21T07:06:35,823,0.0,823.0,CARD
T003378,C0187,2026-03-11T04:43:45,2444,0.0,2444.0,CARD
T003379,C0123,2026-06-15T18:51:10,1095,0.0,1095.0,CASH
T003380,C0248,2025-12-05T06:50:48,7906,831.0,7075.0,CARD
T003381,C0319,2026-04-14T06:35:40,564,0.0,564.0,MOBILE_PAY
T003382,C0315,2026-07-13T11:43:05,8104,0.0,8104.0,CARD
T003383,C0225,2025-12-09T05:24:51,1004,0.0,1004.0,MOBILE_PAY
T003384,C0321,2026-01-10T04:51:44,8109,402.0,7707.0,CARD
T003385,C0220,2026-03-05T13:18:54,11836,0.0,11836.0,MOBILE_PAY
T003386,C0041,2025-12-10T13:59:17,8610,0.0,8610.0,CARD
T003387,C0177,2025-12-14T13:35:01,456,0.0,456.0,MOBILE_PAY
T003388,C0218,2026-08-06T06:49:45,2816,0.0,2816.0,MOBILE_PAY
T003389,C0091,2026-01-21T18:08:37,2447,0.0,2447.0,CARD
T003390,C0032,2026-06-16T06:01:17,3554,135.6,3418.4,CASH
T003391,C0181,2026-04-16T05:14:41,7151,0.0,7151.0,MOBILE_PAY
T003392,C0308,2026-04-24T12:45:35,8370,510.0,7860.0,CARD
T003393,C0409,2026-05-20T01:13:16,13896,62.8,13833.2,MOBILE_PAY
T003394,C0251,2025-12-25T15:13:36,8970,272.1,8697.9,CARD
T003395,C0378,2025-12-28T18:19:52,10087,0.0,10087.0,MOBILE_PAY
T003396,C0072,2026-01-05T05:30:52,12110,216.0,11894.0,MOBILE_PAY
T003397,C0429,2025-12-17T07:54:08,4251,0.0,4251.0,CARD
T003398,C0388,2026-03-29T20:07:16,12207,807.5,11399.5,CASH
T003399,C0356,2026-02-18T08:05:21,18960,340.0,18620.0,CARD
T003400,C0080,2025-11-06T02:25:31,1886,81.3,1804.7,MOBILE_PAY
T003401,C0296,2026-09-26T23:34:24,4644,67.8,4576.2,CASH
T003402,C0103,2026-07-10T17:31:14,8712,165.0,8547.0,CARD
T003403,C0147,2026-04-19T21:01:31,4294,0.0,4294.0,CASH
T003404,C0458,2026-02-22T08:17:47,8224,476.5,7747.5,CASH
T003405,C0351,2026-03-15T16:17:27,5028,0.0,5028.0,CARD
T003406,C0115,2026-09-12T18:59:13,7964,0.0,7964.0,MOBILE_PAY
T003407,C0340,2026-05-23T01:47:34,5167,0.0,5167.0,CARD
T003408,C0463,2026-01-04T01:59:44,5873,220.0,5653.0,CASH
T003409,C0268,2026-07-08T10:18:55,796,0.0,796.0,MOBILE_PAY
T003410,C0451,2025-10-11T18:17:48,672,0.0,672.0,CASH
T003411,C0170,2026-04-12T11:11:19,10874,21.3,10852.7,MOBILE_PAY
T003412,C0179,2026-03-15T02:06:09,12232,83.6,12148.4,CARD
T003413,C0210,2026-07-25T16:04:21,13598,418.8,13179.2,CASH
T003414,C0405,2026-08-07T05:22:51,13745,213.0,13532.0,MOBILE_PAY
T003415,C0160,2026-02-14T20:36:58,15243,340.0,14903.0,CASH
T003416,C0466,2026-08-08T14:35:06,6216,409.0,5807.0,CARD
T003417,C0210,2026-01-17T02:52:29,4330,0.0,4330.0,CASH
T003418,C0351,2025-12-04T12:42:04,9845,0.0,9845.0,MOBILE_PAY
T003419,C0379,2026-01-15T16:28:09,834,0.0,834.0,CASH
T003420,C0025,2026-01-02T00:28:48,3494,0.0,3494.0,CASH
T003421,C0159,2026-07-06T19:12:09,10363,0.0,10363.0,MOBILE_PAY
T003422,C0117,2026-05-03T13:12:17,10367,18.25,10348.75,CASH
T003423,C0371,2025-12-04T20:47:02,10387,0.0,10387.0,MOBILE_PAY
T003424,C0408,2026-02-23T07:19:10,6047,469.6,5577.4,CARD
T003425,C0489,2026-05-26T03:41:18,7688,0.0,7688.0,CARD
T003426,C0101,2025-11-18T03:34:56,17827,314.0,17513.0,MOBILE_PAY
T003427,C0281,2026-04-30T14:58:27,11782,0.0,11782.0,MOBILE_PAY
T003428,C0063,2026-02-02T08:28:22,2702,0.0,2702.0,CASH
T003429,C0201,2026-02-07T16:41:16,7230,0.0,7230.0,MOBILE_PAY
T003430,C0388,2025-10-05T08:53:18,8113,65.4,8047.6,CASH
T003431,C0167,2026-03-20T22:55:45,10713,352.5,10360.5,CASH
T003432,C0214,2026-01-09T17:57:14,4863,0.0,4863.0,CARD
T003433,C0298,2025-12-15T14:06:12,2500,0.0,2500.0,CARD
T003434,C0472,2026-02-06T08:04:09,5565,0.0,5565.0,CARD
T003435,C0481,2026-08-12T04:52:03,732,0.0,732.0,MOBILE_PAY
T003436,C0445,2026-08-16T17:39:09,2084,0.0,2084.0,MOBILE_PAY
T003437,C0444,2025-10-05T17:08:24,19340,82.8,19257.2,MOBILE_PAY
T003438,C0207,2026-05-09T14:35:10,2994,0.0,2994.0,CARD
T003439,C0351,2026-08-28T00:55:50,306,15.3,290.7,MOBILE_PAY
T003440,C0366,2026-02-09T04:45:55,5102,0.0,5102.0,MOBILE_PAY
T003441,C0413,2025-11-29T14:54:01,11434,166.4,11267.6,MOBILE_PAY
T003442,C0480,2026-07-19T02:17:38,3294,46.2,3247.8,MOBILE_PAY
T003443,C0338,2026-08-24T09:16:42,14531,30.2,14500.8,CASH
T003444,C0078,2026-05-02T13:10:47,7826,848.6,6977.4,CARD
T003445,C0194,2026-05-31T08:23:36,2037,0.0,2037.0,CASH
T003446,C0165,2026-09-13T03:17:04,8504,227.7,8276.3,CASH
T003447,C0171,2026-09-25T18:27:18,9791,432.0,9359.0,CASH
T003448,C0430,2026-04-18T10:05:16,18656,718.3,17937.7,CASH
T003449,C0287,2026-08-06T16:13:02,1820,0.0,1820.0,CARD
T003450,C0105,2026-05-26T15:15:14,5185,412.5,4772.5,CARD
T003451,C0159,2026-02-19T05:26:20,1160,0.0,1160.0,CARD
T003452,C0026,2026-05-21T17:01:36,9531,0.0,9531.0,MOBILE_PAY
T003453,C0401,2026-01-10T21:49:50,2352,0.0,2352.0,MOBILE_PAY
T003454,C0430,2026-09-03T16:57:30,11377,0.0,11377.0,CASH
T003455,C0150,2026-09-20T00:39:45,4269,41.2,4227.8,MOBILE_PAY
T003456,C0482,2026-04-01T13:02:03,3323,131.35,3191.65,CARD
T003457,C0010,2026-08-20T21:02:58,6119,30.3,6088.7,MOBILE_PAY
T003458,C0321,2026-05-30T13:19:14,11364,0.0,11364.0,MOBILE_PAY
T003459,C0362,2026-08-29T11:02:39,8794,496.5,8297.5,CASH
T003460,C0020,2025-09-30T11:45:26,6177,0.0,6177.0,MOBILE_PAY
T003461,C0230,2026-01-01T21:12:40,7307,0.0,7307.0,CARD
T003462,C0169,2026-05-06T09:13:45,3920,0.0,3920.0,MOBILE_PAY
T003463,C0439,2026-03-12T01:58:54,7317,178.0,7139.0,CARD
T003464,C0284,2026-08-06T13:29:42,9968,0.0,9968.0,CASH
T003465,C0251,2026-09-13T11:33:08,5876,0.0,5876.0,MOBILE_PAY
T003466,C0253,2026-05-20T06:15:56,27753,0.0,27753.0,CASH
T003467,C0134,2026-09-01T13:34:10,445,89.0,356.0,CASH
T003468,C0075,2026-03-10T03:39:09,12235,0.0,12235.0,CASH
T003469,C0215,2026-01-15T08:05:05,5309,0.0,5309.0,MOBILE_PAY
T003470,C0235,2026-02-01T04:24:54,11373,140.3,11232.7,MOBILE_PAY
T003471,C0462,2025-12-17T15:45:12,3285,0.0,3285.0,CARD
T003472,C0204,2026-01-30T14:43:45,12936,807.5,12128.5,MOBILE_PAY
T003473,C0171,2026-05-18T15:57:46,1353,80.7,1272.3,CARD
T003474,C0389,2025-11-03T14:45:33,1490,149.0,1341.0,MOBILE_PAY
T003475,C0238,2026-08-19T07:34:11,5087,0.0,5087.0,MOBILE_PAY
T003476,C0470,2026-08-28T00:10:07,2732,0.0,2732.0,CARD
T003477,C0097,2026-03-28T22:32:14,10516,0.0,10516.0,CARD
T003478,C0496,2026-03-03T12:20:42,4910,0.0,4910.0,CARD
T003479,C0168,2026-02-01T17:15:37,15568,172.5,15395.5,CASH
T003480,C0141,2025-10-14T16:22:47,5414,196.4,5217.6,CASH
T003481,C0020,2026-01-05T17:15:30,12871,0.0,12871.0,CASH
T003482,C0110,2026-03-24T02:47:59,8890,25.35,8864.65,CASH
T003483,C0304,2025-11-14T16:09:45,8812,647.85,8164.15,CASH
T003484,C0267,2026-08-04T23:16:21,1146,0.0,1146.0,CARD
T003485,C0069,2026-04-28T16:01:28,7526,0.0,7526.0,MOBILE_PAY
T003486,C0329,2026-04-18T09:49:34,11375,173.4,11201.6,MOBILE_PAY
T003487,C0408,2025-12-14T12:04:05,7722,60.6,7661.4,CASH
T003488,C0292,2025-09-29T01:01:25,5170,0.0,5170.0,CARD
T003489,C0139,2025-10-11T21:35:16,9814,537.9,9276.1,MOBILE_PAY
T003490,C0193,2026-07-20T05:21:35,6924,0.0,6924.0,CARD
T003491,C0232,2026-05-15T03:52:23,10140,192.9,9947.1,MOBILE_PAY
T003492,C0054,2026-08-03T06:16:47,8906,263.0,8643.0,CARD
T003493,C0479,2026-05-13T21:54:28,5850,148.95,5701.05,MOBILE_PAY
T003494,C0250,2026-02-06T09:54:24,2921,0.0,2921.0,CARD
T003495,C0348,2026-01-11T16:22:20,2858,0.0,2858.0,CARD
T003496,C0217,2025-11-19T05:53:56,5075,0.0,5075.0,CASH
T003497,C0462,2026-04-29T01:37:58,6810,0.0,6810.0,CASH
T003498,C0173,2026-04-12T19:50:31,11398,40.2,11357.8,CARD
T003499,C0051,2026-03-23T02:46:31,6270,0.0,6270.0,MOBILE_PAY
T003500,C0175,2025-12-18T17:15:58,8761,736.0,8025.0,MOBILE_PAY
T003501,C0296,2026-09-25T05:32:35,10582,0.0,10582.0,CARD
T003502,C0239,2026-01-11T23:51:24,8732,0.0,8732.0,CARD
T003503,C0219,2026-01-15T21:20:44,7630,0.0,7630.0,CARD
T003504,C0010,2026-07-11T12:06:31,17437,1224.55,16212.45,MOBILE_PAY
T003505,C0172,2026-07-07T16:20:13,5990,0.0,5990.0,CARD
T003506,C0267,2026-05-22T09:15:49,11084,1356.3,9727.7,CASH
T003507,C0392,2026-06-04T19:09:31,6702,76.5,6625.5,MOBILE_PAY
T003508,C0180,2026-03-02T09:23:09,5901,0.0,5901.0,MOBILE_PAY
T003509,C0311,2026-06-13T07:20:08,6034,30.0,6004.0,CARD
T003510,C0406,2026-02-20T19:24:32,8385,0.0,8385.0,CARD
T003511,C0325,2026-04-15T19:28:53,7729,99.3,7629.7,CASH
T003512,C0056,2026-03-14T16:36:03,8603,0.0,8603.0,MOBILE_PAY
T003513,C0152,2026-03-13T03:53:19,2868,213.0,2655.0,CARD
T003514,C0440,2026-03-21T00:51:34,13588,101.4,13486.6,CARD
T003515,C0268,2026-05-14T01:04:35,8874,0.0,8874.0,CASH
T003516,C0147,2026-04-24T13:39:15,3492,0.0,3492.0,MOBILE_PAY
T003517,C0026,2026-05-22T16:26:23,11615,62.8,11552.2,MOBILE_PAY
T003518,C0266,2026-05-10T07:06:44,2859,83.2,2775.8,CARD
T003519,C0020,2026-01-05T13:31:44,13414,0.0,13414.0,CASH
T003520,C0149,2026-03-23T18:12:34,8954,0.0,8954.0,MOBILE_PAY
T003521,C0026,2025-10-03T15:40:07,2189,0.0,2189.0,MOBILE_PAY
T003522,C0368,2026-03-04T23:04:07,12991,204.65,12786.35,CASH
T003523,C0096,2026-06-26T10:41:36,7837,0.0,7837.0,CARD
T003524,C0210,2025-11-07T15:22:26,5509,0.0,5509.0,CASH
T003525,C0336,2026-03-23T23:43:02,1090,0.0,1090.0,CARD
T003526,C0327,2026-06-26T05:52:57,9123,0.0,9123.0,MOBILE_PAY
T003527,C0353,2026-08-24T16:37:16,1814,0.0,1814.0,MOBILE_PAY
T003528,C0012,2026-08-25T09:15:05,7445,553.4,6891.6,MOBILE_PAY
T003529,C0151,2026-06-03T19:07:33,358,0.0,358.0,CASH
T003530,C0203,2025-10-05T22:10:30,9066,787.5,8278.5,MOBILE_PAY
T003531,C0087,2026-09-01T00:07:48,10719,0.0,10719.0,CASH
T003532,C0255,2026-08-28T13:14:55,11373,218.0,11155.0,CARD
T003533,C0178,2026-08-29T19:30:29,7917,283.1,7633.9,MOBILE_PAY
T003534,C0137,2026-08-25T09:02:56,9242,249.3,8992.7,MOBILE_PAY
T003535,C0445,2026-03-14T12:47:52,5284,65.4,5218.6,CASH
T003536,C0419,2026-05-12T04:19:47,5400,0.0,5400.0,CASH
T003537,C0486,2025-10-17T06:43:23,3902,0.0,3902.0,CASH
T003538,C0063,2025-10-30T07:05:22,5567,0.0,5567.0,CASH
T003539,C0435,2026-08-21T22:41:39,2376,0.0,2376.0,CASH
T003540,C0371,2026-01-06T14:12:41,10115,0.0,10115.0,CARD
T003541,C0105,2026-05-26T13:02:25,1194,0.0,1194.0,CASH
T003542,C0205,2026-03-17T06:49:47,5006,206.4,4799.6,CARD
T003543,C0296,2026-09-14T23:41:49,7993,0.0,7993.0,MOBILE_PAY
T003544,C0008,2025-10-29T03:25:30,9888,0.0,9888.0,CASH
T003545,C0160,2025-10-28T15:50:59,8738,587.0,8151.0,CARD
T003546,C0099,2025-10-07T12:05:24,3098,0.0,3098.0,CASH
T003547,C0038,2026-07-18T22:33:32,2115,0.0,2115.0,CASH
T003548,C0100,2025-12-19T17:44:42,2839,0.0,2839.0,CARD
T003549,C0261,2026-08-03T08:37:13,8167,0.0,8167.0,CARD
T003550,C0445,2026-04-18T15:05:59,1952,0.0,1952.0,CASH
T003551,C0200,2026-01-06T12:47:31,15656,0.0,15656.0,CARD
T003552,C0271,2026-08-02T11:09:15,5856,628.2,5227.8,CASH
T003553,C0463,2026-07-02T06:45:52,4458,172.8,4285.2,MOBILE_PAY
T003554,C0393,2026-09-24T08:51:28,12213,445.0,11768.0,MOBILE_PAY
T003555,C0414,2026-03-20T06:44:58,20339,706.7,19632.3,CASH
T003556,C0475,2025-11-06T03:22:15,1930,257.5,1672.5,CASH
T003557,C0064,2026-02-05T01:16:44,5746,0.0,5746.0,MOBILE_PAY
T003558,C0430,2026-02-26T14:15:55,8445,0.0,8445.0,CARD
T003559,C0224,2026-04-01T20:46:22,728,0.0,728.0,CASH
T003560,C0003,2026-08-15T08:08:56,19666,412.5,19253.5,CASH
T003561,C0252,2026-02-13T12:13:46,5303,0.0,5303.0,CASH
T003562,C0087,2026-03-08T22:35:24,2582,0.0,2582.0,CASH
T003563,C0343,2026-03-14T02:35:25,15624,987.6,14636.4,CARD
T003564,C0298,2026-07-06T23:16:41,8742,0.0,8742.0,CARD
T003565,C0076,2026-01-31T19:24:15,286,0.0,286.0,MOBILE_PAY
T003566,C0242,2025-09-27T07:16:45,8896,987.6,7908.4,CARD
T003567,C0281,2026-06-07T17:39:04,21189,67.0,21122.0,CASH
T003568,C0365,2026-02-05T19:46:21,3511,0.0,3511.0,CARD
T003569,C0123,2025-10-27T00:31:00,4487,60.0,4427.0,CARD
T003570,C0355,2026-04-26T02:14:38,9772,406.3,9365.7,CASH
T003571,C0171,2026-07-06T23:59:01,10867,0.0,10867.0,CASH
T003572,C0210,2026-04-11T11:26:51,17916,1486.8,16429.2,CARD
T003573,C0156,2026-03-10T07:38:33,23096,342.0,22754.0,MOBILE_PAY
T003574,C0154,2025-10-05T01:14:19,4985,0.0,4985.0,MOBILE_PAY
T003575,C0452,2026-06-20T18:52:46,2794,50.7,2743.3,CARD
T003576,C0369,2025-11-03T12:51:22,14014,565.9,13448.1,CASH
T003577,C0231,2026-02-23T13:17:19,5368,0.0,5368.0,CARD
T003578,C0417,2026-04-06T02:55:49,13664,0.0,13664.0,CARD
T003579,C0024,2026-06-11T10:49:24,3054,0.0,3054.0,CASH
T003580,C0463,2026-01-18T21:23:14,10401,68.4,10332.6,CARD
T003581,C0297,2026-01-06T13:15:12,5302,0.0,5302.0,MOBILE_PAY
T003582,C0440,2026-05-03T22:06:27,12077,58.8,12018.2,MOBILE_PAY
T003583,C0302,2026-09-06T16:32:45,11071,170.0,10901.0,MOBILE_PAY
T003584,C0351,2026-07-05T03:33:13,3923,0.0,3923.0,CARD
T003585,C0006,2026-06-19T13:39:54,14843,0.0,14843.0,CASH
T003586,C0337,2025-12-06T11:03:49,23736,2606.75,21129.25,CASH
T003587,C0217,2025-12-15T16:02:24,14194,352.2,13841.8,MOBILE_PAY
T003588,C0373,2026-01-15T14:40:41,7541,0.0,7541.0,CARD
T003589,C0352,2026-06-23T22:05:26,2319,0.0,2319.0,CARD
T003590,C0359,2025-12-16T20:43:11,7456,109.2,7346.8,MOBILE_PAY
T003591,C0350,2026-02-17T04:13:26,1244,0.0,1244.0,CASH
T003592,C0018,2026-05-22T10:54:03,7925,0.0,7925.0,MOBILE_PAY
T003593,C0318,2026-09-06T23:45:17,5320,0.0,5320.0,CASH
T003594,C0084,2026-06-02T16:52:26,13505,0.0,13505.0,MOBILE_PAY
T003595,C0396,2026-03-15T04:42:32,7289,477.0,6812.0,MOBILE_PAY
T003596,C0251,2026-05-08T18:41:44,13316,2152.8,11163.2,CASH
T003597,C0241,2026-04-16T02:44:02,7612,0.0,7612.0,CARD
T003598,C0054,2026-02-01T12:52:10,7871,0.0,7871.0,CASH
T003599,C0342,2025-10-04T12:35:51,6500,240.0,6260.0,MOBILE_PAY
T003600,C0104,2026-09-05T04:25:41,7820,0.0,7820.0,CASH
T003601,C0338,2026-09-22T01:01:21,10551,76.5,10474.5,CASH
T003602,C0070,2026-01-13T08:10:23,6838,0.0,6838.0,MOBILE_PAY
T003603,C0337,2026-01-31T04:36:36,8101,272.75,7828.25,MOBILE_PAY
T003604,C0040,2026-07-19T05:33:40,7870,249.6,7620.4,CASH
T003605,C0364,2026-09-15T10:22:45,23449,1140.0,22309.0,MOBILE_PAY
T003606,C0127,2025-10-03T17:53:03,9846,71.4,9774.6,CASH
T003607,C0126,2026-06-05T01:16:50,1780,0.0,1780.0,CASH
T003608,C0465,2026-02-04T10:22:43,9196,490.0,8706.0,CASH
T003609,C0111,2026-07-27T19:16:42,17182,0.0,17182.0,CASH
T003610,C0082,2026-03-05T02:35:22,1767,0.0,1767.0,MOBILE_PAY
T003611,C0196,2026-03-04T22:33:38,420,0.0,420.0,MOBILE_PAY
T003612,C0005,2026-08-26T01:25:34,5584,176.4,5407.6,MOBILE_PAY
T003613,C0406,2026-06-29T00:20:00,5152,0.0,5152.0,MOBILE_PAY
T003614,C0262,2026-05-09T05:13:57,2528,0.0,2528.0,MOBILE_PAY
T003615,C0096,2026-07-31T11:20:23,14946,0.0,14946.0,CASH
T003616,C0264,2025-12-25T08:16:25,6388,0.0,6388.0,CARD
T003617,C0354,2026-04-03T10:24:38,3313,236.4,3076.6,CASH
T003618,C0162,2026-02-07T13:14:31,8923,0.0,8923.0,CARD
T003619,C0093,2026-01-26T00:17:11,1775,0.0,1775.0,CASH
T003620,C0256,2025-10-14T23:27:35,8952,51.5,8900.5,CASH
T003621,C0277,2025-11-18T23:44:57,2340,0.0,2340.0,CARD
T003622,C0199,2026-08-13T14:42:58,4475,0.0,4475.0,CARD
T003623,C0038,2026-06-30T18:29:46,11556,0.0,11556.0,MOBILE_PAY
T003624,C0213,2026-07-15T07:37:11,2487,0.0,2487.0,CARD
T003625,C0431,2026-09-12T06:36:00,1096,0.0,1096.0,CARD
T003626,C0166,2026-01-07T22:11:35,3029,0.0,3029.0,MOBILE_PAY
T003627,C0480,2026-09-12T06:58:28,2144,0.0,2144.0,CARD
T003628,C0488,2025-12-05T09:23:30,14028,352.5,13675.5,MOBILE_PAY
T003629,C0174,2026-08-02T04:30:32,3329,0.0,3329.0,CASH
T003630,C0168,2026-05-03T03:36:20,11987,131.5,11855.5,CARD
T003631,C0297,2026-03-15T01:52:37,5177,0.0,5177.0,CASH
T003632,C0039,2025-10-25T06:49:44,5665,0.0,5665.0,CASH
T003633,C0435,2026-03-29T10:41:55,562,0.0,562.0,MOBILE_PAY
T003634,C0266,2026-08-16T04:22:12,9937,294.0,9643.0,CASH
T003635,C0463,2026-06-27T07:18:28,13744,0.0,13744.0,MOBILE_PAY
T003636,C0431,2026-04-23T20:33:19,5109,267.0,4842.0,CARD
T003637,C0303,2026-05-13T13:44:50,1704,0.0,1704.0,CASH
T003638,C0029,2025-12-01T10:58:55,13679,489.8,13189.2,CARD
T003639,C0362,2026-09-11T14:49:39,10462,1091.0,9371.0,CASH
T003640,C0175,2026-02-02T21:10:59,8653,0.0,8653.0,CASH
T003641,C0195,2026-08-04T13:40:05,5505,0.0,5505.0,CASH
T003642,C0036,2026-03-19T09:02:54,10108,0.0,10108.0,CARD
T003643,C0078,2025-11-14T14:01:36,9012,0.0,9012.0,CASH
T003644,C0078,2026-01-22T01:10:43,21331,3066.2,18264.8,MOBILE_PAY
T003645,C0490,2025-10-10T05:06:28,4261,107.0,4154.0,CARD
T003646,C0423,2026-08-21T05:57:53,795,0.0,795.0,CASH
T003647,C0428,2025-11-16T18:58:53,1719,0.0,1719.0,MOBILE_PAY
T003648,C0288,2026-02-02T14:42:30,9479,177.6,9301.4,CASH
T003649,C0230,2025-10-18T21:55:59,11527,0.0,11527.0,MOBILE_PAY
T003650,C0267,2026-08-28T03:07:33,10185,166.95,10018.05,CASH
T003651,C0314,2026-06-19T08:03:23,10473,0.0,10473.0,CASH
T003652,C0466,2026-08-26T23:43:49,8776,0.0,8776.0,MOBILE_PAY
T003653,C0496,2025-12-29T18:26:54,9667,352.5,9314.5,CARD
T003654,C0406,2026-04-24T13:52:20,16146,229.8,15916.2,CASH
T003655,C0498,2026-01-31T00:08:43,712,0.0,712.0,CARD
T003656,C0062,2026-08-31T15:50:28,9636,0.0,9636.0,MOBILE_PAY
T003657,C0347,2026-06-28T08:38:10,1104,331.2,772.8,MOBILE_PAY
T003658,C0016,2026-04-05T18:36:44,6449,340.0,6109.0,MOBILE_PAY
T003659,C0018,2026-03-12T10:29:15,18710,493.8,18216.2,CARD
T003660,C0296,2026-07-13T10:40:39,8984,0.0,8984.0,CASH
T003661,C0102,2025-12-03T05:57:36,4897,45.45,4851.55,MOBILE_PAY
T003662,C0187,2026-07-17T17:13:15,678,0.0,678.0,CARD
T003663,C0302,2026-02-20T11:01:39,4320,0.0,4320.0,MOBILE_PAY
T003664,C0101,2026-09-01T22:08:36,8222,0.0,8222.0,CARD
T003665,C0072,2026-08-15T23:32:54,9833,379.0,9454.0,MOBILE_PAY
T003666,C0370,2026-01-22T02:57:58,2523,0.0,2523.0,MOBILE_PAY
T003667,C0428,2026-04-14T23:08:18,8388,45.9,8342.1,CARD
T003668,C0234,2026-07-30T22:16:10,1703,0.0,1703.0,CARD
T003669,C0380,2025-10-24T23:46:52,3274,0.0,3274.0,MOBILE_PAY
T003670,C0168,2026-05-29T15:13:42,12713,0.0,12713.0,MOBILE_PAY
T003671,C0471,2026-03-06T00:07:58,2234,0.0,2234.0,MOBILE_PAY
T003672,C0333,2026-07-19T16:01:20,13913,1047.0,12866.0,CARD
T003673,C0067,2026-07-17T20:04:32,15098,0.0,15098.0,CASH
T003674,C0438,2026-01-02T03:04:43,6016,0.0,6016.0,MOBILE_PAY
T003675,C0075,2026-04-16T04:24:05,5890,241.8,5648.2,CARD
T003676,C0395,2026-06-05T11:38:43,4396,0.0,4396.0,CASH
T003677,C0001,2026-01-16T22:41:57,1730,0.0,1730.0,CARD
T003678,C0350,2026-05-07T19:16:07,21290,0.0,21290.0,CASH
T003679,C0004,2025-12-31T05:38:47,3111,0.0,3111.0,MOBILE_PAY
T003680,C0246,2026-07-18T22:46:37,5797,0.0,5797.0,CASH
T003681,C0212,2026-07-15T00:46:11,1600,0.0,1600.0,CASH
T003682,C0196,2026-03-04T10:12:52,4769,127.6,4641.4,CASH
T003683,C0249,2026-08-27T01:28:00,7555,0.0,7555.0,CARD
T003684,C0053,2026-05-02T11:44:17,15529,1205.15,14323.85,MOBILE_PAY
T003685,C0188,2026-08-30T10:45:08,3971,0.0,3971.0,CARD
T003686,C0389,2025-10-17T09:20:12,182,0.0,182.0,CASH
T003687,C0137,2026-06-14T22:35:12,4190,149.0,4041.0,CASH
T003688,C0277,2026-02-23T22:38:20,518,0.0,518.0,CARD
T003689,C0266,2025-12-12T08:22:06,1910,0.0,1910.0,CASH
T003690,C0373,2026-01-30T18:05:17,17790,935.2,16854.8,MOBILE_PAY
T003691,C0200,2026-04-14T04:22:23,8913,0.0,8913.0,MOBILE_PAY
T003692,C0231,2026-02-10T12:26:09,6932,0.0,6932.0,MOBILE_PAY
T003693,C0282,2025-12-22T00:11:44,6834,0.0,6834.0,CASH
T003694,C0029,2025-10-04T15:22:56,8080,278.4,7801.6,MOBILE_PAY
T003695,C0260,2026-07-03T22:31:41,2328,0.0,2328.0,CARD
T003696,C0056,2026-08-19T11:13:13,22567,0.0,22567.0,CARD
T003697,C0146,2025-10-30T03:08:35,6460,522.0,5938.0,MOBILE_PAY
T003698,C0043,2025-10-05T17:23:24,16310,198.6,16111.4,CASH
T003699,C0166,2026-07-23T05:40:24,10877,442.5,10434.5,MOBILE_PAY
T003700,C0228,2025-10-28T03:28:46,4690,256.5,4433.5,CARD
T003701,C0272,2026-08-23T10:48:27,548,0.0,548.0,CARD
T003702,C0245,2026-07-21T00:58:51,6400,0.0,6400.0,CARD
T003703,C0120,2025-11-21T03:49:50,2587,0.0,2587.0,CASH
T003704,C0158,2026-03-16T21:08:18,13292,201.1,13090.9,CARD
T003705,C0144,2026-04-28T14:22:49,10112,0.0,10112.0,MOBILE_PAY
T003706,C0399,2026-05-09T19:08:02,9672,1345.0,8327.0,MOBILE_PAY
T003707,C0065,2026-02-20T20:09:57,11183,327.0,10856.0,CASH
T003708,C0297,2026-05-18T17:17:28,3279,0.0,3279.0,CASH
T003709,C0006,2026-02-03T18:54:16,5797,0.0,5797.0,CARD
T003710,C0400,2025-10-29T22:17:14,7606,0.0,7606.0,MOBILE_PAY
T003711,C0054,2026-08-06T12:02:26,762,0.0,762.0,CARD
T003712,C0148,2026-05-22T08:02:43,10079,804.5,9274.5,CASH
T003713,C0101,2026-06-06T03:27:49,15120,0.0,15120.0,CASH
T003714,C0209,2025-12-17T05:11:34,10976,0.0,10976.0,CARD
T003715,C0393,2025-09-27T21:05:42,4725,0.0,4725.0,MOBILE_PAY
T003716,C0088,2026-07-19T02:02:58,15780,0.0,15780.0,MOBILE_PAY
T003717,C0405,2026-01-19T10:34:23,6891,0.0,6891.0,MOBILE_PAY
T003718,C0046,2026-06-03T21:12:03,10616,0.0,10616.0,CARD
T003719,C0499,2026-09-19T19:58:43,2085,0.0,2085.0,CASH
T003720,C0205,2026-04-10T21:45:50,1448,0.0,1448.0,CASH
T003721,C0145,2026-08-27T03:21:31,18962,2222.7,16739.3,CARD
T003722,C0178,2026-02-17T12:56:57,4409,0.0,4409.0,CASH
T003723,C0149,2025-11-23T12:56:38,10260,1975.2,8284.8,CARD
T003724,C0236,2026-09-14T08:28:08,8001,0.0,8001.0,MOBILE_PAY
T003725,C0289,2026-08-30T11:15:33,4954,51.6,4902.4,MOBILE_PAY
T003726,C0378,2026-09-13T05:54:51,864,0.0,864.0,CARD
T003727,C0131,2026-06-29T06:53:27,9474,0.0,9474.0,CARD
T003728,C0285,2026-04-05T11:22:19,1888,0.0,1888.0,CARD
T003729,C0319,2026-03-24T19:12:03,1851,0.0,1851.0,MOBILE_PAY
T003730,C0179,2026-02-10T07:37:41,13863,327.0,13536.0,CARD
T003731,C0350,2026-04-18T20:31:08,11657,222.8,11434.2,MOBILE_PAY
T003732,C0034,2026-02-20T07:49:08,4631,0.0,4631.0,CASH
T003733,C0208,2026-07-19T01:04:04,9220,0.0,9220.0,CASH
T003734,C0361,2026-03-30T16:42:16,5576,0.0,5576.0,CASH
T003735,C0225,2025-10-16T05:23:35,9678,1092.6,8585.4,MOBILE_PAY
T003736,C0029,2026-09-08T12:29:39,3789,0.0,3789.0,CARD
T003737,C0006,2025-12-20T06:15:15,9053,89.4,8963.6,MOBILE_PAY
T003738,C0227,2026-02-24T16:36:55,3385,143.55,3241.45,CASH
T003739,C0348,2026-02-01T11:46:00,15952,520.5,15431.5,CARD
T003740,C0133,2026-03-07T10:26:59,7960,0.0,7960.0,MOBILE_PAY
T003741,C0041,2025-11-23T05:57:54,4525,0.0,4525.0,CASH
T003742,C0333,2025-10-17T07:47:50,11418,0.0,11418.0,MOBILE_PAY
T003743,C0114,2025-12-11T17:50:04,2400,0.0,2400.0,CASH
T003744,C0283,2026-07-14T12:40:47,1830,22.6,1807.4,CASH
T003745,C0306,2026-03-10T08:25:50,2343,0.0,2343.0,CARD
T003746,C0331,2025-12-20T00:38:04,3564,16.1,3547.9,MOBILE_PAY
T003747,C0167,2026-01-03T19:43:44,7720,70.5,7649.5,CASH
T003748,C0023,2026-01-23T08:42:00,8582,296.0,8286.0,CASH
T003749,C0309,2026-06-18T08:53:05,13577,0.0,13577.0,CASH
T003750,C0458,2026-01-14T12:19:20,11365,161.5,11203.5,CARD
T003751,C0295,2025-12-18T08:06:59,15294,0.0,15294.0,CARD
T003752,C0081,2026-05-29T12:16:26,7497,1481.4,6015.6,MOBILE_PAY
T003753,C0349,2026-05-16T09:50:41,608,0.0,608.0,CASH
T003754,C0498,2026-01-05T13:04:16,14478,699.6,13778.4,CASH
T003755,C0037,2026-03-02T18:43:03,6016,0.0,6016.0,CARD
T003756,C0289,2026-04-12T19:56:51,3376,0.0,3376.0,MOBILE_PAY
T003757,C0163,2026-07-27T13:09:23,3522,0.0,3522.0,MOBILE_PAY
T003758,C0365,2026-05-17T10:13:38,11458,233.6,11224.4,MOBILE_PAY
T003759,C0145,2026-02-20T21:32:24,16832,231.2,16600.8,CASH
T003760,C0106,2026-07-14T11:17:11,3052,0.0,3052.0,MOBILE_PAY
T003761,C0442,2026-07-11T04:26:37,4596,0.0,4596.0,CARD
T003762,C0222,2026-07-03T09:51:21,7525,0.0,7525.0,CASH
T003763,C0008,2025-12-31T06:41:04,5836,0.0,5836.0,CASH
T003764,C0366,2025-12-26T15:03:36,7703,327.0,7376.0,MOBILE_PAY
T003765,C0450,2025-11-07T01:01:08,14074,166.4,13907.6,CARD
T003766,C0182,2026-04-23T22:01:27,21000,0.0,21000.0,CASH
T003767,C0264,2025-10-25T05:19:19,7655,0.0,7655.0,CASH
T003768,C0407,2026-06-16T03:24:23,1870,0.0,1870.0,MOBILE_PAY
T003769,C0301,2025-11-24T17:55:34,3540,0.0,3540.0,CASH
T003770,C0391,2025-12-12T11:17:40,587,117.4,469.6,CARD
T003771,C0150,2025-12-22T15:15:15,8225,0.0,8225.0,CASH
T003772,C0182,2026-02-18T06:45:16,1909,0.0,1909.0,CASH
T003773,C0136,2026-03-17T01:30:51,12287,41.6,12245.4,CASH
T003774,C0447,2026-06-18T05:23:12,1194,0.0,1194.0,MOBILE_PAY
T003775,C0396,2026-03-10T01:07:54,276,82.8,193.2,MOBILE_PAY
T003776,C0021,2025-10-31T18:15:47,294,0.0,294.0,CASH
T003777,C0190,2026-03-31T10:41:24,12816,0.0,12816.0,CASH
T003778,C0166,2026-07-01T14:21:42,12487,0.0,12487.0,CARD
T003779,C0164,2026-08-20T08:47:08,8520,344.15,8175.85,CARD
T003780,C0091,2026-07-12T18:03:12,3004,0.0,3004.0,CARD
T003781,C0250,2026-09-12T15:41:32,12708,92.4,12615.6,CARD
T003782,C0335,2025-10-15T20:29:14,5065,0.0,5065.0,MOBILE_PAY
T003783,C0243,2026-03-20T11:03:31,2036,0.0,2036.0,CARD
T003784,C0046,2026-09-05T03:02:52,8769,0.0,8769.0,CARD
T003785,C0363,2025-12-21T15:51:51,1184,0.0,1184.0,MOBILE_PAY
T003786,C0111,2026-08-18T19:22:30,9973,0.0,9973.0,CARD
T003787,C0096,2025-11-14T10:51:36,18866,0.0,18866.0,CASH
T003788,C0255,2026-09-06T08:04:03,8854,513.6,8340.4,CARD
T003789,C0486,2026-03-19T16:29:11,4302,0.0,4302.0,CARD
T003790,C0492,2026-01-22T08:32:46,13766,159.0,13607.0,CARD
T003791,C0056,2026-01-14T00:01:59,12023,474.05,11548.95,CASH
T003792,C0144,2026-08-29T18:06:39,2153,39.45,2113.55,CARD
T003793,C0271,2026-02-13T01:20:16,9367,265.0,9102.0,CARD
T003794,C0463,2026-03-25T07:28:56,22218,807.0,21411.0,MOBILE_PAY
T003795,C0152,2026-03-25T12:45:52,4891,0.0,4891.0,CARD
T003796,C0485,2026-09-06T10:14:26,2958,30.3,2927.7,CASH
T003797,C0472,2026-03-12T12:07:10,17053,155.8,16897.2,CARD
T003798,C0304,2025-12-03T11:49:44,10607,0.0,10607.0,CARD
T003799,C0250,2026-06-16T12:08:18,4417,30.3,4386.7,CARD
T003800,C0263,2026-03-06T20:40:43,4454,0.0,4454.0,CASH
T003801,C0011,2026-09-07T23:59:30,5488,120.0,5368.0,CASH
T003802,C0470,2025-11-19T01:31:27,12478,161.5,12316.5,MOBILE_PAY
T003803,C0470,2026-02-25T00:22:43,10337,0.0,10337.0,MOBILE_PAY
T003804,C0335,2025-12-31T10:23:33,5525,49.3,5475.7,CASH
T003805,C0150,2026-02-26T16:21:22,3849,0.0,3849.0,CASH
T003806,C0169,2026-03-18T21:48:14,9390,252.8,9137.2,CARD
T003807,C0078,2026-04-24T07:01:34,10796,442.5,10353.5,CASH
T003808,C0189,2026-01-26T21:40:40,10034,399.6,9634.4,CARD
T003809,C0467,2026-06-24T19:46:19,14423,170.4,14252.6,MOBILE_PAY
T003810,C0095,2025-10-13T06:15:11,9374,0.0,9374.0,MOBILE_PAY
T003811,C0257,2026-04-13T03:07:35,4048,0.0,4048.0,MOBILE_PAY
T003812,C0193,2026-05-23T20:03:14,11922,0.0,11922.0,CASH
T003813,C0479,2026-09-12T11:31:16,16287,216.0,16071.0,MOBILE_PAY
T003814,C0110,2026-09-15T11:51:29,8836,75.75,8760.25,CARD
T003815,C0100,2026-04-30T12:57:04,825,0.0,825.0,CASH
T003816,C0331,2026-09-17T13:38:01,1130,0.0,1130.0,CASH
T003817,C0406,2026-09-06T13:20:30,7971,71.4,7899.6,CARD
T003818,C0230,2026-05-20T10:02:05,10387,114.0,10273.0,CASH
T003819,C0079,2026-04-04T22:52:36,23394,634.3,22759.7,MOBILE_PAY
T003820,C0499,2026-08-09T07:11:39,6588,0.0,6588.0,CARD
T003821,C0397,2026-04-07T20:54:10,2314,0.0,2314.0,MOBILE_PAY
T003822,C0455,2026-01-08T04:27:44,7834,0.0,7834.0,MOBILE_PAY
T003823,C0465,2026-07-28T14:04:34,1692,0.0,1692.0,MOBILE_PAY
T003824,C0027,2026-04-07T19:56:45,4463,0.0,4463.0,CARD
T003825,C0309,2026-07-24T15:15:12,9536,0.0,9536.0,CASH
T003826,C0160,2026-08-26T18:22:17,4228,257.4,3970.6,CASH
T003827,C0064,2026-02-19T15:50:34,6481,392.0,6089.0,CASH
T003828,C0463,2026-05-23T10:56:35,6689,0.0,6689.0,CASH
T003829,C0133,2026-01-11T03:45:18,9365,0.0,9365.0,MOBILE_PAY
T003830,C0031,2026-06-19T23:25:50,2500,53.6,2446.4,CASH
T003831,C0104,2026-01-16T16:28:30,9525,340.0,9185.0,MOBILE_PAY
T003832,C0446,2026-06-06T17:49:39,2040,0.0,2040.0,CASH
T003833,C0096,2025-12-29T06:25:14,15867,0.0,15867.0,CARD
T003834,C0248,2026-01-16T01:36:44,6697,0.0,6697.0,CARD
T003835,C0090,2026-08-19T05:44:34,5396,112.5,5283.5,MOBILE_PAY
T003836,C0170,2026-04-10T09:50:11,6002,0.0,6002.0,CARD
T003837,C0362,2026-07-01T03:09:21,8669,0.0,8669.0,CARD
T003838,C0234,2026-02-04T02:32:09,2696,0.0,2696.0,CASH
T003839,C0174,2025-11-20T00:11:47,9599,239.85,9359.15,MOBILE_PAY
T003840,C0448,2026-05-13T10:04:23,3307,24.15,3282.85,MOBILE_PAY
T003841,C0148,2026-02-11T19:38:17,4192,0.0,4192.0,MOBILE_PAY
T003842,C0475,2026-08-22T18:50:54,6010,0.0,6010.0,MOBILE_PAY
T003843,C0192,2025-12-10T04:08:03,4116,0.0,4116.0,CARD
T003844,C0420,2026-03-19T12:59:12,5541,248.4,5292.6,MOBILE_PAY
T003845,C0367,2026-07-15T12:24:59,4171,0.0,4171.0,CARD
T003846,C0344,2026-03-24T19:28:28,7780,490.0,7290.0,CASH
T003847,C0182,2026-07-30T00:08:31,7113,0.0,7113.0,MOBILE_PAY
T003848,C0376,2026-01-03T19:55:11,12377,0.0,12377.0,MOBILE_PAY
T003849,C0169,2026-09-03T08:00:27,3339,72.2,3266.8,CARD
T003850,C0032,2026-08-14T00:04:01,9561,0.0,9561.0,MOBILE_PAY
T003851,C0070,2026-08-30T20:27:02,6922,101.7,6820.3,CASH
T003852,C0096,2025-10-07T23:05:01,915,0.0,915.0,CASH
T003853,C0141,2026-07-16T19:28:50,10370,0.0,10370.0,CASH
T003854,C0314,2026-07-28T18:17:05,13237,2469.0,10768.0,CARD
T003855,C0087,2025-12-29T12:00:17,6970,0.0,6970.0,MOBILE_PAY
T003856,C0189,2026-03-31T05:17:17,3863,0.0,3863.0,MOBILE_PAY
T003857,C0114,2026-02-25T11:16:35,5802,0.0,5802.0,CASH
T003858,C0457,2026-03-27T03:43:34,3021,144.0,2877.0,MOBILE_PAY
T003859,C0391,2026-03-09T08:28:20,10369,436.3,9932.7,MOBILE_PAY
T003860,C0490,2026-05-01T19:45:10,5407,237.9,5169.1,CASH
T003861,C0075,2026-03-30T21:06:02,7079,0.0,7079.0,CASH
T003862,C0301,2026-01-14T13:34:04,265,0.0,265.0,MOBILE_PAY
T003863,C0421,2025-10-07T00:01:22,11170,0.0,11170.0,CASH
T003864,C0103,2026-01-08T06:04:06,16085,327.45,15757.55,CARD
T003865,C0356,2026-08-31T23:32:25,572,0.0,572.0,MOBILE_PAY
T003866,C0258,2025-11-24T15:40:29,6608,628.2,5979.8,CASH
T003867,C0431,2025-10-06T00:46:10,9664,0.0,9664.0,CASH
T003868,C0243,2026-08-29T19:52:35,6881,0.0,6881.0,CASH
T003869,C0299,2026-04-01T16:53:44,9421,291.2,9129.8,CASH
T003870,C0243,2026-03-09T21:08:15,3768,0.0,3768.0,CARD
T003871,C0185,2026-03-27T17:50:47,8311,0.0,8311.0,CASH
T003872,C0121,2026-02-12T00:45:48,13153,456.75,12696.25,MOBILE_PAY
T003873,C0035,2025-10-28T13:16:22,9010,391.1,8618.9,CARD
T003874,C0095,2026-01-24T22:44:09,3692,0.0,3692.0,CARD
T003875,C0202,2026-05-17T01:07:29,1821,0.0,1821.0,CARD
T003876,C0107,2026-03-19T03:55:04,13339,339.75,12999.25,CASH
T003877,C0101,2026-02-10T11:51:39,4080,0.0,4080.0,CASH
T003878,C0202,2025-12-13T20:20:10,3562,316.5,3245.5,CARD
T003879,C0383,2026-01-21T00:48:14,1530,0.0,1530.0,CARD
T003880,C0424,2025-10-31T13:30:22,12046,0.0,12046.0,CASH
T003881,C0445,2025-10-26T19:27:45,9892,0.0,9892.0,CARD
T003882,C0045,2026-01-28T10:17:33,2732,0.0,2732.0,CARD
T003883,C0262,2026-07-17T06:08:26,2292,0.0,2292.0,MOBILE_PAY
T003884,C0180,2026-03-29T06:33:26,1270,0.0,1270.0,CARD
T003885,C0100,2026-07-21T23:23:00,8377,276.45,8100.55,MOBILE_PAY
T003886,C0385,2025-12-16T22:40:36,7142,336.6,6805.4,CASH
T003887,C0415,2026-06-07T09:27:45,9162,0.0,9162.0,CARD
T003888,C0102,2026-07-26T00:33:05,4290,33.1,4256.9,CASH
T003889,C0361,2025-12-17T01:08:07,2518,226.5,2291.5,MOBILE_PAY
T003890,C0085,2025-10-20T08:24:01,6202,90.0,6112.0,MOBILE_PAY
T003891,C0219,2026-05-26T20:10:07,18683,0.0,18683.0,MOBILE_PAY
T003892,C0339,2026-05-13T18:43:01,1726,0.0,1726.0,CARD
T003893,C0366,2025-10-19T21:09:30,10147,0.0,10147.0,MOBILE_PAY
T003894,C0416,2026-07-30T14:38:04,9313,0.0,9313.0,MOBILE_PAY
T003895,C0095,2025-10-09T20:01:36,7898,246.5,7651.5,MOBILE_PAY
T003896,C0289,2026-06-04T03:15:11,8107,177.0,7930.0,MOBILE_PAY
T003897,C0148,2026-07-02T23:34:09,4944,8.05,4935.95,CASH
T003898,C0043,2025-10-15T08:18:57,6139,0.0,6139.0,CASH
T003899,C0316,2026-05-07T00:40:31,13465,0.0,13465.0,CASH
T003900,C0461,2026-08-23T19:40:48,16453,0.0,16453.0,CARD
T003901,C0140,2026-01-13T03:44:23,3010,0.0,3010.0,CASH
T003902,C0411,2026-07-11T01:53:00,7074,0.0,7074.0,MOBILE_PAY
T003903,C0357,2025-10-10T07:00:54,1345,0.0,1345.0,MOBILE_PAY
T003904,C0166,2026-08-02T12:56:04,6825,0.0,6825.0,CARD
T003905,C0464,2026-03-05T03:20:21,4122,0.0,4122.0,CARD
T003906,C0089,2026-02-18T23:41:20,10488,0.0,10488.0,CARD
T003907,C0136,2026-03-01T00:25:02,5891,0.0,5891.0,CARD
T003908,C0070,2026-02-12T22:55:02,13860,484.5,13375.5,CASH
T003909,C0405,2026-07-06T05:21:12,5770,0.0,5770.0,CASH
T003910,C0207,2026-04-11T21:18:14,1623,0.0,1623.0,MOBILE_PAY
T003911,C0126,2025-11-24T13:02:29,29068,0.0,29068.0,CARD
T003912,C0112,2025-12-30T07:58:11,11146,0.0,11146.0,CASH
T003913,C0125,2026-07-13T13:26:45,14952,118.35,14833.65,MOBILE_PAY
T003914,C0496,2026-01-18T02:29:58,7846,0.0,7846.0,CARD
T003915,C0271,2026-07-04T19:36:10,8507,0.0,8507.0,CASH
T003916,C0321,2026-01-07T13:47:11,4140,0.0,4140.0,CARD
T003917,C0327,2026-02-07T15:34:05,2450,0.0,2450.0,MOBILE_PAY
T003918,C0005,2025-12-31T02:35:33,1490,0.0,1490.0,MOBILE_PAY
T003919,C0158,2026-04-19T07:15:52,12124,491.8,11632.2,CARD
T003920,C0205,2026-08-04T03:54:31,6950,159.0,6791.0,MOBILE_PAY
T003921,C0070,2026-02-03T19:32:40,7074,663.8,6410.2,MOBILE_PAY
T003922,C0300,2026-06-08T12:59:26,10525,0.0,10525.0,CASH
T003923,C0427,2026-06-09T12:34:51,6040,0.0,6040.0,CASH
T003924,C0104,2026-03-10T10:20:09,2509,60.0,2449.0,MOBILE_PAY
T003925,C0333,2026-02-16T05:06:18,13634,0.0,13634.0,CARD
T003926,C0500,2025-12-31T19:42:07,13113,725.25,12387.75,CARD
T003927,C0053,2026-02-07T02:03:51,7817,0.0,7817.0,MOBILE_PAY
T003928,C0205,2025-12-06T07:15:19,3423,0.0,3423.0,CARD
T003929,C0365,2026-09-17T03:55:17,6772,673.2,6098.8,MOBILE_PAY
T003930,C0023,2025-12-14T01:35:19,12365,0.0,12365.0,CASH
T003931,C0223,2026-08-29T04:25:49,5531,0.0,5531.0,MOBILE_PAY
T003932,C0303,2026-06-17T03:20:57,17889,0.0,17889.0,CARD
T003933,C0009,2025-11-16T19:43:58,3486,76.5,3409.5,CARD
T003934,C0405,2026-03-06T03:21:19,4655,165.0,4490.0,CASH
T003935,C0080,2026-03-13T05:10:23,4976,96.4,4879.6,CARD
T003936,C0312,2025-10-09T16:03:03,4649,0.0,4649.0,MOBILE_PAY
T003937,C0181,2026-05-30T10:55:16,13305,0.0,13305.0,MOBILE_PAY
T003938,C0338,2026-06-19T17:50:16,5579,0.0,5579.0,MOBILE_PAY
T003939,C0234,2026-09-17T19:08:49,1825,0.0,1825.0,CARD
T003940,C0179,2026-09-17T19:25:03,7516,234.75,7281.25,CASH
T003941,C0053,2026-06-14T21:58:07,8087,0.0,8087.0,MOBILE_PAY
T003942,C0188,2026-07-20T11:36:02,13760,375.0,13385.0,CASH
T003943,C0275,2025-10-02T12:25:49,4441,0.0,4441.0,MOBILE_PAY
T003944,C0450,2026-08-27T22:26:02,8106,0.0,8106.0,CASH
T003945,C0369,2025-10-11T13:58:43,17780,22.65,17757.35,CARD
T003946,C0314,2026-01-06T08:18:13,583,0.0,583.0,CARD
T003947,C0194,2026-03-27T10:06:09,13469,76.05,13392.95,CASH
T003948,C0347,2025-10-08T12:11:45,10238,150.0,10088.0,CASH
T003949,C0130,2026-08-25T12:19:52,10286,110.0,10176.0,CARD
T003950,C0141,2026-05-06T21:21:42,2691,0.0,2691.0,CARD
T003951,C0433,2026-07-10T10:51:20,11509,0.0,11509.0,CASH
T003952,C0252,2025-10-27T20:09:45,8989,386.1,8602.9,CASH
T003953,C0362,2025-10-24T12:32:50,15071,0.0,15071.0,MOBILE_PAY
T003954,C0222,2025-10-20T13:23:14,5672,36.1,5635.9,CASH
T003955,C0391,2026-07-09T23:12:09,7708,249.8,7458.2,MOBILE_PAY
T003956,C0134,2025-12-31T15:09:48,15784,496.5,15287.5,CARD
T003957,C0264,2026-08-09T18:31:22,4435,0.0,4435.0,CARD
T003958,C0480,2026-01-24T18:26:38,9158,142.8,9015.2,CASH
T003959,C0007,2026-05-12T10:35:44,5409,0.0,5409.0,CASH
T003960,C0232,2026-07-16T21:35:44,3363,0.0,3363.0,CASH
T003961,C0483,2026-06-12T19:20:18,6830,0.0,6830.0,MOBILE_PAY
T003962,C0429,2026-02-14T17:50:12,14182,212.0,13970.0,CASH
T003963,C0248,2026-08-13T11:26:01,892,0.0,892.0,CASH
T003964,C0439,2026-03-09T22:40:25,2694,130.8,2563.2,MOBILE_PAY
T003965,C0055,2025-10-27T11:54:58,2800,495.6,2304.4,CARD
T003966,C0226,2025-10-27T20:00:16,2626,248.4,2377.6,MOBILE_PAY
T003967,C0469,2026-05-18T07:16:12,4393,30.0,4363.0,MOBILE_PAY
T003968,C0175,2026-06-22T00:47:52,11818,131.65,11686.35,MOBILE_PAY
T003969,C0228,2026-07-21T12:41:17,4562,0.0,4562.0,CASH
T003970,C0343,2026-05-17T11:12:11,5774,98.0,5676.0,CARD
T003971,C0349,2026-04-10T04:30:45,7362,241.8,7120.2,MOBILE_PAY
T003972,C0049,2026-05-05T18:06:54,5684,0.0,5684.0,CASH
T003973,C0302,2026-05-15T00:37:31,3161,40.25,3120.75,CASH
T003974,C0264,2026-07-09T23:04:19,751,0.0,751.0,MOBILE_PAY
T003975,C0299,2026-03-01T06:42:05,660,0.0,660.0,MOBILE_PAY
T003976,C0379,2026-08-17T00:01:49,12449,1481.4,10967.6,CASH
T003977,C0415,2026-01-27T08:49:46,4735,20.5,4714.5,MOBILE_PAY
T003978,C0004,2025-10-28T11:42:48,8911,29.8,8881.2,MOBILE_PAY
T003979,C0167,2025-10-30T23:29:41,6027,0.0,6027.0,CARD
T003980,C0090,2026-04-27T22:58:27,11583,0.0,11583.0,CARD
T003981,C0240,2025-11-05T19:39:55,505,75.75,429.25,MOBILE_PAY
T003982,C0016,2026-06-19T11:23:49,6991,0.0,6991.0,CARD
T003983,C0404,2026-09-06T15:44:07,2918,0.0,2918.0,CASH
T003984,C0055,2026-01-28T21:23:54,13267,149.0,13118.0,CASH
T003985,C0411,2026-04-10T09:20:33,11811,379.5,11431.5,CARD
T003986,C0414,2025-12-19T19:05:02,32211,372.1,31838.9,CASH
T003987,C0205,2026-07-15T02:49:37,13737,0.0,13737.0,CARD
T003988,C0388,2026-03-20T04:48:10,6635,0.0,6635.0,CARD
T003989,C0014,2026-07-30T03:20:51,7288,0.0,7288.0,CARD
T003990,C0431,2026-09-23T03:05:44,4811,53.0,4758.0,CASH
T003991,C0464,2026-01-12T17:39:38,17059,268.4,16790.6,CARD
T003992,C0450,2026-03-02T07:46:53,21505,0.0,21505.0,CARD
T003993,C0260,2026-03-11T20:59:51,532,0.0,532.0,MOBILE_PAY
T003994,C0256,2025-10-26T23:50:17,2015,0.0,2015.0,MOBILE_PAY
T003995,C0299,2026-01-26T10:28:02,11984,0.0,11984.0,CARD
T003996,C0163,2026-07-07T20:26:30,3415,504.9,2910.1,CARD
T003997,C0233,2026-01-24T06:46:19,5986,0.0,5986.0,CARD
T003998,C0426,2026-03-28T23:05:39,12068,209.5,11858.5,MOBILE_PAY
T003999,C0185,2026-03-20T12:46:28,5019,0.0,5019.0,CASH
T004000,C0076,2026-03-11T08:33:15,1461,0.0,1461.0,CASH
T004001,C0223,2026-09-20T20:44:08,19260,618.9,18641.1,MOBILE_PAY
T004002,C0306,2025-11-02T09:42:34,6950,0.0,6950.0,MOBILE_PAY
T004003,C0187,2026-04-13T15:07:01,3734,234.8,3499.2,MOBILE_PAY
T004004,C0195,2026-06-03T22:28:00,2891,0.0,2891.0,CASH
T004005,C0406,2026-07-21T00:51:54,9768,283.5,9484.5,CARD
T004006,C0305,2026-06-05T21:45:21,3099,0.0,3099.0,CARD
T004007,C0168,2026-03-04T21:00:54,6826,0.0,6826.0,MOBILE_PAY
T004008,C0054,2026-04-13T18:47:56,9149,167.6,8981.4,CASH
T004009,C0343,2026-04-04T08:40:14,2254,0.0,2254.0,CASH
T004010,C0439,2026-06-14T01:40:29,11247,402.0,10845.0,CARD
T004011,C0379,2025-09-27T07:21:27,362,0.0,362.0,CASH
T004012,C0484,2026-01-14T06:46:42,4148,0.0,4148.0,MOBILE_PAY
T004013,C0220,2026-07-04T02:47:09,6947,0.0,6947.0,CASH
T004014,C0268,2026-03-25T12:50:02,472,0.0,472.0,CARD
T004015,C0392,2026-07-08T23:34:41,11385,0.0,11385.0,CARD
T004016,C0476,2026-05-11T21:52:58,13808,0.0,13808.0,CARD
T004017,C0491,2026-03-06T03:16:15,1758,0.0,1758.0,CARD
T004018,C0032,2026-03-01T14:05:37,10645,2478.0,8167.0,CASH
T004019,C0453,2026-06-14T22:58:25,23537,667.2,22869.8,CARD
T004020,C0330,2026-06-07T01:36:47,11154,98.05,11055.95,CASH
T004021,C0476,2026-08-26T16:35:37,17908,0.0,17908.0,CASH
T004022,C0348,2026-07-27T23:19:11,11100,348.45,10751.55,MOBILE_PAY
T004023,C0434,2026-08-17T03:15:12,6208,51.6,6156.4,CASH
T004024,C0346,2026-02-23T04:20:44,7628,0.0,7628.0,CASH
T004025,C0300,2026-04-27T22:25:45,1904,0.0,1904.0,CARD
T004026,C0391,2026-09-06T03:40:51,14147,188.4,13958.6,CASH
T004027,C0122,2025-11-23T11:22:24,1104,0.0,1104.0,CARD
T004028,C0015,2026-06-29T07:25:13,6369,0.0,6369.0,MOBILE_PAY
T004029,C0163,2026-05-23T18:43:13,12416,188.4,12227.6,CARD
T004030,C0278,2025-10-03T10:16:40,5514,0.0,5514.0,CARD
T004031,C0092,2026-07-11T19:35:09,6106,0.0,6106.0,CASH
T004032,C0133,2026-02-19T02:08:35,1626,0.0,1626.0,CASH
T004033,C0149,2026-06-30T19:15:30,4053,0.0,4053.0,CARD
T004034,C0229,2025-11-18T00:00:28,21241,298.6,20942.4,MOBILE_PAY
T004035,C0284,2026-02-17T12:49:29,1653,0.0,1653.0,MOBILE_PAY
T004036,C0119,2026-03-03T05:26:03,8960,0.0,8960.0,CASH
T004037,C0087,2026-02-07T12:39:43,10954,0.0,10954.0,CASH
T004038,C0185,2026-05-18T10:55:21,4459,0.0,4459.0,CASH
T004039,C0161,2026-05-12T22:16:15,6027,0.0,6027.0,CARD
T004040,C0498,2026-02-19T21:22:28,1507,0.0,1507.0,CARD
T004041,C0001,2025-10-03T19:09:42,5987,0.0,5987.0,CASH
T004042,C0114,2026-04-19T20:30:11,4861,98.0,4763.0,MOBILE_PAY
T004043,C0259,2026-06-03T13:46:37,6404,0.0,6404.0,CASH
T004044,C0016,2026-05-25T14:39:31,22146,1481.4,20664.6,CASH
T004045,C0280,2025-10-23T14:44:08,9450,138.2,9311.8,CASH
T004046,C0429,2026-01-12T13:24:57,4985,623.7,4361.3,CASH
T004047,C0029,2026-07-03T06:06:41,7128,0.0,7128.0,MOBILE_PAY
T004048,C0197,2025-11-30T00:03:16,6714,728.4,5985.6,MOBILE_PAY
T004049,C0334,2026-06-26T16:10:07,1416,0.0,1416.0,CARD
T004050,C0442,2025-12-26T15:26:43,11231,126.75,11104.25,MOBILE_PAY
T004051,C0330,2026-06-22T21:29:43,7190,0.0,7190.0,CASH
T004052,C0476,2025-12-26T05:04:13,4740,0.0,4740.0,CARD
T004053,C0119,2025-09-28T16:26:12,11609,0.0,11609.0,CARD
T004054,C0039,2026-07-07T18:50:45,5825,42.6,5782.4,MOBILE_PAY
T004055,C0457,2025-12-06T09:00:03,7507,0.0,7507.0,CASH
T004056,C0119,2026-05-08T07:12:42,2990,0.0,2990.0,MOBILE_PAY
T004057,C0187,2026-06-27T20:01:09,1556,0.0,1556.0,CASH
T004058,C0354,2025-12-08T11:50:48,318,0.0,318.0,CASH
T004059,C0470,2026-04-08T01:23:33,4396,0.0,4396.0,CARD
T004060,C0335,2026-03-10T11:42:10,4976,0.0,4976.0,MOBILE_PAY
T004061,C0013,2026-09-15T00:28:19,8605,75.75,8529.25,CASH
T004062,C0203,2026-01-16T06:23:36,7276,0.0,7276.0,CARD
T004063,C0084,2026-08-25T11:22:58,10301,0.0,10301.0,MOBILE_PAY
T004064,C0459,2025-10-04T00:30:16,15277,532.65,14744.35,CASH
T004065,C0217,2026-01-27T19:53:56,2709,0.0,2709.0,MOBILE_PAY
T004066,C0048,2026-01-13T08:10:45,7196,800.5,6395.5,MOBILE_PAY
T004067,C0465,2026-08-18T19:09:54,5450,148.6,5301.4,CASH
T004068,C0198,2026-04-02T03:42:35,3920,16.55,3903.45,CASH
T004069,C0087,2026-06-18T12:40:19,1600,0.0,1600.0,CASH
T004070,C0097,2025-12-30T06:06:55,8305,386.25,7918.75,CARD
T004071,C0465,2026-05-27T06:54:04,1931,0.0,1931.0,CASH
T004072,C0116,2026-04-23T01:38:23,8916,0.0,8916.0,CASH
T004073,C0031,2026-03-10T07:12:35,7409,0.0,7409.0,MOBILE_PAY
T004074,C0388,2025-12-04T03:26:57,9598,249.0,9349.0,MOBILE_PAY
T004075,C0475,2026-09-17T11:43:46,6540,0.0,6540.0,CARD
T004076,C0385,2025-11-26T16:46:48,8529,198.6,8330.4,CASH
T004077,C0159,2025-10-23T08:04:48,6908,324.0,6584.0,CASH
T004078,C0274,2026-01-03T16:26:34,14174,654.0,13520.0,CASH
T004079,C0155,2025-10-18T13:31:38,7764,336.6,7427.4,CARD
T004080,C0251,2026-02-11T23:28:33,3552,0.0,3552.0,MOBILE_PAY
T004081,C0195,2025-10-23T09:27:13,3992,255.0,3737.0,CARD
T004082,C0224,2025-12-20T06:41:19,14899,53.0,14846.0,CASH
T004083,C0016,2026-09-02T08:38:27,13668,432.0,13236.0,CARD
T004084,C0366,2025-10-31T13:15:01,7763,187.2,7575.8,CASH
T004085,C0117,2026-04-21T20:47:05,14585,0.0,14585.0,MOBILE_PAY
T004086,C0336,2026-02-25T04:20:45,4993,0.0,4993.0,MOBILE_PAY
T004087,C0486,2026-02-20T08:16:20,722,0.0,722.0,CARD
T004088,C0323,2025-10-09T19:13:08,10270,453.0,9817.0,CASH
T004089,C0163,2026-01-25T00:36:55,4603,0.0,4603.0,CASH
T004090,C0362,2026-04-03T11:09:54,3343,0.0,3343.0,MOBILE_PAY
T004091,C0194,2026-01-24T17:10:16,4617,432.0,4185.0,CARD
T004092,C0498,2026-03-21T11:03:02,1030,257.5,772.5,CARD
T004093,C0446,2026-08-30T05:33:21,12994,294.0,12700.0,CASH
T004094,C0056,2025-12-30T21:39:05,7268,0.0,7268.0,CARD
T004095,C0406,2025-12-19T02:05:53,5373,355.0,5018.0,CASH
T004096,C0223,2026-04-29T13:36:21,1772,0.0,1772.0,CASH
T004097,C0035,2026-05-14T17:16:31,11154,142.0,11012.0,CASH
T004098,C0337,2026-08-18T17:36:17,2845,0.0,2845.0,CARD
T004099,C0135,2025-11-01T08:21:03,8303,0.0,8303.0,CARD
T004100,C0139,2026-01-03T16:00:37,3425,0.0,3425.0,MOBILE_PAY
T004101,C0293,2026-03-22T12:21:47,13574,379.5,13194.5,MOBILE_PAY
T004102,C0485,2026-07-09T01:01:12,7584,0.0,7584.0,MOBILE_PAY
T004103,C0497,2026-07-11T22:09:12,2866,0.0,2866.0,CASH
T004104,C0036,2026-04-09T14:19:53,5003,0.0,5003.0,MOBILE_PAY
T004105,C0215,2026-02-06T03:57:12,6435,67.5,6367.5,MOBILE_PAY
T004106,C0025,2025-12-01T09:30:01,16145,0.0,16145.0,CASH
T004107,C0210,2026-01-06T16:53:43,14420,950.3,13469.7,CARD
T004108,C0090,2026-03-23T01:38:16,8149,376.4,7772.6,MOBILE_PAY
T004109,C0373,2026-01-21T11:50:47,1476,0.0,1476.0,MOBILE_PAY
T004110,C0300,2026-08-29T02:47:51,8260,0.0,8260.0,CASH
T004111,C0416,2026-01-22T17:47:47,5587,0.0,5587.0,CARD
T004112,C0325,2026-08-14T16:43:09,1510,0.0,1510.0,CASH
T004113,C0433,2025-11-16T01:43:52,11334,522.0,10812.0,CARD
T004114,C0237,2025-09-28T07:37:05,12590,89.4,12500.6,CARD
T004115,C0121,2025-12-09T06:52:39,4098,0.0,4098.0,CARD
T004116,C0211,2026-02-01T09:35:25,16595,1034.4,15560.6,MOBILE_PAY
T004117,C0166,2026-05-20T12:24:13,950,0.0,950.0,CASH
T004118,C0430,2026-01-07T05:03:47,4831,0.0,4831.0,CARD
T004119,C0012,2026-01-14T19:28:19,6977,0.0,6977.0,CARD
T004120,C0326,2025-11-06T07:52:09,11965,0.0,11965.0,CARD
T004121,C0420,2025-10-03T18:20:01,4903,0.0,4903.0,MOBILE_PAY
T004122,C0462,2026-09-23T11:14:32,5781,108.3,5672.7,MOBILE_PAY
T004123,C0019,2026-09-10T17:13:46,8416,8.05,8407.95,MOBILE_PAY
T004124,C0456,2026-07-14T02:51:41,9112,0.0,9112.0,CARD
T004125,C0224,2026-09-01T14:50:42,2286,0.0,2286.0,CARD
T004126,C0017,2026-06-15T08:08:09,21658,937.8,20720.2,MOBILE_PAY
T004127,C0396,2025-11-30T22:32:15,8909,527.55,8381.45,CASH
T004128,C0287,2026-09-18T03:33:26,6785,45.6,6739.4,MOBILE_PAY
T004129,C0020,2026-07-04T16:23:33,14097,0.0,14097.0,CASH
T004130,C0258,2025-12-24T00:37:15,10909,78.9,10830.1,CASH
T004131,C0026,2026-07-28T09:44:13,13128,271.7,12856.3,CASH
T004132,C0160,2026-04-11T05:31:50,9456,1257.0,8199.0,CARD
T004133,C0055,2026-04-02T00:39:14,2909,22.6,2886.4,MOBILE_PAY
T004134,C0221,2026-06-04T19:56:14,952,0.0,952.0,CARD
T004135,C0083,2025-12-23T22:06:21,2591,0.0,2591.0,MOBILE_PAY
T004136,C0362,2026-08-18T20:20:49,7797,0.0,7797.0,CARD
T004137,C0480,2026-02-13T01:31:53,2795,0.0,2795.0,CARD
T004138,C0337,2025-10-29T03:54:11,13345,0.0,13345.0,CARD
T004139,C0283,2026-04-23T22:31:26,7229,0.0,7229.0,CASH
T004140,C0073,2026-09-17T22:27:24,3928,0.0,3928.0,MOBILE_PAY
T004141,C0392,2026-07-14T16:02:38,10892,139.3,10752.7,CARD
T004142,C0441,2026-06-19T03:06:51,2078,295.0,1783.0,CASH
T004143,C0153,2026-06-26T00:18:07,10064,172.8,9891.2,CASH
T004144,C0112,2026-07-17T09:52:45,6420,266.85,6153.15,MOBILE_PAY
T004145,C0263,2026-08-27T01:00:07,9881,0.0,9881.0,CASH
T004146,C0114,2026-03-04T01:40:16,2873,0.0,2873.0,CASH
T004147,C0371,2026-03-06T22:00:55,10555,261.65,10293.35,CASH
T004148,C0232,2026-01-25T17:04:59,11522,363.6,11158.4,MOBILE_PAY
T004149,C0053,2026-09-21T18:40:48,10870,265.45,10604.55,MOBILE_PAY
T004150,C0185,2026-08-30T00:25:20,1051,0.0,1051.0,CARD
T004151,C0008,2026-08-29T00:46:48,2419,0.0,2419.0,CARD
T004152,C0164,2026-04-08T06:14:54,8887,0.0,8887.0,CASH
T004153,C0420,2026-04-01T08:01:05,8678,327.5,8350.5,CASH
T004154,C0365,2026-01-22T17:48:13,8368,0.0,8368.0,CASH
T004155,C0355,2025-11-03T09:02:10,416,0.0,416.0,CARD
T004156,C0193,2025-12-15T10:13:54,7194,0.0,7194.0,CARD
T004157,C0016,2025-11-01T07:16:07,5520,0.0,5520.0,MOBILE_PAY
T004158,C0489,2025-12-15T08:04:36,4513,0.0,4513.0,CARD
T004159,C0353,2026-09-19T01:27:17,6313,127.8,6185.2,CARD
T004160,C0321,2026-02-16T14:32:13,13870,115.6,13754.4,CARD
T004161,C0181,2025-10-26T22:28:42,3578,0.0,3578.0,CARD
T004162,C0059,2026-04-11T14:14:17,8025,150.0,7875.0,CASH
T004163,C0251,2026-06-16T03:52:48,4254,323.0,3931.0,CARD
T004164,C0374,2025-12-09T06:08:25,2094,0.0,2094.0,CASH
T004165,C0453,2025-09-30T15:32:29,1072,0.0,1072.0,CASH
T004166,C0118,2025-11-21T04:18:59,12477,63.9,12413.1,MOBILE_PAY
T004167,C0014,2026-02-12T06:49:20,4915,342.0,4573.0,CARD
T004168,C0137,2026-04-14T22:42:52,9083,0.0,9083.0,MOBILE_PAY
T004169,C0420,2026-02-19T11:41:19,13671,0.0,13671.0,CARD
T004170,C0457,2025-12-12T05:52:49,3874,0.0,3874.0,CARD
T004171,C0430,2026-01-09T04:24:47,12782,248.25,12533.75,CARD
T004172,C0008,2026-09-12T01:57:01,8251,0.0,8251.0,MOBILE_PAY
T004173,C0353,2026-03-08T18:38:44,1176,0.0,1176.0,MOBILE_PAY
T004174,C0208,2026-07-24T06:31:05,2469,0.0,2469.0,CARD
T004175,C0329,2026-01-28T21:22:52,5745,0.0,5745.0,CARD
T004176,C0433,2026-04-22T20:48:35,3589,0.0,3589.0,CASH
T004177,C0089,2026-08-09T16:29:29,6048,0.0,6048.0,CASH
T004178,C0368,2025-10-27T18:47:48,4621,0.0,4621.0,CASH
T004179,C0410,2026-02-09T22:09:18,9445,0.0,9445.0,CARD
T004180,C0233,2025-12-17T20:29:23,12303,0.0,12303.0,CASH
T004181,C0417,2026-05-26T20:16:00,11933,719.0,11214.0,CARD
T004182,C0450,2026-09-25T15:49:45,16145,2332.6,13812.4,CARD
T004183,C0342,2026-04-20T00:55:20,12331,0.0,12331.0,MOBILE_PAY
T004184,C0359,2026-07-25T13:58:04,14652,0.0,14652.0,MOBILE_PAY
T004185,C0452,2026-04-24T04:59:26,14237,0.0,14237.0,CARD
T004186,C0400,2026-02-15T21:51:45,9850,0.0,9850.0,MOBILE_PAY
T004187,C0277,2026-06-01T22:33:06,1951,0.0,1951.0,CARD
T004188,C0033,2025-12-01T10:41:33,16956,208.0,16748.0,MOBILE_PAY
T004189,C0137,2026-06-23T17:10:17,3718,0.0,3718.0,MOBILE_PAY
T004190,C0149,2025-11-12T11:16:58,4053,0.0,4053.0,MOBILE_PAY
T004191,C0210,2026-04-05T04:13:51,6165,0.0,6165.0,CASH
T004192,C0013,2026-04-29T00:41:17,10478,178.5,10299.5,CASH
T004193,C0081,2026-05-19T04:48:16,970,0.0,970.0,MOBILE_PAY
T004194,C0440,2026-02-01T14:45:14,10521,203.4,10317.6,MOBILE_PAY
T004195,C0015,2026-02-07T18:34:08,15794,529.25,15264.75,MOBILE_PAY
T004196,C0070,2026-09-02T19:23:41,11870,83.2,11786.8,CASH
T004197,C0129,2026-05-27T02:01:04,21253,82.8,21170.2,CARD
T004198,C0244,2026-08-06T14:04:43,1200,0.0,1200.0,MOBILE_PAY
T004199,C0268,2026-05-26T00:28:09,9367,587.0,8780.0,MOBILE_PAY
T004200,C0158,2025-10-19T18:20:04,3370,0.0,3370.0,CASH
T004201,C0448,2026-08-07T09:47:23,3855,323.0,3532.0,MOBILE_PAY
T004202,C0015,2026-05-09T11:57:51,11844,355.8,11488.2,CARD
T004203,C0088,2026-04-18T04:59:14,4257,399.75,3857.25,CARD
T004204,C0238,2026-01-23T04:26:59,427,0.0,427.0,MOBILE_PAY
T004205,C0199,2026-06-28T10:05:41,694,0.0,694.0,CARD
T004206,C0456,2026-09-06T10:42:50,14484,0.0,14484.0,CARD
T004207,C0286,2026-06-17T08:46:48,9822,257.5,9564.5,CASH
T004208,C0439,2026-08-01T12:10:58,830,0.0,830.0,CARD
T004209,C0107,2025-10-26T18:56:57,10509,149.0,10360.0,MOBILE_PAY
T004210,C0227,2026-09-18T06:49:04,756,0.0,756.0,CASH
T004211,C0136,2025-12-02T14:51:21,1910,0.0,1910.0,CARD
T004212,C0210,2026-04-30T10:27:32,3115,0.0,3115.0,MOBILE_PAY
T004213,C0282,2026-02-19T23:03:37,1742,0.0,1742.0,CASH
T004214,C0051,2026-02-02T13:20:41,3609,0.0,3609.0,CARD
T004215,C0465,2026-02-14T11:37:07,2363,59.2,2303.8,CASH
T004216,C0161,2026-08-06T22:39:10,1416,0.0,1416.0,CARD
T004217,C0374,2026-04-16T18:38:18,8933,15.3,8917.7,MOBILE_PAY
T004218,C0345,2026-08-19T07:32:11,12935,119.2,12815.8,MOBILE_PAY
T004219,C0421,2026-09-06T19:09:38,2772,269.0,2503.0,CARD
T004220,C0228,2026-08-29T08:27:14,7020,397.2,6622.8,MOBILE_PAY
T004221,C0333,2025-11-09T05:41:08,3778,263.0,3515.0,MOBILE_PAY
T004222,C0041,2026-02-20T14:44:05,2295,0.0,2295.0,CASH
T004223,C0182,2026-03-25T04:58:46,4695,0.0,4695.0,CARD
T004224,C0193,2026-02-08T07:56:27,6207,0.0,6207.0,MOBILE_PAY
T004225,C0225,2026-07-18T14:55:28,4366,0.0,4366.0,CARD
T004226,C0463,2026-05-26T09:23:18,1504,233.6,1270.4,CASH
T004227,C0288,2025-12-05T08:09:03,8759,16.1,8742.9,MOBILE_PAY
T004228,C0043,2025-12-19T19:58:36,1481,0.0,1481.0,CARD
T004229,C0159,2026-04-24T05:40:01,8236,0.0,8236.0,CASH
T004230,C0437,2025-12-16T02:30:55,4228,0.0,4228.0,CARD
T004231,C0407,2026-08-24T20:55:41,6071,0.0,6071.0,CASH
T004232,C0043,2025-11-03T23:50:42,6644,872.0,5772.0,MOBILE_PAY
T004233,C0136,2026-05-13T11:35:50,879,0.0,879.0,MOBILE_PAY
T004234,C0470,2025-12-21T20:30:36,7940,0.0,7940.0,CASH
T004235,C0393,2026-01-26T01:59:09,5567,159.5,5407.5,MOBILE_PAY
T004236,C0210,2026-04-22T01:59:54,7627,0.0,7627.0,CASH
T004237,C0339,2026-07-20T07:03:40,8310,0.0,8310.0,CARD
T004238,C0032,2026-05-07T09:39:49,6206,0.0,6206.0,MOBILE_PAY
T004239,C0344,2025-11-01T21:30:14,2197,0.0,2197.0,CASH
T004240,C0103,2026-04-28T00:01:42,425,0.0,425.0,CARD
T004241,C0119,2026-09-08T12:26:53,10815,1000.25,9814.75,CASH
T004242,C0065,2026-07-02T12:50:49,5273,0.0,5273.0,CASH
T004243,C0006,2026-07-21T13:07:05,3879,0.0,3879.0,CASH
T004244,C0086,2025-10-13T05:26:05,3379,0.0,3379.0,CASH
T004245,C0407,2026-07-08T16:41:57,9580,134.0,9446.0,CASH
T004246,C0351,2025-10-18T19:58:38,11014,79.95,10934.05,MOBILE_PAY
T004247,C0157,2025-12-12T10:22:43,3289,0.0,3289.0,CARD
T004248,C0072,2026-04-22T05:30:11,6028,0.0,6028.0,CASH
T004249,C0219,2025-10-22T12:55:44,8391,0.0,8391.0,CARD
T004250,C0358,2026-08-11T09:35:26,1404,0.0,1404.0,MOBILE_PAY
T004251,C0029,2026-01-05T13:24:23,7499,0.0,7499.0,CASH
T004252,C0155,2026-08-29T15:53:23,3432,0.0,3432.0,CARD
T004253,C0316,2026-02-23T20:55:56,14014,0.0,14014.0,CASH
T004254,C0011,2025-12-09T17:08:22,6763,354.0,6409.0,MOBILE_PAY
T004255,C0159,2026-01-05T21:55:58,9590,289.0,9301.0,MOBILE_PAY
T004256,C0024,2025-11-15T15:47:09,10281,338.2,9942.8,CARD
T004257,C0392,2026-06-27T12:36:58,16071,7.55,16063.45,MOBILE_PAY
T004258,C0430,2026-05-20T21:39:21,11686,0.0,11686.0,CARD
T004259,C0360,2026-08-10T08:28:51,1343,170.4,1172.6,MOBILE_PAY
T004260,C0300,2025-12-03T11:44:12,3152,128.7,3023.3,CARD
T004261,C0441,2026-01-26T08:34:58,9747,331.2,9415.8,CASH
T004262,C0247,2026-09-17T12:40:53,5173,0.0,5173.0,CASH
T004263,C0125,2025-11-27T06:01:00,10100,490.0,9610.0,CASH
T004264,C0418,2025-11-06T04:55:50,4482,0.0,4482.0,CASH
T004265,C0361,2026-06-21T22:01:31,10012,98.25,9913.75,MOBILE_PAY
T004266,C0467,2026-05-21T12:15:03,7313,0.0,7313.0,MOBILE_PAY
T004267,C0484,2026-09-02T14:31:19,12804,72.2,12731.8,CASH
T004268,C0303,2026-02-17T23:13:13,4811,0.0,4811.0,CARD
T004269,C0002,2026-05-08T07:02:29,2388,0.0,2388.0,CASH
T004270,C0386,2026-03-26T05:09:51,1090,0.0,1090.0,CARD
T004271,C0007,2026-07-13T10:37:40,6306,0.0,6306.0,CARD
T004272,C0405,2026-08-19T23:12:12,4282,0.0,4282.0,CASH
T004273,C0231,2025-12-30T07:55:09,3467,300.0,3167.0,CARD
T004274,C0408,2026-07-20T15:40:36,13182,0.0,13182.0,CASH
T004275,C0108,2026-08-22T05:20:02,9352,342.0,9010.0,MOBILE_PAY
T004276,C0429,2025-10-17T11:40:50,2675,0.0,2675.0,CARD
T004277,C0076,2026-08-19T16:02:55,12506,1078.6,11427.4,CASH
T004278,C0284,2026-05-13T11:53:58,5193,157.8,5035.2,CASH
T004279,C0060,2026-07-09T22:12:28,10472,1199.2,9272.8,MOBILE_PAY
T004280,C0395,2026-09-21T00:41:20,9613,0.0,9613.0,CARD
T004281,C0455,2025-11-05T17:49:31,2286,0.0,2286.0,MOBILE_PAY
T004282,C0257,2025-12-03T14:54:03,4800,0.0,4800.0,CASH
T004283,C0449,2025-10-21T20:55:50,17200,470.0,16730.0,CASH
T004284,C0027,2026-04-15T07:02:40,2606,0.0,2606.0,CARD
T004285,C0095,2026-01-27T09:10:17,1143,0.0,1143.0,CASH
T004286,C0309,2025-11-26T09:03:31,4593,0.0,4593.0,CASH
T004287,C0279,2026-03-29T15:51:13,6499,45.2,6453.8,MOBILE_PAY
T004288,C0163,2026-09-13T14:18:28,7842,71.4,7770.6,CASH
T004289,C0099,2025-12-11T07:28:44,6871,0.0,6871.0,CARD
T004290,C0046,2026-01-19T22:11:18,5034,0.0,5034.0,MOBILE_PAY
T004291,C0024,2025-11-01T11:58:43,9117,425.0,8692.0,CASH
T004292,C0423,2025-10-31T03:09:09,19449,201.3,19247.7,MOBILE_PAY
T004293,C0361,2026-01-20T03:08:13,11379,0.0,11379.0,CARD
T004294,C0358,2026-07-05T08:26:36,3020,71.0,2949.0,MOBILE_PAY
T004295,C0015,2026-03-02T05:46:19,11622,0.0,11622.0,MOBILE_PAY
T004296,C0421,2025-10-31T12:08:50,1087,75.75,1011.25,MOBILE_PAY
T004297,C0281,2025-12-12T15:38:03,8395,0.0,8395.0,CASH
T004298,C0155,2026-01-02T03:55:19,7098,0.0,7098.0,MOBILE_PAY
T004299,C0006,2025-10-29T20:18:51,14198,818.25,13379.75,CARD
T004300,C0177,2026-02-03T08:26:02,11717,159.0,11558.0,CASH
T004301,C0142,2026-09-05T01:43:45,4179,127.8,4051.2,MOBILE_PAY
T004302,C0256,2026-06-03T06:24:31,3101,0.0,3101.0,CARD
T004303,C0423,2026-02-12T16:18:03,2736,0.0,2736.0,MOBILE_PAY
T004304,C0303,2026-02-15T01:00:54,8905,449.6,8455.4,CASH
T004305,C0328,2025-12-12T07:34:30,2979,0.0,2979.0,CASH
T004306,C0240,2026-08-22T23:49:08,5925,10.3,5914.7,CASH
T004307,C0009,2025-10-18T05:52:19,3232,0.0,3232.0,CARD
T004308,C0369,2025-10-21T15:52:30,10144,0.0,10144.0,CASH
T004309,C0291,2026-01-29T20:11:56,4232,157.8,4074.2,CARD
T004310,C0005,2025-12-23T01:34:11,9165,628.2,8536.8,CASH
T004311,C0417,2025-10-12T10:13:33,5394,25.35,5368.65,CARD
T004312,C0248,2025-12-09T23:57:01,6749,0.0,6749.0,CASH
T004313,C0123,2025-10-20T03:39:26,9491,0.0,9491.0,CARD
T004314,C0383,2026-08-07T06:15:40,9137,0.0,9137.0,CARD
T004315,C0002,2026-01-24T15:09:12,950,0.0,950.0,CASH
T004316,C0394,2026-01-20T13:28:46,19302,1066.25,18235.75,MOBILE_PAY
T004317,C0213,2025-10-01T06:27:18,5029,0.0,5029.0,CARD
T004318,C0463,2026-03-20T23:03:18,1144,0.0,1144.0,CARD
T004319,C0437,2026-03-17T12:45:40,10775,0.0,10775.0,CASH
T004320,C0347,2026-04-22T05:04:42,12266,89.4,12176.6,MOBILE_PAY
T004321,C0007,2025-10-31T10:33:40,3555,0.0,3555.0,MOBILE_PAY
T004322,C0500,2026-06-15T03:40:15,6246,241.0,6005.0,MOBILE_PAY
T004323,C0226,2026-06-30T21:04:41,13061,397.2,12663.8,MOBILE_PAY
T004324,C0264,2025-11-05T01:04:47,4674,0.0,4674.0,CARD
T004325,C0399,2026-09-09T08:43:05,7474,0.0,7474.0,CASH
T004326,C0173,2025-10-15T17:05:24,9422,352.5,9069.5,CARD
T004327,C0018,2026-05-24T18:17:26,11118,165.6,10952.4,CASH
T004328,C0322,2026-09-07T03:33:12,15391,426.0,14965.0,MOBILE_PAY
T004329,C0043,2026-07-11T19:50:48,21718,0.0,21718.0,CASH
T004330,C0198,2026-03-04T10:48:14,1590,159.0,1431.0,CARD
T004331,C0205,2026-02-14T07:29:09,3666,0.0,3666.0,MOBILE_PAY
T004332,C0117,2026-05-23T16:52:05,10992,537.15,10454.85,CARD
T004333,C0117,2026-04-28T12:07:33,5963,227.7,5735.3,CARD
T004334,C0017,2026-01-22T23:42:07,2650,0.0,2650.0,CARD
T004335,C0490,2026-06-12T00:24:28,7442,0.0,7442.0,MOBILE_PAY
T004336,C0278,2026-07-22T13:34:50,4374,0.0,4374.0,CARD
T004337,C0192,2026-01-26T18:53:07,6699,0.0,6699.0,MOBILE_PAY
T004338,C0487,2026-01-29T11:14:27,11618,483.6,11134.4,MOBILE_PAY
T004339,C0154,2026-03-23T14:47:32,10856,1103.9,9752.1,CASH
T004340,C0344,2026-03-04T06:14:16,3935,0.0,3935.0,CARD
T004341,C0306,2026-07-12T05:21:23,11475,848.9,10626.1,CARD
T004342,C0176,2026-08-19T06:40:10,5199,225.8,4973.2,CASH
T004343,C0275,2026-06-29T05:05:45,5034,78.9,4955.1,MOBILE_PAY
T004344,C0017,2026-03-14T02:48:44,3909,0.0,3909.0,CARD
T004345,C0087,2025-12-28T11:20:58,5477,125.7,5351.3,MOBILE_PAY
T004346,C0082,2026-07-15T06:53:48,12535,1287.6,11247.4,CASH
T004347,C0351,2026-08-04T01:23:28,17933,0.0,17933.0,MOBILE_PAY
T004348,C0081,2026-01-23T21:35:00,2681,0.0,2681.0,CARD
T004349,C0086,2026-01-31T17:01:04,1530,0.0,1530.0,CARD
T004350,C0310,2026-09-06T12:08:08,5198,42.6,5155.4,MOBILE_PAY
T004351,C0043,2026-01-23T04:19:52,9253,113.0,9140.0,MOBILE_PAY
T004352,C0478,2025-11-12T18:17:30,8246,67.5,8178.5,CASH
T004353,C0074,2026-07-28T09:41:05,5024,0.0,5024.0,CARD
T004354,C0222,2026-05-02T03:06:29,3930,82.0,3848.0,MOBILE_PAY
T004355,C0312,2026-07-12T10:34:38,10619,0.0,10619.0,CASH
T004356,C0202,2025-12-07T15:35:09,3892,161.5,3730.5,MOBILE_PAY
T004357,C0108,2026-05-17T09:10:10,5490,0.0,5490.0,CARD
T004358,C0345,2026-05-14T19:25:56,12152,324.2,11827.8,CASH
T004359,C0089,2025-11-04T10:50:25,7391,0.0,7391.0,MOBILE_PAY
T004360,C0383,2025-11-21T04:21:41,8228,106.0,8122.0,CARD
T004361,C0003,2026-03-04T04:40:33,4837,0.0,4837.0,CARD
T004362,C0080,2026-09-26T20:40:21,14084,0.0,14084.0,CARD
T004363,C0026,2026-05-23T16:31:31,14921,643.75,14277.25,CASH
T004364,C0012,2026-08-26T09:01:17,444,0.0,444.0,CASH
T004365,C0142,2026-09-13T16:30:53,1754,0.0,1754.0,CASH
T004366,C0068,2026-05-17T12:06:28,20825,21.3,20803.7,CARD
T004367,C0139,2026-01-08T22:29:38,6122,566.25,5555.75,CARD
T004368,C0249,2026-02-06T19:24:59,1520,0.0,1520.0,MOBILE_PAY
T004369,C0251,2025-11-25T14:04:30,9023,117.5,8905.5,CARD
T004370,C0404,2025-10-18T16:08:55,577,0.0,577.0,CASH
T004371,C0161,2026-03-08T05:17:52,9067,0.0,9067.0,CASH
T004372,C0273,2026-01-24T10:15:08,10939,0.0,10939.0,CASH
T004373,C0166,2026-06-20T02:12:16,5527,0.0,5527.0,CARD
T004374,C0498,2025-10-29T03:24:45,11574,0.0,11574.0,CARD
T004375,C0492,2026-09-25T09:01:51,3316,0.0,3316.0,CASH
T004376,C0163,2026-05-25T08:07:45,606,0.0,606.0,CASH
T004377,C0030,2026-09-18T13:13:25,7654,0.0,7654.0,MOBILE_PAY
T004378,C0472,2026-07-09T05:46:33,12780,0.0,12780.0,MOBILE_PAY
T004379,C0240,2026-08-05T09:44:47,7221,0.0,7221.0,CARD
T004380,C0324,2025-11-06T06:37:52,4721,0.0,4721.0,MOBILE_PAY
T004381,C0310,2025-10-06T04:18:57,8926,0.0,8926.0,CASH
T004382,C0203,2026-03-09T03:26:02,8053,560.25,7492.75,CASH
T004383,C0273,2025-11-06T22:07:45,9484,212.0,9272.0,CARD
T004384,C0053,2026-09-18T16:33:05,3040,0.0,3040.0,CASH
T004385,C0289,2026-06-24T02:34:05,11761,490.5,11270.5,MOBILE_PAY
T004386,C0193,2026-07-14T20:39:01,13942,0.0,13942.0,MOBILE_PAY
T004387,C0225,2026-02-22T19:26:51,2302,0.0,2302.0,MOBILE_PAY
T004388,C0092,2026-06-03T02:42:36,3721,0.0,3721.0,CASH
T004389,C0473,2026-02-22T01:38:46,15323,1118.85,14204.15,MOBILE_PAY
T004390,C0260,2026-06-22T06:16:04,7143,35.7,7107.3,CASH
T004391,C0188,2026-05-24T11:01:33,12703,0.0,12703.0,CARD
T004392,C0473,2025-11-02T12:15:51,8044,213.0,7831.0,MOBILE_PAY
T004393,C0224,2025-10-03T23:45:41,11397,340.0,11057.0,CASH
T004394,C0145,2025-10-20T03:32:22,14131,432.0,13699.0,CARD
T004395,C0415,2026-09-09T22:24:10,7622,197.2,7424.8,CASH
T004396,C0289,2026-07-17T00:18:32,7378,0.0,7378.0,CARD
T004397,C0161,2026-09-07T05:18:50,11092,0.0,11092.0,CARD
T004398,C0095,2026-08-19T14:03:05,10933,0.0,10933.0,CASH
T004399,C0445,2026-08-23T07:43:07,8543,0.0,8543.0,CASH
T004400,C0156,2026-06-27T00:53:48,1797,159.5,1637.5,CASH
T004401,C0270,2026-07-06T12:13:45,14830,0.0,14830.0,MOBILE_PAY
T004402,C0312,2026-04-19T17:32:28,11542,0.0,11542.0,MOBILE_PAY
T004403,C0274,2026-06-01T10:55:37,2484,0.0,2484.0,CASH
T004404,C0231,2025-11-17T16:59:39,10104,261.6,9842.4,MOBILE_PAY
T004405,C0440,2025-11-28T10:27:18,18743,0.0,18743.0,MOBILE_PAY
T004406,C0322,2026-06-12T05:09:41,7450,99.3,7350.7,CARD
T004407,C0299,2026-01-02T09:30:56,532,0.0,532.0,MOBILE_PAY
T004408,C0288,2025-11-18T07:44:51,6633,102.5,6530.5,MOBILE_PAY
T004409,C0407,2026-08-03T23:54:57,2374,0.0,2374.0,CASH
T004410,C0256,2026-07-11T16:35:50,12089,492.9,11596.1,CARD
T004411,C0380,2025-11-14T05:52:59,17203,1076.0,16127.0,CASH
T004412,C0402,2026-03-03T08:59:33,5956,604.5,5351.5,CASH
T004413,C0099,2026-04-23T06:27:41,7225,470.1,6754.9,CASH
T004414,C0041,2025-11-21T04:41:58,1850,0.0,1850.0,CASH
T004415,C0418,2026-03-08T09:16:46,8901,264.7,8636.3,CASH
T004416,C0218,2026-08-13T09:09:01,5697,0.0,5697.0,MOBILE_PAY
T004417,C0378,2026-04-10T19:21:58,5418,0.0,5418.0,MOBILE_PAY
T004418,C0152,2026-09-21T12:56:20,1209,0.0,1209.0,MOBILE_PAY
T004419,C0243,2025-11-15T04:41:58,20672,342.0,20330.0,CASH
T004420,C0356,2025-11-25T07:01:44,4778,0.0,4778.0,CASH
T004421,C0064,2026-06-21T02:14:05,9749,134.2,9614.8,MOBILE_PAY
T004422,C0172,2025-10-29T19:06:50,2288,0.0,2288.0,CASH
T004423,C0318,2026-05-31T01:06:22,1084,0.0,1084.0,CASH
T004424,C0212,2026-08-08T01:41:37,3352,0.0,3352.0,CASH
T004425,C0104,2026-04-09T03:52:46,6125,297.9,5827.1,MOBILE_PAY
T004426,C0003,2026-02-12T11:27:55,13617,566.25,13050.75,CASH
T004427,C0241,2026-09-22T15:10:51,1609,0.0,1609.0,MOBILE_PAY
T004428,C0498,2026-06-02T01:43:53,1294,170.0,1124.0,CARD
T004429,C0497,2026-03-02T10:43:18,6810,0.0,6810.0,CARD
T004430,C0281,2025-12-02T11:58:02,339,33.9,305.1,CARD
T004431,C0496,2026-06-06T20:48:46,6383,0.0,6383.0,MOBILE_PAY
T004432,C0286,2026-07-28T01:05:44,4064,0.0,4064.0,CARD
T004433,C0187,2026-02-22T06:14:44,10795,127.8,10667.2,CARD
T004434,C0231,2026-08-17T19:41:51,8185,0.0,8185.0,CARD
T004435,C0101,2026-05-25T09:36:59,10789,0.0,10789.0,CASH
T004436,C0022,2026-05-06T01:25:26,3994,56.7,3937.3,CARD
T004437,C0453,2026-07-26T20:30:27,4097,0.0,4097.0,CARD
T004438,C0427,2026-02-22T10:15:02,8529,602.55,7926.45,MOBILE_PAY
T004439,C0313,2025-11-22T23:43:00,9402,241.7,9160.3,MOBILE_PAY
T004440,C0208,2025-10-09T02:51:56,10494,0.0,10494.0,CASH
T004441,C0274,2026-04-20T18:09:54,13741,1304.5,12436.5,CARD
T004442,C0245,2025-12-11T10:50:30,14071,30.2,14040.8,CASH
T004443,C0237,2026-05-30T12:07:38,8435,30.3,8404.7,MOBILE_PAY
T004444,C0190,2026-01-10T12:36:35,7850,0.0,7850.0,CASH
T004445,C0263,2026-04-08T03:09:40,15046,0.0,15046.0,CASH
T004446,C0335,2026-05-07T18:56:33,2888,0.0,2888.0,MOBILE_PAY
T004447,C0380,2026-08-03T19:54:00,1453,0.0,1453.0,CARD
T004448,C0498,2026-09-24T09:23:07,6293,0.0,6293.0,CARD
T004449,C0075,2026-06-29T09:43:08,7595,0.0,7595.0,MOBILE_PAY
T004450,C0381,2025-10-30T19:38:33,9657,189.3,9467.7,CARD
T004451,C0319,2026-07-13T21:44:34,4792,41.2,4750.8,MOBILE_PAY
T004452,C0321,2025-09-28T18:59:03,7064,476.5,6587.5,CARD
T004453,C0248,2025-10-01T14:28:04,3698,0.0,3698.0,CARD
T004454,C0464,2026-02-08T08:52:51,9479,343.65,9135.35,CARD
T004455,C0401,2026-05-06T03:29:46,10968,0.0,10968.0,CASH
T004456,C0425,2025-12-25T18:13:56,9929,118.35,9810.65,MOBILE_PAY
T004457,C0234,2025-11-20T07:47:34,10765,81.3,10683.7,CASH
T004458,C0074,2026-06-11T09:32:26,4760,0.0,4760.0,CASH
T004459,C0044,2026-08-03T20:06:19,12296,0.0,12296.0,CARD
T004460,C0264,2026-05-31T13:27:27,6292,565.3,5726.7,CASH
T004461,C0127,2026-05-31T06:04:18,6540,451.25,6088.75,MOBILE_PAY
T004462,C0298,2026-09-20T12:58:16,6091,323.0,5768.0,MOBILE_PAY
T004463,C0072,2026-09-26T04:06:35,1200,0.0,1200.0,CARD
T004464,C0099,2026-05-31T07:55:19,12455,0.0,12455.0,MOBILE_PAY
T004465,C0035,2026-02-10T20:50:05,1042,59.2,982.8,MOBILE_PAY
T004466,C0452,2026-04-06T11:09:00,13852,454.5,13397.5,CASH
T004467,C0363,2025-11-16T13:53:06,1737,0.0,1737.0,MOBILE_PAY
T004468,C0407,2026-07-19T11:06:12,3956,53.0,3903.0,MOBILE_PAY
T004469,C0427,2025-11-17T19:21:58,5297,0.0,5297.0,CARD
T004470,C0446,2026-04-29T08:59:29,9400,490.0,8910.0,CARD
T004471,C0431,2026-05-28T21:38:01,6532,0.0,6532.0,MOBILE_PAY
T004472,C0051,2026-03-23T07:46:11,21660,0.0,21660.0,CARD
T004473,C0282,2025-10-16T08:58:10,3310,0.0,3310.0,MOBILE_PAY
T004474,C0028,2026-06-27T11:30:51,11959,399.75,11559.25,MOBILE_PAY
T004475,C0222,2025-12-14T10:27:42,11659,0.0,11659.0,CARD
T004476,C0189,2025-11-27T14:32:24,931,0.0,931.0,CARD
T004477,C0474,2025-11-22T21:26:55,8169,386.1,7782.9,CARD
T004478,C0099,2025-10-09T03:07:54,7329,504.9,6824.1,CASH
T004479,C0161,2025-10-15T09:23:22,686,0.0,686.0,MOBILE_PAY
T004480,C0151,2026-06-04T22:15:20,6371,335.5,6035.5,CARD
T004481,C0078,2026-06-10T23:50:31,5377,0.0,5377.0,MOBILE_PAY
T004482,C0359,2026-03-26T05:05:32,7537,75.75,7461.25,CASH
T004483,C0455,2026-09-16T19:21:18,6611,284.0,6327.0,CARD
T004484,C0442,2026-08-21T13:25:42,537,0.0,537.0,CARD
T004485,C0412,2026-01-09T02:30:30,8126,0.0,8126.0,CARD
T004486,C0096,2026-05-02T07:43:19,9000,258.0,8742.0,CARD
T004487,C0113,2026-02-06T04:06:13,2378,0.0,2378.0,CASH
T004488,C0132,2026-05-24T09:23:44,10122,0.0,10122.0,CASH
T004489,C0453,2026-04-06T21:06:55,9764,113.0,9651.0,CARD
T004490,C0184,2026-07-09T17:38:44,8167,0.0,8167.0,CASH
T004491,C0316,2025-11-16T07:28:08,1515,0.0,1515.0,MOBILE_PAY
T004492,C0360,2026-01-03T23:04:37,4877,30.3,4846.7,CARD
T004493,C0125,2026-08-05T22:30:58,2030,0.0,2030.0,CASH
T004494,C0365,2025-12-10T14:32:23,9561,0.0,9561.0,CARD
T004495,C0336,2026-05-01T09:45:56,7507,652.5,6854.5,MOBILE_PAY
T004496,C0451,2026-03-26T03:01:25,5495,113.25,5381.75,MOBILE_PAY
T004497,C0275,2026-09-27T01:28:57,11361,604.5,10756.5,MOBILE_PAY
T004498,C0015,2025-11-13T16:49:21,9712,0.0,9712.0,CARD
T004499,C0445,2025-11-22T11:56:56,16168,295.5,15872.5,CARD
T004500,C0100,2026-05-22T04:58:22,6766,0.0,6766.0,CASH
T004501,C0093,2026-02-10T01:45:23,8195,0.0,8195.0,MOBILE_PAY
T004502,C0232,2025-10-31T14:29:20,8956,236.8,8719.2,CASH
T004503,C0436,2026-01-19T22:39:01,4353,265.5,4087.5,MOBILE_PAY
T004504,C0339,2026-02-04T06:12:58,9257,0.0,9257.0,MOBILE_PAY
T004505,C0278,2025-12-08T14:55:38,10550,342.2,10207.8,CASH
T004506,C0242,2026-09-12T04:25:33,11047,150.0,10897.0,MOBILE_PAY
T004507,C0445,2026-07-02T19:45:34,6343,0.0,6343.0,CARD
T004508,C0294,2026-08-08T09:36:52,14912,0.0,14912.0,MOBILE_PAY
T004509,C0450,2025-10-14T15:23:43,3426,0.0,3426.0,MOBILE_PAY
T004510,C0089,2026-02-02T21:38:44,10628,36.5,10591.5,CASH
T004511,C0384,2026-06-17T03:53:04,7315,0.0,7315.0,MOBILE_PAY
T004512,C0295,2026-04-14T00:22:20,11761,0.0,11761.0,CARD
T004513,C0030,2026-09-05T19:43:12,3915,0.0,3915.0,CARD
T004514,C0188,2026-09-21T17:08:07,2462,46.8,2415.2,MOBILE_PAY
T004515,C0026,2026-08-05T01:49:36,5714,0.0,5714.0,CARD
T004516,C0065,2026-06-03T19:30:49,12202,0.0,12202.0,MOBILE_PAY
T004517,C0366,2025-10-06T05:48:32,8556,0.0,8556.0,CASH
T004518,C0158,2026-06-28T15:49:44,6394,363.6,6030.4,CARD
T004519,C0079,2026-09-23T08:40:33,798,0.0,798.0,CARD
T004520,C0031,2025-11-23T12:51:07,789,0.0,789.0,CASH
T004521,C0369,2026-09-17T01:29:34,5060,0.0,5060.0,CARD
T004522,C0129,2026-05-30T15:09:24,17587,228.8,17358.2,CASH
T004523,C0162,2026-04-15T16:20:48,21165,0.0,21165.0,CASH
T004524,C0040,2026-03-01T09:47:27,24935,2778.0,22157.0,CASH
T004525,C0044,2025-10-03T11:19:47,6922,0.0,6922.0,CASH
T004526,C0124,2026-08-06T07:23:27,10297,0.0,10297.0,CASH
T004527,C0191,2026-02-21T21:37:09,1417,0.0,1417.0,CASH
T004528,C0264,2025-10-14T08:08:35,14193,406.1,13786.9,CARD
T004529,C0260,2026-01-17T03:29:27,10035,141.0,9894.0,CASH
T004530,C0297,2026-04-29T19:42:33,14195,386.25,13808.75,CASH
T004531,C0388,2025-10-08T10:06:57,5948,0.0,5948.0,CASH
T004532,C0413,2025-12-03T15:57:37,9943,0.0,9943.0,MOBILE_PAY
T004533,C0439,2026-07-31T14:12:10,16128,0.0,16128.0,CASH
T004534,C0066,2026-09-25T12:27:13,5684,31.9,5652.1,MOBILE_PAY
T004535,C0338,2026-08-16T07:18:16,18214,0.0,18214.0,CASH
T004536,C0103,2025-12-06T22:29:58,5739,0.0,5739.0,CASH
T004537,C0360,2026-01-07T02:11:26,2008,0.0,2008.0,CASH
T004538,C0497,2025-10-02T06:02:45,12801,91.25,12709.75,MOBILE_PAY
T004539,C0338,2026-03-08T19:35:11,14620,484.5,14135.5,CARD
T004540,C0446,2026-07-28T10:31:33,9265,0.0,9265.0,CASH
T004541,C0321,2026-02-13T13:18:26,15064,300.0,14764.0,MOBILE_PAY
T004542,C0362,2026-08-22T07:15:39,2615,0.0,2615.0,CASH
T004543,C0252,2026-01-21T23:03:55,1378,0.0,1378.0,MOBILE_PAY
T004544,C0046,2026-09-06T12:43:45,10565,436.0,10129.0,CARD
T004545,C0085,2026-03-31T13:45:02,1345,0.0,1345.0,MOBILE_PAY
T004546,C0440,2026-01-07T14:42:16,1581,0.0,1581.0,CARD
T004547,C0205,2026-03-21T11:52:14,10222,0.0,10222.0,CASH
T004548,C0091,2026-08-05T18:37:18,10015,0.0,10015.0,CASH
T004549,C0246,2026-03-01T07:02:54,8932,381.6,8550.4,MOBILE_PAY
T004550,C0321,2026-06-23T06:12:24,1044,0.0,1044.0,CASH
T004551,C0042,2026-05-21T00:19:48,6878,141.0,6737.0,CARD
T004552,C0455,2026-02-06T17:45:34,6466,746.7,5719.3,CASH
T004553,C0007,2025-10-13T11:04:51,7468,0.0,7468.0,CARD
T004554,C0360,2026-07-03T03:12:15,5065,0.0,5065.0,CASH
T004555,C0326,2026-05-10T08:48:02,5087,0.0,5087.0,CASH
T004556,C0306,2025-10-06T07:54:48,3556,0.0,3556.0,CASH
T004557,C0306,2026-01-05T03:51:01,6766,0.0,6766.0,MOBILE_PAY
T004558,C0179,2026-08-31T09:36:35,9091,0.0,9091.0,CASH
T004559,C0314,2025-10-29T16:26:18,3546,0.0,3546.0,CARD
T004560,C0306,2026-05-31T17:22:04,8039,0.0,8039.0,MOBILE_PAY
T004561,C0410,2026-04-10T12:05:01,4620,291.0,4329.0,CASH
T004562,C0322,2026-07-07T06:33:43,5744,0.0,5744.0,MOBILE_PAY
T004563,C0485,2026-05-12T06:01:22,7335,120.9,7214.1,CARD
T004564,C0064,2026-04-11T10:17:42,8241,95.7,8145.3,MOBILE_PAY
T004565,C0166,2026-02-02T15:06:55,7717,0.0,7717.0,CASH
T004566,C0247,2026-03-15T11:22:00,17647,261.6,17385.4,CARD
T004567,C0007,2026-02-26T13:50:00,14447,0.0,14447.0,MOBILE_PAY
T004568,C0410,2026-06-21T09:39:36,18749,0.0,18749.0,MOBILE_PAY
T004569,C0219,2026-01-06T02:18:35,2420,297.9,2122.1,CASH
T004570,C0072,2025-12-15T14:25:59,4340,0.0,4340.0,MOBILE_PAY
T004571,C0042,2025-10-10T23:36:24,2489,0.0,2489.0,MOBILE_PAY
T004572,C0254,2025-11-02T16:47:02,10103,0.0,10103.0,CASH
T004573,C0323,2026-09-12T00:48:51,9195,0.0,9195.0,MOBILE_PAY
T004574,C0221,2026-02-25T07:52:42,2467,0.0,2467.0,CARD
T004575,C0156,2026-02-02T03:26:07,13457,0.0,13457.0,CARD
T004576,C0486,2026-05-28T18:54:35,10718,241.4,10476.6,CARD
T004577,C0303,2026-08-19T21:27:56,7196,0.0,7196.0,MOBILE_PAY
T004578,C0175,2026-02-11T22:13:31,2601,0.0,2601.0,CASH
T004579,C0329,2026-03-13T19:52:50,7179,142.8,7036.2,CARD
T004580,C0467,2026-08-06T00:21:32,8223,0.0,8223.0,MOBILE_PAY
T004581,C0068,2025-11-18T12:46:39,1448,0.0,1448.0,CARD
T004582,C0206,2025-12-21T22:32:43,21027,0.0,21027.0,CASH
T004583,C0346,2026-04-15T05:18:03,1570,0.0,1570.0,CARD
T004584,C0443,2026-05-02T07:47:23,3952,0.0,3952.0,MOBILE_PAY
T004585,C0387,2026-04-06T09:50:55,7706,251.2,7454.8,CARD
T004586,C0298,2026-04-21T10:36:58,13284,0.0,13284.0,MOBILE_PAY
T004587,C0214,2026-04-12T19:50:46,5220,0.0,5220.0,MOBILE_PAY
T004588,C0282,2026-09-22T04:41:56,1984,0.0,1984.0,MOBILE_PAY
T004589,C0361,2026-04-13T12:32:32,12165,359.2,11805.8,MOBILE_PAY
T004590,C0477,2026-03-18T05:58:17,11157,60.6,11096.4,MOBILE_PAY
T004591,C0455,2026-07-07T00:18:01,13111,0.0,13111.0,CARD
T004592,C0182,2026-09-04T01:40:44,4396,0.0,4396.0,CARD
T004593,C0021,2026-02-22T05:12:11,10931,71.4,10859.6,CARD
T004594,C0345,2026-02-09T06:37:02,12303,0.0,12303.0,CASH
T004595,C0098,2026-03-11T13:22:50,13716,0.0,13716.0,MOBILE_PAY
T004596,C0262,2026-06-25T01:42:20,6827,0.0,6827.0,MOBILE_PAY
T004597,C0417,2026-09-16T04:56:31,9100,178.0,8922.0,CASH
T004598,C0283,2026-05-23T11:33:55,10256,72.2,10183.8,CARD
T004599,C0310,2026-05-27T09:41:04,7805,0.0,7805.0,MOBILE_PAY
T004600,C0119,2026-08-15T11:07:10,1305,0.0,1305.0,CASH
T004601,C0309,2025-12-28T13:54:17,14638,0.0,14638.0,CASH
T004602,C0159,2025-10-26T01:10:18,2066,0.0,2066.0,CARD
T004603,C0169,2025-12-16T06:53:32,6768,0.0,6768.0,CASH
T004604,C0441,2026-02-25T11:49:51,16631,0.0,16631.0,CASH
T004605,C0332,2026-06-10T05:08:33,5116,255.6,4860.4,CARD
T004606,C0392,2025-10-17T15:49:33,6150,134.5,6015.5,CARD
T004607,C0136,2026-03-08T02:38:10,9042,0.0,9042.0,CASH
T004608,C0320,2026-06-05T14:42:54,7044,56.7,6987.3,CARD
T004609,C0248,2025-11-15T23:37:52,8551,0.0,8551.0,CASH
T004610,C0432,2026-09-06T00:03:18,13300,0.0,13300.0,MOBILE_PAY
T004611,C0410,2026-09-22T11:31:26,4147,0.0,4147.0,MOBILE_PAY
T004612,C0101,2025-11-19T21:32:18,4872,0.0,4872.0,CARD
T004613,C0088,2026-08-20T19:21:11,7729,0.0,7729.0,CASH
T004614,C0179,2026-05-15T00:42:29,13286,667.5,12618.5,CASH
T004615,C0495,2025-10-06T05:27:20,12845,469.6,12375.4,CASH
T004616,C0065,2026-09-05T20:59:45,9456,75.75,9380.25,CARD
T004617,C0106,2025-10-31T12:44:10,15416,0.0,15416.0,CASH
T004618,C0264,2025-11-04T05:18:27,14225,0.0,14225.0,CARD
T004619,C0044,2026-08-03T17:24:56,9572,1377.6,8194.4,MOBILE_PAY
T004620,C0481,2026-07-06T14:08:52,16402,50.7,16351.3,MOBILE_PAY
T004621,C0265,2026-08-30T10:24:54,10179,201.3,9977.7,CASH
T004622,C0060,2025-12-11T10:37:37,5854,296.0,5558.0,CASH
T004623,C0314,2026-05-01T05:12:45,8637,0.0,8637.0,CARD
T004624,C0104,2026-02-22T17:04:26,11027,427.0,10600.0,CARD
T004625,C0401,2025-09-30T19:49:06,1056,0.0,1056.0,CARD
T004626,C0150,2026-09-20T09:26:25,1426,0.0,1426.0,CARD
T004627,C0023,2026-01-13T19:23:23,12380,0.0,12380.0,MOBILE_PAY
T004628,C0291,2026-04-02T11:18:47,7290,0.0,7290.0,CARD
T004629,C0472,2026-08-15T21:33:29,5941,0.0,5941.0,CARD
T004630,C0081,2026-05-14T01:48:43,13271,302.2,12968.8,CASH
T004631,C0206,2026-01-12T21:30:17,11702,251.2,11450.8,MOBILE_PAY
T004632,C0129,2026-06-12T16:51:44,7049,314.0,6735.0,CASH
T004633,C0126,2026-07-16T19:28:13,8657,113.0,8544.0,CASH
T004634,C0428,2026-03-19T23:09:35,458,0.0,458.0,MOBILE_PAY
T004635,C0317,2026-09-12T19:10:58,12667,1162.25,11504.75,CARD
T004636,C0437,2026-09-04T21:33:56,6528,0.0,6528.0,MOBILE_PAY
T004637,C0489,2025-10-28T05:06:44,2474,0.0,2474.0,CARD
T004638,C0428,2026-07-16T23:28:11,10003,0.0,10003.0,CARD
T004639,C0301,2026-05-09T12:43:27,6317,0.0,6317.0,MOBILE_PAY
T004640,C0463,2026-05-24T06:43:52,5891,0.0,5891.0,CARD
T004641,C0413,2025-10-03T06:33:35,6042,0.0,6042.0,CASH
T004642,C0308,2025-12-19T12:23:53,12730,0.0,12730.0,CASH
T004643,C0335,2026-04-12T22:27:42,7729,0.0,7729.0,CARD
T004644,C0362,2025-10-03T18:14:03,1929,0.0,1929.0,MOBILE_PAY
T004645,C0482,2025-12-16T19:06:39,14675,2469.0,12206.0,MOBILE_PAY
T004646,C0173,2026-02-02T03:49:39,9166,0.0,9166.0,CARD
T004647,C0030,2025-11-13T08:57:41,3063,0.0,3063.0,MOBILE_PAY
T004648,C0202,2026-07-19T09:50:30,8759,0.0,8759.0,CASH
T004649,C0248,2026-07-04T07:17:44,2123,0.0,2123.0,MOBILE_PAY
T004650,C0071,2026-07-07T21:28:04,9643,0.0,9643.0,CASH
T004651,C0328,2026-01-04T20:09:49,8952,107.6,8844.4,CASH
T004652,C0233,2026-08-26T01:06:27,3997,0.0,3997.0,MOBILE_PAY
T004653,C0398,2026-04-17T15:23:16,7674,46.8,7627.2,CARD
T004654,C0431,2026-05-13T04:45:47,13943,0.0,13943.0,CARD
T004655,C0336,2026-08-03T01:19:59,6874,240.9,6633.1,CASH
T004656,C0383,2026-07-21T11:52:52,4814,0.0,4814.0,CARD
T004657,C0131,2026-01-30T14:08:08,2298,59.6,2238.4,CASH
T004658,C0216,2026-07-07T17:31:10,3561,0.0,3561.0,CARD
T004659,C0254,2025-12-31T18:40:41,3810,0.0,3810.0,MOBILE_PAY
T004660,C0437,2026-05-02T19:29:30,15557,128.75,15428.25,CASH
T004661,C0479,2025-12-01T17:13:32,284,0.0,284.0,CARD
T004662,C0015,2026-07-03T05:27:02,9774,30.9,9743.1,MOBILE_PAY
T004663,C0357,2026-05-06T11:16:36,5204,0.0,5204.0,MOBILE_PAY
T004664,C0211,2026-01-17T20:22:53,2774,0.0,2774.0,CASH
T004665,C0254,2026-01-24T21:56:16,10763,301.8,10461.2,MOBILE_PAY
T004666,C0164,2025-10-25T19:06:13,12093,0.0,12093.0,CASH
T004667,C0372,2026-05-14T01:48:30,2834,95.4,2738.6,MOBILE_PAY
T004668,C0480,2026-06-30T12:34:36,9320,59.6,9260.4,CASH
T004669,C0191,2026-07-16T21:47:40,8427,0.0,8427.0,CARD
T004670,C0239,2025-11-13T16:15:02,7940,0.0,7940.0,CASH
T004671,C0296,2026-01-06T02:35:29,7626,872.0,6754.0,CASH
T004672,C0451,2026-03-24T18:35:44,920,0.0,920.0,MOBILE_PAY
T004673,C0425,2026-08-07T10:05:57,11730,0.0,11730.0,CARD
T004674,C0130,2026-05-04T01:40:29,450,0.0,450.0,MOBILE_PAY
T004675,C0437,2026-07-08T04:55:52,7902,216.0,7686.0,CARD
T004676,C0396,2025-10-15T20:08:17,12697,0.0,12697.0,CASH
T004677,C0047,2026-02-14T17:58:09,21865,744.0,21121.0,CARD
T004678,C0324,2025-12-26T21:51:28,8250,483.6,7766.4,CARD
T004679,C0368,2026-01-24T18:04:37,8350,0.0,8350.0,MOBILE_PAY
T004680,C0148,2026-03-17T08:33:18,9363,142.25,9220.75,MOBILE_PAY
T004681,C0315,2025-11-16T01:12:18,3749,0.0,3749.0,CASH
T004682,C0141,2026-05-03T01:46:51,5312,0.0,5312.0,MOBILE_PAY
T004683,C0076,2025-12-29T05:52:32,14721,595.4,14125.6,MOBILE_PAY
T004684,C0498,2026-05-13T20:14:26,14052,89.4,13962.6,CASH
T004685,C0322,2026-02-13T11:23:43,3176,0.0,3176.0,MOBILE_PAY
T004686,C0278,2026-09-05T02:12:22,6903,785.75,6117.25,CARD
T004687,C0115,2025-11-02T09:23:47,9327,490.5,8836.5,CASH
T004688,C0112,2026-07-09T21:22:43,5786,0.0,5786.0,CASH
T004689,C0381,2026-03-05T01:27:32,9002,0.0,9002.0,MOBILE_PAY
T004690,C0085,2026-03-30T10:57:48,3272,0.0,3272.0,CASH
T004691,C0184,2025-12-19T19:14:15,11090,0.0,11090.0,CARD
T004692,C0007,2026-06-02T16:20:52,11477,0.0,11477.0,CASH
T004693,C0424,2025-10-19T03:30:40,2330,0.0,2330.0,CARD
T004694,C0206,2026-08-11T18:26:18,3491,416.0,3075.0,CASH
T004695,C0256,2026-05-04T11:23:01,774,0.0,774.0,CASH
T004696,C0399,2026-02-02T23:29:45,9127,543.5,8583.5,MOBILE_PAY
T004697,C0322,2026-07-07T06:53:44,5210,0.0,5210.0,CARD
T004698,C0098,2025-12-22T03:15:11,5336,318.6,5017.4,CARD
T004699,C0446,2025-11-15T06:05:10,3610,483.25,3126.75,CASH
T004700,C0356,2026-06-09T15:13:05,10197,67.5,10129.5,MOBILE_PAY
T004701,C0338,2026-07-07T20:19:32,3333,0.0,3333.0,CASH
T004702,C0364,2026-02-27T05:41:03,6888,445.0,6443.0,CASH
T004703,C0195,2026-04-06T21:50:54,7885,0.0,7885.0,CARD
T004704,C0353,2025-09-30T07:44:53,3381,0.0,3381.0,CASH
T004705,C0407,2026-08-07T00:18:21,2704,0.0,2704.0,CASH
T004706,C0496,2026-05-01T10:37:27,18989,643.5,18345.5,CASH
T004707,C0197,2026-01-04T15:28:16,3301,0.0,3301.0,MOBILE_PAY
T004708,C0044,2026-08-29T00:49:01,8705,0.0,8705.0,MOBILE_PAY
T004709,C0303,2026-04-13T13:18:40,10369,778.25,9590.75,MOBILE_PAY
T004710,C0202,2026-07-19T02:29:23,633,0.0,633.0,CASH
T004711,C0326,2026-04-16T02:13:17,9062,0.0,9062.0,CASH
T004712,C0316,2026-03-03T04:27:55,3300,330.0,2970.0,CASH
T004713,C0124,2026-08-09T16:17:02,3556,0.0,3556.0,CARD
T004714,C0107,2026-05-28T16:54:04,8819,184.35,8634.65,MOBILE_PAY
T004715,C0449,2026-04-20T14:49:56,8929,0.0,8929.0,CARD
T004716,C0004,2026-07-14T20:39:57,11289,540.0,10749.0,CASH
T004717,C0384,2026-07-23T09:47:44,9468,314.0,9154.0,CARD
T004718,C0395,2026-03-07T00:21:42,1508,0.0,1508.0,MOBILE_PAY
T004719,C0057,2026-08-17T10:53:24,9364,0.0,9364.0,MOBILE_PAY
T004720,C0167,2026-08-03T20:18:37,7768,140.4,7627.6,CARD
T004721,C0088,2026-02-03T02:44:06,7762,0.0,7762.0,CASH
T004722,C0255,2026-02-21T20:38:10,14033,0.0,14033.0,MOBILE_PAY
T004723,C0128,2026-06-21T18:34:09,10909,196.0,10713.0,MOBILE_PAY
T004724,C0499,2026-06-10T22:10:38,6670,412.5,6257.5,CASH
T004725,C0331,2025-11-24T05:54:28,3246,0.0,3246.0,CARD
T004726,C0010,2026-05-15T13:58:16,11435,46.2,11388.8,CASH
T004727,C0284,2026-09-08T06:45:56,2057,45.45,2011.55,CASH
T004728,C0336,2025-12-01T01:28:45,11563,448.2,11114.8,CARD
T004729,C0251,2026-02-17T00:42:24,1758,0.0,1758.0,MOBILE_PAY
T004730,C0305,2026-07-24T23:47:00,8586,272.7,8313.3,CASH
T004731,C0135,2026-06-11T23:22:25,6791,261.0,6530.0,MOBILE_PAY
T004732,C0058,2026-09-27T01:20:50,8739,416.85,8322.15,CASH
T004733,C0208,2026-06-11T13:04:26,6265,0.0,6265.0,CASH
T004734,C0379,2026-04-22T23:27:39,477,95.4,381.6,CARD
T004735,C0151,2026-06-11T23:31:52,6144,82.0,6062.0,MOBILE_PAY
T004736,C0161,2025-12-08T08:26:58,7770,0.0,7770.0,CARD
T004737,C0272,2026-09-01T04:22:18,15406,0.0,15406.0,MOBILE_PAY
T004738,C0013,2026-09-06T08:02:33,4616,0.0,4616.0,CARD
T004739,C0452,2025-11-27T23:23:29,12350,0.0,12350.0,MOBILE_PAY
T004740,C0451,2026-04-19T09:09:39,3629,0.0,3629.0,MOBILE_PAY
T004741,C0211,2026-09-14T05:30:19,2050,0.0,2050.0,CARD
T004742,C0096,2025-11-30T06:22:39,10385,0.0,10385.0,CASH
T004743,C0367,2026-07-02T16:49:50,2457,0.0,2457.0,MOBILE_PAY
T004744,C0439,2026-04-23T15:32:27,6873,30.3,6842.7,CARD
T004745,C0152,2026-09-12T05:22:56,15451,442.6,15008.4,CARD
T004746,C0018,2025-09-27T21:48:35,13993,0.0,13993.0,CASH
T004747,C0407,2026-07-19T11:47:09,2037,0.0,2037.0,CARD
T004748,C0127,2026-07-20T23:15:09,11983,416.0,11567.0,CARD
T004749,C0053,2025-11-09T07:22:21,3812,0.0,3812.0,CASH
T004750,C0440,2026-04-19T22:15:29,2065,0.0,2065.0,CARD
T004751,C0125,2025-12-21T01:49:05,9807,0.0,9807.0,MOBILE_PAY
T004752,C0026,2025-11-26T04:37:46,582,0.0,582.0,CARD
T004753,C0285,2025-12-31T14:44:23,5526,289.0,5237.0,MOBILE_PAY
T004754,C0182,2026-02-19T08:13:36,17642,0.0,17642.0,CASH
T004755,C0121,2025-12-17T17:03:09,12169,155.5,12013.5,CARD
T004756,C0458,2025-10-13T11:47:33,5999,0.0,5999.0,CASH
T004757,C0041,2026-03-15T21:58:25,4419,49.3,4369.7,CARD
T004758,C0451,2026-09-11T03:21:19,8219,0.0,8219.0,CASH
T004759,C0068,2026-04-13T07:54:30,10504,841.5,9662.5,MOBILE_PAY
T004760,C0157,2026-04-14T23:51:24,8905,607.35,8297.65,CARD
T004761,C0291,2026-02-07T10:22:30,7562,79.95,7482.05,MOBILE_PAY
T004762,C0085,2026-03-12T03:36:12,10809,0.0,10809.0,CASH
T004763,C0301,2026-04-23T03:01:07,7898,0.0,7898.0,MOBILE_PAY
T004764,C0457,2026-07-06T19:31:36,4843,0.0,4843.0,CARD
T004765,C0287,2026-01-21T00:36:13,1993,0.0,1993.0,MOBILE_PAY
T004766,C0073,2026-06-18T22:55:04,8340,0.0,8340.0,CARD
T004767,C0231,2026-08-16T07:46:00,4397,297.9,4099.1,MOBILE_PAY
T004768,C0379,2026-03-10T07:54:09,8867,718.5,8148.5,MOBILE_PAY
T004769,C0358,2026-04-03T14:56:24,19861,482.25,19378.75,CASH
T004770,C0465,2026-09-14T09:22:14,3325,0.0,3325.0,MOBILE_PAY
T004771,C0255,2026-03-05T07:39:20,6760,0.0,6760.0,MOBILE_PAY
T004772,C0133,2026-06-02T12:00:11,7886,424.75,7461.25,CARD
T004773,C0374,2026-04-07T14:28:57,7899,0.0,7899.0,CASH
T004774,C0149,2026-04-10T09:20:15,11047,0.0,11047.0,CARD
T004775,C0254,2025-10-04T10:58:19,2031,0.0,2031.0,MOBILE_PAY
T004776,C0490,2026-05-22T11:58:43,2029,0.0,2029.0,MOBILE_PAY
T004777,C0020,2026-03-01T07:50:02,6467,0.0,6467.0,CARD
T004778,C0221,2026-01-13T10:59:53,6888,0.0,6888.0,CARD
T004779,C0035,2026-01-31T02:12:42,11059,58.4,11000.6,MOBILE_PAY
T004780,C0479,2026-08-04T15:16:48,6556,76.05,6479.95,MOBILE_PAY
T004781,C0407,2026-04-29T12:40:53,7653,324.0,7329.0,MOBILE_PAY
T004782,C0153,2025-12-21T06:15:53,2015,0.0,2015.0,MOBILE_PAY
T004783,C0492,2026-04-01T13:16:31,2534,0.0,2534.0,CARD
T004784,C0122,2026-01-09T16:12:17,8462,0.0,8462.0,CASH
T004785,C0351,2026-07-09T08:47:27,5729,246.5,5482.5,MOBILE_PAY
T004786,C0073,2026-01-14T07:21:34,24121,76.5,24044.5,MOBILE_PAY
T004787,C0420,2026-05-08T09:49:37,6535,0.0,6535.0,MOBILE_PAY
T004788,C0192,2026-01-31T16:14:55,4024,0.0,4024.0,CASH
T004789,C0199,2026-08-15T23:49:24,8199,0.0,8199.0,CARD
T004790,C0377,2026-05-08T12:42:37,4253,0.0,4253.0,CARD
T004791,C0345,2026-03-30T17:35:51,1198,0.0,1198.0,MOBILE_PAY
T004792,C0266,2026-02-04T06:38:37,5734,0.0,5734.0,CASH
T004793,C0207,2025-11-23T04:49:53,12145,0.0,12145.0,CASH
T004794,C0317,2025-10-28T02:23:23,10975,323.0,10652.0,MOBILE_PAY
T004795,C0403,2025-12-26T00:21:04,2719,362.7,2356.3,CARD
T004796,C0222,2026-02-13T02:08:29,3040,0.0,3040.0,CARD
T004797,C0131,2026-06-01T08:24:42,16774,255.6,16518.4,MOBILE_PAY
T004798,C0034,2025-12-14T05:08:36,13158,181.8,12976.2,MOBILE_PAY
T004799,C0196,2025-10-28T19:16:28,8616,0.0,8616.0,CASH
T004800,C0354,2026-09-26T10:07:43,5474,251.2,5222.8,MOBILE_PAY
T004801,C0246,2026-03-31T18:07:47,4260,0.0,4260.0,CARD
T004802,C0144,2026-01-30T11:34:23,6015,0.0,6015.0,CARD
T004803,C0491,2026-09-10T17:31:30,20485,40.2,20444.8,CARD
T004804,C0286,2026-02-08T02:49:29,14361,710.2,13650.8,MOBILE_PAY
T004805,C0052,2026-06-19T19:09:01,8147,356.0,7791.0,CARD
T004806,C0103,2026-07-30T00:53:21,20026,0.0,20026.0,CARD
T004807,C0240,2026-06-29T16:16:13,1851,0.0,1851.0,CARD
T004808,C0221,2026-02-02T08:19:14,13145,0.0,13145.0,CASH
T004809,C0378,2026-05-18T04:24:41,2119,0.0,2119.0,CARD
T004810,C0163,2026-05-29T08:55:15,3190,0.0,3190.0,CASH
T004811,C0474,2025-11-27T21:26:18,17683,0.0,17683.0,CARD
T004812,C0129,2026-09-21T00:55:14,3164,0.0,3164.0,MOBILE_PAY
T004813,C0279,2026-04-10T14:35:58,2824,0.0,2824.0,CARD
T004814,C0080,2026-06-26T03:27:39,224,0.0,224.0,MOBILE_PAY
T004815,C0400,2026-05-27T02:20:29,11981,45.2,11935.8,CARD
T004816,C0482,2026-04-05T00:21:59,4592,53.0,4539.0,CASH
T004817,C0490,2026-01-11T21:40:45,23782,1365.0,22417.0,CASH
T004818,C0349,2026-04-24T00:11:16,10983,196.0,10787.0,MOBILE_PAY
T004819,C0431,2026-06-29T10:50:53,6923,83.8,6839.2,CARD
T004820,C0470,2026-03-23T21:38:52,9498,399.75,9098.25,MOBILE_PAY
T004821,C0304,2026-01-12T15:21:08,3173,0.0,3173.0,MOBILE_PAY
T004822,C0241,2025-10-31T01:33:51,268,0.0,268.0,CASH
T004823,C0247,2026-06-20T15:12:36,6969,226.5,6742.5,MOBILE_PAY
T004824,C0115,2025-10-22T06:46:18,21939,372.8,21566.2,MOBILE_PAY
T004825,C0220,2026-06-28T08:54:16,9574,0.0,9574.0,CARD
T004826,C0033,2026-06-01T07:48:26,7080,0.0,7080.0,CASH
T004827,C0023,2026-01-18T08:21:07,7296,0.0,7296.0,CARD
T004828,C0105,2026-04-19T18:43:33,3702,540.0,3162.0,MOBILE_PAY
T004829,C0235,2026-02-24T02:27:09,19987,0.0,19987.0,MOBILE_PAY
T004830,C0219,2026-06-19T21:14:56,10885,643.5,10241.5,CASH
T004831,C0030,2026-09-06T21:14:44,7146,566.25,6579.75,CARD
T004832,C0388,2026-09-22T21:27:47,6780,0.0,6780.0,CASH
T004833,C0109,2025-11-27T01:23:41,13747,379.5,13367.5,MOBILE_PAY
T004834,C0326,2026-03-12T17:06:14,7201,184.8,7016.2,CASH
T004835,C0112,2026-03-18T14:58:07,180,0.0,180.0,CARD
T004836,C0266,2026-01-30T19:31:36,1681,0.0,1681.0,MOBILE_PAY
T004837,C0306,2026-07-19T16:13:34,8558,0.0,8558.0,CARD
T004838,C0089,2025-11-13T00:04:48,11341,0.0,11341.0,MOBILE_PAY
T004839,C0268,2026-08-19T03:07:49,5341,0.0,5341.0,CARD
T004840,C0065,2026-07-14T20:27:13,9019,0.0,9019.0,MOBILE_PAY
T004841,C0320,2026-06-07T11:04:33,7021,0.0,7021.0,MOBILE_PAY
T004842,C0426,2025-11-12T00:55:37,8338,591.2,7746.8,CARD
T004843,C0303,2026-07-31T01:17:04,6921,0.0,6921.0,CASH
T004844,C0417,2026-05-24T22:33:04,8306,0.0,8306.0,CARD
T004845,C0266,2026-05-25T14:36:26,9825,180.5,9644.5,CARD
T004846,C0483,2026-04-06T18:04:37,3360,0.0,3360.0,CARD
T004847,C0261,2026-03-11T02:30:06,6882,0.0,6882.0,MOBILE_PAY
T004848,C0497,2026-01-05T03:48:55,4342,0.0,4342.0,MOBILE_PAY
T004849,C0363,2026-02-04T05:55:07,8332,337.0,7995.0,MOBILE_PAY
T004850,C0386,2025-12-23T06:48:54,8278,0.0,8278.0,CASH
T004851,C0378,2026-01-09T10:47:56,22080,1951.25,20128.75,MOBILE_PAY
T004852,C0129,2026-05-23T09:34:19,10864,350.3,10513.7,CARD
T004853,C0078,2026-03-04T01:24:34,14819,277.7,14541.3,MOBILE_PAY
T004854,C0005,2026-02-12T09:09:50,6849,0.0,6849.0,CASH
T004855,C0475,2026-07-29T23:23:11,8106,59.0,8047.0,CARD
T004856,C0469,2026-01-28T21:30:38,13393,332.5,13060.5,CARD
T004857,C0014,2025-10-25T05:20:34,13789,0.0,13789.0,CARD
T004858,C0032,2026-07-22T08:26:50,10339,0.0,10339.0,CASH
T004859,C0009,2026-02-13T09:22:35,9990,521.55,9468.45,MOBILE_PAY
T004860,C0110,2026-07-26T16:20:28,1760,0.0,1760.0,CASH
T004861,C0080,2026-06-03T08:23:32,11570,83.2,11486.8,CASH
T004862,C0225,2026-03-15T13:01:56,5184,113.0,5071.0,MOBILE_PAY
T004863,C0411,2026-01-25T22:33:06,13069,230.75,12838.25,CARD
T004864,C0218,2026-09-06T15:38:04,8055,0.0,8055.0,MOBILE_PAY
T004865,C0238,2025-11-09T14:54:57,6130,0.0,6130.0,MOBILE_PAY
T004866,C0179,2026-05-22T17:14:58,5198,0.0,5198.0,MOBILE_PAY
T004867,C0311,2026-03-02T21:51:07,1476,0.0,1476.0,CASH
T004868,C0399,2026-03-17T09:29:12,8708,1169.9,7538.1,CARD
T004869,C0094,2026-04-20T21:03:26,8362,0.0,8362.0,CARD
T004870,C0394,2026-05-17T20:30:09,12228,452.75,11775.25,CASH
T004871,C0417,2026-03-12T00:33:54,7230,0.0,7230.0,CARD
T004872,C0198,2025-12-28T13:13:56,4239,159.2,4079.8,MOBILE_PAY
T004873,C0226,2026-09-25T13:02:10,7118,119.2,6998.8,CASH
T004874,C0428,2026-07-04T22:09:34,15333,209.4,15123.6,MOBILE_PAY
T004875,C0031,2025-09-30T08:46:16,4649,0.0,4649.0,MOBILE_PAY
T004876,C0423,2026-09-17T01:22:34,14559,0.0,14559.0,CASH
T004877,C0405,2026-08-07T10:42:13,12476,0.0,12476.0,CASH
T004878,C0378,2025-10-16T15:09:33,3632,0.0,3632.0,CARD
T004879,C0478,2026-05-04T23:44:04,3496,0.0,3496.0,CASH
T004880,C0063,2025-12-16T11:56:15,8752,0.0,8752.0,CARD
T004881,C0124,2026-02-10T14:00:23,944,0.0,944.0,CASH
T004882,C0311,2026-07-10T06:31:34,2816,0.0,2816.0,CARD
T004883,C0066,2026-04-11T03:22:23,7835,1356.3,6478.7,CASH
T004884,C0355,2026-08-11T00:45:26,3753,352.2,3400.8,MOBILE_PAY
T004885,C0107,2025-12-07T14:52:20,4439,24.15,4414.85,CARD
T004886,C0484,2025-10-20T23:35:56,8511,60.6,8450.4,CARD
T004887,C0292,2026-08-17T14:13:06,458,0.0,458.0,MOBILE_PAY
T004888,C0408,2025-11-09T02:28:19,27828,515.0,27313.0,CARD
T004889,C0073,2026-02-28T01:48:40,5613,0.0,5613.0,CASH
T004890,C0292,2026-07-28T20:51:02,10046,0.0,10046.0,CASH
T004891,C0136,2025-12-10T17:18:19,2894,0.0,2894.0,MOBILE_PAY
T004892,C0201,2026-08-18T09:21:26,17745,0.0,17745.0,MOBILE_PAY
T004893,C0007,2025-10-11T21:37:19,7944,0.0,7944.0,CARD
T004894,C0398,2025-10-30T15:05:12,5832,0.0,5832.0,MOBILE_PAY
T004895,C0399,2026-07-18T21:28:22,13185,477.0,12708.0,MOBILE_PAY
T004896,C0312,2026-07-10T06:37:16,9975,131.0,9844.0,CARD
T004897,C0172,2026-02-01T09:16:47,9713,217.2,9495.8,CASH
T004898,C0247,2026-05-08T19:50:51,7756,0.0,7756.0,CARD
T004899,C0360,2026-03-30T21:50:55,5804,0.0,5804.0,CARD
T004900,C0355,2026-06-07T13:48:57,7881,57.0,7824.0,CARD
T004901,C0173,2026-06-02T13:31:14,6631,0.0,6631.0,CASH
T004902,C0319,2025-11-26T13:41:00,6145,134.5,6010.5,CASH
T004903,C0209,2025-12-03T07:06:01,9281,0.0,9281.0,CASH
T004904,C0203,2026-09-20T08:08:02,5664,60.0,5604.0,CASH
T004905,C0222,2026-01-14T07:52:34,6976,301.1,6674.9,CARD
T004906,C0133,2025-11-22T10:24:56,1350,0.0,1350.0,MOBILE_PAY
T004907,C0469,2025-11-15T07:33:36,5475,0.0,5475.0,CASH
T004908,C0131,2026-04-18T21:52:04,9508,0.0,9508.0,MOBILE_PAY
T004909,C0361,2026-01-14T07:42:47,16421,352.5,16068.5,CASH
T004910,C0045,2026-07-19T04:13:02,5420,82.75,5337.25,CASH
T004911,C0369,2026-04-25T13:28:52,2564,0.0,2564.0,CASH
T004912,C0027,2026-07-31T19:39:32,14190,628.2,13561.8,MOBILE_PAY
T004913,C0377,2026-07-13T15:42:19,8741,122.2,8618.8,CARD
T004914,C0479,2025-12-19T18:25:57,10677,0.0,10677.0,MOBILE_PAY
T004915,C0210,2026-01-23T20:29:30,11363,628.2,10734.8,MOBILE_PAY
T004916,C0398,2026-07-24T05:05:44,9354,0.0,9354.0,CARD
T004917,C0025,2026-06-11T16:42:57,3307,75.75,3231.25,CARD
T004918,C0492,2026-05-18T09:05:29,13495,0.0,13495.0,MOBILE_PAY
T004919,C0495,2025-12-01T07:00:55,13573,807.7,12765.3,CASH
T004920,C0101,2026-04-01T12:58:15,7990,153.0,7837.0,CASH
T004921,C0486,2026-02-22T11:17:37,8080,142.0,7938.0,MOBILE_PAY
T004922,C0136,2026-03-05T14:13:56,14210,0.0,14210.0,MOBILE_PAY
T004923,C0361,2026-04-30T03:54:12,1009,0.0,1009.0,MOBILE_PAY
T004924,C0151,2025-10-16T05:50:02,9429,0.0,9429.0,MOBILE_PAY
T004925,C0443,2026-05-05T18:23:09,5976,117.5,5858.5,CARD
T004926,C0051,2026-05-29T08:11:14,14531,503.9,14027.1,CASH
T004927,C0390,2026-04-17T04:37:08,13373,0.0,13373.0,CASH
T004928,C0357,2026-07-21T21:09:39,5936,0.0,5936.0,CARD
T004929,C0310,2026-01-03T22:37:19,3485,0.0,3485.0,MOBILE_PAY
T004930,C0356,2026-03-15T13:37:32,7960,24.15,7935.85,CARD
T004931,C0181,2026-06-08T14:58:25,6218,482.25,5735.75,MOBILE_PAY
T004932,C0284,2026-06-23T20:49:11,1635,0.0,1635.0,MOBILE_PAY
T004933,C0420,2025-10-16T10:26:45,11605,430.4,11174.6,CASH
T004934,C0496,2025-10-29T10:40:10,1152,0.0,1152.0,MOBILE_PAY
T004935,C0144,2026-08-05T16:57:04,1905,0.0,1905.0,CARD
T004936,C0335,2026-05-31T09:56:56,2840,261.0,2579.0,CARD
T004937,C0117,2026-09-01T19:21:03,13530,0.0,13530.0,CASH
T004938,C0273,2026-04-11T20:28:00,11127,55.65,11071.35,CASH
T004939,C0026,2025-10-10T07:50:40,1361,0.0,1361.0,CASH
T004940,C0376,2026-01-11T22:12:14,12583,0.0,12583.0,MOBILE_PAY
T004941,C0379,2025-09-30T10:21:33,11740,148.95,11591.05,MOBILE_PAY
T004942,C0088,2026-08-01T12:00:13,7417,0.0,7417.0,MOBILE_PAY
T004943,C0289,2025-12-15T12:02:34,11197,0.0,11197.0,CASH
T004944,C0104,2025-12-12T14:38:21,3264,16.55,3247.45,CASH
T004945,C0399,2026-09-15T16:30:54,3445,0.0,3445.0,MOBILE_PAY
T004946,C0228,2026-01-21T19:06:54,10258,0.0,10258.0,CASH
T004947,C0052,2026-04-30T06:14:53,11059,0.0,11059.0,CASH
T004948,C0050,2025-09-29T05:28:41,16562,306.0,16256.0,CASH
T004949,C0059,2025-10-25T05:47:24,1330,127.8,1202.2,MOBILE_PAY
T004950,C0217,2026-08-18T22:14:09,1750,0.0,1750.0,CARD
T004951,C0291,2026-08-25T01:45:12,2750,0.0,2750.0,MOBILE_PAY
T004952,C0500,2026-02-03T20:35:10,2104,0.0,2104.0,CARD
T004953,C0413,2026-08-31T08:08:24,12312,850.0,11462.0,MOBILE_PAY
T004954,C0265,2025-12-21T09:38:43,2197,0.0,2197.0,CASH
T004955,C0018,2026-03-16T15:09:39,5075,93.6,4981.4,MOBILE_PAY
T004956,C0186,2026-07-14T16:20:39,12786,303.6,12482.4,CARD
T004957,C0381,2025-12-30T06:30:14,4911,0.0,4911.0,MOBILE_PAY
T004958,C0216,2026-02-19T19:31:02,18215,289.1,17925.9,CARD
T004959,C0137,2026-08-01T20:38:25,10810,230.95,10579.05,CARD
T004960,C0099,2026-09-04T11:39:34,7397,0.0,7397.0,MOBILE_PAY
T004961,C0163,2026-04-19T22:38:33,9655,0.0,9655.0,MOBILE_PAY
T004962,C0005,2026-03-01T06:58:43,15931,854.7,15076.3,MOBILE_PAY
T004963,C0498,2026-03-01T17:21:16,2608,0.0,2608.0,MOBILE_PAY
T004964,C0262,2026-07-14T08:08:25,6127,0.0,6127.0,CASH
T004965,C0464,2026-04-04T00:22:19,13124,257.5,12866.5,CARD
T004966,C0172,2025-11-06T19:11:47,6976,45.6,6930.4,MOBILE_PAY
T004967,C0303,2026-09-22T21:27:21,1675,0.0,1675.0,MOBILE_PAY
T004968,C0393,2026-02-08T15:00:46,1435,0.0,1435.0,MOBILE_PAY
T004969,C0406,2026-02-01T00:05:56,13636,106.0,13530.0,MOBILE_PAY
T004970,C0091,2026-01-06T17:29:49,3313,0.0,3313.0,MOBILE_PAY
T004971,C0353,2026-01-11T03:17:43,10304,29.8,10274.2,CASH
T004972,C0266,2026-03-08T03:55:34,519,0.0,519.0,MOBILE_PAY
T004973,C0339,2026-09-04T07:59:44,16955,414.0,16541.0,CASH
T004974,C0126,2025-10-03T09:48:36,3115,0.0,3115.0,CASH
T004975,C0261,2026-02-08T06:54:06,13989,1525.65,12463.35,CASH
T004976,C0216,2025-12-31T10:48:58,4505,0.0,4505.0,CASH
T004977,C0055,2026-05-12T18:34:37,8358,0.0,8358.0,CARD
T004978,C0102,2025-11-26T04:25:50,5811,0.0,5811.0,CASH
T004979,C0119,2026-09-08T21:28:03,2600,0.0,2600.0,CARD
T004980,C0237,2026-02-26T21:22:04,8661,0.0,8661.0,CARD
T004981,C0049,2025-10-13T04:02:32,13500,0.0,13500.0,MOBILE_PAY
T004982,C0300,2026-05-24T03:31:15,10900,0.0,10900.0,CARD
T004983,C0393,2026-09-08T03:08:58,11005,227.4,10777.6,MOBILE_PAY
T004984,C0369,2026-03-16T03:50:06,11603,314.0,11289.0,CARD
T004985,C0498,2026-04-03T11:11:11,11217,0.0,11217.0,CASH
T004986,C0482,2026-08-25T15:21:35,5414,75.75,5338.25,MOBILE_PAY
T004987,C0173,2026-01-09T02:26:06,6791,559.0,6232.0,MOBILE_PAY
T004988,C0439,2026-09-24T00:01:48,9241,0.0,9241.0,CARD
T004989,C0088,2026-07-14T16:13:42,13132,178.5,12953.5,CARD
T004990,C0463,2026-08-13T13:31:04,13084,82.75,13001.25,CASH
T004991,C0052,2026-03-02T18:06:19,2364,0.0,2364.0,MOBILE_PAY
T004992,C0095,2026-05-31T02:42:47,6006,0.0,6006.0,MOBILE_PAY
T004993,C0052,2026-06-26T08:04:26,9184,152.75,9031.25,CARD
T004994,C0459,2025-11-19T19:03:34,7913,298.5,7614.5,CARD
T004995,C0366,2026-04-07T19:44:07,14894,373.0,14521.0,CASH
T004996,C0390,2025-11-19T02:43:09,4774,0.0,4774.0,CASH
T004997,C0478,2025-10-15T22:55:02,6343,0.0,6343.0,CASH
T004998,C0157,2026-05-29T14:40:58,7268,566.0,6702.0,CARD
T004999,C0417,2026-02-03T12:19:42,3506,0.0,3506.0,CARD
T005000,C0119,2026-07-15T07:35:27,5614,0.0,5614.0,MOBILE_PAY
T005001,C0423,2025-12-16T08:49:03,6623,0.0,6623.0,MOBILE_PAY
T005002,C0287,2026-02-27T17:17:03,12917,166.4,12750.6,CARD
T005003,C0326,2026-09-21T14:05:28,1897,0.0,1897.0,CARD
T005004,C0493,2026-06-24T21:06:37,15764,0.0,15764.0,MOBILE_PAY
T005005,C0335,2026-08-24T09:17:27,7571,0.0,7571.0,CASH
T005006,C0444,2026-08-01T08:58:09,578,0.0,578.0,CARD
T005007,C0183,2026-01-21T08:51:59,3556,0.0,3556.0,MOBILE_PAY
T005008,C0463,2026-05-27T15:22:31,5635,0.0,5635.0,MOBILE_PAY
T005009,C0323,2026-05-07T23:08:26,4113,0.0,4113.0,MOBILE_PAY
T005010,C0359,2025-10-21T17:41:24,11233,23.1,11209.9,CASH
T005011,C0280,2025-11-07T20:54:34,4460,8.05,4451.95,CASH
T005012,C0177,2026-05-18T00:41:17,9569,272.7,9296.3,MOBILE_PAY
T005013,C0313,2026-06-22T14:12:42,1868,0.0,1868.0,CASH
T005014,C0363,2025-11-25T18:19:36,2070,0.0,2070.0,CARD
T005015,C0101,2026-06-30T06:02:50,5157,127.1,5029.9,CASH
T005016,C0216,2026-04-21T09:25:40,11026,45.45,10980.55,MOBILE_PAY
T005017,C0493,2026-08-12T03:10:59,5181,0.0,5181.0,MOBILE_PAY
T005018,C0388,2026-02-09T19:56:27,13526,379.5,13146.5,MOBILE_PAY
T005019,C0387,2026-03-05T00:47:38,577,0.0,577.0,CARD
T005020,C0275,2026-03-18T21:21:02,27793,0.0,27793.0,CASH
T005021,C0153,2026-07-11T05:42:55,7807,0.0,7807.0,CARD
T005022,C0215,2026-05-28T14:33:05,4049,0.0,4049.0,CARD
T005023,C0231,2026-09-21T16:57:42,2094,0.0,2094.0,CASH
T005024,C0481,2026-06-19T10:57:38,1653,0.0,1653.0,MOBILE_PAY
T005025,C0041,2025-11-25T22:07:08,2039,0.0,2039.0,MOBILE_PAY
T005026,C0348,2026-08-05T03:29:05,910,0.0,910.0,CARD
T005027,C0319,2026-04-09T23:21:43,5411,0.0,5411.0,CARD
T005028,C0417,2026-02-15T19:32:27,1951,0.0,1951.0,MOBILE_PAY
T005029,C0052,2026-07-10T20:10:54,6311,282.0,6029.0,CASH
T005030,C0084,2025-10-13T19:36:57,26680,59.1,26620.9,MOBILE_PAY
T005031,C0474,2025-12-02T13:57:20,14898,872.0,14026.0,CARD
T005032,C0330,2025-10-30T11:38:12,7756,0.0,7756.0,MOBILE_PAY
T005033,C0380,2026-09-03T20:08:15,4239,0.0,4239.0,CASH
T005034,C0146,2026-09-04T12:33:40,2871,0.0,2871.0,CASH
T005035,C0462,2026-02-13T02:09:57,15974,0.0,15974.0,CARD
T005036,C0161,2026-01-29T22:34:19,4319,711.0,3608.0,CASH
T005037,C0191,2026-07-04T22:25:53,10764,631.0,10133.0,CASH
T005038,C0027,2026-09-06T09:32:30,6584,297.9,6286.1,MOBILE_PAY
T005039,C0330,2026-08-23T07:25:50,11165,22.65,11142.35,CARD
T005040,C0197,2026-07-29T00:26:01,3100,0.0,3100.0,MOBILE_PAY
T005041,C0377,2026-06-06T07:59:33,21587,941.6,20645.4,CARD
T005042,C0162,2026-08-18T21:32:32,2579,0.0,2579.0,CARD
T005043,C0180,2026-06-09T04:30:43,9310,0.0,9310.0,CARD
T005044,C0177,2025-12-20T18:07:16,6040,88.5,5951.5,CARD
T005045,C0497,2026-05-01T15:11:17,7432,316.5,7115.5,CASH
T005046,C0355,2025-12-31T18:45:19,425,85.0,340.0,CARD
T005047,C0316,2026-08-27T14:55:35,3021,0.0,3021.0,CARD
T005048,C0070,2025-10-04T21:34:48,14656,148.95,14507.05,MOBILE_PAY
T005049,C0106,2026-06-15T20:59:54,7750,0.0,7750.0,MOBILE_PAY
T005050,C0454,2026-04-08T08:21:48,8934,110.0,8824.0,CASH
T005051,C0499,2026-03-22T14:16:54,7816,0.0,7816.0,CARD
T005052,C0248,2026-02-06T09:32:44,6799,0.0,6799.0,MOBILE_PAY
T005053,C0029,2026-09-02T00:04:41,6993,0.0,6993.0,CASH
T005054,C0189,2026-01-29T13:39:17,2030,0.0,2030.0,CASH
T005055,C0463,2026-04-28T12:03:39,5362,0.0,5362.0,CASH
T005056,C0078,2025-11-20T04:08:04,1644,0.0,1644.0,MOBILE_PAY
T005057,C0500,2025-10-31T23:31:00,15688,922.2,14765.8,CARD
T005058,C0061,2026-09-17T07:37:46,2279,0.0,2279.0,CARD
T005059,C0251,2025-11-27T22:07:47,11765,496.5,11268.5,CARD
T005060,C0353,2026-02-24T07:09:57,2643,0.0,2643.0,CASH
T005061,C0109,2025-12-07T02:49:33,7576,0.0,7576.0,CARD
T005062,C0047,2026-03-08T03:31:03,1428,0.0,1428.0,MOBILE_PAY
T005063,C0363,2026-01-06T04:30:46,1276,127.6,1148.4,CARD
T005064,C0180,2025-12-20T18:27:29,12255,122.2,12132.8,CASH
T005065,C0015,2026-05-21T03:37:06,2164,375.0,1789.0,MOBILE_PAY
T005066,C0298,2026-02-18T06:43:29,6515,0.0,6515.0,CARD
T005067,C0243,2026-02-28T17:18:21,12065,0.0,12065.0,MOBILE_PAY
T005068,C0118,2026-03-31T19:13:00,9791,0.0,9791.0,CARD
T005069,C0072,2026-06-03T08:35:38,7563,163.5,7399.5,CARD
T005070,C0498,2026-04-14T02:58:18,13781,0.0,13781.0,CASH
T005071,C0397,2026-01-08T23:22:23,9164,0.0,9164.0,CASH
T005072,C0189,2026-01-17T08:28:48,700,0.0,700.0,CASH
T005073,C0474,2026-07-14T22:17:04,424,0.0,424.0,CARD
T005074,C0284,2026-02-27T20:25:07,4790,85.0,4705.0,MOBILE_PAY
T005075,C0207,2025-09-28T06:21:35,2874,0.0,2874.0,CARD
T005076,C0419,2026-03-19T10:03:35,14353,272.7,14080.3,CARD
T005077,C0465,2026-05-03T05:21:51,1470,0.0,1470.0,CARD
T005078,C0013,2026-05-21T23:50:52,2566,0.0,2566.0,CARD
T005079,C0038,2026-07-25T22:44:31,12339,236.8,12102.2,CASH
T005080,C0019,2026-08-16T11:25:28,7333,182.4,7150.6,CASH
T005081,C0007,2025-10-05T23:21:28,1712,0.0,1712.0,MOBILE_PAY
T005082,C0028,2026-08-16T02:02:52,9705,0.0,9705.0,CARD
T005083,C0056,2026-04-01T21:21:45,8087,201.3,7885.7,CARD
T005084,C0108,2026-08-15T16:13:42,2772,0.0,2772.0,CARD
T005085,C0284,2026-02-07T15:27:46,15114,0.0,15114.0,CARD
T005086,C0486,2025-10-29T04:49:47,3361,0.0,3361.0,CARD
T005087,C0399,2026-06-13T01:12:03,13528,375.0,13153.0,CARD
T005088,C0415,2026-07-27T16:49:32,6664,0.0,6664.0,MOBILE_PAY
T005089,C0022,2026-09-09T08:47:11,14885,589.9,14295.1,CARD
T005090,C0487,2026-05-03T18:23:36,10880,8.05,10871.95,CASH
T005091,C0211,2026-06-24T23:00:23,3311,504.9,2806.1,CARD
T005092,C0268,2026-05-06T11:05:32,8083,70.05,8012.95,MOBILE_PAY
T005093,C0308,2026-09-26T15:04:12,6781,0.0,6781.0,CARD
T005094,C0471,2025-11-05T03:22:45,4657,211.5,4445.5,CASH
T005095,C0314,2026-05-21T01:50:49,5822,0.0,5822.0,MOBILE_PAY
T005096,C0241,2026-04-11T08:33:07,8064,0.0,8064.0,MOBILE_PAY
T005097,C0013,2025-10-22T09:36:22,7457,0.0,7457.0,CARD
T005098,C0226,2026-03-23T09:49:07,10025,0.0,10025.0,CARD
T005099,C0202,2026-04-02T23:14:40,20955,1098.55,19856.45,MOBILE_PAY
T005100,C0387,2026-02-19T18:44:16,14103,0.0,14103.0,CASH
T005101,C0461,2026-02-18T02:28:54,8082,208.0,7874.0,CASH
T005102,C0086,2025-10-23T21:28:06,5388,113.25,5274.75,CARD
T005103,C0414,2025-11-25T18:30:38,13693,0.0,13693.0,CASH
T005104,C0431,2026-05-07T15:41:38,1934,0.0,1934.0,MOBILE_PAY
T005105,C0074,2026-06-17T10:21:39,4654,0.0,4654.0,CARD
T005106,C0400,2026-06-21T11:21:13,5142,0.0,5142.0,MOBILE_PAY
T005107,C0138,2026-01-12T23:45:58,1862,0.0,1862.0,CASH
T005108,C0473,2026-01-21T09:04:45,8536,0.0,8536.0,CARD
T005109,C0120,2025-11-03T13:22:25,346,0.0,346.0,CARD
T005110,C0031,2026-08-01T10:26:02,1972,197.2,1774.8,MOBILE_PAY
T005111,C0072,2026-01-24T10:33:35,10086,0.0,10086.0,MOBILE_PAY
T005112,C0283,2026-05-19T20:37:50,9354,930.0,8424.0,CARD
T005113,C0189,2026-07-27T11:56:28,11881,212.0,11669.0,CARD
T005114,C0402,2025-11-30T10:40:53,14675,0.0,14675.0,CASH
T005115,C0163,2026-02-05T23:00:18,1378,0.0,1378.0,CASH
T005116,C0318,2025-12-16T06:56:23,2868,324.0,2544.0,MOBILE_PAY
T005117,C0016,2026-06-15T08:00:43,2318,296.0,2022.0,MOBILE_PAY
T005118,C0264,2025-11-05T05:45:33,15508,441.15,15066.85,CARD
T005119,C0135,2026-03-13T01:30:30,2400,0.0,2400.0,CARD
T005120,C0139,2026-09-18T15:56:40,2494,196.8,2297.2,CASH
T005121,C0301,2026-01-12T07:30:34,6765,328.75,6436.25,CARD
T005122,C0037,2026-05-26T00:48:12,12056,0.0,12056.0,CARD
T005123,C0087,2026-04-25T13:55:26,7176,116.4,7059.6,CARD
T005124,C0010,2025-12-05T08:25:01,2448,0.0,2448.0,CASH
T005125,C0446,2026-04-17T05:40:36,2476,0.0,2476.0,CASH
T005126,C0045,2026-07-19T04:19:10,5558,0.0,5558.0,CARD
T005127,C0345,2026-06-15T15:16:39,3952,55.0,3897.0,CARD
T005128,C0119,2026-07-19T10:05:03,17543,0.0,17543.0,CARD
T005129,C0331,2025-12-31T06:03:06,12840,908.9,11931.1,MOBILE_PAY
T005130,C0375,2026-04-16T04:50:40,5650,26.8,5623.2,CARD
T005131,C0024,2026-07-27T10:44:19,7459,0.0,7459.0,MOBILE_PAY
T005132,C0371,2026-06-04T10:10:47,11737,1037.0,10700.0,CARD
T005133,C0321,2026-02-04T21:45:15,1851,0.0,1851.0,CARD
T005134,C0138,2026-06-11T18:04:06,4508,30.3,4477.7,MOBILE_PAY
T005135,C0447,2026-05-06T18:58:57,2385,0.0,2385.0,CASH
T005136,C0244,2026-03-31T02:13:05,23324,40.2,23283.8,CARD
T005137,C0042,2026-01-10T23:04:47,10445,744.65,9700.35,CASH
T005138,C0362,2026-03-17T03:39:44,7323,492.9,6830.1,MOBILE_PAY
T005139,C0248,2026-03-19T01:57:12,7492,0.0,7492.0,CARD
T005140,C0066,2026-03-14T23:27:01,4333,282.0,4051.0,MOBILE_PAY
T005141,C0170,2026-02-10T09:44:34,888,0.0,888.0,CASH
T005142,C0347,2026-02-21T13:31:46,8528,269.0,8259.0,CARD
T005143,C0215,2026-07-27T06:09:24,13710,0.0,13710.0,MOBILE_PAY
T005144,C0310,2026-01-29T06:19:32,10256,0.0,10256.0,CARD
T005145,C0430,2026-05-11T10:41:07,1272,0.0,1272.0,MOBILE_PAY
T005146,C0196,2026-09-10T23:44:44,4006,0.0,4006.0,CARD
T005147,C0319,2025-10-11T12:52:21,2430,0.0,2430.0,MOBILE_PAY
T005148,C0393,2026-04-02T05:51:18,3495,0.0,3495.0,CARD
T005149,C0466,2025-10-04T13:29:18,416,0.0,416.0,CARD
T005150,C0058,2026-02-14T17:34:24,5284,0.0,5284.0,CASH
T005151,C0296,2026-01-31T22:40:44,5775,824.2,4950.8,CARD
T005152,C0094,2026-01-22T22:53:37,1414,0.0,1414.0,CASH
T005153,C0193,2026-07-05T22:56:19,8283,0.0,8283.0,MOBILE_PAY
T005154,C0166,2026-05-23T06:06:35,7863,209.5,7653.5,MOBILE_PAY
T005155,C0288,2026-01-07T13:09:26,10071,752.1,9318.9,CARD
T005156,C0282,2026-06-06T04:34:59,15627,188.4,15438.6,CARD
T005157,C0401,2026-08-01T13:28:23,12218,0.0,12218.0,CARD
T005158,C0494,2026-06-29T09:13:24,15437,0.0,15437.0,MOBILE_PAY
T005159,C0232,2025-12-17T22:26:33,6243,0.0,6243.0,CASH
T005160,C0377,2026-06-02T07:25:18,8425,0.0,8425.0,CASH
T005161,C0363,2026-08-17T16:46:26,1528,0.0,1528.0,CARD
T005162,C0465,2026-01-24T02:09:31,416,0.0,416.0,CASH
T005163,C0240,2025-12-22T18:05:45,3230,0.0,3230.0,CARD
T005164,C0479,2026-07-21T16:54:00,17131,151.6,16979.4,CARD
T005165,C0078,2026-03-14T00:29:13,633,0.0,633.0,CASH
T005166,C0006,2026-04-23T20:24:28,3180,477.0,2703.0,MOBILE_PAY
T005167,C0174,2026-03-29T02:30:49,2770,0.0,2770.0,CARD
T005168,C0389,2026-06-09T12:44:45,9247,633.0,8614.0,CASH
T005169,C0478,2026-04-06T14:26:12,10222,1064.3,9157.7,CASH
T005170,C0393,2025-11-05T20:05:51,5266,0.0,5266.0,CARD
T005171,C0319,2026-02-04T21:12:32,9333,49.3,9283.7,CASH
T005172,C0489,2026-08-27T04:56:06,546,0.0,546.0,CASH
T005173,C0131,2026-03-05T17:11:27,5050,53.0,4997.0,CARD
T005174,C0014,2026-08-04T05:53:37,12416,60.6,12355.4,CARD
T005175,C0265,2026-05-04T04:39:11,8421,0.0,8421.0,MOBILE_PAY
T005176,C0037,2025-12-04T03:19:15,9737,0.0,9737.0,MOBILE_PAY
T005177,C0142,2025-11-20T23:44:52,3780,0.0,3780.0,CASH
T005178,C0448,2026-07-06T04:54:07,28978,794.5,28183.5,CARD
T005179,C0435,2025-09-28T07:42:47,4835,91.25,4743.75,MOBILE_PAY
T005180,C0313,2026-08-15T15:35:54,4862,0.0,4862.0,CARD
T005181,C0213,2026-05-11T09:52:50,2650,0.0,2650.0,CARD
T005182,C0465,2026-01-08T10:39:53,3302,0.0,3302.0,CARD
T005183,C0438,2026-07-22T10:06:44,10221,362.7,9858.3,MOBILE_PAY
T005184,C0120,2026-05-23T03:38:05,536,0.0,536.0,MOBILE_PAY
T005185,C0351,2026-08-26T17:29:32,728,45.45,682.55,MOBILE_PAY
T005186,C0327,2026-09-10T20:59:24,4937,0.0,4937.0,MOBILE_PAY
T005187,C0399,2025-10-18T03:57:20,10341,510.0,9831.0,CASH
T005188,C0085,2026-04-04T08:49:17,1553,0.0,1553.0,MOBILE_PAY
T005189,C0051,2026-03-03T12:53:03,5578,0.0,5578.0,CASH
T005190,C0441,2026-06-23T18:43:47,5169,0.0,5169.0,CARD
T005191,C0120,2025-12-29T20:59:55,4818,0.0,4818.0,CARD
T005192,C0022,2026-01-21T04:37:54,7805,0.0,7805.0,CARD
T005193,C0393,2026-08-29T06:23:10,5133,0.0,5133.0,CASH
T005194,C0208,2025-11-09T23:52:22,7059,1090.0,5969.0,MOBILE_PAY
T005195,C0266,2026-02-08T13:38:57,6924,0.0,6924.0,CARD
T005196,C0085,2025-12-18T00:53:11,20069,0.0,20069.0,CASH
T005197,C0069,2026-02-14T01:42:09,7387,0.0,7387.0,CASH
T005198,C0197,2026-05-15T20:52:47,1365,0.0,1365.0,CARD
T005199,C0147,2026-03-26T09:50:57,4826,0.0,4826.0,MOBILE_PAY
T005200,C0106,2026-03-27T12:01:29,2072,0.0,2072.0,CASH
T005201,C0008,2025-11-14T19:47:07,9267,382.5,8884.5,MOBILE_PAY
T005202,C0372,2025-10-17T01:43:05,23572,1345.0,22227.0,CASH
T005203,C0133,2026-06-12T03:38:12,11128,0.0,11128.0,CARD
T005204,C0111,2025-10-15T19:45:24,8817,0.0,8817.0,MOBILE_PAY
T005205,C0150,2025-11-08T22:06:55,6454,0.0,6454.0,MOBILE_PAY
T005206,C0192,2025-11-14T01:53:21,6864,0.0,6864.0,CASH
T005207,C0026,2026-02-03T14:49:34,9688,0.0,9688.0,CASH
T005208,C0168,2026-06-04T04:10:45,10707,0.0,10707.0,MOBILE_PAY
T005209,C0191,2026-01-03T06:02:39,9693,0.0,9693.0,CARD
T005210,C0381,2026-03-25T20:09:18,10317,61.1,10255.9,CASH
T005211,C0374,2026-03-22T22:20:52,8257,66.2,8190.8,CARD
T005212,C0074,2026-08-26T19:28:23,5689,0.0,5689.0,MOBILE_PAY
T005213,C0329,2025-12-25T02:35:21,3491,574.2,2916.8,CARD
T005214,C0092,2026-07-21T23:05:43,25412,1982.4,23429.6,MOBILE_PAY
T005215,C0191,2026-01-17T00:41:51,4863,0.0,4863.0,MOBILE_PAY
T005216,C0400,2026-05-23T22:55:43,3914,0.0,3914.0,CASH
T005217,C0451,2026-01-07T08:33:32,11356,540.0,10816.0,CARD
T005218,C0174,2025-12-29T15:24:54,11964,0.0,11964.0,MOBILE_PAY
T005219,C0191,2026-06-11T20:23:12,11393,248.25,11144.75,CARD
T005220,C0399,2025-10-25T03:37:10,7404,36.1,7367.9,CARD
T005221,C0278,2026-08-11T05:08:41,498,0.0,498.0,CASH
T005222,C0253,2026-09-09T15:30:05,1238,0.0,1238.0,CASH
T005223,C0191,2026-06-10T07:34:42,15025,728.6,14296.4,CARD
T005224,C0115,2026-01-07T04:41:04,7622,51.5,7570.5,CASH
T005225,C0474,2026-06-23T21:32:00,11577,0.0,11577.0,MOBILE_PAY
T005226,C0372,2026-04-23T15:53:53,25699,140.4,25558.6,CASH
T005227,C0287,2026-04-03T03:44:18,622,0.0,622.0,MOBILE_PAY
T005228,C0336,2025-11-18T03:02:04,1808,0.0,1808.0,CASH
T005229,C0335,2025-12-03T10:47:58,2846,0.0,2846.0,CASH
T005230,C0299,2026-02-11T03:23:01,5807,0.0,5807.0,MOBILE_PAY
T005231,C0265,2026-02-16T03:28:43,10768,566.4,10201.6,CARD
T005232,C0314,2026-03-28T03:39:27,1293,39.45,1253.55,MOBILE_PAY
T005233,C0012,2026-04-09T15:37:33,2409,0.0,2409.0,CARD
T005234,C0476,2026-02-05T01:41:27,5083,0.0,5083.0,MOBILE_PAY
T005235,C0425,2026-03-02T03:06:07,8662,0.0,8662.0,CASH
T005236,C0039,2026-01-04T03:29:35,9156,0.0,9156.0,CASH
T005237,C0408,2025-11-06T14:52:03,1392,0.0,1392.0,CARD
T005238,C0142,2025-12-22T23:38:53,728,0.0,728.0,CASH
T005239,C0147,2026-02-07T08:08:43,6293,196.2,6096.8,MOBILE_PAY
T005240,C0034,2026-01-10T06:46:13,7122,547.2,6574.8,CASH
T005241,C0370,2026-06-06T00:04:06,2215,20.5,2194.5,CASH
T005242,C0229,2026-07-08T06:20:48,6141,142.8,5998.2,CASH
T005243,C0292,2026-05-31T10:59:23,12972,0.0,12972.0,MOBILE_PAY
T005244,C0392,2026-04-04T17:24:24,7808,0.0,7808.0,CASH
T005245,C0497,2026-01-25T07:04:51,9726,88.5,9637.5,MOBILE_PAY
T005246,C0165,2025-11-03T06:24:51,15758,0.0,15758.0,CASH
T005247,C0159,2026-02-27T02:33:34,6240,241.0,5999.0,CARD
T005248,C0331,2026-04-22T15:44:07,11593,0.0,11593.0,MOBILE_PAY
T005249,C0393,2026-02-01T23:25:43,11365,2060.7,9304.3,CARD
T005250,C0451,2026-09-02T07:23:20,614,0.0,614.0,CASH
T005251,C0265,2026-06-06T05:08:03,3563,0.0,3563.0,CARD
T005252,C0188,2026-02-19T13:35:43,3368,0.0,3368.0,MOBILE_PAY
T005253,C0160,2026-03-27T21:04:57,11117,0.0,11117.0,MOBILE_PAY
T005254,C0194,2025-12-19T09:23:36,10302,284.1,10017.9,MOBILE_PAY
T005255,C0268,2026-05-25T21:39:10,12031,274.0,11757.0,MOBILE_PAY
T005256,C0214,2026-06-12T14:49:57,15801,269.0,15532.0,MOBILE_PAY
T005257,C0107,2026-01-27T06:10:48,8265,186.3,8078.7,CARD
T005258,C0397,2025-11-25T04:16:04,11119,90.9,11028.1,MOBILE_PAY
T005259,C0477,2025-12-28T15:08:16,3445,0.0,3445.0,MOBILE_PAY
T005260,C0454,2026-08-27T13:08:14,4490,0.0,4490.0,CARD
T005261,C0483,2025-11-22T10:15:55,10585,159.9,10425.1,CARD
T005262,C0094,2026-04-23T14:28:21,7250,130.5,7119.5,CARD
T005263,C0122,2026-02-16T16:51:52,402,0.0,402.0,CARD
T005264,C0211,2026-02-19T02:17:12,2740,0.0,2740.0,MOBILE_PAY
T005265,C0390,2026-02-10T00:32:41,6026,0.0,6026.0,MOBILE_PAY
T005266,C0270,2026-04-29T22:13:21,5088,286.2,4801.8,CASH
T005267,C0385,2025-10-04T03:20:14,12590,0.0,12590.0,CARD
T005268,C0029,2026-08-17T04:08:55,26124,1345.0,24779.0,CASH
T005269,C0269,2026-07-25T08:37:32,12111,837.6,11273.4,MOBILE_PAY
T005270,C0008,2026-06-16T02:20:36,5265,587.5,4677.5,CARD
T005271,C0238,2026-07-15T12:09:26,6077,227.4,5849.6,MOBILE_PAY
T005272,C0409,2026-05-11T08:06:49,6501,113.25,6387.75,CASH
T005273,C0454,2026-07-29T10:34:48,5499,0.0,5499.0,CARD
T005274,C0348,2026-08-18T05:10:46,6286,0.0,6286.0,MOBILE_PAY
T005275,C0067,2026-02-07T21:12:34,9631,0.0,9631.0,MOBILE_PAY
T005276,C0391,2026-04-04T00:30:10,1779,0.0,1779.0,CASH
T005277,C0034,2026-07-14T07:49:43,2800,0.0,2800.0,CARD
T005278,C0131,2026-05-17T10:44:35,13403,0.0,13403.0,MOBILE_PAY
T005279,C0208,2026-01-22T08:09:44,4506,0.0,4506.0,CASH
T005280,C0182,2026-08-16T17:39:30,4190,0.0,4190.0,CARD
T005281,C0227,2026-04-04T17:25:02,4644,0.0,4644.0,CASH
T005282,C0421,2026-02-14T22:03:11,7904,151.6,7752.4,CASH
T005283,C0496,2026-09-22T16:04:13,3652,41.9,3610.1,CASH
T005284,C0309,2026-04-10T01:54:43,4872,0.0,4872.0,CASH
T005285,C0249,2025-11-04T05:37:34,7311,0.0,7311.0,CARD
T005286,C0121,2026-06-08T02:59:25,3746,76.5,3669.5,CASH
T005287,C0255,2026-03-05T00:56:40,3498,0.0,3498.0,CARD
T005288,C0025,2026-03-02T13:55:26,9428,0.0,9428.0,CARD
T005289,C0032,2025-10-14T11:48:40,7584,0.0,7584.0,CARD
T005290,C0321,2025-11-26T15:05:00,14468,1027.6,13440.4,MOBILE_PAY
T005291,C0482,2026-07-30T02:02:17,8230,0.0,8230.0,MOBILE_PAY
T005292,C0445,2026-09-11T00:04:44,8241,0.0,8241.0,CARD
T005293,C0075,2026-09-15T16:08:06,2361,0.0,2361.0,MOBILE_PAY
T005294,C0243,2026-04-21T11:10:30,3841,0.0,3841.0,CASH
T005295,C0335,2026-07-24T15:31:34,5443,0.0,5443.0,CASH
T005296,C0344,2026-09-15T08:04:14,7235,0.0,7235.0,CASH
T005297,C0463,2026-01-07T05:23:50,1688,0.0,1688.0,CARD
T005298,C0254,2026-05-29T04:50:06,6301,0.0,6301.0,CASH
T005299,C0195,2026-06-02T22:35:45,7296,0.0,7296.0,CARD
T005300,C0094,2025-11-11T22:31:04,2690,0.0,2690.0,CASH
T005301,C0322,2026-07-25T22:07:07,5904,628.2,5275.8,MOBILE_PAY
T005302,C0290,2025-12-11T09:34:28,18454,920.1,17533.9,CARD
T005303,C0215,2026-03-05T17:21:11,3479,0.0,3479.0,MOBILE_PAY
T005304,C0032,2025-12-01T09:21:28,15973,436.65,15536.35,CARD
T005305,C0310,2025-12-28T20:15:14,7578,0.0,7578.0,CARD
T005306,C0187,2025-12-19T03:52:41,2379,0.0,2379.0,MOBILE_PAY
T005307,C0249,2026-07-12T07:36:18,1598,0.0,1598.0,CASH
T005308,C0122,2026-07-10T03:23:43,2289,177.0,2112.0,CARD
T005309,C0244,2026-06-08T17:42:59,13541,0.0,13541.0,CARD
T005310,C0040,2026-07-29T23:05:29,9545,69.3,9475.7,MOBILE_PAY
T005311,C0239,2026-06-02T02:10:14,5664,0.0,5664.0,CARD
T005312,C0026,2026-01-22T13:11:37,10706,149.0,10557.0,MOBILE_PAY
T005313,C0040,2026-03-18T17:32:56,11639,256.5,11382.5,CARD
T005314,C0470,2025-09-28T00:19:54,5064,0.0,5064.0,CARD
T005315,C0317,2026-01-22T00:26:12,6195,827.25,5367.75,CASH
T005316,C0294,2025-10-04T08:50:09,2287,0.0,2287.0,MOBILE_PAY
T005317,C0241,2026-03-26T21:02:41,13990,0.0,13990.0,MOBILE_PAY
T005318,C0105,2025-11-05T19:17:25,4947,15.15,4931.85,CARD
T005319,C0251,2026-01-03T00:05:35,3781,0.0,3781.0,CASH
T005320,C0298,2026-03-01T19:14:17,845,0.0,845.0,CARD
T005321,C0182,2026-08-06T15:18:55,8055,0.0,8055.0,CASH
T005322,C0014,2026-05-15T13:03:24,1635,0.0,1635.0,CARD
T005323,C0391,2026-03-18T22:39:48,10641,0.0,10641.0,CASH
T005324,C0162,2026-05-31T08:21:58,10306,0.0,10306.0,CASH
T005325,C0086,2026-07-02T11:21:39,2944,0.0,2944.0,CASH
T005326,C0393,2025-11-03T13:44:02,1676,0.0,1676.0,MOBILE_PAY
T005327,C0393,2026-01-04T02:46:33,5547,0.0,5547.0,CARD
T005328,C0105,2026-07-07T14:32:35,3360,0.0,3360.0,MOBILE_PAY
T005329,C0174,2026-04-06T15:05:50,14491,888.3,13602.7,CARD
T005330,C0101,2026-06-14T06:26:31,6164,0.0,6164.0,CARD
T005331,C0295,2026-05-14T08:45:39,2520,0.0,2520.0,CARD
T005332,C0058,2026-04-05T05:54:47,9245,457.6,8787.4,CARD
T005333,C0111,2026-07-04T01:04:53,12048,0.0,12048.0,MOBILE_PAY
T005334,C0075,2026-08-07T14:33:30,481,0.0,481.0,CASH
T005335,C0029,2026-08-06T13:12:05,11830,850.0,10980.0,CASH
T005336,C0028,2026-08-11T22:33:17,3754,0.0,3754.0,CARD
T005337,C0159,2026-06-23T15:00:32,3495,0.0,3495.0,CARD
T005338,C0301,2025-12-31T15:33:22,3368,0.0,3368.0,CARD
T005339,C0493,2026-01-18T05:40:58,11432,0.0,11432.0,MOBILE_PAY
T005340,C0214,2025-11-14T15:05:22,2914,0.0,2914.0,CASH
T005341,C0116,2026-05-01T04:49:31,578,0.0,578.0,CASH
T005342,C0052,2026-02-09T22:30:25,223,0.0,223.0,CASH
T005343,C0375,2026-07-01T10:26:53,5831,67.8,5763.2,CARD
T005344,C0105,2026-01-29T07:16:50,1256,0.0,1256.0,MOBILE_PAY
T005345,C0092,2026-05-07T09:20:48,2113,49.65,2063.35,MOBILE_PAY
T005346,C0118,2026-02-06T08:15:18,3140,0.0,3140.0,MOBILE_PAY
T005347,C0367,2025-10-13T11:50:45,5477,30.0,5447.0,MOBILE_PAY
T005348,C0499,2026-04-16T12:47:18,1810,0.0,1810.0,MOBILE_PAY
T005349,C0191,2026-07-01T03:12:37,4279,90.0,4189.0,CASH
T005350,C0231,2025-12-20T11:04:33,6974,0.0,6974.0,CASH
T005351,C0087,2026-04-09T04:44:28,4016,0.0,4016.0,CARD
T005352,C0142,2026-09-26T21:19:50,3755,0.0,3755.0,MOBILE_PAY
T005353,C0450,2026-01-15T08:17:24,1100,275.0,825.0,MOBILE_PAY
T005354,C0344,2026-02-19T02:08:16,11278,0.0,11278.0,CASH
T005355,C0156,2026-07-01T12:41:14,9758,23.1,9734.9,CASH
T005356,C0294,2026-07-21T23:52:24,7756,148.8,7607.2,MOBILE_PAY
T005357,C0232,2026-03-02T13:38:40,3244,0.0,3244.0,CASH
T005358,C0285,2025-10-11T16:24:25,14263,0.0,14263.0,CASH
T005359,C0260,2025-11-13T22:05:07,2800,0.0,2800.0,CASH
T005360,C0171,2026-03-25T12:06:02,6831,0.0,6831.0,CASH
T005361,C0452,2025-10-07T03:31:45,11502,0.0,11502.0,CARD
T005362,C0444,2025-12-10T10:42:31,8624,45.45,8578.55,MOBILE_PAY
T005363,C0154,2026-05-21T14:16:25,8882,130.8,8751.2,MOBILE_PAY
T005364,C0362,2026-08-13T13:03:15,4687,0.0,4687.0,CASH
T005365,C0057,2026-02-25T02:03:19,7346,0.0,7346.0,MOBILE_PAY
T005366,C0125,2025-11-05T10:04:19,8304,82.0,8222.0,MOBILE_PAY
T005367,C0213,2025-10-04T18:38:32,18008,0.0,18008.0,CARD
T005368,C0129,2025-10-27T12:15:24,3545,264.1,3280.9,CASH
T005369,C0007,2026-03-24T23:24:15,9216,0.0,9216.0,CARD
T005370,C0208,2026-02-09T09:47:08,8004,69.3,7934.7,CARD
T005371,C0126,2026-05-24T10:14:09,1395,0.0,1395.0,MOBILE_PAY
T005372,C0339,2026-06-17T12:23:45,2444,0.0,2444.0,MOBILE_PAY
T005373,C0124,2025-10-09T09:58:33,720,0.0,720.0,CASH
T005374,C0255,2026-06-10T05:37:25,1195,0.0,1195.0,CASH
T005375,C0033,2026-08-21T23:40:09,4959,0.0,4959.0,CARD
T005376,C0158,2025-10-12T13:13:47,5528,147.9,5380.1,MOBILE_PAY
T005377,C0261,2026-07-18T15:40:17,5001,0.0,5001.0,MOBILE_PAY
T005378,C0192,2025-11-07T00:10:03,5647,447.15,5199.85,CASH
T005379,C0027,2026-03-16T12:19:35,3273,0.0,3273.0,CARD
T005380,C0145,2026-07-15T10:33:14,3478,113.4,3364.6,CASH
T005381,C0405,2025-10-10T23:30:06,12043,289.35,11753.65,MOBILE_PAY
T005382,C0313,2026-09-27T09:19:39,10943,0.0,10943.0,MOBILE_PAY
T005383,C0021,2026-02-23T02:38:49,9675,45.45,9629.55,CARD
T005384,C0054,2026-03-24T22:25:18,11876,0.0,11876.0,MOBILE_PAY
T005385,C0164,2026-05-07T17:29:00,10691,0.0,10691.0,CASH
T005386,C0415,2026-07-31T07:31:03,5338,0.0,5338.0,CARD
T005387,C0469,2026-06-05T05:52:27,6297,0.0,6297.0,CARD
T005388,C0036,2026-01-10T00:40:56,11258,0.0,11258.0,CARD
T005389,C0145,2026-05-08T10:41:03,960,0.0,960.0,CARD
T005390,C0412,2025-10-10T06:30:59,9261,144.6,9116.4,MOBILE_PAY
T005391,C0092,2026-04-05T03:30:11,6736,137.55,6598.45,CASH
T005392,C0309,2026-04-26T03:53:23,7454,60.0,7394.0,CARD
T005393,C0375,2026-03-14T05:46:11,10802,0.0,10802.0,MOBILE_PAY
T005394,C0185,2026-06-26T10:04:07,12268,386.1,11881.9,CASH
T005395,C0142,2026-05-17T06:48:28,7217,0.0,7217.0,CASH
T005396,C0483,2025-12-05T10:47:36,12352,0.0,12352.0,MOBILE_PAY
T005397,C0205,2026-04-20T17:27:24,9772,0.0,9772.0,MOBILE_PAY
T005398,C0345,2026-01-26T16:27:11,565,0.0,565.0,MOBILE_PAY
T005399,C0340,2026-01-27T03:46:39,1844,0.0,1844.0,CASH
T005400,C0407,2026-06-18T07:57:54,8206,327.0,7879.0,CARD
T005401,C0080,2025-11-04T06:59:04,5681,0.0,5681.0,CARD
T005402,C0146,2026-02-28T19:12:10,4077,196.2,3880.8,MOBILE_PAY
T005403,C0213,2026-09-13T07:26:09,2256,0.0,2256.0,CARD
T005404,C0370,2026-06-27T13:09:33,8071,0.0,8071.0,CASH
T005405,C0050,2025-11-26T21:43:05,6763,0.0,6763.0,CASH
T005406,C0231,2025-11-08T22:36:04,395,0.0,395.0,CARD
T005407,C0104,2026-07-15T06:25:11,2272,0.0,2272.0,MOBILE_PAY
T005408,C0287,2026-08-03T05:52:42,27017,0.0,27017.0,MOBILE_PAY
T005409,C0490,2026-02-16T02:23:12,5020,75.75,4944.25,CASH
T005410,C0115,2026-05-09T20:57:16,22205,1164.9,21040.1,CARD
T005411,C0454,2026-08-08T00:28:59,4184,75.8,4108.2,CASH
T005412,C0343,2026-07-27T10:27:31,4000,340.0,3660.0,CARD
T005413,C0295,2025-12-28T01:44:54,9367,0.0,9367.0,CARD
T005414,C0246,2026-06-12T09:09:27,1772,0.0,1772.0,CASH
T005415,C0375,2026-04-28T18:09:47,6588,0.0,6588.0,MOBILE_PAY
T005416,C0343,2026-07-23T13:46:57,8885,0.0,8885.0,CARD
T005417,C0136,2026-07-31T15:45:09,3218,0.0,3218.0,CARD
T005418,C0429,2026-09-20T21:00:48,3308,0.0,3308.0,MOBILE_PAY
T005419,C0185,2026-05-12T14:54:38,852,213.0,639.0,MOBILE_PAY
T005420,C0378,2026-03-11T00:49:18,456,0.0,456.0,MOBILE_PAY
T005421,C0098,2026-03-19T04:04:53,8895,163.5,8731.5,MOBILE_PAY
T005422,C0182,2026-03-02T07:53:13,3904,0.0,3904.0,CARD
T005423,C0308,2026-06-17T03:33:15,8792,0.0,8792.0,CASH
T005424,C0074,2026-01-02T08:50:40,17647,0.0,17647.0,CARD
T005425,C0138,2026-02-11T08:26:40,2918,177.6,2740.4,CASH
T005426,C0477,2025-12-13T03:45:04,15387,1145.0,14242.0,CASH
T005427,C0440,2026-07-31T07:36:08,4109,0.0,4109.0,CARD
T005428,C0289,2026-03-12T16:06:56,1959,0.0,1959.0,MOBILE_PAY
T005429,C0144,2026-04-04T08:10:13,8316,0.0,8316.0,MOBILE_PAY
T005430,C0145,2025-12-29T13:11:09,6124,0.0,6124.0,CASH
T005431,C0210,2026-02-17T04:56:34,11182,362.4,10819.6,MOBILE_PAY
T005432,C0410,2026-09-03T17:27:30,675,0.0,675.0,MOBILE_PAY
T005433,C0217,2026-06-15T23:08:02,5173,0.0,5173.0,CASH
T005434,C0044,2026-08-02T06:10:36,5415,0.0,5415.0,MOBILE_PAY
T005435,C0202,2026-02-12T13:23:15,4034,0.0,4034.0,MOBILE_PAY
T005436,C0393,2026-06-27T09:23:15,4700,0.0,4700.0,CARD
T005437,C0445,2026-04-20T00:32:59,5107,0.0,5107.0,CARD
T005438,C0179,2026-05-16T02:30:34,11277,945.0,10332.0,MOBILE_PAY
T005439,C0201,2026-03-04T13:09:16,14419,807.5,13611.5,CARD
T005440,C0029,2025-10-14T22:39:42,13012,103.2,12908.8,CASH
T005441,C0114,2026-04-05T05:04:27,4535,0.0,4535.0,CASH
T005442,C0347,2025-10-19T17:28:08,7334,127.6,7206.4,CASH
T005443,C0020,2026-03-22T18:37:25,6280,0.0,6280.0,CARD
T005444,C0262,2025-11-16T00:39:30,3886,0.0,3886.0,CASH
T005445,C0029,2025-11-17T20:57:11,10345,0.0,10345.0,MOBILE_PAY
T005446,C0270,2026-04-22T15:50:24,5591,0.0,5591.0,MOBILE_PAY
T005447,C0466,2026-04-24T08:24:26,7618,0.0,7618.0,CASH
T005448,C0481,2025-12-19T13:08:28,9457,442.0,9015.0,CARD
T005449,C0084,2026-01-10T04:13:37,9469,0.0,9469.0,CARD
T005450,C0390,2026-07-26T20:26:56,8667,114.75,8552.25,MOBILE_PAY
T005451,C0204,2025-10-30T10:33:01,11566,272.6,11293.4,CARD
T005452,C0496,2025-12-19T05:59:13,1248,0.0,1248.0,CASH
T005453,C0452,2025-12-25T19:03:57,2052,0.0,2052.0,MOBILE_PAY
T005454,C0071,2026-08-04T07:13:14,14623,400.2,14222.8,CASH
T005455,C0045,2026-02-08T10:13:00,9268,175.2,9092.8,CASH
T005456,C0420,2026-08-11T20:17:49,3766,297.9,3468.1,CASH
T005457,C0391,2025-11-07T15:10:36,2960,0.0,2960.0,MOBILE_PAY
T005458,C0186,2026-07-16T19:53:35,11603,30.3,11572.7,MOBILE_PAY
T005459,C0466,2025-12-11T13:36:44,6643,0.0,6643.0,MOBILE_PAY
T005460,C0389,2026-05-22T23:54:31,10780,295.5,10484.5,CASH
T005461,C0379,2025-09-30T02:51:13,11119,0.0,11119.0,MOBILE_PAY
T005462,C0433,2025-10-26T04:21:28,4347,0.0,4347.0,CASH
T005463,C0189,2026-01-10T23:00:08,2411,0.0,2411.0,CARD
T005464,C0446,2025-12-09T21:38:30,12057,22.6,12034.4,MOBILE_PAY
T005465,C0179,2025-10-15T14:04:05,16141,432.0,15709.0,CARD
T005466,C0499,2026-05-19T16:46:10,10783,0.0,10783.0,CARD
T005467,C0440,2026-03-28T01:46:00,8063,100.2,7962.8,CASH
T005468,C0095,2026-09-15T23:50:37,10598,407.55,10190.45,CASH
T005469,C0210,2026-08-26T05:08:20,4681,151.8,4529.2,CASH
T005470,C0120,2026-01-25T15:09:39,15554,130.5,15423.5,MOBILE_PAY
T005471,C0101,2025-11-30T08:25:05,4861,0.0,4861.0,MOBILE_PAY
T005472,C0459,2026-04-06T13:13:21,9853,289.35,9563.65,CARD
T005473,C0479,2026-05-31T23:47:11,550,0.0,550.0,MOBILE_PAY
T005474,C0226,2026-01-25T13:56:07,7627,294.75,7332.25,MOBILE_PAY
T005475,C0259,2026-05-23T22:13:46,9212,352.2,8859.8,MOBILE_PAY
T005476,C0139,2025-12-24T07:53:59,8574,0.0,8574.0,CARD
T005477,C0274,2026-03-14T03:19:11,4647,0.0,4647.0,MOBILE_PAY
T005478,C0040,2026-03-03T15:25:53,10250,97.2,10152.8,CASH
T005479,C0112,2026-08-23T19:18:31,1630,0.0,1630.0,MOBILE_PAY
T005480,C0286,2026-06-15T09:45:44,22470,42.6,22427.4,CARD
T005481,C0242,2026-09-20T16:42:12,9309,490.0,8819.0,MOBILE_PAY
T005482,C0051,2025-12-23T16:06:03,3796,0.0,3796.0,MOBILE_PAY
T005483,C0296,2026-01-27T02:12:49,13825,190.8,13634.2,CARD
T005484,C0061,2026-04-01T14:42:42,9027,10.65,9016.35,MOBILE_PAY
T005485,C0382,2026-06-30T21:36:51,13872,0.0,13872.0,CARD
T005486,C0019,2026-07-24T01:20:42,1113,0.0,1113.0,MOBILE_PAY
T005487,C0450,2026-07-06T16:36:31,5415,0.0,5415.0,CASH
T005488,C0444,2026-05-05T18:51:29,17916,2775.0,15141.0,CASH
T005489,C0379,2026-03-07T01:59:31,2100,0.0,2100.0,CARD
T005490,C0209,2026-03-17T19:05:05,6832,0.0,6832.0,MOBILE_PAY
T005491,C0132,2026-07-22T18:54:33,6035,0.0,6035.0,CASH
T005492,C0017,2026-08-11T19:27:57,5252,0.0,5252.0,CASH
T005493,C0352,2026-09-05T18:22:07,532,0.0,532.0,MOBILE_PAY
T005494,C0445,2025-10-21T13:51:38,9475,0.0,9475.0,CASH
T005495,C0281,2026-06-24T00:02:51,8901,0.0,8901.0,CASH
T005496,C0112,2026-01-09T09:01:19,376,0.0,376.0,MOBILE_PAY
T005497,C0383,2026-04-17T07:02:36,8215,0.0,8215.0,CASH
T005498,C0131,2025-10-05T23:05:11,9143,144.4,8998.6,CARD
T005499,C0016,2025-12-12T09:48:47,5673,0.0,5673.0,CASH
T005500,C0035,2026-06-27T12:46:07,10930,0.0,10930.0,MOBILE_PAY
T005501,C0403,2026-07-22T09:45:36,6726,0.0,6726.0,CARD
T005502,C0389,2026-08-25T00:05:39,6758,282.0,6476.0,CASH
T005503,C0076,2026-09-08T10:21:37,7204,0.0,7204.0,MOBILE_PAY
T005504,C0208,2026-06-13T12:54:56,2498,0.0,2498.0,MOBILE_PAY
T005505,C0035,2025-10-01T13:21:50,1940,0.0,1940.0,CASH
T005506,C0078,2026-06-12T05:31:43,6087,0.0,6087.0,CASH
T005507,C0237,2025-10-17T07:16:38,1615,0.0,1615.0,CASH
T005508,C0123,2026-09-17T07:30:36,9947,0.0,9947.0,MOBILE_PAY
T005509,C0474,2026-03-23T11:36:34,9545,196.2,9348.8,MOBILE_PAY
T005510,C0118,2026-06-15T20:41:21,5718,0.0,5718.0,MOBILE_PAY
T005511,C0103,2026-07-04T06:13:48,6950,0.0,6950.0,MOBILE_PAY
T005512,C0022,2025-12-24T22:57:54,516,0.0,516.0,MOBILE_PAY
T005513,C0041,2026-08-05T18:08:52,9743,727.35,9015.65,MOBILE_PAY
T005514,C0277,2026-02-15T17:26:22,10368,0.0,10368.0,CASH
T005515,C0206,2026-07-24T22:40:31,10469,266.8,10202.2,CASH
T005516,C0168,2026-05-29T12:28:58,6761,0.0,6761.0,MOBILE_PAY
T005517,C0281,2026-03-15T23:29:47,10371,274.8,10096.2,CARD
T005518,C0324,2026-08-20T20:36:43,1044,0.0,1044.0,CASH
T005519,C0064,2026-02-15T22:35:09,3102,0.0,3102.0,CARD
T005520,C0426,2026-05-03T01:05:16,1362,0.0,1362.0,CASH
T005521,C0215,2026-08-09T07:35:07,8739,0.0,8739.0,CASH
T005522,C0097,2025-11-25T20:17:25,10786,0.0,10786.0,CARD
T005523,C0434,2026-02-25T16:17:49,5855,0.0,5855.0,CASH
T005524,C0442,2026-08-13T10:24:42,2271,0.0,2271.0,MOBILE_PAY
T005525,C0218,2025-10-07T01:35:13,10906,450.4,10455.6,CASH
T005526,C0488,2026-04-14T18:30:57,10294,0.0,10294.0,CASH
T005527,C0023,2025-12-03T21:35:18,3492,211.5,3280.5,MOBILE_PAY
T005528,C0097,2026-08-23T07:31:03,6776,0.0,6776.0,CARD
T005529,C0079,2026-02-07T09:02:37,21543,1075.5,20467.5,MOBILE_PAY
T005530,C0464,2025-12-06T18:16:02,4249,235.0,4014.0,CASH
T005531,C0236,2026-06-14T05:57:10,4392,514.2,3877.8,CARD
T005532,C0334,2026-03-07T11:37:53,15885,206.4,15678.6,CARD
T005533,C0222,2025-12-28T10:27:10,2278,118.0,2160.0,CARD
T005534,C0244,2026-09-10T14:45:48,9325,117.6,9207.4,CARD
T005535,C0009,2026-07-07T13:51:28,10247,452.7,9794.3,CARD
T005536,C0359,2026-03-29T03:40:42,6962,164.45,6797.55,MOBILE_PAY
T005537,C0383,2026-08-07T18:28:45,15367,1486.8,13880.2,CASH
T005538,C0100,2026-05-14T22:05:31,7802,0.0,7802.0,MOBILE_PAY
T005539,C0163,2026-01-07T23:20:27,8961,0.0,8961.0,MOBILE_PAY
T005540,C0346,2026-06-29T01:34:10,14825,0.0,14825.0,CASH
T005541,C0050,2026-07-26T14:02:56,9531,0.0,9531.0,CARD
T005542,C0065,2026-08-03T22:35:18,5071,0.0,5071.0,CASH
T005543,C0336,2025-10-23T19:29:28,13164,483.6,12680.4,CASH
T005544,C0093,2025-11-21T05:35:12,4521,0.0,4521.0,MOBILE_PAY
T005545,C0258,2026-09-06T12:14:11,317,0.0,317.0,MOBILE_PAY
T005546,C0346,2026-04-12T00:28:01,15147,0.0,15147.0,MOBILE_PAY
T005547,C0272,2026-08-28T19:42:31,7169,0.0,7169.0,CARD
T005548,C0131,2026-07-20T19:56:59,8353,85.5,8267.5,CASH
T005549,C0487,2026-04-18T10:21:07,6758,0.0,6758.0,MOBILE_PAY
T005550,C0310,2026-02-25T21:02:05,5964,45.45,5918.55,MOBILE_PAY
T005551,C0059,2026-03-12T22:54:02,4024,0.0,4024.0,MOBILE_PAY
T005552,C0221,2026-09-26T22:40:31,10159,112.5,10046.5,CASH
T005553,C0176,2026-05-11T19:18:27,3511,0.0,3511.0,CASH
T005554,C0369,2025-11-06T13:13:33,3472,0.0,3472.0,CARD
T005555,C0066,2025-10-31T15:18:47,7943,0.0,7943.0,MOBILE_PAY
T005556,C0255,2026-08-07T22:51:28,19202,591.6,18610.4,CARD
T005557,C0321,2025-11-15T07:35:22,2305,0.0,2305.0,CARD
T005558,C0247,2026-06-15T08:20:12,13941,126.75,13814.25,CARD
T005559,C0139,2025-11-16T03:47:06,17639,0.0,17639.0,CASH
T005560,C0155,2025-12-12T10:48:32,13966,0.0,13966.0,CASH
T005561,C0222,2026-08-02T17:10:40,8981,228.8,8752.2,CARD
T005562,C0378,2026-08-04T20:28:25,12214,818.25,11395.75,MOBILE_PAY
T005563,C0299,2025-11-30T20:20:04,19003,0.0,19003.0,CARD
T005564,C0366,2025-10-26T15:03:34,4112,0.0,4112.0,CARD
T005565,C0497,2026-01-07T18:05:55,6955,261.6,6693.4,MOBILE_PAY
T005566,C0192,2026-05-28T15:20:59,12286,0.0,12286.0,MOBILE_PAY
T005567,C0327,2026-06-09T16:46:26,11096,106.0,10990.0,CASH
T005568,C0171,2025-11-30T21:40:45,4396,16.55,4379.45,CARD
T005569,C0436,2026-01-30T10:35:12,6459,0.0,6459.0,MOBILE_PAY
T005570,C0283,2026-08-29T21:22:35,11624,67.1,11556.9,CARD
T005571,C0357,2025-11-28T01:24:33,20991,128.75,20862.25,CARD
T005572,C0289,2026-08-05T22:54:48,9155,0.0,9155.0,CASH
T005573,C0210,2026-02-20T22:23:16,10468,0.0,10468.0,MOBILE_PAY
T005574,C0143,2025-10-29T08:45:57,1479,147.9,1331.1,MOBILE_PAY
T005575,C0224,2026-09-20T20:19:38,7529,178.0,7351.0,MOBILE_PAY
T005576,C0492,2025-11-08T07:20:52,6896,0.0,6896.0,CARD
T005577,C0099,2026-05-12T16:48:34,10061,362.7,9698.3,CARD
T005578,C0284,2026-04-05T06:46:18,10780,247.5,10532.5,CARD
T005579,C0493,2026-07-30T23:30:23,5923,80.7,5842.3,CARD
T005580,C0347,2026-06-03T13:50:45,3194,0.0,3194.0,MOBILE_PAY
T005581,C0045,2026-04-27T13:03:17,2234,0.0,2234.0,CARD
T005582,C0246,2026-05-05T17:17:50,8889,0.0,8889.0,MOBILE_PAY
T005583,C0079,2026-08-06T07:31:57,11921,504.15,11416.85,CASH
T005584,C0174,2025-11-23T06:34:43,7946,0.0,7946.0,CARD
T005585,C0243,2026-08-20T15:12:54,2155,0.0,2155.0,CARD
T005586,C0264,2026-02-03T15:57:09,826,0.0,826.0,MOBILE_PAY
T005587,C0438,2026-08-07T20:39:32,6940,0.0,6940.0,MOBILE_PAY
T005588,C0294,2026-05-25T13:28:03,7489,1043.65,6445.35,CASH
T005589,C0327,2026-08-29T06:33:12,13705,0.0,13705.0,CASH
T005590,C0270,2026-01-24T04:10:32,5879,0.0,5879.0,CASH
T005591,C0022,2026-02-27T10:04:37,2813,0.0,2813.0,MOBILE_PAY
T005592,C0049,2026-07-18T17:57:12,1776,0.0,1776.0,CASH
T005593,C0173,2026-07-18T23:08:02,4215,0.0,4215.0,CARD
T005594,C0103,2026-01-28T23:11:08,6683,0.0,6683.0,CASH
T005595,C0423,2026-03-21T15:07:52,6115,226.5,5888.5,MOBILE_PAY
T005596,C0306,2026-01-07T20:26:45,8837,0.0,8837.0,MOBILE_PAY
T005597,C0365,2026-05-29T15:09:16,3796,0.0,3796.0,CARD
T005598,C0326,2026-05-29T14:34:54,5113,0.0,5113.0,CARD
T005599,C0252,2026-01-11T05:55:53,20473,0.0,20473.0,CARD
T005600,C0344,2026-02-20T21:45:01,1486,0.0,1486.0,CASH
T005601,C0210,2026-09-17T12:32:54,11646,330.35,11315.65,MOBILE_PAY
T005602,C0001,2026-02-18T20:54:07,7763,90.4,7672.6,CASH
T005603,C0430,2026-06-26T03:53:33,7602,217.4,7384.6,CARD
T005604,C0074,2025-12-19T16:36:11,10271,1116.3,9154.7,CASH
T005605,C0036,2025-12-06T12:34:12,4470,212.0,4258.0,CARD
T005606,C0078,2026-02-19T20:02:48,6328,213.0,6115.0,CARD
T005607,C0392,2026-06-20T20:53:32,8101,0.0,8101.0,MOBILE_PAY
T005608,C0475,2026-08-11T08:10:23,2280,0.0,2280.0,MOBILE_PAY
T005609,C0067,2026-01-28T09:41:34,3995,0.0,3995.0,MOBILE_PAY
T005610,C0184,2026-01-14T02:07:06,1789,0.0,1789.0,MOBILE_PAY
T005611,C0431,2026-01-16T12:20:12,6927,0.0,6927.0,MOBILE_PAY
T005612,C0400,2026-09-21T08:05:05,9000,96.0,8904.0,CARD
T005613,C0440,2025-10-26T23:00:06,20032,1345.0,18687.0,CARD
T005614,C0210,2025-11-08T18:15:11,13574,418.8,13155.2,CASH
T005615,C0401,2026-04-17T12:44:46,10248,314.0,9934.0,MOBILE_PAY
T005616,C0113,2025-11-04T04:05:08,5818,196.2,5621.8,MOBILE_PAY
T005617,C0206,2026-08-02T22:06:21,4002,178.0,3824.0,CARD
T005618,C0004,2026-07-24T06:41:58,3525,0.0,3525.0,MOBILE_PAY
T005619,C0213,2026-06-21T07:04:05,7012,0.0,7012.0,CARD
T005620,C0110,2026-04-22T00:24:52,1396,0.0,1396.0,MOBILE_PAY
T005621,C0493,2026-06-12T19:52:44,16037,0.0,16037.0,CASH
T005622,C0471,2026-08-23T09:23:25,7258,0.0,7258.0,CARD
T005623,C0191,2026-07-21T04:35:25,7931,628.2,7302.8,CASH
T005624,C0201,2026-09-13T18:48:20,10960,113.0,10847.0,CASH
T005625,C0477,2026-06-24T16:37:41,4030,0.0,4030.0,CASH
T005626,C0336,2026-02-07T08:08:46,8765,255.0,8510.0,CARD
T005627,C0254,2025-10-30T10:06:55,2304,0.0,2304.0,CASH
T005628,C0144,2025-12-19T07:49:57,3163,0.0,3163.0,MOBILE_PAY
T005629,C0071,2026-02-22T15:43:55,4916,0.0,4916.0,CARD
T005630,C0349,2026-09-20T02:33:26,3911,0.0,3911.0,CARD
T005631,C0073,2026-03-21T02:27:36,5019,0.0,5019.0,MOBILE_PAY
T005632,C0018,2025-12-09T03:10:29,8700,259.2,8440.8,CASH
T005633,C0273,2026-04-13T19:37:01,300,0.0,300.0,CASH
T005634,C0449,2025-10-04T09:16:41,5374,0.0,5374.0,CASH
T005635,C0469,2026-06-21T03:29:50,12882,98.0,12784.0,MOBILE_PAY
T005636,C0041,2026-02-05T14:22:34,7688,0.0,7688.0,CASH
T005637,C0475,2025-11-22T08:33:40,11239,135.6,11103.4,MOBILE_PAY
T005638,C0163,2025-10-19T18:49:40,3769,0.0,3769.0,MOBILE_PAY
T005639,C0380,2025-12-16T07:34:55,2443,0.0,2443.0,CARD
T005640,C0406,2026-04-29T21:33:46,3889,0.0,3889.0,MOBILE_PAY
T005641,C0386,2026-08-13T21:17:33,5474,0.0,5474.0,CASH
T005642,C0158,2026-06-05T23:13:52,14624,15.15,14608.85,CARD
T005643,C0289,2026-06-04T04:21:32,5600,0.0,5600.0,CARD
T005644,C0458,2026-04-24T22:47:59,10310,137.9,10172.1,MOBILE_PAY
T005645,C0458,2025-11-05T05:21:32,5233,130.5,5102.5,CASH
T005646,C0374,2026-06-22T06:13:20,6830,0.0,6830.0,CARD
T005647,C0131,2026-05-15T15:00:17,6920,0.0,6920.0,CASH
T005648,C0327,2025-12-20T07:40:49,6027,83.2,5943.8,MOBILE_PAY
T005649,C0086,2026-03-18T22:23:31,8456,491.3,7964.7,CARD
T005650,C0125,2026-08-18T12:52:42,14304,0.0,14304.0,CARD
T005651,C0496,2026-07-04T18:54:36,8192,261.6,7930.4,CARD
T005652,C0260,2026-03-12T19:52:26,4638,0.0,4638.0,CASH
T005653,C0184,2026-04-14T12:13:24,10785,0.0,10785.0,MOBILE_PAY
T005654,C0058,2026-01-22T03:28:05,5750,0.0,5750.0,CASH
T005655,C0497,2026-07-27T07:56:15,13738,170.0,13568.0,CARD
T005656,C0415,2025-11-05T00:13:48,6544,49.65,6494.35,MOBILE_PAY
T005657,C0359,2026-04-23T20:32:31,1539,255.6,1283.4,MOBILE_PAY
T005658,C0088,2026-07-26T15:49:31,9204,732.0,8472.0,CASH
T005659,C0081,2026-09-10T22:59:10,4884,0.0,4884.0,CARD
T005660,C0097,2026-01-13T19:32:26,7758,0.0,7758.0,MOBILE_PAY
T005661,C0348,2026-08-28T00:48:22,7506,381.6,7124.4,CASH
T005662,C0104,2026-04-08T03:57:40,10255,0.0,10255.0,CARD
T005663,C0361,2026-09-26T23:50:35,9563,562.0,9001.0,MOBILE_PAY
T005664,C0010,2025-10-28T10:58:55,10586,0.0,10586.0,MOBILE_PAY
T005665,C0257,2026-01-06T07:46:03,7110,0.0,7110.0,CASH
T005666,C0204,2026-02-22T15:18:55,1980,0.0,1980.0,MOBILE_PAY
T005667,C0129,2026-06-14T18:44:35,23557,0.0,23557.0,CASH
T005668,C0107,2025-11-18T13:10:06,477,0.0,477.0,CARD
T005669,C0493,2025-11-30T16:17:05,16469,850.0,15619.0,CARD
T005670,C0061,2025-10-08T02:51:32,11541,0.0,11541.0,MOBILE_PAY
T005671,C0001,2025-10-26T05:11:53,482,96.4,385.6,MOBILE_PAY
T005672,C0041,2026-01-06T15:49:38,1295,0.0,1295.0,MOBILE_PAY
T005673,C0482,2026-06-11T07:55:49,11071,171.0,10900.0,CARD
T005674,C0085,2026-04-18T02:18:49,2656,127.6,2528.4,MOBILE_PAY
T005675,C0386,2025-12-30T23:27:41,1901,0.0,1901.0,CARD
T005676,C0232,2025-12-13T07:20:06,4838,0.0,4838.0,CARD
T005677,C0248,2025-12-30T15:06:35,1380,0.0,1380.0,CARD
T005678,C0315,2026-01-30T23:22:24,3299,170.0,3129.0,MOBILE_PAY
T005679,C0097,2026-01-08T23:04:31,7909,0.0,7909.0,CASH
T005680,C0063,2025-10-20T10:55:06,6326,0.0,6326.0,MOBILE_PAY
T005681,C0241,2026-09-11T13:49:03,5671,0.0,5671.0,CASH
T005682,C0292,2025-11-04T03:03:43,6034,0.0,6034.0,CASH
T005683,C0246,2025-11-09T12:07:04,12530,0.0,12530.0,CARD
T005684,C0396,2025-12-07T23:14:55,12030,209.5,11820.5,CARD
T005685,C0118,2026-03-18T07:04:32,12084,0.0,12084.0,MOBILE_PAY
T005686,C0053,2025-12-01T21:50:41,11026,524.1,10501.9,CARD
T005687,C0299,2026-04-25T15:50:06,3698,0.0,3698.0,CARD
T005688,C0422,2025-12-16T16:43:42,24242,0.0,24242.0,CASH
T005689,C0276,2026-09-16T05:50:03,8189,673.2,7515.8,CARD
T005690,C0402,2026-02-25T10:06:11,9372,0.0,9372.0,CARD
T005691,C0004,2025-10-01T17:13:22,12585,0.0,12585.0,MOBILE_PAY
T005692,C0249,2025-12-12T05:52:42,10374,237.8,10136.2,CARD
T005693,C0226,2025-09-27T21:53:40,2024,0.0,2024.0,CARD
T005694,C0077,2026-04-12T15:10:41,8758,45.9,8712.1,CASH
T005695,C0489,2026-04-02T08:24:51,15306,253.85,15052.15,CARD
T005696,C0255,2026-09-03T10:32:42,2653,235.0,2418.0,MOBILE_PAY
T005697,C0248,2026-07-26T07:35:22,7603,50.7,7552.3,CASH
T005698,C0148,2026-02-27T15:28:00,10932,75.75,10856.25,MOBILE_PAY
T005699,C0136,2026-09-19T15:04:23,5045,0.0,5045.0,CARD
T005700,C0207,2026-01-18T07:51:40,6682,0.0,6682.0,CASH
T005701,C0015,2026-03-28T07:31:13,1182,0.0,1182.0,CASH
T005702,C0185,2026-09-14T21:23:32,7791,0.0,7791.0,CASH
T005703,C0112,2026-04-02T19:47:50,2095,37.75,2057.25,MOBILE_PAY
T005704,C0121,2025-10-15T05:30:27,12932,563.4,12368.6,CARD
T005705,C0085,2026-07-08T16:28:00,7116,239.6,6876.4,CASH
T005706,C0408,2026-05-07T19:38:24,13127,0.0,13127.0,CASH
T005707,C0441,2025-10-01T09:17:34,10127,0.0,10127.0,MOBILE_PAY
T005708,C0383,2026-03-10T02:08:53,4664,0.0,4664.0,MOBILE_PAY
T005709,C0231,2026-06-11T03:29:50,18098,0.0,18098.0,MOBILE_PAY
T005710,C0252,2026-06-12T13:09:45,11140,0.0,11140.0,CASH
T005711,C0345,2026-04-02T22:15:24,11297,300.0,10997.0,CASH
T005712,C0016,2026-03-15T09:52:00,10600,229.5,10370.5,CASH
T005713,C0310,2025-11-08T09:13:48,13586,0.0,13586.0,CARD
T005714,C0294,2026-04-26T08:14:36,9646,0.0,9646.0,CARD
T005715,C0314,2025-12-28T10:01:18,906,0.0,906.0,CASH
T005716,C0084,2026-07-25T10:47:38,12994,0.0,12994.0,MOBILE_PAY
T005717,C0312,2026-03-26T21:12:49,3667,144.4,3522.6,CASH
T005718,C0059,2026-02-20T18:42:44,13655,216.7,13438.3,CARD
T005719,C0359,2025-11-22T08:31:50,10193,0.0,10193.0,CASH
T005720,C0497,2026-07-11T20:24:43,2494,0.0,2494.0,CARD
T005721,C0435,2026-05-19T17:41:35,1430,0.0,1430.0,CARD
T005722,C0005,2026-02-19T05:03:27,2617,0.0,2617.0,CARD
T005723,C0244,2025-09-28T06:52:53,4481,0.0,4481.0,MOBILE_PAY
T005724,C0030,2026-04-02T22:23:27,10924,479.1,10444.9,CARD
T005725,C0367,2026-03-09T19:26:09,10499,0.0,10499.0,CASH
T005726,C0002,2026-06-08T08:26:21,774,0.0,774.0,MOBILE_PAY
T005727,C0203,2026-04-02T18:38:20,5462,0.0,5462.0,MOBILE_PAY
T005728,C0015,2026-06-21T21:08:43,3747,0.0,3747.0,MOBILE_PAY
T005729,C0393,2026-08-18T20:40:24,9792,0.0,9792.0,CASH
T005730,C0123,2025-10-22T18:59:10,2215,0.0,2215.0,CARD
T005731,C0084,2026-06-01T11:29:26,7526,483.6,7042.4,CASH
T005732,C0064,2026-03-07T20:32:12,5479,130.5,5348.5,CARD
T005733,C0343,2025-12-08T08:10:29,7214,0.0,7214.0,MOBILE_PAY
T005734,C0326,2025-11-02T17:09:53,4120,0.0,4120.0,CASH
T005735,C0321,2026-04-09T01:42:08,7915,628.6,7286.4,MOBILE_PAY
T005736,C0071,2025-11-23T11:33:56,36047,1189.25,34857.75,CARD
T005737,C0294,2025-10-13T12:22:23,936,0.0,936.0,CASH
T005738,C0347,2026-01-14T18:39:41,20333,0.0,20333.0,CARD
T005739,C0398,2026-04-27T04:09:44,1256,0.0,1256.0,CASH
T005740,C0058,2026-04-18T14:39:51,9865,515.0,9350.0,CASH
T005741,C0135,2026-08-21T15:56:54,4837,0.0,4837.0,CASH
T005742,C0327,2026-04-15T17:37:31,8468,163.8,8304.2,MOBILE_PAY
T005743,C0235,2026-02-27T14:09:15,5199,0.0,5199.0,CASH
T005744,C0336,2026-05-03T02:53:57,3086,196.5,2889.5,CASH
T005745,C0178,2025-10-16T10:32:58,1805,0.0,1805.0,MOBILE_PAY
T005746,C0238,2026-06-09T08:20:48,5862,67.8,5794.2,MOBILE_PAY
T005747,C0442,2026-01-21T17:10:46,6195,0.0,6195.0,MOBILE_PAY
T005748,C0245,2025-11-06T06:37:30,2103,0.0,2103.0,MOBILE_PAY
T005749,C0312,2026-04-09T20:29:41,8793,59.1,8733.9,CARD
T005750,C0167,2026-02-25T17:13:14,8687,0.0,8687.0,MOBILE_PAY
T005751,C0045,2026-08-09T09:06:25,563,0.0,563.0,CARD
T005752,C0047,2026-05-08T07:41:27,10006,0.0,10006.0,MOBILE_PAY
T005753,C0155,2025-12-22T15:26:31,8354,45.2,8308.8,CARD
T005754,C0412,2025-10-14T15:35:04,6514,0.0,6514.0,CARD
T005755,C0452,2025-12-24T03:01:37,8381,0.0,8381.0,CASH
T005756,C0076,2026-09-06T09:22:05,2100,0.0,2100.0,CARD
T005757,C0349,2026-08-14T12:01:33,2444,122.2,2321.8,MOBILE_PAY
T005758,C0383,2026-06-14T23:38:30,8208,0.0,8208.0,CASH
T005759,C0312,2025-11-29T03:12:51,3101,16.1,3084.9,CASH
T005760,C0061,2026-02-24T15:02:41,12282,225.6,12056.4,CASH
T005761,C0131,2026-08-21T10:18:39,6802,0.0,6802.0,CARD
T005762,C0199,2026-01-20T18:31:03,5874,118.0,5756.0,CARD
T005763,C0127,2026-06-08T09:42:12,4492,0.0,4492.0,CASH
T005764,C0036,2026-02-01T20:42:09,8416,0.0,8416.0,MOBILE_PAY
T005765,C0422,2026-08-02T08:36:57,291,0.0,291.0,CASH
T005766,C0228,2026-03-01T20:42:57,8274,0.0,8274.0,CARD
T005767,C0271,2026-01-04T23:26:31,2578,0.0,2578.0,MOBILE_PAY
T005768,C0291,2026-05-24T00:45:45,8536,0.0,8536.0,MOBILE_PAY
T005769,C0353,2026-03-13T01:05:44,3115,0.0,3115.0,CARD
T005770,C0144,2026-03-27T18:03:19,10861,0.0,10861.0,CASH
T005771,C0089,2026-01-21T05:07:15,6883,0.0,6883.0,CASH
T005772,C0060,2025-11-08T16:30:30,6715,0.0,6715.0,CARD
T005773,C0421,2026-05-13T23:01:19,13620,71.0,13549.0,CARD
T005774,C0118,2026-05-23T07:12:12,5150,0.0,5150.0,CASH
T005775,C0003,2025-10-29T15:20:53,12175,289.0,11886.0,CARD
T005776,C0299,2026-03-02T02:58:57,8155,0.0,8155.0,CASH
T005777,C0031,2025-10-11T15:42:41,13860,177.3,13682.7,MOBILE_PAY
T005778,C0402,2026-01-30T16:27:29,12778,374.9,12403.1,MOBILE_PAY
T005779,C0052,2026-07-03T02:20:14,4666,0.0,4666.0,MOBILE_PAY
T005780,C0077,2026-09-14T05:15:54,934,0.0,934.0,MOBILE_PAY
T005781,C0200,2026-06-20T04:32:21,1118,0.0,1118.0,CARD
T005782,C0096,2026-07-16T14:45:59,8767,0.0,8767.0,CASH
T005783,C0019,2025-12-25T20:59:46,4698,0.0,4698.0,CARD
T005784,C0289,2026-05-21T21:11:56,12240,85.5,12154.5,MOBILE_PAY
T005785,C0159,2026-06-19T00:59:29,11584,0.0,11584.0,CARD
T005786,C0122,2025-10-05T05:15:04,6010,352.5,5657.5,MOBILE_PAY
T005787,C0317,2026-02-24T13:00:14,2545,0.0,2545.0,CARD
T005788,C0313,2026-07-29T00:03:28,11853,304.0,11549.0,CASH
T005789,C0330,2026-09-16T08:40:19,1180,0.0,1180.0,MOBILE_PAY
T005790,C0418,2026-01-02T10:34:41,4223,118.0,4105.0,MOBILE_PAY
T005791,C0291,2026-08-02T10:50:50,7582,70.25,7511.75,CASH
T005792,C0265,2026-08-03T01:00:19,7291,0.0,7291.0,CARD
T005793,C0350,2026-05-06T07:27:23,6063,0.0,6063.0,CASH
T005794,C0358,2025-10-10T04:09:24,2702,0.0,2702.0,CARD
T005795,C0029,2026-05-04T12:52:42,6359,0.0,6359.0,CASH
T005796,C0175,2026-07-03T15:19:52,7061,562.25,6498.75,CARD
T005797,C0474,2026-06-29T21:15:55,12133,0.0,12133.0,MOBILE_PAY
T005798,C0492,2026-07-15T19:43:38,673,0.0,673.0,CASH
T005799,C0097,2026-04-04T05:42:25,2665,0.0,2665.0,CARD
T005800,C0178,2026-06-04T20:14:52,4364,0.0,4364.0,CASH
T005801,C0410,2025-10-03T06:57:07,6634,107.6,6526.4,CASH
T005802,C0130,2025-12-25T09:35:51,18216,2833.9,15382.1,CARD
T005803,C0200,2026-01-21T03:47:23,4480,0.0,4480.0,CARD
T005804,C0060,2025-11-17T00:54:15,7576,108.3,7467.7,CARD
T005805,C0149,2026-02-04T21:16:44,10979,0.0,10979.0,CASH
T005806,C0299,2026-08-09T13:05:57,8365,0.0,8365.0,CASH
T005807,C0377,2026-06-11T09:07:18,6274,43.2,6230.8,MOBILE_PAY
T005808,C0059,2025-11-10T17:56:57,1180,0.0,1180.0,CASH
T005809,C0057,2026-06-28T03:26:17,6653,0.0,6653.0,CASH
T005810,C0396,2026-05-16T19:37:44,8739,0.0,8739.0,CASH
T005811,C0058,2026-03-21T06:57:46,7733,31.9,7701.1,MOBILE_PAY
T005812,C0363,2026-06-19T09:48:41,4311,125.1,4185.9,MOBILE_PAY
T005813,C0154,2025-10-17T21:32:40,2604,0.0,2604.0,CARD
T005814,C0022,2025-11-14T04:48:41,17716,340.0,17376.0,MOBILE_PAY
T005815,C0354,2026-04-29T18:42:55,3527,0.0,3527.0,MOBILE_PAY
T005816,C0040,2025-10-24T03:20:14,3633,198.6,3434.4,CASH
T005817,C0372,2026-07-10T15:48:02,6298,0.0,6298.0,CASH
T005818,C0110,2026-08-28T14:03:04,4155,0.0,4155.0,CASH
T005819,C0191,2026-02-19T10:31:49,2382,409.5,1972.5,CARD
T005820,C0211,2026-05-02T05:49:33,7194,171.0,7023.0,CARD
T005821,C0176,2026-05-08T03:38:21,6843,0.0,6843.0,MOBILE_PAY
T005822,C0433,2025-11-05T01:23:10,9280,0.0,9280.0,MOBILE_PAY
T005823,C0161,2025-12-09T05:29:09,3540,192.8,3347.2,CARD
T005824,C0021,2026-02-28T12:05:48,5417,0.0,5417.0,MOBILE_PAY
T005825,C0145,2026-04-26T20:58:34,15212,0.0,15212.0,CASH
T005826,C0355,2025-11-21T12:12:51,10243,275.2,9967.8,CASH
T005827,C0465,2026-05-10T08:51:03,15064,335.5,14728.5,CARD
T005828,C0277,2026-02-26T05:36:22,11464,0.0,11464.0,CASH
T005829,C0142,2026-03-26T16:41:27,2340,0.0,2340.0,MOBILE_PAY
T005830,C0382,2025-10-01T11:13:38,4453,0.0,4453.0,CARD
T005831,C0078,2026-03-25T20:24:55,9114,135.6,8978.4,MOBILE_PAY
T005832,C0033,2026-01-12T23:09:45,9781,136.0,9645.0,CARD
T005833,C0421,2025-12-04T07:19:51,9283,817.5,8465.5,CARD
T005834,C0205,2025-11-12T01:23:17,2428,60.6,2367.4,MOBILE_PAY
T005835,C0454,2026-02-03T06:19:32,9410,330.0,9080.0,MOBILE_PAY
T005836,C0258,2026-09-20T11:00:43,8970,69.3,8900.7,CASH
T005837,C0324,2026-01-01T01:18:19,225,0.0,225.0,MOBILE_PAY
T005838,C0266,2025-10-23T07:08:34,1297,128.7,1168.3,CARD
T005839,C0391,2026-05-17T15:55:48,3841,0.0,3841.0,CARD
T005840,C0182,2026-01-01T23:21:08,11652,50.7,11601.3,CARD
T005841,C0345,2026-06-01T21:48:54,1290,0.0,1290.0,CASH
T005842,C0264,2026-09-12T07:47:17,17891,2478.0,15413.0,CASH
T005843,C0364,2026-02-28T20:10:43,13100,0.0,13100.0,CARD
T005844,C0020,2026-07-07T06:04:55,4152,323.0,3829.0,MOBILE_PAY
T005845,C0429,2025-11-20T02:09:13,9036,0.0,9036.0,CARD
T005846,C0469,2026-07-27T13:51:51,13769,0.0,13769.0,MOBILE_PAY
T005847,C0038,2026-09-01T22:56:07,10079,0.0,10079.0,CARD
T005848,C0254,2026-02-06T16:28:49,9618,429.1,9188.9,CARD
T005849,C0162,2025-12-03T00:45:58,2671,15.1,2655.9,CASH
T005850,C0155,2026-03-02T05:19:22,3220,0.0,3220.0,CARD
T005851,C0301,2026-08-02T09:02:08,17860,0.0,17860.0,CARD
T005852,C0144,2025-09-28T14:55:52,12889,126.75,12762.25,CARD
T005853,C0204,2025-11-20T21:14:49,4195,0.0,4195.0,CARD
T005854,C0402,2025-12-03T22:45:44,8041,0.0,8041.0,MOBILE_PAY
T005855,C0026,2025-11-10T04:47:49,8691,0.0,8691.0,CASH
T005856,C0132,2026-03-10T17:34:50,8768,0.0,8768.0,CASH
T005857,C0473,2026-05-07T04:30:39,8135,0.0,8135.0,CARD
T005858,C0431,2026-07-09T17:13:19,1295,0.0,1295.0,CARD
T005859,C0134,2026-09-23T03:46:45,12102,241.8,11860.2,CARD
T005860,C0282,2026-07-18T04:02:48,13242,0.0,13242.0,MOBILE_PAY
T005861,C0301,2025-10-07T00:35:57,6979,0.0,6979.0,CARD
T005862,C0397,2026-04-29T00:55:39,12105,0.0,12105.0,CARD
T005863,C0166,2026-06-29T04:20:16,5581,0.0,5581.0,CASH
T005864,C0210,2026-04-13T08:45:19,13093,0.0,13093.0,CASH
T005865,C0182,2026-03-23T04:19:36,14430,63.8,14366.2,MOBILE_PAY
T005866,C0055,2026-02-16T17:58:55,182,0.0,182.0,MOBILE_PAY
T005867,C0401,2026-08-01T02:59:41,7739,0.0,7739.0,CARD
T005868,C0077,2026-01-12T14:31:00,5898,0.0,5898.0,MOBILE_PAY
T005869,C0280,2026-04-15T01:20:49,5322,0.0,5322.0,MOBILE_PAY
T005870,C0142,2025-10-01T08:20:12,15261,0.0,15261.0,MOBILE_PAY
T005871,C0102,2025-11-21T06:16:39,9254,0.0,9254.0,MOBILE_PAY
T005872,C0329,2026-08-29T03:41:18,6893,58.8,6834.2,MOBILE_PAY
T005873,C0448,2026-08-20T16:31:28,10517,57.8,10459.2,CASH
T005874,C0280,2026-09-22T16:54:48,3602,67.8,3534.2,MOBILE_PAY
T005875,C0181,2026-05-19T15:40:49,12945,142.8,12802.2,CARD
T005876,C0417,2025-12-26T08:18:42,2015,0.0,2015.0,CARD
T005877,C0390,2025-12-13T13:29:29,8545,174.15,8370.85,CARD
T005878,C0408,2026-07-24T08:54:38,9186,140.4,9045.6,MOBILE_PAY
T005879,C0044,2026-02-17T05:20:31,11148,0.0,11148.0,CARD
T005880,C0219,2026-04-27T00:46:18,10624,185.1,10438.9,MOBILE_PAY
T005881,C0196,2025-12-25T21:55:22,10073,0.0,10073.0,CASH
T005882,C0124,2026-07-17T21:16:50,10842,0.0,10842.0,CARD
T005883,C0073,2026-04-10T19:37:33,10980,415.45,10564.55,CASH
T005884,C0353,2026-08-14T16:10:55,1608,0.0,1608.0,MOBILE_PAY
T005885,C0185,2026-01-21T00:45:28,5974,265.0,5709.0,MOBILE_PAY
T005886,C0475,2025-12-10T21:31:37,3826,0.0,3826.0,MOBILE_PAY
T005887,C0220,2026-06-19T07:37:46,10023,0.0,10023.0,CARD
T005888,C0007,2026-08-19T04:40:29,4056,198.6,3857.4,CASH
T005889,C0076,2026-05-26T16:08:13,3301,0.0,3301.0,MOBILE_PAY
T005890,C0376,2026-06-02T08:38:45,10926,0.0,10926.0,MOBILE_PAY
T005891,C0320,2025-10-29T09:27:38,838,0.0,838.0,MOBILE_PAY
T005892,C0331,2025-09-28T22:31:20,724,0.0,724.0,CASH
T005893,C0440,2026-03-04T19:59:59,1110,0.0,1110.0,MOBILE_PAY
T005894,C0206,2026-02-14T21:42:10,2695,0.0,2695.0,CARD
T005895,C0223,2026-03-20T12:22:37,9794,0.0,9794.0,CASH
T005896,C0114,2025-12-29T05:21:35,15091,490.2,14600.8,MOBILE_PAY
T005897,C0199,2026-09-06T03:13:42,11335,416.1,10918.9,CARD
T005898,C0276,2026-08-05T07:22:39,7559,89.4,7469.6,MOBILE_PAY
T005899,C0166,2026-01-31T23:52:13,15052,560.1,14491.9,CARD
T005900,C0403,2026-08-23T21:19:59,5894,327.6,5566.4,CARD
T005901,C0009,2025-10-30T02:02:02,10263,0.0,10263.0,CASH
T005902,C0080,2026-04-01T16:53:31,2289,0.0,2289.0,CARD
T005903,C0346,2026-01-26T06:10:32,3890,0.0,3890.0,MOBILE_PAY
T005904,C0064,2026-02-05T13:51:32,5115,0.0,5115.0,CASH
T005905,C0068,2026-09-18T21:45:19,10392,61.2,10330.8,CASH
T005906,C0407,2026-01-03T19:39:10,8374,40.25,8333.75,MOBILE_PAY
T005907,C0122,2026-02-20T20:15:12,14176,0.0,14176.0,CARD
T005908,C0300,2026-05-08T04:01:50,12255,454.5,11800.5,CASH
T005909,C0009,2025-12-20T19:39:06,3398,0.0,3398.0,CASH
T005910,C0149,2026-07-23T21:35:33,9948,152.75,9795.25,CARD
T005911,C0494,2026-06-22T08:33:41,4214,0.0,4214.0,MOBILE_PAY
T005912,C0197,2026-06-28T11:22:09,21766,0.0,21766.0,CARD
T005913,C0175,2026-02-08T07:56:08,3634,0.0,3634.0,CARD
T005914,C0229,2025-11-13T17:01:13,7501,0.0,7501.0,MOBILE_PAY
T005915,C0155,2025-10-07T09:07:20,10110,319.35,9790.65,MOBILE_PAY
T005916,C0388,2026-09-02T12:28:29,12523,272.5,12250.5,MOBILE_PAY
T005917,C0315,2025-11-29T13:21:56,3695,0.0,3695.0,MOBILE_PAY
T005918,C0220,2026-07-09T11:56:52,6960,289.35,6670.65,CARD
T005919,C0315,2025-10-28T22:19:07,16209,0.0,16209.0,CARD
T005920,C0184,2026-01-23T10:41:32,263,39.45,223.55,CASH
T005921,C0247,2025-10-15T13:39:49,9036,248.25,8787.75,MOBILE_PAY
T005922,C0402,2026-09-14T15:52:47,13143,0.0,13143.0,CARD
T005923,C0096,2026-08-07T00:06:32,9354,0.0,9354.0,MOBILE_PAY
T005924,C0120,2026-07-21T10:34:59,6651,921.3,5729.7,CASH
T005925,C0214,2025-10-31T15:00:04,11283,2478.0,8805.0,MOBILE_PAY
T005926,C0357,2025-11-24T17:57:07,3669,0.0,3669.0,CASH
T005927,C0334,2026-09-16T00:50:14,5865,0.0,5865.0,CASH
T005928,C0040,2026-04-26T04:40:16,6574,0.0,6574.0,CARD
T005929,C0122,2025-12-31T06:06:39,1602,0.0,1602.0,CARD
T005930,C0449,2025-12-09T20:07:15,7853,0.0,7853.0,MOBILE_PAY
T005931,C0442,2025-10-30T23:39:14,7396,46.8,7349.2,MOBILE_PAY
T005932,C0311,2026-05-07T04:13:54,4410,0.0,4410.0,CASH
T005933,C0154,2026-02-02T14:31:45,6131,0.0,6131.0,MOBILE_PAY
T005934,C0078,2026-02-17T01:29:05,5070,0.0,5070.0,MOBILE_PAY
T005935,C0385,2026-04-14T14:25:29,5002,0.0,5002.0,CARD
T005936,C0370,2026-05-31T19:26:05,8892,0.0,8892.0,MOBILE_PAY
T005937,C0266,2026-05-11T15:53:04,506,0.0,506.0,CARD
T005938,C0399,2026-06-28T16:10:19,2252,0.0,2252.0,CARD
T005939,C0039,2026-04-02T13:08:48,6876,0.0,6876.0,CASH
T005940,C0088,2026-05-05T04:44:20,6266,0.0,6266.0,CASH
T005941,C0245,2026-05-09T19:54:32,5251,0.0,5251.0,MOBILE_PAY
T005942,C0498,2025-10-01T22:02:15,356,0.0,356.0,MOBILE_PAY
T005943,C0015,2026-09-24T03:10:16,9250,198.6,9051.4,MOBILE_PAY
T005944,C0313,2025-12-21T22:26:52,4542,0.0,4542.0,CARD
T005945,C0055,2026-02-05T21:20:32,4066,0.0,4066.0,CARD
T005946,C0028,2026-08-07T02:08:59,6992,0.0,6992.0,CASH
T005947,C0309,2026-07-18T19:17:32,9459,0.0,9459.0,CARD
T005948,C0037,2026-08-28T04:13:55,1324,0.0,1324.0,CASH
T005949,C0478,2026-05-19T10:13:04,3701,319.5,3381.5,MOBILE_PAY
T005950,C0351,2026-03-22T12:29:02,486,0.0,486.0,MOBILE_PAY
T005951,C0184,2025-11-05T02:33:13,8706,0.0,8706.0,CARD
T005952,C0345,2026-04-06T15:51:39,2316,0.0,2316.0,CARD
T005953,C0356,2026-09-23T01:12:53,12426,187.2,12238.8,CASH
T005954,C0224,2026-04-06T17:22:25,1820,0.0,1820.0,CASH
T005955,C0318,2025-10-28T21:55:53,9939,363.6,9575.4,MOBILE_PAY
T005956,C0251,2026-08-26T02:48:31,3219,0.0,3219.0,MOBILE_PAY
T005957,C0338,2026-04-04T00:01:09,9868,356.0,9512.0,CASH
T005958,C0253,2026-06-25T20:21:56,1172,0.0,1172.0,CARD
T005959,C0209,2025-10-07T16:50:03,9623,16.55,9606.45,CARD
T005960,C0298,2025-12-10T22:39:33,1064,0.0,1064.0,CARD
T005961,C0042,2025-10-09T23:11:53,404,0.0,404.0,CARD
T005962,C0406,2026-02-08T10:09:32,6633,0.0,6633.0,CARD
T005963,C0270,2026-03-05T19:47:07,5669,0.0,5669.0,MOBILE_PAY
T005964,C0391,2026-04-09T14:05:35,14220,1982.4,12237.6,CARD
T005965,C0346,2026-03-21T18:49:31,3087,324.0,2763.0,CARD
T005966,C0324,2026-09-14T17:49:23,7957,0.0,7957.0,CARD
T005967,C0203,2025-10-19T09:55:45,5640,0.0,5640.0,MOBILE_PAY
T005968,C0399,2026-09-09T04:30:35,15693,396.25,15296.75,MOBILE_PAY
T005969,C0437,2026-05-07T20:45:14,7642,0.0,7642.0,CARD
T005970,C0161,2026-01-23T03:17:50,7567,0.0,7567.0,CASH
T005971,C0286,2025-10-25T21:51:48,4982,157.8,4824.2,MOBILE_PAY
T005972,C0454,2025-11-16T14:28:32,3189,0.0,3189.0,CARD
T005973,C0396,2026-01-03T18:58:56,22007,0.0,22007.0,CARD
T005974,C0071,2026-09-15T17:19:29,14970,96.45,14873.55,CASH
T005975,C0094,2026-09-24T13:40:44,11379,603.7,10775.3,CARD
T005976,C0391,2026-06-25T14:39:46,2385,0.0,2385.0,MOBILE_PAY
T005977,C0035,2026-02-22T15:10:33,14332,90.4,14241.6,MOBILE_PAY
T005978,C0122,2025-09-29T03:39:29,13870,0.0,13870.0,CASH
T005979,C0325,2026-02-02T10:14:49,5852,0.0,5852.0,CASH
T005980,C0199,2025-11-02T11:41:55,20303,256.5,20046.5,CARD
T005981,C0079,2026-02-26T14:00:01,28200,1350.5,26849.5,CASH
T005982,C0082,2026-01-03T16:22:49,18194,234.0,17960.0,CARD
T005983,C0438,2026-04-25T08:04:48,7389,1090.0,6299.0,MOBILE_PAY
T005984,C0364,2026-08-07T12:38:16,4529,20.5,4508.5,MOBILE_PAY
T005985,C0350,2025-12-26T07:53:00,8940,807.0,8133.0,CASH
T005986,C0121,2026-07-19T17:39:18,1011,0.0,1011.0,MOBILE_PAY
T005987,C0407,2026-05-31T17:37:49,3363,43.2,3319.8,CASH
T005988,C0266,2026-05-30T09:58:50,19180,0.0,19180.0,CARD
T005989,C0083,2026-04-30T22:23:27,11658,0.0,11658.0,CASH
T005990,C0008,2026-05-14T15:33:37,11549,0.0,11549.0,MOBILE_PAY
T005991,C0438,2026-01-29T20:30:07,3979,0.0,3979.0,CASH
T005992,C0217,2025-12-17T09:16:24,2874,0.0,2874.0,CARD
T005993,C0194,2025-12-29T03:04:26,6227,0.0,6227.0,MOBILE_PAY
T005994,C0067,2026-03-20T08:29:43,592,0.0,592.0,MOBILE_PAY
T005995,C0375,2026-02-23T20:59:01,5440,0.0,5440.0,MOBILE_PAY
T005996,C0090,2026-05-02T05:28:30,7990,0.0,7990.0,MOBILE_PAY
T005997,C0107,2026-01-05T19:37:18,7198,0.0,7198.0,MOBILE_PAY
T005998,C0130,2025-11-11T01:30:19,2475,247.5,2227.5,MOBILE_PAY
T005999,C0276,2026-07-17T21:44:10,1621,0.0,1621.0,CASH
T006000,C0287,2026-05-01T17:42:08,6345,716.3,5628.7,CARD
T006001,C0441,2026-03-22T10:09:04,3875,295.2,3579.8,MOBILE_PAY
T006002,C0065,2026-07-20T23:27:40,308,0.0,308.0,MOBILE_PAY
T006003,C0361,2026-08-16T16:23:28,2056,53.6,2002.4,CASH
T006004,C0140,2026-03-03T01:40:03,1540,0.0,1540.0,CARD
T006005,C0230,2026-03-23T23:03:25,10376,169.5,10206.5,CARD
T006006,C0480,2026-03-26T18:56:26,8506,0.0,8506.0,MOBILE_PAY
T006007,C0384,2026-08-29T11:25:27,6858,0.0,6858.0,CASH
T006008,C0358,2026-06-13T09:50:44,2264,0.0,2264.0,MOBILE_PAY
T006009,C0218,2026-03-15T10:43:48,1276,127.6,1148.4,MOBILE_PAY
T006010,C0189,2026-08-26T09:13:28,9476,0.0,9476.0,MOBILE_PAY
T006011,C0233,2025-10-20T20:00:56,7435,0.0,7435.0,MOBILE_PAY
T006012,C0242,2025-09-30T22:19:16,6703,15.3,6687.7,CARD
T006013,C0161,2026-02-24T21:06:49,338,0.0,338.0,CASH
T006014,C0459,2026-01-13T22:52:06,1145,0.0,1145.0,CASH
T006015,C0435,2025-12-23T10:44:21,1551,0.0,1551.0,CARD
T006016,C0221,2026-01-25T17:44:19,9493,299.8,9193.2,CARD
T006017,C0080,2026-01-31T08:16:03,10207,289.35,9917.65,MOBILE_PAY
T006018,C0205,2026-06-09T01:40:37,8423,107.1,8315.9,CASH
T006019,C0269,2026-08-20T14:11:15,10271,0.0,10271.0,CARD
T006020,C0315,2026-07-01T17:32:58,5925,30.3,5894.7,CARD
T006021,C0225,2026-09-23T22:23:53,17330,295.5,17034.5,MOBILE_PAY
T006022,C0165,2026-05-13T07:10:37,888,0.0,888.0,CARD
T006023,C0295,2026-08-03T14:22:31,7171,0.0,7171.0,CARD
T006024,C0211,2026-07-02T08:11:40,4349,0.0,4349.0,MOBILE_PAY
T006025,C0190,2026-03-23T00:08:29,10311,0.0,10311.0,CASH
T006026,C0370,2026-06-16T22:34:53,4680,0.0,4680.0,CASH
T006027,C0452,2026-05-31T21:38:17,4465,171.0,4294.0,CARD
T006028,C0399,2026-06-13T19:46:29,10086,526.8,9559.2,CASH
T006029,C0037,2026-08-20T07:08:11,7740,0.0,7740.0,CASH
T006030,C0059,2025-12-26T20:10:31,12889,830.6,12058.4,CASH
T006031,C0022,2026-08-20T13:52:46,14122,0.0,14122.0,CASH
T006032,C0209,2025-10-28T08:43:26,9670,0.0,9670.0,CARD
T006033,C0234,2026-06-02T11:12:14,6153,313.9,5839.1,MOBILE_PAY
T006034,C0017,2026-07-20T10:21:39,6393,181.8,6211.2,CARD
T006035,C0339,2026-03-29T18:03:57,4063,0.0,4063.0,CARD
T006036,C0191,2026-07-19T13:20:59,8213,0.0,8213.0,CASH
T006037,C0324,2025-12-28T01:35:42,5041,0.0,5041.0,CASH
T006038,C0391,2025-10-14T14:34:11,2430,0.0,2430.0,CASH
T006039,C0418,2025-12-24T16:37:14,9917,39.45,9877.55,CARD
T006040,C0369,2025-12-23T23:23:35,2685,0.0,2685.0,CASH
T006041,C0208,2025-12-05T00:59:56,3443,0.0,3443.0,CASH
T006042,C0179,2026-01-07T21:17:30,3382,0.0,3382.0,CARD
T006043,C0277,2026-05-10T14:08:08,4266,0.0,4266.0,CASH
T006044,C0338,2026-07-31T13:44:22,6176,0.0,6176.0,MOBILE_PAY
T006045,C0415,2026-03-09T11:20:16,5653,170.0,5483.0,MOBILE_PAY
T006046,C0016,2026-07-14T22:33:04,6081,0.0,6081.0,CASH
T006047,C0206,2026-08-15T03:00:17,1774,0.0,1774.0,CARD
T006048,C0222,2026-07-04T21:34:10,1750,0.0,1750.0,CASH
T006049,C0053,2026-07-05T23:02:04,9298,71.0,9227.0,CASH
T006050,C0370,2026-03-21T12:11:04,17400,0.0,17400.0,CARD
T006051,C0464,2026-02-03T17:40:14,774,154.8,619.2,CASH
T006052,C0023,2026-09-16T15:04:03,2490,0.0,2490.0,MOBILE_PAY
T006053,C0140,2026-07-17T11:15:31,11214,0.0,11214.0,CASH
T006054,C0155,2026-04-09T09:57:01,3347,72.2,3274.8,MOBILE_PAY
T006055,C0404,2026-09-10T07:24:09,9580,0.0,9580.0,CASH
T006056,C0331,2026-01-07T19:42:45,18210,0.0,18210.0,MOBILE_PAY
T006057,C0106,2026-08-30T11:46:01,2442,0.0,2442.0,CARD
T006058,C0380,2026-02-06T10:29:40,2913,0.0,2913.0,CASH
T006059,C0421,2025-11-11T10:53:31,17154,1204.8,15949.2,MOBILE_PAY
T006060,C0311,2026-07-27T00:05:44,3578,0.0,3578.0,CASH
T006061,C0119,2025-09-27T09:48:16,8883,1060.9,7822.1,CASH
T006062,C0142,2026-01-22T15:27:32,11926,0.0,11926.0,MOBILE_PAY
T006063,C0294,2026-04-26T02:29:02,3903,0.0,3903.0,MOBILE_PAY
T006064,C0029,2026-01-14T09:02:08,15863,0.0,15863.0,CARD
T006065,C0175,2026-09-10T14:33:41,8573,0.0,8573.0,MOBILE_PAY
T006066,C0324,2026-04-22T09:47:23,3883,381.6,3501.4,CASH
T006067,C0060,2026-08-26T19:15:33,7002,0.0,7002.0,CARD
T006068,C0095,2025-10-14T01:21:10,2045,0.0,2045.0,MOBILE_PAY
T006069,C0203,2026-05-13T02:45:44,9556,296.0,9260.0,CARD
T006070,C0191,2026-01-23T03:21:04,2873,0.0,2873.0,MOBILE_PAY
T006071,C0131,2026-06-26T11:45:02,1265,63.9,1201.1,MOBILE_PAY
T006072,C0335,2026-09-01T10:02:31,16337,644.1,15692.9,CARD
T006073,C0423,2026-03-16T16:36:41,1436,0.0,1436.0,CASH
T006074,C0422,2026-07-05T23:39:44,800,0.0,800.0,CARD
T006075,C0410,2026-08-04T17:54:55,9115,0.0,9115.0,CASH
T006076,C0457,2025-12-20T15:24:20,11640,101.7,11538.3,MOBILE_PAY
T006077,C0265,2026-08-20T22:37:45,4320,587.5,3732.5,MOBILE_PAY
T006078,C0042,2025-11-11T17:57:00,9994,0.0,9994.0,CARD
T006079,C0458,2026-04-25T13:01:35,1887,0.0,1887.0,MOBILE_PAY
T006080,C0404,2025-11-02T07:06:12,7812,0.0,7812.0,CASH
T006081,C0357,2026-02-08T01:11:58,6582,1091.0,5491.0,CARD
T006082,C0339,2026-02-24T14:03:28,7209,8.05,7200.95,CASH
T006083,C0128,2025-10-04T20:52:04,4763,67.8,4695.2,MOBILE_PAY
T006084,C0132,2026-08-25T21:27:12,5253,0.0,5253.0,CASH
T006085,C0046,2026-02-06T16:16:01,9379,0.0,9379.0,MOBILE_PAY
T006086,C0404,2026-08-21T11:56:28,2682,110.0,2572.0,MOBILE_PAY
T006087,C0299,2026-01-17T17:13:48,9088,0.0,9088.0,CARD
T006088,C0401,2025-11-29T06:35:41,15636,450.3,15185.7,MOBILE_PAY
T006089,C0241,2026-04-03T02:44:01,2111,0.0,2111.0,CASH
T006090,C0117,2025-10-17T06:28:59,4444,0.0,4444.0,MOBILE_PAY
T006091,C0301,2026-03-22T23:50:23,13641,0.0,13641.0,CASH
T006092,C0325,2026-05-16T02:33:28,6769,108.0,6661.0,CARD
T006093,C0493,2026-07-26T23:48:20,10139,0.0,10139.0,CARD
T006094,C0288,2026-08-22T21:21:04,6960,0.0,6960.0,MOBILE_PAY
T006095,C0268,2026-05-11T23:03:23,1321,0.0,1321.0,CASH
T006096,C0431,2026-09-08T07:31:35,10835,67.8,10767.2,CASH
T006097,C0256,2026-09-27T01:41:05,20986,229.3,20756.7,MOBILE_PAY
T006098,C0147,2026-02-14T01:06:45,3084,0.0,3084.0,CASH
T006099,C0480,2026-08-10T19:39:00,18890,0.0,18890.0,CASH
T006100,C0181,2026-05-10T10:11:44,1980,0.0,1980.0,CASH
T006101,C0024,2026-07-03T04:09:18,2295,0.0,2295.0,CASH
T006102,C0371,2026-09-07T20:04:14,5726,90.0,5636.0,MOBILE_PAY
T006103,C0462,2026-01-21T08:42:44,8735,425.0,8310.0,CARD
T006104,C0051,2026-08-05T00:56:17,8677,0.0,8677.0,CARD
T006105,C0053,2026-03-31T15:44:10,6847,180.5,6666.5,CASH
T006106,C0314,2026-03-06T21:25:37,6893,176.4,6716.6,CASH
T006107,C0083,2026-08-16T09:11:03,15002,0.0,15002.0,CASH
T006108,C0066,2025-11-11T20:44:25,9062,0.0,9062.0,MOBILE_PAY
T006109,C0220,2025-11-07T03:12:24,5694,192.9,5501.1,CASH
T006110,C0001,2025-11-08T00:47:49,2007,46.8,1960.2,CASH
T006111,C0153,2025-10-17T04:15:07,3452,0.0,3452.0,CARD
T006112,C0393,2026-04-03T07:05:46,1460,0.0,1460.0,CARD
T006113,C0266,2026-05-09T00:43:28,15485,1083.55,14401.45,CASH
T006114,C0490,2026-03-29T20:16:41,2411,0.0,2411.0,CASH
T006115,C0314,2026-02-26T14:24:48,1886,0.0,1886.0,MOBILE_PAY
T006116,C0395,2026-01-24T09:12:14,7290,415.2,6874.8,MOBILE_PAY
T006117,C0463,2026-09-04T11:22:02,21739,335.5,21403.5,CARD
T006118,C0111,2026-03-20T21:08:35,3299,96.45,3202.55,MOBILE_PAY
T006119,C0288,2026-02-14T21:25:10,6028,22.65,6005.35,CARD
T006120,C0276,2026-01-17T21:08:38,2534,138.0,2396.0,CASH
T006121,C0451,2026-06-15T21:18:33,5867,65.4,5801.6,MOBILE_PAY
T006122,C0239,2026-07-12T21:44:15,7876,0.0,7876.0,CARD
T006123,C0377,2026-02-10T15:13:38,8680,213.0,8467.0,CARD
T006124,C0399,2026-03-08T17:53:46,5918,0.0,5918.0,CASH
T006125,C0098,2026-02-06T21:04:12,6970,0.0,6970.0,MOBILE_PAY
T006126,C0371,2026-03-25T10:45:06,2024,0.0,2024.0,MOBILE_PAY
T006127,C0458,2025-11-24T11:34:43,17672,212.0,17460.0,CARD
T006128,C0480,2026-04-14T00:31:35,2032,0.0,2032.0,CASH
T006129,C0438,2026-05-04T19:32:22,8860,270.75,8589.25,CARD
T006130,C0469,2026-07-31T04:27:13,3394,0.0,3394.0,CASH
T006131,C0180,2026-03-23T08:15:10,14614,0.0,14614.0,MOBILE_PAY
T006132,C0001,2025-11-25T04:45:12,5729,123.6,5605.4,CARD
T006133,C0148,2025-11-30T21:56:30,15336,580.4,14755.6,CASH
T006134,C0031,2026-02-24T17:38:27,9539,0.0,9539.0,MOBILE_PAY
T006135,C0433,2026-06-19T13:58:22,2795,0.0,2795.0,MOBILE_PAY
T006136,C0342,2026-05-09T05:14:37,2689,258.0,2431.0,CARD
T006137,C0120,2025-12-17T20:57:56,7351,0.0,7351.0,CARD
T006138,C0414,2026-01-20T06:07:26,13150,385.8,12764.2,CARD
T006139,C0442,2026-04-12T03:32:36,7290,30.3,7259.7,MOBILE_PAY
T006140,C0189,2026-02-05T11:49:19,2407,0.0,2407.0,CARD
T006141,C0204,2026-01-09T12:07:34,12287,0.0,12287.0,CARD
T006142,C0157,2026-06-18T11:39:30,12349,566.25,11782.75,CASH
T006143,C0287,2025-10-06T21:17:33,9198,0.0,9198.0,CASH
T006144,C0384,2026-07-18T17:50:47,892,0.0,892.0,MOBILE_PAY
T006145,C0263,2025-12-15T04:55:30,10746,0.0,10746.0,CARD
T006146,C0223,2026-05-10T12:30:46,11273,412.5,10860.5,CARD
T006147,C0351,2025-10-01T07:53:22,15808,121.6,15686.4,CARD
T006148,C0313,2026-05-21T17:44:28,1270,0.0,1270.0,CARD
T006149,C0177,2026-04-12T08:46:10,3760,0.0,3760.0,CASH
T006150,C0204,2026-01-05T09:52:03,3673,0.0,3673.0,CASH
T006151,C0266,2026-06-20T10:05:01,5892,248.25,5643.75,CASH
T006152,C0389,2026-02-21T22:45:35,12492,73.0,12419.0,MOBILE_PAY
T006153,C0002,2026-04-20T12:04:33,7231,0.0,7231.0,CARD
T006154,C0112,2026-08-26T14:28:14,7484,0.0,7484.0,CASH
T006155,C0154,2026-02-09T18:32:57,1208,0.0,1208.0,CASH
T006156,C0495,2026-07-12T07:24:51,418,0.0,418.0,CARD
T006157,C0023,2026-03-08T04:14:21,1408,0.0,1408.0,MOBILE_PAY
T006158,C0234,2025-10-01T17:07:43,2480,0.0,2480.0,CARD
T006159,C0299,2026-08-20T14:44:27,14121,497.5,13623.5,CASH
T006160,C0222,2026-03-14T18:47:32,6605,71.0,6534.0,CARD
T006161,C0449,2026-02-21T10:55:38,4958,91.65,4866.35,MOBILE_PAY
T006162,C0048,2026-07-05T06:54:51,2281,0.0,2281.0,CASH
T006163,C0111,2026-05-14T11:14:11,10768,176.8,10591.2,CASH
T006164,C0337,2026-07-07T08:46:13,9872,0.0,9872.0,CASH
T006165,C0267,2026-05-17T07:31:23,3962,0.0,3962.0,CARD
T006166,C0371,2025-12-06T23:07:44,16361,323.0,16038.0,MOBILE_PAY
T006167,C0110,2026-09-20T10:02:16,918,0.0,918.0,CARD
T006168,C0121,2026-08-29T09:51:48,5891,0.0,5891.0,CARD
T006169,C0222,2026-06-06T16:48:54,2340,60.8,2279.2,MOBILE_PAY
T006170,C0025,2026-07-03T01:26:57,4349,187.2,4161.8,CARD
T006171,C0187,2026-08-28T09:38:07,13258,680.85,12577.15,CARD
T006172,C0141,2026-03-04T15:03:36,5741,61.1,5679.9,CARD
T006173,C0277,2025-10-23T13:37:03,3484,0.0,3484.0,CARD
T006174,C0246,2025-12-21T03:13:04,3657,0.0,3657.0,MOBILE_PAY
T006175,C0374,2026-04-16T23:59:13,1514,0.0,1514.0,MOBILE_PAY
T006176,C0060,2025-11-17T15:09:00,9025,0.0,9025.0,MOBILE_PAY
T006177,C0356,2026-09-24T00:53:52,1197,0.0,1197.0,MOBILE_PAY
T006178,C0106,2026-03-05T10:06:23,3171,0.0,3171.0,CASH
T006179,C0160,2026-07-27T21:35:26,2325,0.0,2325.0,CASH
T006180,C0116,2026-04-28T01:14:19,2860,0.0,2860.0,CARD
T006181,C0283,2026-03-31T06:46:38,1390,0.0,1390.0,CARD
T006182,C0197,2025-10-10T09:33:35,3045,0.0,3045.0,MOBILE_PAY
T006183,C0146,2026-05-27T22:19:07,21500,1481.4,20018.6,MOBILE_PAY
T006184,C0215,2026-07-22T08:41:46,17137,0.0,17137.0,CARD
T006185,C0223,2026-08-28T04:02:20,19028,0.0,19028.0,MOBILE_PAY
T006186,C0364,2026-03-18T06:32:54,5222,22.6,5199.4,CASH
T006187,C0174,2026-09-05T06:22:23,2471,0.0,2471.0,MOBILE_PAY
T006188,C0433,2026-03-17T10:29:23,1256,0.0,1256.0,MOBILE_PAY
T006189,C0041,2026-09-08T01:39:23,5135,0.0,5135.0,CASH
T006190,C0432,2026-03-23T11:02:04,8061,425.0,7636.0,CARD
T006191,C0389,2026-03-16T18:53:00,9762,75.8,9686.2,CARD
T006192,C0318,2026-05-16T19:15:34,6793,0.0,6793.0,MOBILE_PAY
T006193,C0062,2026-02-19T18:11:16,9075,342.8,8732.2,CASH
T006194,C0214,2026-03-28T04:29:14,9070,0.0,9070.0,CASH
T006195,C0202,2025-10-13T03:49:54,2167,0.0,2167.0,CARD
T006196,C0401,2026-07-18T05:19:45,5691,0.0,5691.0,MOBILE_PAY
T006197,C0373,2026-06-08T08:53:39,3677,0.0,3677.0,CASH
T006198,C0379,2025-12-15T22:39:47,10391,0.0,10391.0,MOBILE_PAY
T006199,C0184,2026-05-06T10:57:14,9320,0.0,9320.0,CARD
T006200,C0228,2026-05-04T16:59:23,4535,132.7,4402.3,CARD
T006201,C0465,2026-09-09T02:54:37,2086,0.0,2086.0,CARD
T006202,C0371,2026-08-13T20:13:16,8457,0.0,8457.0,MOBILE_PAY
T006203,C0453,2026-03-04T01:29:30,2932,0.0,2932.0,MOBILE_PAY
T006204,C0428,2025-11-22T07:54:52,4280,178.0,4102.0,CARD
T006205,C0170,2026-02-20T09:41:27,1728,432.0,1296.0,MOBILE_PAY
T006206,C0364,2025-12-22T19:38:38,524,0.0,524.0,CARD
T006207,C0456,2026-04-08T07:11:55,10793,0.0,10793.0,CASH
T006208,C0242,2026-03-28T04:56:21,10817,0.0,10817.0,CASH
T006209,C0368,2026-05-14T03:05:52,13786,0.0,13786.0,CARD
T006210,C0099,2025-12-07T15:21:33,2503,0.0,2503.0,CARD
T006211,C0314,2026-09-03T18:51:34,1052,0.0,1052.0,MOBILE_PAY
T006212,C0111,2026-07-13T18:42:15,4801,135.6,4665.4,CARD
T006213,C0437,2026-08-07T00:56:49,3300,0.0,3300.0,CASH
T006214,C0115,2026-07-18T23:19:20,4166,325.2,3840.8,CARD
T006215,C0331,2026-09-20T15:54:11,13594,150.0,13444.0,CARD
T006216,C0001,2026-03-18T17:32:46,8613,170.0,8443.0,CASH
T006217,C0087,2025-10-24T09:00:08,1416,0.0,1416.0,CASH
T006218,C0288,2026-06-14T12:23:54,6589,120.9,6468.1,CASH
T006219,C0203,2026-07-29T06:33:21,6240,0.0,6240.0,CARD
T006220,C0432,2025-10-30T10:46:36,3201,0.0,3201.0,CARD
T006221,C0457,2025-10-18T17:03:38,5800,0.0,5800.0,CARD
T006222,C0017,2026-03-16T07:26:14,7825,0.0,7825.0,CASH
T006223,C0142,2026-07-19T03:53:26,10875,490.0,10385.0,CARD
T006224,C0226,2025-12-28T20:30:13,9639,99.3,9539.7,CARD
T006225,C0174,2026-02-13T03:47:04,3175,0.0,3175.0,CARD
T006226,C0018,2025-11-14T03:07:58,15414,153.0,15261.0,CASH
T006227,C0094,2025-11-16T18:38:29,12420,0.0,12420.0,MOBILE_PAY
T006228,C0193,2026-04-30T09:30:36,6191,151.65,6039.35,CARD
T006229,C0287,2026-05-17T03:55:58,7598,116.95,7481.05,CARD
T006230,C0395,2026-03-09T04:17:33,13587,108.0,13479.0,CASH
T006231,C0411,2025-12-03T05:36:13,5513,0.0,5513.0,MOBILE_PAY
T006232,C0464,2025-12-09T01:47:14,4751,0.0,4751.0,CARD
T006233,C0489,2026-06-10T20:52:01,1950,0.0,1950.0,CARD
T006234,C0315,2026-08-01T05:51:06,17017,0.0,17017.0,CASH
T006235,C0455,2025-10-09T21:33:17,4260,0.0,4260.0,MOBILE_PAY
T006236,C0426,2026-03-04T07:04:20,2464,0.0,2464.0,MOBILE_PAY
T006237,C0225,2026-04-24T20:36:08,6511,0.0,6511.0,CARD
T006238,C0006,2026-09-12T04:47:13,3387,90.0,3297.0,CASH
T006239,C0011,2026-06-07T22:40:29,6134,85.2,6048.8,MOBILE_PAY
T006240,C0354,2026-09-18T03:12:41,5622,306.0,5316.0,MOBILE_PAY
T006241,C0345,2025-12-01T11:58:35,2972,0.0,2972.0,CASH
T006242,C0267,2026-01-16T21:44:44,1156,0.0,1156.0,MOBILE_PAY
T006243,C0481,2025-12-14T14:55:55,7806,0.0,7806.0,CASH
T006244,C0094,2025-11-29T23:03:02,2615,0.0,2615.0,CARD
T006245,C0315,2025-12-26T07:35:48,3885,0.0,3885.0,CARD
T006246,C0231,2025-12-11T01:53:29,9159,0.0,9159.0,CARD
T006247,C0175,2026-06-20T01:58:20,12424,177.3,12246.7,MOBILE_PAY
T006248,C0454,2026-07-25T18:35:18,1583,0.0,1583.0,CARD
T006249,C0465,2025-12-30T05:03:55,5861,0.0,5861.0,CARD
T006250,C0074,2025-10-17T10:24:38,5738,673.2,5064.8,CARD
T006251,C0277,2026-07-30T05:34:06,13134,0.0,13134.0,CARD
T006252,C0077,2025-11-21T20:33:58,3047,0.0,3047.0,CARD
T006253,C0218,2025-12-20T01:02:18,6595,0.0,6595.0,CARD
T006254,C0408,2026-05-24T19:37:51,5313,0.0,5313.0,CARD
T006255,C0020,2026-05-14T04:16:55,10747,491.25,10255.75,CARD
T006256,C0423,2026-09-23T02:23:46,4390,497.2,3892.8,CARD
T006257,C0343,2025-12-25T12:33:15,9542,0.0,9542.0,CASH
T006258,C0398,2026-01-03T05:45:55,8937,25.35,8911.65,MOBILE_PAY
T006259,C0413,2026-01-13T23:52:18,2377,0.0,2377.0,MOBILE_PAY
T006260,C0284,2026-02-21T12:07:51,12641,455.85,12185.15,MOBILE_PAY
T006261,C0085,2025-10-06T01:03:11,9733,801.4,8931.6,CASH
T006262,C0215,2026-07-30T02:48:53,4647,41.9,4605.1,CARD
T006263,C0330,2026-03-02T01:39:18,10490,272.7,10217.3,MOBILE_PAY
T006264,C0425,2026-08-09T13:30:55,1252,0.0,1252.0,CARD
T006265,C0087,2026-06-29T09:16:45,8344,0.0,8344.0,MOBILE_PAY
T006266,C0042,2026-09-07T18:26:43,18539,2469.0,16070.0,MOBILE_PAY
T006267,C0385,2025-10-07T23:23:53,3616,0.0,3616.0,MOBILE_PAY
T006268,C0434,2026-08-17T09:04:35,8870,0.0,8870.0,CARD
T006269,C0088,2026-08-22T16:15:39,8129,612.1,7516.9,MOBILE_PAY
T006270,C0175,2026-02-21T00:34:45,1824,0.0,1824.0,CARD
T006271,C0111,2026-05-05T02:17:29,10702,108.0,10594.0,CARD
T006272,C0193,2026-01-05T17:02:03,8960,0.0,8960.0,MOBILE_PAY
T006273,C0069,2026-06-29T03:12:35,4052,0.0,4052.0,CASH
T006274,C0137,2025-12-24T06:32:48,1142,0.0,1142.0,MOBILE_PAY
T006275,C0045,2026-06-18T09:20:05,4654,55.0,4599.0,CASH
T006276,C0396,2026-09-18T11:04:26,22260,0.0,22260.0,CARD
T006277,C0036,2025-09-28T04:17:42,9726,0.0,9726.0,CASH
T006278,C0394,2026-03-01T04:08:03,10746,102.5,10643.5,CARD
T006279,C0476,2026-05-22T22:47:37,17403,0.0,17403.0,CASH
T006280,C0203,2026-02-07T19:09:14,7330,154.8,7175.2,CASH
T006281,C0318,2026-06-08T09:55:55,8318,0.0,8318.0,CASH
T006282,C0493,2025-11-16T23:17:10,5769,140.4,5628.6,MOBILE_PAY
T006283,C0286,2025-12-10T08:31:31,11273,0.0,11273.0,CARD
T006284,C0461,2026-02-06T17:22:12,10395,0.0,10395.0,CARD
T006285,C0300,2026-03-16T05:57:25,15601,153.0,15448.0,CARD
T006286,C0343,2026-04-24T02:23:41,8350,0.0,8350.0,CARD
T006287,C0378,2026-09-04T00:34:23,4164,0.0,4164.0,CARD
T006288,C0065,2026-02-26T10:31:38,10234,0.0,10234.0,MOBILE_PAY
T006289,C0398,2026-01-30T18:29:06,7847,589.3,7257.7,MOBILE_PAY
T006290,C0121,2026-07-26T15:12:27,9116,817.5,8298.5,CARD
T006291,C0488,2025-11-20T21:03:09,1100,0.0,1100.0,CARD
T006292,C0208,2026-05-17T19:53:15,6614,24.15,6589.85,CARD
T006293,C0097,2026-01-23T22:27:31,24074,0.0,24074.0,CARD
T006294,C0122,2025-11-01T08:52:02,4795,0.0,4795.0,CARD
T006295,C0462,2025-11-19T07:26:49,11956,305.5,11650.5,MOBILE_PAY
T006296,C0096,2026-04-11T17:38:54,8763,240.0,8523.0,CASH
T006297,C0384,2026-02-07T17:42:23,8145,651.5,7493.5,MOBILE_PAY
T006298,C0024,2025-12-30T10:30:21,7125,458.0,6667.0,CASH
T006299,C0111,2026-04-02T15:02:25,20556,0.0,20556.0,MOBILE_PAY
T006300,C0126,2026-07-02T02:50:04,15927,0.0,15927.0,CARD
T006301,C0341,2026-08-17T10:14:57,7237,0.0,7237.0,MOBILE_PAY
T006302,C0365,2025-10-16T03:24:50,5958,80.45,5877.55,CASH
T006303,C0469,2025-10-10T02:26:28,4689,0.0,4689.0,CASH
T006304,C0437,2026-07-29T07:54:37,4125,412.5,3712.5,CARD
T006305,C0344,2026-02-22T20:20:00,7364,0.0,7364.0,MOBILE_PAY
T006306,C0249,2026-08-27T20:25:51,4773,0.0,4773.0,CARD
T006307,C0431,2026-09-27T10:09:13,10654,0.0,10654.0,CARD
T006308,C0121,2026-01-08T03:51:27,9221,16.1,9204.9,MOBILE_PAY
T006309,C0157,2026-01-03T20:27:58,17030,797.0,16233.0,MOBILE_PAY
T006310,C0287,2026-04-21T12:39:42,768,0.0,768.0,CARD
T006311,C0272,2026-09-06T06:52:48,5549,0.0,5549.0,MOBILE_PAY
T006312,C0057,2026-08-14T20:34:51,3014,0.0,3014.0,CASH
T006313,C0024,2026-05-01T02:10:26,3904,406.5,3497.5,CARD
T006314,C0383,2026-02-04T21:38:22,4562,170.0,4392.0,MOBILE_PAY
T006315,C0393,2026-01-16T20:20:10,8950,0.0,8950.0,CASH
T006316,C0495,2026-04-21T18:40:43,7035,157.8,6877.2,CASH
T006317,C0050,2026-04-01T06:15:09,18554,0.0,18554.0,CARD
T006318,C0408,2026-07-27T03:44:16,7030,252.7,6777.3,CASH
T006319,C0374,2026-02-06T13:49:14,11238,213.0,11025.0,CARD
T006320,C0356,2025-12-31T14:10:39,13026,850.0,12176.0,MOBILE_PAY
T006321,C0425,2025-11-07T16:41:59,3779,0.0,3779.0,MOBILE_PAY
T006322,C0087,2025-11-11T12:10:25,9590,0.0,9590.0,MOBILE_PAY
T006323,C0160,2026-05-10T00:16:38,7620,0.0,7620.0,CARD
T006324,C0005,2026-05-30T15:08:53,1788,0.0,1788.0,CASH
T006325,C0176,2026-07-16T21:24:08,528,0.0,528.0,MOBILE_PAY
T006326,C0429,2026-07-21T06:01:45,3425,0.0,3425.0,CASH
T006327,C0033,2026-08-03T19:12:43,12823,1076.0,11747.0,CARD
T006328,C0009,2026-04-17T08:10:53,8683,53.8,8629.2,MOBILE_PAY
T006329,C0320,2026-07-28T11:42:41,9351,0.0,9351.0,CARD
T006330,C0456,2025-10-01T02:11:47,4475,130.5,4344.5,CARD
T006331,C0431,2026-01-04T16:11:42,9179,289.35,8889.65,CARD
T006332,C0201,2025-12-01T00:43:49,6727,0.0,6727.0,CARD
T006333,C0240,2026-02-14T21:54:37,7617,0.0,7617.0,MOBILE_PAY
T006334,C0078,2026-02-10T05:37:34,3081,0.0,3081.0,CARD
T006335,C0220,2026-01-26T01:42:01,2999,0.0,2999.0,CASH
T006336,C0196,2026-09-13T13:29:04,11605,540.0,11065.0,MOBILE_PAY
T006337,C0471,2025-11-21T21:15:56,12678,284.0,12394.0,CASH
T006338,C0396,2026-04-20T21:14:02,7511,0.0,7511.0,CARD
T006339,C0364,2026-08-04T19:29:07,3097,0.0,3097.0,CARD
T006340,C0490,2025-09-29T19:01:30,4555,0.0,4555.0,MOBILE_PAY
T006341,C0102,2026-01-31T02:32:43,5406,0.0,5406.0,CARD
T006342,C0093,2026-01-01T10:25:31,2213,0.0,2213.0,CASH
T006343,C0389,2026-03-18T17:47:57,11703,190.8,11512.2,MOBILE_PAY
T006344,C0033,2026-03-05T14:06:52,628,0.0,628.0,MOBILE_PAY
T006345,C0448,2026-07-19T11:45:00,7776,258.0,7518.0,CASH
T006346,C0045,2026-01-22T20:00:48,6565,0.0,6565.0,MOBILE_PAY
T006347,C0403,2025-11-17T13:14:36,3182,0.0,3182.0,MOBILE_PAY
T006348,C0330,2026-02-16T02:22:16,13969,0.0,13969.0,MOBILE_PAY
T006349,C0493,2026-02-03T14:47:03,7241,235.2,7005.8,MOBILE_PAY
T006350,C0131,2026-08-04T05:59:58,6479,654.0,5825.0,CASH
T006351,C0007,2025-10-08T21:08:57,9192,324.45,8867.55,CARD
T006352,C0024,2026-04-01T13:39:39,3438,243.2,3194.8,CARD
T006353,C0447,2026-05-01T15:38:10,5250,65.4,5184.6,MOBILE_PAY
T006354,C0256,2026-08-27T03:13:28,13670,331.2,13338.8,MOBILE_PAY
T006355,C0293,2026-03-11T01:20:45,8542,178.0,8364.0,CASH
T006356,C0230,2026-04-29T03:13:01,5929,45.6,5883.4,CARD
T006357,C0147,2026-04-21T03:04:30,1832,0.0,1832.0,CASH
T006358,C0028,2026-06-01T21:07:09,8856,292.0,8564.0,MOBILE_PAY
T006359,C0288,2026-03-19T17:41:42,12043,1438.8,10604.2,CARD
T006360,C0302,2026-04-26T16:34:13,11039,0.0,11039.0,MOBILE_PAY
T006361,C0361,2026-02-28T10:03:33,7540,0.0,7540.0,CARD
T006362,C0350,2025-10-07T22:18:30,2661,0.0,2661.0,CARD
T006363,C0228,2026-06-17T21:04:28,3834,0.0,3834.0,CARD
T006364,C0353,2025-12-06T08:29:42,3916,0.0,3916.0,CASH
T006365,C0027,2025-10-13T14:40:18,3668,0.0,3668.0,MOBILE_PAY
T006366,C0493,2025-12-25T02:17:53,5582,0.0,5582.0,MOBILE_PAY
T006367,C0047,2026-07-04T17:19:22,8982,150.0,8832.0,MOBILE_PAY
T006368,C0203,2026-05-14T10:51:14,12391,69.3,12321.7,MOBILE_PAY
T006369,C0339,2025-11-16T19:03:37,16135,0.0,16135.0,CARD
T006370,C0188,2025-12-01T19:58:46,12667,0.0,12667.0,CARD
T006371,C0348,2025-11-13T19:07:21,7074,294.75,6779.25,MOBILE_PAY
T006372,C0239,2026-01-02T00:38:26,2192,0.0,2192.0,MOBILE_PAY
T006373,C0220,2026-09-07T00:53:33,6089,0.0,6089.0,MOBILE_PAY
T006374,C0105,2025-10-26T11:20:58,6047,243.9,5803.1,MOBILE_PAY
T006375,C0053,2026-09-18T10:21:20,13335,0.0,13335.0,CASH
T006376,C0483,2026-04-01T21:43:08,2596,0.0,2596.0,CARD
T006377,C0010,2025-10-10T13:24:21,7794,248.8,7545.2,CARD
T006378,C0478,2026-09-12T13:43:05,8652,409.5,8242.5,CASH
T006379,C0204,2026-09-11T13:11:47,13643,505.0,13138.0,MOBILE_PAY
T006380,C0302,2025-11-02T09:54:11,13961,258.0,13703.0,CARD
T006381,C0156,2026-05-26T14:58:02,22920,268.4,22651.6,MOBILE_PAY
T006382,C0399,2026-07-02T18:29:15,8125,0.0,8125.0,CASH
T006383,C0037,2026-09-13T04:39:18,889,0.0,889.0,CARD
T006384,C0008,2026-01-31T21:36:23,2132,0.0,2132.0,CARD
T006385,C0060,2026-05-02T20:04:52,5957,171.8,5785.2,CASH
T006386,C0005,2026-03-02T03:02:10,15169,0.0,15169.0,CASH
T006387,C0461,2026-03-07T08:08:15,13255,0.0,13255.0,CARD
T006388,C0290,2026-09-20T13:09:27,1248,0.0,1248.0,MOBILE_PAY
T006389,C0258,2025-12-17T09:24:01,7289,0.0,7289.0,CARD
T006390,C0389,2026-05-15T03:23:46,10697,298.0,10399.0,MOBILE_PAY
T006391,C0045,2026-07-25T12:43:00,7706,42.6,7663.4,CARD
T006392,C0093,2026-05-09T05:56:20,12084,0.0,12084.0,CASH
T006393,C0481,2026-06-11T07:31:57,2848,0.0,2848.0,CARD
T006394,C0238,2025-11-17T10:30:22,7980,45.45,7934.55,CASH
T006395,C0337,2026-04-24T23:27:29,1515,0.0,1515.0,CASH
T006396,C0270,2026-08-08T06:53:36,2632,0.0,2632.0,MOBILE_PAY
T006397,C0157,2026-03-29T13:55:46,8691,0.0,8691.0,CARD
T006398,C0285,2026-05-05T01:00:02,3716,0.0,3716.0,MOBILE_PAY
T006399,C0434,2026-04-18T23:20:26,5542,284.0,5258.0,CARD
T006400,C0209,2026-07-25T22:30:24,8277,587.0,7690.0,CARD
T006401,C0227,2026-04-03T06:20:40,10798,0.0,10798.0,CASH
T006402,C0362,2025-11-28T05:15:28,6405,60.8,6344.2,CARD
T006403,C0252,2026-09-19T10:53:28,15415,141.3,15273.7,CASH
T006404,C0026,2026-09-06T04:42:21,3037,0.0,3037.0,CASH
T006405,C0203,2026-04-16T23:54:32,825,0.0,825.0,CARD
T006406,C0097,2026-04-08T07:45:49,4112,0.0,4112.0,MOBILE_PAY
T006407,C0240,2025-12-15T02:44:10,3585,0.0,3585.0,MOBILE_PAY
T006408,C0156,2026-08-14T05:05:35,5227,0.0,5227.0,CARD
T006409,C0311,2026-08-03T00:47:40,3105,0.0,3105.0,CASH
T006410,C0353,2026-06-26T00:10:38,2048,0.0,2048.0,CASH
T006411,C0453,2025-10-26T21:51:44,7740,546.0,7194.0,MOBILE_PAY
T006412,C0437,2026-01-02T23:52:00,12003,205.7,11797.3,CARD
T006413,C0365,2026-08-04T12:45:04,4154,0.0,4154.0,MOBILE_PAY
T006414,C0217,2025-11-27T10:51:27,10775,0.0,10775.0,CASH
T006415,C0283,2026-08-06T03:13:03,8907,0.0,8907.0,CASH
T006416,C0252,2026-01-25T13:33:18,15296,31.95,15264.05,MOBILE_PAY
T006417,C0258,2026-05-05T15:12:08,4460,0.0,4460.0,CARD
T006418,C0049,2026-02-14T23:37:00,4108,495.6,3612.4,MOBILE_PAY
T006419,C0189,2026-08-02T21:16:34,6188,25.35,6162.65,CASH
T006420,C0076,2026-03-05T00:05:04,10488,711.2,9776.8,MOBILE_PAY
T006421,C0237,2025-12-03T17:37:34,15557,411.9,15145.1,MOBILE_PAY
T006422,C0356,2026-05-09T02:05:37,11486,156.15,11329.85,CARD
T006423,C0034,2026-08-10T17:50:20,5436,0.0,5436.0,CARD
T006424,C0186,2025-11-10T04:58:17,3414,0.0,3414.0,MOBILE_PAY
T006425,C0238,2026-03-30T07:46:13,22410,0.0,22410.0,MOBILE_PAY
T006426,C0006,2026-09-17T21:52:07,2417,0.0,2417.0,MOBILE_PAY
T006427,C0163,2026-06-13T03:20:18,6963,657.3,6305.7,CASH
T006428,C0266,2026-05-09T12:54:27,5850,906.25,4943.75,CARD
T006429,C0464,2026-02-26T15:19:07,648,0.0,648.0,CARD
T006430,C0086,2026-01-25T13:30:08,10256,0.0,10256.0,CARD
T006431,C0363,2026-01-21T22:53:25,18741,2469.0,16272.0,CARD
T006432,C0447,2025-11-10T21:19:45,2650,265.0,2385.0,MOBILE_PAY
T006433,C0227,2026-03-12T03:45:25,11154,0.0,11154.0,MOBILE_PAY
T006434,C0021,2025-09-30T12:33:12,7942,0.0,7942.0,CASH
T006435,C0204,2025-12-27T08:04:39,5649,0.0,5649.0,CASH
T006436,C0249,2025-12-11T21:31:06,867,0.0,867.0,CASH
T006437,C0277,2026-07-19T12:46:00,3807,0.0,3807.0,CARD
T006438,C0441,2025-12-07T06:09:57,5844,391.5,5452.5,CARD
T006439,C0362,2026-04-25T17:41:35,4184,0.0,4184.0,CASH
T006440,C0058,2026-05-01T11:41:38,5348,286.2,5061.8,MOBILE_PAY
T006441,C0300,2026-04-12T00:16:01,1764,0.0,1764.0,CARD
T006442,C0064,2025-09-29T20:35:22,5984,32.2,5951.8,MOBILE_PAY
T006443,C0128,2026-03-29T04:54:27,13821,0.0,13821.0,MOBILE_PAY
T006444,C0195,2025-09-29T00:38:30,7552,0.0,7552.0,CARD
T006445,C0309,2025-10-04T19:29:33,8760,414.0,8346.0,CASH
T006446,C0156,2026-01-31T04:23:25,1548,117.6,1430.4,MOBILE_PAY
T006447,C0268,2025-10-27T19:13:40,1948,0.0,1948.0,MOBILE_PAY
T006448,C0011,2026-06-26T18:02:09,12892,1076.0,11816.0,CARD
T006449,C0381,2025-10-13T08:00:02,6478,364.0,6114.0,CASH
T006450,C0469,2025-12-05T17:18:49,1122,0.0,1122.0,CARD
T006451,C0400,2026-04-19T23:27:32,11261,0.0,11261.0,MOBILE_PAY
T006452,C0165,2026-04-04T16:11:53,5353,0.0,5353.0,CASH
T006453,C0324,2026-01-26T12:53:49,7892,240.0,7652.0,CASH
T006454,C0217,2026-02-05T17:37:11,4302,157.8,4144.2,CASH
T006455,C0495,2026-06-20T05:21:50,1208,90.0,1118.0,CARD
T006456,C0046,2025-10-28T01:49:07,940,0.0,940.0,CASH
T006457,C0009,2025-11-24T13:29:21,1690,0.0,1690.0,CARD
T006458,C0034,2026-09-26T22:53:04,14311,0.0,14311.0,MOBILE_PAY
T006459,C0241,2025-10-05T12:25:11,6659,0.0,6659.0,CARD
T006460,C0173,2025-11-23T10:14:27,2748,0.0,2748.0,CASH
T006461,C0195,2026-06-18T19:09:55,18956,327.0,18629.0,MOBILE_PAY
T006462,C0172,2025-11-28T02:45:14,17118,991.2,16126.8,CARD
T006463,C0279,2026-07-08T00:41:46,5023,0.0,5023.0,MOBILE_PAY
T006464,C0278,2026-06-27T10:06:33,4331,130.5,4200.5,CASH
T006465,C0314,2026-06-09T01:56:34,16103,515.0,15588.0,MOBILE_PAY
T006466,C0224,2026-07-16T09:17:44,17177,410.3,16766.7,CARD
T006467,C0380,2025-09-28T16:36:06,660,0.0,660.0,MOBILE_PAY
T006468,C0426,2025-10-29T05:36:14,10195,169.05,10025.95,MOBILE_PAY
T006469,C0405,2026-07-05T03:07:35,4630,0.0,4630.0,MOBILE_PAY
T006470,C0487,2026-09-06T22:24:22,11059,118.4,10940.6,CASH
T006471,C0039,2026-04-05T05:31:41,880,0.0,880.0,CARD
T006472,C0076,2026-02-14T10:11:17,11105,0.0,11105.0,CASH
T006473,C0245,2026-01-20T20:14:14,9874,0.0,9874.0,CARD
T006474,C0184,2026-02-16T15:31:06,7726,0.0,7726.0,CARD
T006475,C0261,2026-01-10T18:12:44,7981,0.0,7981.0,MOBILE_PAY
T006476,C0426,2025-10-23T05:38:18,11275,75.0,11200.0,CARD
T006477,C0474,2026-02-28T23:40:52,1000,0.0,1000.0,CARD
T006478,C0159,2026-01-12T05:57:52,6563,0.0,6563.0,CASH
T006479,C0341,2026-04-21T01:08:56,6390,59.2,6330.8,MOBILE_PAY
T006480,C0486,2026-04-08T19:11:34,8286,0.0,8286.0,CARD
T006481,C0437,2026-05-25T21:05:22,2655,0.0,2655.0,MOBILE_PAY
T006482,C0245,2025-11-19T16:17:30,2824,0.0,2824.0,MOBILE_PAY
T006483,C0169,2026-06-10T00:55:04,1066,0.0,1066.0,CARD
T006484,C0066,2026-08-29T04:08:40,7736,161.5,7574.5,MOBILE_PAY
T006485,C0089,2026-06-24T15:37:55,4811,0.0,4811.0,CASH
T006486,C0298,2025-10-23T18:00:43,3473,0.0,3473.0,CARD
T006487,C0103,2025-10-18T20:35:53,7208,0.0,7208.0,CASH
T006488,C0360,2026-08-30T13:16:59,600,90.0,510.0,CASH
T006489,C0194,2026-09-07T03:59:20,4596,30.3,4565.7,CARD
T006490,C0035,2026-01-09T18:37:23,12197,0.0,12197.0,CARD
T006491,C0458,2026-03-03T21:02:40,9367,48.0,9319.0,MOBILE_PAY
T006492,C0448,2026-03-07T11:22:11,2124,0.0,2124.0,CARD
T006493,C0422,2025-11-17T09:28:35,8689,60.8,8628.2,MOBILE_PAY
T006494,C0237,2026-09-01T21:13:46,5830,0.0,5830.0,CASH
T006495,C0010,2026-03-27T10:35:36,6099,0.0,6099.0,CARD
T006496,C0365,2026-01-29T09:06:38,8597,0.0,8597.0,CARD
T006497,C0419,2026-06-06T19:25:13,2278,0.0,2278.0,CARD
T006498,C0138,2026-07-11T13:30:16,7902,197.25,7704.75,CASH
T006499,C0006,2025-10-04T05:42:03,1248,0.0,1248.0,MOBILE_PAY
T006500,C0090,2026-07-27T04:10:20,6201,247.8,5953.2,MOBILE_PAY
T006501,C0148,2025-11-04T05:11:59,7034,0.0,7034.0,CARD
T006502,C0299,2026-02-12T08:24:36,4474,26.8,4447.2,CARD
T006503,C0004,2025-12-02T17:43:46,5309,235.2,5073.8,CASH
T006504,C0243,2026-03-03T20:42:00,15751,732.85,15018.15,CASH
T006505,C0429,2026-06-18T17:40:37,4586,80.7,4505.3,CARD
T006506,C0324,2026-06-18T13:56:55,1578,0.0,1578.0,CASH
T006507,C0088,2026-05-07T02:19:33,5780,216.0,5564.0,CARD
T006508,C0254,2026-03-20T00:05:33,8804,0.0,8804.0,CASH
T006509,C0213,2026-01-03T11:38:55,2010,0.0,2010.0,CARD
T006510,C0346,2026-01-12T09:12:34,8114,0.0,8114.0,MOBILE_PAY
T006511,C0227,2025-12-02T14:52:01,5617,0.0,5617.0,CASH
T006512,C0487,2026-08-13T18:33:50,1494,0.0,1494.0,CARD
T006513,C0100,2025-10-17T00:17:54,2846,0.0,2846.0,MOBILE_PAY
T006514,C0372,2025-12-25T12:48:07,9152,0.0,9152.0,MOBILE_PAY
T006515,C0400,2026-08-30T06:32:53,3907,0.0,3907.0,MOBILE_PAY
T006516,C0404,2026-07-04T09:54:10,330,0.0,330.0,CASH
T006517,C0407,2026-02-28T22:41:40,10782,35.7,10746.3,CARD
T006518,C0020,2025-10-18T19:11:11,10006,50.7,9955.3,CARD
T006519,C0031,2026-04-02T04:40:08,5395,236.8,5158.2,CASH
T006520,C0253,2026-04-22T21:12:11,6472,0.0,6472.0,CASH
T006521,C0203,2026-09-15T03:04:43,5483,53.6,5429.4,CASH
T006522,C0221,2026-07-22T03:46:44,11082,71.4,11010.6,CARD
T006523,C0143,2026-02-06T23:15:01,1301,216.0,1085.0,MOBILE_PAY
T006524,C0104,2026-01-18T19:44:37,4592,0.0,4592.0,CARD
T006525,C0002,2026-07-09T16:58:48,1924,0.0,1924.0,CASH
T006526,C0462,2026-04-26T02:33:24,6585,0.0,6585.0,MOBILE_PAY
T006527,C0144,2026-09-24T05:42:41,2255,0.0,2255.0,CASH
T006528,C0357,2026-09-26T21:31:42,6791,0.0,6791.0,CASH
T006529,C0111,2026-08-05T22:01:55,6649,0.0,6649.0,CASH
T006530,C0314,2025-12-09T13:02:47,6756,471.3,6284.7,CASH
T006531,C0308,2025-12-14T14:26:16,531,0.0,531.0,MOBILE_PAY
T006532,C0480,2025-10-02T11:40:05,9383,0.0,9383.0,CASH
T006533,C0453,2026-05-07T18:17:19,5805,0.0,5805.0,MOBILE_PAY
T006534,C0069,2026-02-18T22:24:30,2963,22.6,2940.4,CASH
T006535,C0321,2026-04-12T10:48:05,4892,22.65,4869.35,CARD
T006536,C0429,2026-04-06T21:43:37,3530,0.0,3530.0,CARD
T006537,C0062,2025-11-21T08:05:16,563,20.5,542.5,CARD
T006538,C0302,2026-09-12T14:51:35,23041,0.0,23041.0,CARD
T006539,C0245,2025-12-28T16:15:39,4180,0.0,4180.0,MOBILE_PAY
T006540,C0258,2026-06-21T18:49:50,4541,0.0,4541.0,MOBILE_PAY
T006541,C0160,2026-04-30T23:25:03,6528,0.0,6528.0,MOBILE_PAY
T006542,C0481,2025-12-20T05:37:36,13244,122.2,13121.8,MOBILE_PAY
T006543,C0142,2026-02-28T19:27:51,7408,0.0,7408.0,CARD
T006544,C0043,2026-04-23T00:30:40,14582,0.0,14582.0,MOBILE_PAY
T006545,C0411,2026-06-28T22:32:54,1652,0.0,1652.0,CASH
T006546,C0339,2026-06-04T11:46:40,18945,0.0,18945.0,CASH
T006547,C0145,2025-10-01T08:20:53,8329,227.4,8101.6,CARD
T006548,C0290,2026-03-11T19:41:20,4720,0.0,4720.0,CASH
T006549,C0329,2025-10-16T07:16:29,2381,0.0,2381.0,CASH
T006550,C0268,2026-08-02T06:31:32,6615,122.2,6492.8,CASH
T006551,C0410,2025-10-31T10:19:00,11712,188.4,11523.6,CASH
T006552,C0177,2026-08-28T23:51:34,7393,0.0,7393.0,CARD
T006553,C0033,2026-01-06T02:35:41,10081,114.4,9966.6,CASH
T006554,C0162,2026-02-04T14:34:03,5180,0.0,5180.0,MOBILE_PAY
T006555,C0036,2026-03-19T06:32:55,14241,0.0,14241.0,CARD
T006556,C0259,2026-05-16T03:11:05,1093,0.0,1093.0,CARD
T006557,C0337,2025-11-25T21:47:46,3971,0.0,3971.0,CARD
T006558,C0214,2025-12-25T06:21:14,11360,0.0,11360.0,CARD
T006559,C0392,2025-11-18T13:11:51,11208,0.0,11208.0,CARD
T006560,C0455,2026-03-02T03:31:22,5190,0.0,5190.0,MOBILE_PAY
T006561,C0325,2026-04-03T19:18:15,3161,540.0,2621.0,CARD
T006562,C0308,2025-10-26T14:18:01,3065,0.0,3065.0,CARD
T006563,C0459,2026-01-09T07:43:36,1134,81.9,1052.1,MOBILE_PAY
T006564,C0170,2026-07-12T06:19:47,11162,649.7,10512.3,CASH
T006565,C0007,2026-06-12T00:33:29,5142,172.8,4969.2,CARD
T006566,C0185,2026-04-21T16:58:22,550,0.0,550.0,CASH
T006567,C0232,2026-02-07T04:42:56,3411,128.75,3282.25,CARD
T006568,C0485,2026-04-09T12:42:03,1776,282.0,1494.0,CARD
T006569,C0207,2026-06-27T13:42:42,14670,0.0,14670.0,CASH
T006570,C0021,2025-11-05T00:17:12,10069,15.15,10053.85,CASH
T006571,C0453,2026-05-26T10:34:29,8801,113.25,8687.75,CARD
T006572,C0088,2026-05-31T14:36:19,2288,0.0,2288.0,CASH
T006573,C0185,2026-03-25T01:08:22,4056,0.0,4056.0,CARD
T006574,C0047,2025-09-29T23:44:27,5260,837.6,4422.4,CASH
T006575,C0078,2025-11-03T10:21:31,1354,0.0,1354.0,CASH
T006576,C0368,2026-02-16T00:41:06,15054,157.8,14896.2,CASH
T006577,C0008,2025-10-14T11:33:54,9282,188.4,9093.6,CASH
T006578,C0353,2026-07-04T19:44:53,6343,76.5,6266.5,MOBILE_PAY
T006579,C0419,2025-11-07T18:47:03,11287,453.0,10834.0,MOBILE_PAY
T006580,C0037,2026-05-04T21:36:29,8940,771.85,8168.15,CARD
T006581,C0245,2026-03-14T03:59:36,5764,0.0,5764.0,CARD
T006582,C0162,2026-04-08T01:07:53,7639,0.0,7639.0,CASH
T006583,C0039,2026-05-21T21:55:46,8670,0.0,8670.0,MOBILE_PAY
T006584,C0086,2026-08-22T05:37:49,9105,0.0,9105.0,MOBILE_PAY
T006585,C0336,2026-04-03T00:17:49,6894,0.0,6894.0,MOBILE_PAY
T006586,C0415,2026-06-14T05:13:00,1312,0.0,1312.0,CARD
T006587,C0476,2025-11-17T15:18:55,5079,0.0,5079.0,CARD
T006588,C0119,2025-10-08T01:03:55,5986,0.0,5986.0,MOBILE_PAY
T006589,C0317,2026-05-25T01:37:13,10173,0.0,10173.0,CASH
T006590,C0285,2025-11-16T10:20:51,4820,0.0,4820.0,MOBILE_PAY
T006591,C0415,2026-02-10T08:44:34,15340,0.0,15340.0,MOBILE_PAY
T006592,C0297,2025-10-25T20:55:57,2384,0.0,2384.0,CASH
T006593,C0399,2026-05-07T05:10:07,10772,85.2,10686.8,CARD
T006594,C0241,2025-11-17T00:58:26,10156,0.0,10156.0,CASH
T006595,C0263,2025-10-15T05:36:14,5533,0.0,5533.0,MOBILE_PAY
T006596,C0352,2025-11-12T13:26:04,7130,37.75,7092.25,CASH
T006597,C0201,2026-08-22T18:19:45,1430,0.0,1430.0,MOBILE_PAY
T006598,C0337,2026-05-03T16:17:33,15639,0.0,15639.0,CASH
T006599,C0081,2025-11-26T09:03:28,2660,0.0,2660.0,CARD
T006600,C0173,2026-04-28T18:27:25,3357,0.0,3357.0,CASH
T006601,C0315,2026-07-05T09:18:58,8102,0.0,8102.0,CARD
T006602,C0188,2026-07-04T05:48:03,7039,0.0,7039.0,CARD
T006603,C0373,2026-02-11T07:25:47,904,0.0,904.0,CASH
T006604,C0476,2025-11-15T08:15:42,2920,0.0,2920.0,CASH
T006605,C0228,2025-12-28T19:41:03,12372,0.0,12372.0,CARD
T006606,C0039,2025-12-24T09:08:48,9145,57.8,9087.2,CARD
T006607,C0190,2026-06-28T02:10:30,10697,122.2,10574.8,CASH
T006608,C0236,2025-11-24T07:15:33,15011,0.0,15011.0,CARD
T006609,C0022,2026-05-04T17:56:01,10109,0.0,10109.0,CARD
T006610,C0128,2026-03-21T00:45:45,1306,0.0,1306.0,CARD
T006611,C0248,2026-08-20T04:43:58,9144,115.3,9028.7,CASH
T006612,C0445,2025-09-28T17:45:40,11194,267.0,10927.0,CASH
T006613,C0238,2026-08-16T03:27:28,7230,0.0,7230.0,CARD
T006614,C0289,2026-01-09T14:49:25,8063,0.0,8063.0,MOBILE_PAY
T006615,C0242,2026-05-08T17:26:35,8755,0.0,8755.0,CARD
T006616,C0436,2026-06-05T17:25:39,1368,0.0,1368.0,CASH
T006617,C0372,2026-08-23T18:39:52,6027,190.8,5836.2,CARD
T006618,C0342,2025-12-13T01:32:13,2665,71.4,2593.6,CASH
T006619,C0157,2026-07-17T02:07:55,6484,0.0,6484.0,MOBILE_PAY
T006620,C0401,2026-03-31T09:11:43,9616,297.9,9318.1,MOBILE_PAY
T006621,C0086,2026-05-12T15:58:06,2838,0.0,2838.0,CASH
T006622,C0293,2026-02-06T12:10:21,9271,83.2,9187.8,CASH
T006623,C0257,2026-04-11T14:35:48,7642,356.0,7286.0,MOBILE_PAY
T006624,C0028,2025-11-29T00:19:33,8396,0.0,8396.0,MOBILE_PAY
T006625,C0420,2026-05-15T17:35:40,13555,0.0,13555.0,MOBILE_PAY
T006626,C0087,2026-09-15T11:52:23,11248,0.0,11248.0,CASH
T006627,C0019,2025-11-06T08:08:28,8504,0.0,8504.0,MOBILE_PAY
T006628,C0389,2026-02-07T18:02:48,2145,643.5,1501.5,CARD
T006629,C0447,2026-04-23T06:16:01,7964,234.0,7730.0,MOBILE_PAY
T006630,C0337,2026-09-26T12:44:32,7881,0.0,7881.0,CASH
T006631,C0394,2026-05-30T14:02:43,4909,0.0,4909.0,MOBILE_PAY
T006632,C0487,2026-09-15T03:08:25,8707,0.0,8707.0,CARD
T006633,C0072,2026-02-18T17:39:48,8451,0.0,8451.0,CARD
T006634,C0327,2026-09-17T10:25:27,9600,255.6,9344.4,MOBILE_PAY
T006635,C0117,2026-01-30T14:42:45,12111,0.0,12111.0,CARD
T006636,C0455,2026-08-08T01:42:45,9597,0.0,9597.0,CASH
T006637,C0448,2025-11-14T18:53:15,1143,0.0,1143.0,CASH
T006638,C0273,2025-10-27T07:31:30,6786,436.8,6349.2,MOBILE_PAY
T006639,C0435,2026-03-13T00:41:30,1790,0.0,1790.0,CARD
T006640,C0045,2026-08-20T09:46:20,6397,198.6,6198.4,CARD
T006641,C0156,2025-12-18T05:34:50,24771,0.0,24771.0,CARD
T006642,C0430,2026-08-04T18:39:22,9773,352.5,9420.5,MOBILE_PAY
T006643,C0402,2026-05-19T23:49:32,5842,0.0,5842.0,MOBILE_PAY
T006644,C0209,2026-06-05T03:15:10,4962,0.0,4962.0,MOBILE_PAY
T006645,C0259,2026-03-18T13:44:54,3431,0.0,3431.0,CARD
T006646,C0030,2025-10-29T15:02:40,4005,0.0,4005.0,MOBILE_PAY
T006647,C0230,2026-01-14T23:10:06,12444,0.0,12444.0,CARD
T006648,C0291,2026-05-18T21:34:42,10828,0.0,10828.0,CASH
T006649,C0004,2025-11-30T07:32:05,3967,0.0,3967.0,CASH
T006650,C0118,2025-10-04T19:35:47,2057,53.0,2004.0,MOBILE_PAY
T006651,C0130,2026-09-13T09:02:36,6285,0.0,6285.0,MOBILE_PAY
T006652,C0307,2026-07-30T03:22:26,8523,0.0,8523.0,CARD
T006653,C0073,2026-03-27T12:15:08,8571,0.0,8571.0,CARD
T006654,C0326,2026-02-04T02:12:26,5169,0.0,5169.0,CASH
T006655,C0436,2026-08-15T19:31:41,8069,0.0,8069.0,MOBILE_PAY
T006656,C0234,2026-09-25T21:56:13,6507,16.1,6490.9,CASH
T006657,C0362,2026-03-24T17:33:43,1082,0.0,1082.0,CASH
T006658,C0226,2026-01-22T20:12:21,1953,0.0,1953.0,MOBILE_PAY
T006659,C0085,2026-06-24T13:54:30,5977,0.0,5977.0,CARD
T006660,C0259,2026-08-26T23:13:53,8145,0.0,8145.0,CARD
T006661,C0203,2025-11-09T06:35:38,2939,0.0,2939.0,CARD
T006662,C0091,2026-07-31T18:07:56,7357,166.4,7190.6,CASH
T006663,C0026,2026-01-25T14:05:39,5574,294.0,5280.0,MOBILE_PAY
T006664,C0083,2026-09-17T12:47:54,1428,142.8,1285.2,CASH
T006665,C0113,2025-12-07T13:19:02,7012,89.0,6923.0,MOBILE_PAY
T006666,C0207,2026-01-21T09:55:54,7216,0.0,7216.0,MOBILE_PAY
T006667,C0064,2026-05-03T06:23:16,4737,0.0,4737.0,MOBILE_PAY
T006668,C0447,2026-08-08T03:05:51,19885,30.2,19854.8,CASH
T006669,C0269,2026-03-27T22:29:27,4829,0.0,4829.0,MOBILE_PAY
T006670,C0444,2026-08-14T08:26:39,21542,0.0,21542.0,MOBILE_PAY
T006671,C0474,2025-12-28T19:12:28,4378,0.0,4378.0,CARD
T006672,C0220,2026-05-11T15:06:47,22431,1668.25,20762.75,CASH
T006673,C0468,2026-03-06T07:20:32,9445,0.0,9445.0,CASH
T006674,C0389,2025-11-27T19:40:27,1385,0.0,1385.0,CARD
T006675,C0357,2026-02-23T23:43:26,9823,0.0,9823.0,MOBILE_PAY
T006676,C0332,2025-11-16T21:09:17,11669,75.75,11593.25,CASH
T006677,C0149,2026-02-08T14:08:32,3733,0.0,3733.0,CASH
T006678,C0487,2026-05-18T19:13:51,10121,872.0,9249.0,CARD
T006679,C0234,2025-10-28T05:55:25,11880,0.0,11880.0,CASH
T006680,C0221,2026-04-16T02:48:55,288,0.0,288.0,MOBILE_PAY
T006681,C0044,2026-09-21T18:43:40,2203,0.0,2203.0,CASH
T006682,C0016,2026-04-27T02:25:26,5964,0.0,5964.0,CARD
T006683,C0103,2025-12-28T14:38:52,8230,0.0,8230.0,CASH
T006684,C0115,2026-06-23T10:58:00,5485,0.0,5485.0,CARD
T006685,C0202,2025-10-24T12:05:08,9233,639.1,8593.9,CASH
T006686,C0210,2025-12-05T08:10:39,1406,0.0,1406.0,CARD
T006687,C0332,2026-01-21T22:32:15,2121,0.0,2121.0,MOBILE_PAY
T006688,C0239,2026-06-07T22:27:46,7028,198.6,6829.4,CARD
T006689,C0030,2026-05-08T15:09:56,1352,0.0,1352.0,CASH
T006690,C0358,2026-07-31T18:13:21,9593,289.0,9304.0,MOBILE_PAY
T006691,C0177,2026-09-17T14:36:04,17550,0.0,17550.0,CASH
T006692,C0142,2026-03-28T17:54:16,9489,256.0,9233.0,CARD
T006693,C0491,2026-07-06T20:41:06,7407,96.0,7311.0,MOBILE_PAY
T006694,C0225,2026-03-20T20:44:25,4146,0.0,4146.0,CARD
T006695,C0373,2025-12-27T19:04:22,7993,196.5,7796.5,CARD
T006696,C0303,2026-07-19T07:57:01,11390,0.0,11390.0,MOBILE_PAY
T006697,C0316,2026-09-21T03:08:41,5677,0.0,5677.0,MOBILE_PAY
T006698,C0268,2026-06-05T01:45:29,13682,0.0,13682.0,CARD
T006699,C0047,2026-03-14T22:14:29,9097,0.0,9097.0,MOBILE_PAY
T006700,C0382,2026-06-29T08:26:57,6354,0.0,6354.0,MOBILE_PAY
T006701,C0345,2026-07-30T20:34:36,11129,0.0,11129.0,MOBILE_PAY
T006702,C0179,2026-03-25T08:27:08,2308,0.0,2308.0,MOBILE_PAY
T006703,C0461,2026-04-01T16:52:42,3425,445.0,2980.0,CARD
T006704,C0151,2025-12-03T00:34:08,4400,0.0,4400.0,CARD
T006705,C0262,2026-09-04T18:24:39,16980,213.0,16767.0,CASH
T006706,C0051,2026-07-16T03:15:11,8624,0.0,8624.0,MOBILE_PAY
T006707,C0376,2026-01-05T10:26:39,6960,275.9,6684.1,MOBILE_PAY
T006708,C0368,2026-01-20T15:39:56,14312,187.2,14124.8,MOBILE_PAY
T006709,C0482,2025-12-10T13:33:37,2824,0.0,2824.0,CARD
T006710,C0440,2026-06-01T00:45:05,5303,0.0,5303.0,MOBILE_PAY
T006711,C0328,2026-01-24T00:17:10,6376,0.0,6376.0,MOBILE_PAY
T006712,C0198,2025-12-13T00:07:40,4979,0.0,4979.0,CASH
T006713,C0285,2026-05-29T19:42:00,6488,0.0,6488.0,MOBILE_PAY
T006714,C0274,2026-09-05T08:08:33,11031,0.0,11031.0,MOBILE_PAY
T006715,C0431,2026-02-07T08:08:14,1375,0.0,1375.0,CARD
T006716,C0442,2026-08-27T05:54:36,14259,0.0,14259.0,CASH
T006717,C0441,2026-01-23T11:05:18,10910,90.0,10820.0,CASH
T006718,C0028,2026-05-27T02:11:16,6462,0.0,6462.0,MOBILE_PAY
T006719,C0072,2026-09-10T12:59:01,8640,258.0,8382.0,MOBILE_PAY
T006720,C0355,2026-03-25T21:03:08,7204,699.6,6504.4,CASH
T006721,C0013,2026-04-16T19:13:30,5696,0.0,5696.0,CASH
T006722,C0460,2026-04-07T16:19:55,10703,385.8,10317.2,CASH
T006723,C0023,2025-11-30T06:45:48,11630,0.0,11630.0,CASH
T006724,C0183,2026-05-19T16:46:21,7623,120.9,7502.1,CASH
T006725,C0471,2026-08-29T23:54:57,5578,0.0,5578.0,CARD
T006726,C0413,2026-02-20T11:01:34,5205,75.75,5129.25,MOBILE_PAY
T006727,C0496,2026-02-14T19:58:58,1830,0.0,1830.0,CARD
T006728,C0234,2026-03-31T08:35:45,17244,0.0,17244.0,CASH
T006729,C0289,2025-11-09T03:02:08,17946,386.25,17559.75,CASH
T006730,C0302,2026-02-05T09:04:24,5611,0.0,5611.0,CASH
T006731,C0054,2026-09-13T08:43:29,10013,42.6,9970.4,CASH
T006732,C0314,2026-03-03T23:55:58,4733,108.3,4624.7,CASH
T006733,C0265,2026-07-16T14:19:04,9951,0.0,9951.0,CARD
T006734,C0232,2026-06-30T09:50:17,7613,0.0,7613.0,CARD
T006735,C0375,2026-08-23T22:30:48,14184,1808.15,12375.85,MOBILE_PAY
T006736,C0037,2026-01-24T15:50:18,3417,0.0,3417.0,CASH
T006737,C0121,2025-12-22T19:27:05,3517,0.0,3517.0,CASH
T006738,C0176,2026-09-09T14:32:01,13968,101.4,13866.6,MOBILE_PAY
T006739,C0045,2026-04-16T15:49:34,7549,236.8,7312.2,CARD
T006740,C0329,2026-08-29T19:37:22,16834,525.5,16308.5,CASH
T006741,C0173,2026-06-16T22:49:48,804,0.0,804.0,CARD
T006742,C0222,2026-06-05T18:46:19,9528,0.0,9528.0,CARD
T006743,C0330,2025-10-13T23:41:19,3008,0.0,3008.0,CASH
T006744,C0445,2026-08-17T12:47:56,7176,0.0,7176.0,CASH
T006745,C0154,2025-11-27T03:16:23,8251,80.7,8170.3,MOBILE_PAY
T006746,C0157,2026-05-23T11:56:52,543,0.0,543.0,CARD
T006747,C0076,2026-09-17T22:34:39,5806,170.0,5636.0,MOBILE_PAY
T006748,C0052,2026-05-07T04:12:34,5450,340.0,5110.0,CASH
T006749,C0386,2025-10-15T11:42:35,15075,666.8,14408.2,CASH
T006750,C0482,2026-07-20T13:32:12,2410,78.9,2331.1,CARD
T006751,C0282,2026-08-06T08:01:04,11893,0.0,11893.0,MOBILE_PAY
T006752,C0487,2025-12-24T04:56:59,3934,0.0,3934.0,CASH
T006753,C0478,2026-01-10T05:20:47,9077,368.45,8708.55,CARD
T006754,C0188,2026-09-22T17:16:49,20666,906.7,19759.3,MOBILE_PAY
T006755,C0371,2026-04-22T15:29:28,3706,0.0,3706.0,MOBILE_PAY
T006756,C0415,2026-06-05T15:49:57,1551,0.0,1551.0,CARD
T006757,C0319,2025-10-04T13:40:58,7948,0.0,7948.0,MOBILE_PAY
T006758,C0215,2026-06-03T02:37:36,4015,106.0,3909.0,CARD
T006759,C0154,2026-01-20T13:26:50,15553,2734.5,12818.5,MOBILE_PAY
T006760,C0075,2025-11-14T23:15:02,9615,0.0,9615.0,CARD
T006761,C0112,2026-01-19T01:51:57,6222,0.0,6222.0,CASH
T006762,C0347,2026-03-29T03:54:35,4798,0.0,4798.0,CARD
T006763,C0121,2026-05-10T23:48:47,5239,0.0,5239.0,CARD
T006764,C0160,2026-08-28T21:12:23,1104,331.2,772.8,MOBILE_PAY
T006765,C0375,2026-03-08T21:56:33,1365,282.0,1083.0,MOBILE_PAY
T006766,C0168,2025-10-16T22:05:51,3144,0.0,3144.0,MOBILE_PAY
T006767,C0484,2026-05-28T14:03:25,6196,135.6,6060.4,MOBILE_PAY
T006768,C0104,2025-10-09T03:44:41,12089,363.6,11725.4,CASH
T006769,C0183,2026-07-04T06:57:40,8205,0.0,8205.0,CASH
T006770,C0258,2025-10-16T15:20:12,1476,0.0,1476.0,CARD
T006771,C0239,2026-05-05T17:26:29,4664,219.9,4444.1,MOBILE_PAY
T006772,C0387,2026-01-16T18:35:05,9223,517.4,8705.6,CASH
T006773,C0418,2025-09-30T23:11:45,4839,127.6,4711.4,CARD
T006774,C0036,2026-05-18T20:19:29,12610,82.8,12527.2,CASH
T006775,C0383,2025-10-22T20:14:45,10773,0.0,10773.0,CARD
T006776,C0053,2026-03-08T23:41:59,9405,89.0,9316.0,MOBILE_PAY
T006777,C0305,2026-06-25T17:58:08,7206,75.75,7130.25,MOBILE_PAY
T006778,C0386,2026-02-11T21:27:28,4782,171.0,4611.0,CASH
T006779,C0278,2026-04-02T20:01:38,8764,0.0,8764.0,CASH
T006780,C0467,2025-12-24T20:25:22,3860,0.0,3860.0,CASH
T006781,C0107,2026-03-31T20:59:10,13921,372.65,13548.35,CARD
T006782,C0008,2026-03-07T12:44:31,9938,0.0,9938.0,CARD
T006783,C0122,2025-11-15T18:40:20,2051,0.0,2051.0,MOBILE_PAY
T006784,C0103,2026-01-17T03:00:18,4340,95.7,4244.3,CARD
T006785,C0208,2026-09-03T15:29:55,1167,0.0,1167.0,MOBILE_PAY
T006786,C0211,2025-12-01T10:44:28,751,0.0,751.0,MOBILE_PAY
T006787,C0043,2026-03-03T18:29:54,7540,0.0,7540.0,MOBILE_PAY
T006788,C0026,2026-02-22T14:46:03,7397,0.0,7397.0,CARD
T006789,C0265,2026-06-24T00:13:21,5540,251.2,5288.8,CARD
T006790,C0196,2026-07-26T21:31:33,6396,0.0,6396.0,CASH
T006791,C0365,2026-06-23T18:09:10,2961,0.0,2961.0,CARD
T006792,C0305,2026-08-16T21:37:14,6501,0.0,6501.0,CASH
T006793,C0384,2025-11-20T00:58:42,4677,0.0,4677.0,MOBILE_PAY
T006794,C0134,2025-11-15T04:11:15,8083,0.0,8083.0,MOBILE_PAY
T006795,C0042,2026-02-16T09:51:49,12999,218.4,12780.6,CARD
T006796,C0281,2026-01-06T22:00:46,15941,41.6,15899.4,CARD
T006797,C0299,2026-05-15T22:20:38,908,0.0,908.0,CASH
T006798,C0421,2025-11-26T00:13:29,4886,33.1,4852.9,MOBILE_PAY
T006799,C0238,2026-09-20T16:19:07,5222,192.0,5030.0,CASH
T006800,C0372,2025-10-10T02:52:36,3802,0.0,3802.0,MOBILE_PAY
T006801,C0179,2025-12-22T01:01:39,2944,0.0,2944.0,MOBILE_PAY
T006802,C0197,2026-03-06T12:25:52,10393,0.0,10393.0,CARD
T006803,C0155,2026-07-27T22:32:41,19090,0.0,19090.0,MOBILE_PAY
T006804,C0153,2026-05-18T03:26:04,9932,146.55,9785.45,CASH
T006805,C0195,2025-12-25T23:12:50,11808,113.4,11694.6,CASH
T006806,C0478,2025-10-17T21:16:30,2364,0.0,2364.0,CARD
T006807,C0350,2026-05-16T12:38:11,2991,65.4,2925.6,MOBILE_PAY
T006808,C0091,2026-07-19T14:56:18,7980,421.5,7558.5,CARD
T006809,C0232,2025-10-30T02:39:51,4061,71.4,3989.6,CARD
T006810,C0383,2026-07-03T01:29:01,12575,0.0,12575.0,CASH
T006811,C0259,2026-01-09T12:45:01,4015,0.0,4015.0,MOBILE_PAY
T006812,C0300,2026-09-20T17:20:32,6284,177.0,6107.0,CASH
T006813,C0253,2026-08-15T16:40:42,17516,0.0,17516.0,CARD
T006814,C0203,2026-05-29T18:26:12,6943,0.0,6943.0,MOBILE_PAY
T006815,C0210,2025-10-20T01:26:03,4507,143.85,4363.15,CARD
T006816,C0443,2026-09-16T14:42:47,9103,255.6,8847.4,CARD
T006817,C0352,2025-11-05T05:15:09,12543,652.5,11890.5,CASH
T006818,C0029,2026-06-17T21:23:41,16153,663.8,15489.2,CASH
T006819,C0062,2026-02-03T06:04:58,11153,0.0,11153.0,CARD
T006820,C0182,2025-11-23T21:08:09,9646,558.3,9087.7,CASH
T006821,C0450,2026-03-27T13:19:42,1890,0.0,1890.0,CASH
T006822,C0311,2025-12-30T03:51:28,3809,0.0,3809.0,CASH
T006823,C0224,2025-11-08T12:16:03,6486,0.0,6486.0,CASH
T006824,C0083,2026-06-30T07:25:09,16521,99.3,16421.7,CARD
T006825,C0129,2025-11-10T10:05:06,18834,124.8,18709.2,MOBILE_PAY
T006826,C0208,2026-07-16T09:16:24,6502,248.4,6253.6,MOBILE_PAY
T006827,C0364,2026-03-24T23:22:54,6728,0.0,6728.0,CASH
T006828,C0030,2025-12-07T21:02:10,9631,643.5,8987.5,CASH
T006829,C0369,2026-08-11T13:57:15,7126,0.0,7126.0,CASH
T006830,C0135,2025-12-07T01:45:55,7376,0.0,7376.0,CASH
T006831,C0022,2026-02-28T01:48:23,6476,0.0,6476.0,MOBILE_PAY
T006832,C0058,2026-01-25T23:05:57,10464,229.5,10234.5,CASH
T006833,C0431,2026-09-16T06:03:44,18107,520.45,17586.55,CARD
T006834,C0494,2025-10-22T20:24:51,2780,0.0,2780.0,CASH
T006835,C0330,2026-01-05T17:21:26,21267,0.0,21267.0,CASH
T006836,C0388,2026-04-06T02:26:34,8326,522.0,7804.0,CASH
T006837,C0273,2026-08-29T17:08:53,4887,0.0,4887.0,MOBILE_PAY
T006838,C0379,2026-02-01T18:23:41,5863,256.0,5607.0,CARD
T006839,C0096,2026-03-09T19:46:34,4861,81.9,4779.1,CASH
T006840,C0462,2026-05-07T06:17:34,4807,0.0,4807.0,CARD
T006841,C0018,2026-07-30T07:06:56,1040,0.0,1040.0,CASH
T006842,C0036,2025-10-02T05:37:22,9786,33.9,9752.1,MOBILE_PAY
T006843,C0311,2026-09-03T13:49:45,12682,300.0,12382.0,CARD
T006844,C0329,2025-10-01T18:13:33,2449,0.0,2449.0,MOBILE_PAY
T006845,C0264,2026-05-31T13:21:43,3292,324.0,2968.0,CASH
T006846,C0374,2025-10-22T19:52:16,399,0.0,399.0,MOBILE_PAY
T006847,C0186,2026-04-17T21:25:42,4145,101.7,4043.3,CARD
T006848,C0486,2026-01-08T13:07:26,2943,0.0,2943.0,MOBILE_PAY
T006849,C0490,2025-11-15T04:01:44,7058,510.3,6547.7,CASH
T006850,C0390,2026-09-18T22:58:05,10828,412.5,10415.5,CARD
T006851,C0373,2026-05-22T07:55:17,7459,60.6,7398.4,MOBILE_PAY
T006852,C0366,2026-08-02T21:06:19,9854,0.0,9854.0,MOBILE_PAY
T006853,C0056,2025-12-22T19:12:25,6388,0.0,6388.0,CARD
T006854,C0231,2025-12-20T17:22:24,7892,0.0,7892.0,CASH
T006855,C0404,2026-02-02T10:14:34,8228,0.0,8228.0,CASH
T006856,C0146,2026-05-22T12:03:02,1509,0.0,1509.0,CARD
T006857,C0404,2026-04-20T03:20:49,8534,172.8,8361.2,CARD
T006858,C0188,2026-07-10T11:46:55,6434,112.5,6321.5,MOBILE_PAY
T006859,C0347,2026-01-11T06:23:19,6232,323.65,5908.35,CASH
T006860,C0429,2026-03-20T09:57:35,12370,0.0,12370.0,CARD
T006861,C0332,2026-08-04T09:50:56,12897,0.0,12897.0,CARD
T006862,C0407,2026-01-24T04:33:25,1954,0.0,1954.0,CARD
T006863,C0258,2025-11-29T19:30:48,1766,0.0,1766.0,CARD
T006864,C0076,2025-11-27T14:40:18,21884,0.0,21884.0,CARD
T006865,C0300,2026-05-08T16:07:59,3221,0.0,3221.0,CARD
T006866,C0458,2026-04-24T11:53:09,9888,0.0,9888.0,CARD
T006867,C0218,2026-06-01T19:32:00,10804,0.0,10804.0,CASH
T006868,C0403,2025-12-30T09:43:57,220,0.0,220.0,CARD
T006869,C0285,2026-08-17T04:50:30,8343,0.0,8343.0,CARD
T006870,C0146,2026-08-01T14:48:49,15676,688.4,14987.6,MOBILE_PAY
T006871,C0095,2026-07-20T01:58:33,8532,69.3,8462.7,CARD
T006872,C0018,2026-06-05T16:49:35,10830,432.3,10397.7,CASH
T006873,C0120,2026-07-20T04:54:42,2800,112.5,2687.5,CARD
T006874,C0360,2026-01-30T17:46:11,350,0.0,350.0,MOBILE_PAY
T006875,C0299,2026-05-24T16:35:40,8106,0.0,8106.0,CASH
T006876,C0419,2026-03-08T07:54:41,5704,42.6,5661.4,CARD
T006877,C0282,2026-06-20T01:47:44,6311,0.0,6311.0,CARD
T006878,C0471,2026-03-07T14:58:05,10337,355.0,9982.0,CASH
T006879,C0219,2026-09-16T07:28:14,12438,67.5,12370.5,CASH
T006880,C0125,2026-06-23T15:03:29,26432,1989.2,24442.8,CARD
T006881,C0235,2026-04-02T04:50:13,7285,239.85,7045.15,MOBILE_PAY
T006882,C0102,2026-07-30T02:59:16,2348,303.2,2044.8,MOBILE_PAY
T006883,C0468,2026-03-31T09:39:09,9988,0.0,9988.0,CASH
T006884,C0385,2026-08-02T21:42:46,8298,0.0,8298.0,MOBILE_PAY
T006885,C0118,2026-09-25T02:32:30,8497,0.0,8497.0,CASH
T006886,C0326,2025-10-29T07:00:38,3044,0.0,3044.0,CASH
T006887,C0010,2026-02-11T08:10:34,13582,0.0,13582.0,MOBILE_PAY
T006888,C0305,2026-01-02T01:28:43,3132,0.0,3132.0,CASH
T006889,C0394,2026-08-28T10:57:33,3303,0.0,3303.0,CASH
T006890,C0500,2026-05-16T09:48:01,3064,0.0,3064.0,CARD
T006891,C0258,2025-10-05T00:05:14,4137,0.0,4137.0,MOBILE_PAY
T006892,C0253,2026-07-30T22:48:56,98,0.0,98.0,MOBILE_PAY
T006893,C0056,2025-12-01T20:13:51,10596,92.4,10503.6,CASH
T006894,C0104,2025-11-30T19:33:44,4438,166.4,4271.6,CARD
T006895,C0100,2026-03-13T18:35:11,12394,0.0,12394.0,CARD
T006896,C0062,2026-07-22T23:46:47,2469,236.8,2232.2,CARD
T006897,C0054,2026-09-16T18:29:14,868,0.0,868.0,CARD
T006898,C0134,2025-11-29T18:58:17,6428,0.0,6428.0,CARD
T006899,C0227,2026-07-12T08:26:52,3125,0.0,3125.0,CASH
T006900,C0190,2026-01-22T06:08:25,2478,0.0,2478.0,CASH
T006901,C0323,2026-03-26T20:39:58,9554,13.4,9540.6,MOBILE_PAY
T006902,C0300,2026-07-07T05:47:23,4020,0.0,4020.0,CASH
T006903,C0362,2026-07-26T23:04:42,10823,0.0,10823.0,CARD
T006904,C0096,2025-12-28T01:04:04,757,0.0,757.0,CARD
T006905,C0020,2026-03-02T16:05:17,5869,0.0,5869.0,CARD
T006906,C0094,2026-01-31T06:52:06,2718,0.0,2718.0,CARD
T006907,C0278,2025-10-01T09:34:45,8472,113.0,8359.0,CARD
T006908,C0264,2025-10-13T20:51:00,6466,0.0,6466.0,MOBILE_PAY
T006909,C0080,2026-07-03T18:55:05,4260,55.0,4205.0,CASH
T006910,C0013,2025-12-15T00:57:45,1480,196.0,1284.0,CARD
T006911,C0179,2025-11-21T21:58:59,5007,336.6,4670.4,CASH
T006912,C0284,2026-05-20T06:52:15,4357,0.0,4357.0,CARD
T006913,C0064,2026-05-03T20:10:30,4732,0.0,4732.0,MOBILE_PAY
T006914,C0384,2025-10-03T10:59:32,9828,0.0,9828.0,MOBILE_PAY
T006915,C0068,2026-05-08T10:55:15,3811,0.0,3811.0,CASH
T006916,C0329,2025-10-12T00:23:10,9688,0.0,9688.0,MOBILE_PAY
T006917,C0318,2026-06-27T08:49:46,358,0.0,358.0,MOBILE_PAY
T006918,C0008,2026-06-01T08:11:41,24558,231.2,24326.8,MOBILE_PAY
T006919,C0106,2025-10-18T21:03:00,7613,0.0,7613.0,CARD
T006920,C0309,2026-03-14T04:21:07,9646,971.95,8674.05,MOBILE_PAY
T006921,C0457,2026-01-22T00:43:34,6470,0.0,6470.0,CARD
T006922,C0245,2026-08-20T10:47:18,2645,0.0,2645.0,CARD
T006923,C0373,2026-03-22T07:42:03,6300,0.0,6300.0,MOBILE_PAY
T006924,C0035,2026-03-04T04:23:38,5737,99.3,5637.7,CASH
T006925,C0405,2025-10-23T12:26:48,5290,360.75,4929.25,MOBILE_PAY
T006926,C0492,2026-08-29T02:03:55,3056,67.8,2988.2,CASH
T006927,C0354,2026-08-19T18:47:44,4913,0.0,4913.0,MOBILE_PAY
T006928,C0366,2026-06-04T17:54:07,1474,0.0,1474.0,CARD
T006929,C0114,2026-01-26T08:39:11,19180,153.8,19026.2,MOBILE_PAY
T006930,C0469,2026-01-22T05:18:44,8855,13.4,8841.6,MOBILE_PAY
T006931,C0409,2025-11-22T20:20:51,9438,0.0,9438.0,MOBILE_PAY
T006932,C0325,2026-03-21T16:06:43,5958,0.0,5958.0,CARD
T006933,C0257,2026-04-10T17:19:12,7793,0.0,7793.0,CASH
T006934,C0216,2026-04-05T03:35:26,5499,60.0,5439.0,MOBILE_PAY
T006935,C0302,2026-01-02T03:33:34,167,0.0,167.0,CARD
T006936,C0378,2026-08-20T07:07:58,7952,121.6,7830.4,MOBILE_PAY
T006937,C0007,2026-07-10T17:13:28,10808,0.0,10808.0,CARD
T006938,C0452,2026-06-28T08:04:27,10155,0.0,10155.0,CARD
T006939,C0268,2026-01-31T10:57:29,10385,191.7,10193.3,CASH
T006940,C0048,2026-01-28T19:41:50,9968,53.25,9914.75,MOBILE_PAY
T006941,C0262,2026-01-06T04:22:59,8381,227.7,8153.3,MOBILE_PAY
T006942,C0023,2026-06-10T01:56:42,5370,0.0,5370.0,MOBILE_PAY
T006943,C0045,2026-09-26T16:46:02,7347,267.0,7080.0,CARD
T006944,C0334,2025-10-17T16:06:46,6293,0.0,6293.0,CARD
T006945,C0242,2026-07-01T17:28:41,12090,418.8,11671.2,CARD
T006946,C0441,2026-09-19T23:51:36,10165,386.25,9778.75,CASH
T006947,C0322,2026-01-15T15:10:45,11035,57.8,10977.2,MOBILE_PAY
T006948,C0303,2025-12-04T15:34:34,8664,59.6,8604.4,CASH
T006949,C0383,2026-06-03T08:07:41,1460,0.0,1460.0,CARD
T006950,C0344,2026-01-01T19:46:28,7258,0.0,7258.0,CARD
T006951,C0026,2025-11-14T19:20:05,5852,0.0,5852.0,MOBILE_PAY
T006952,C0499,2026-03-01T20:13:09,7697,154.8,7542.2,CARD
T006953,C0182,2026-05-25T18:33:56,4477,0.0,4477.0,CASH
T006954,C0155,2026-04-06T15:11:04,17655,85.2,17569.8,CARD
T006955,C0188,2026-05-17T19:00:19,15908,646.0,15262.0,CASH
T006956,C0081,2025-11-22T01:19:36,9447,156.5,9290.5,CASH
T006957,C0436,2026-07-05T12:04:24,7094,0.0,7094.0,CARD
T006958,C0333,2026-06-28T04:56:52,5367,0.0,5367.0,CASH
T006959,C0234,2026-07-15T12:36:31,10511,0.0,10511.0,MOBILE_PAY
T006960,C0500,2025-10-21T00:54:05,6382,0.0,6382.0,MOBILE_PAY
T006961,C0326,2026-07-09T14:46:11,13790,67.0,13723.0,CARD
T006962,C0023,2026-03-14T09:25:20,630,0.0,630.0,MOBILE_PAY
T006963,C0164,2026-03-18T06:41:29,14071,154.8,13916.2,MOBILE_PAY
T006964,C0060,2026-02-15T12:35:18,3882,0.0,3882.0,MOBILE_PAY
T006965,C0466,2026-08-08T09:49:40,21766,545.5,21220.5,CARD
T006966,C0072,2026-08-28T11:17:41,3018,0.0,3018.0,CARD
T006967,C0212,2026-01-09T05:22:53,9381,85.0,9296.0,CARD
T006968,C0087,2026-05-07T00:00:54,13419,646.0,12773.0,CASH
T006969,C0108,2025-12-23T12:32:25,6282,0.0,6282.0,CARD
T006970,C0490,2026-05-26T20:00:28,10193,727.5,9465.5,CARD
T006971,C0134,2025-12-12T13:52:29,9262,400.15,8861.85,CASH
T006972,C0217,2026-01-24T00:50:58,4448,0.0,4448.0,MOBILE_PAY
T006973,C0354,2025-12-26T01:43:10,8760,0.0,8760.0,MOBILE_PAY
T006974,C0084,2026-06-19T21:18:12,9091,0.0,9091.0,CARD
T006975,C0036,2026-05-08T10:10:06,17309,292.0,17017.0,MOBILE_PAY
T006976,C0087,2026-03-01T17:21:34,11147,15.15,11131.85,CASH
T006977,C0438,2026-05-13T10:31:51,7646,127.8,7518.2,CASH
T006978,C0070,2025-10-04T17:59:18,2984,0.0,2984.0,CARD
T006979,C0315,2026-01-12T22:16:27,3256,339.75,2916.25,CASH
T006980,C0403,2026-01-29T08:25:41,8306,168.3,8137.7,CARD
T006981,C0445,2026-08-24T19:35:51,7571,95.7,7475.3,CASH
T006982,C0017,2025-12-18T14:53:35,10811,0.0,10811.0,CARD
T006983,C0187,2026-07-11T09:57:55,8009,0.0,8009.0,MOBILE_PAY
T006984,C0406,2026-07-26T09:06:05,2300,0.0,2300.0,CARD
T006985,C0424,2026-06-15T05:04:21,8611,30.0,8581.0,MOBILE_PAY
T006986,C0089,2026-05-14T09:39:50,14120,0.0,14120.0,MOBILE_PAY
T006987,C0177,2026-08-29T06:21:49,3826,0.0,3826.0,CARD
T006988,C0105,2025-12-07T10:34:44,2342,0.0,2342.0,CASH
T006989,C0110,2026-07-31T13:10:30,7225,0.0,7225.0,CARD
T006990,C0248,2026-06-21T19:43:04,10477,261.8,10215.2,CASH
T006991,C0337,2026-02-08T22:50:06,5169,418.6,4750.4,MOBILE_PAY
T006992,C0488,2025-12-04T01:25:18,2622,0.0,2622.0,CASH
T006993,C0185,2026-04-14T15:53:17,11574,0.0,11574.0,CASH
T006994,C0305,2026-03-28T08:25:32,4276,0.0,4276.0,CASH
T006995,C0037,2026-05-01T23:08:26,712,0.0,712.0,CASH
T006996,C0091,2026-06-23T18:32:27,2520,0.0,2520.0,CARD
T006997,C0463,2025-12-22T16:01:06,3334,432.0,2902.0,MOBILE_PAY
T006998,C0386,2026-02-04T03:23:29,6060,0.0,6060.0,CASH
T006999,C0419,2026-03-23T15:18:27,8121,0.0,8121.0,MOBILE_PAY
T007000,C0182,2025-12-13T05:29:17,21698,459.0,21239.0,MOBILE_PAY
T007001,C0270,2026-01-01T15:26:48,5434,0.0,5434.0,MOBILE_PAY
T007002,C0078,2026-08-14T13:11:40,5040,0.0,5040.0,CARD
T007003,C0354,2026-08-03T06:02:17,11712,101.7,11610.3,MOBILE_PAY
T007004,C0005,2026-08-14T01:38:10,8348,0.0,8348.0,MOBILE_PAY
T007005,C0110,2026-04-13T17:07:08,1716,0.0,1716.0,CASH
T007006,C0123,2025-11-04T13:53:39,6790,0.0,6790.0,CARD
T007007,C0241,2026-09-08T16:15:12,4451,96.0,4355.0,MOBILE_PAY
T007008,C0122,2025-12-22T05:36:25,14801,337.5,14463.5,MOBILE_PAY
T007009,C0307,2025-12-31T22:14:05,822,0.0,822.0,MOBILE_PAY
T007010,C0225,2025-10-04T22:21:38,1246,0.0,1246.0,CARD
T007011,C0026,2026-09-25T02:40:38,9934,562.05,9371.95,MOBILE_PAY
T007012,C0419,2026-04-02T05:47:31,8429,197.2,8231.8,MOBILE_PAY
T007013,C0329,2025-12-26T13:19:52,6527,0.0,6527.0,CASH
T007014,C0493,2026-01-12T22:48:40,3190,0.0,3190.0,CASH
T007015,C0422,2026-02-06T11:26:13,4706,0.0,4706.0,MOBILE_PAY
T007016,C0101,2026-01-01T19:28:28,1041,0.0,1041.0,CASH
T007017,C0201,2026-05-29T14:10:13,11143,67.8,11075.2,CASH
T007018,C0052,2026-09-11T02:07:49,2295,0.0,2295.0,MOBILE_PAY
T007019,C0226,2026-08-18T19:55:29,9922,259.05,9662.95,MOBILE_PAY
T007020,C0320,2026-06-18T01:32:09,1000,300.0,700.0,CARD
T007021,C0483,2025-12-17T03:17:08,10906,146.85,10759.15,CASH
T007022,C0248,2025-10-16T21:14:57,7104,95.7,7008.3,MOBILE_PAY
T007023,C0007,2025-12-06T11:52:19,16569,703.0,15866.0,CARD
T007024,C0414,2025-12-25T14:34:56,6293,490.0,5803.0,CASH
T007025,C0072,2026-03-10T14:23:04,5355,142.0,5213.0,CARD
T007026,C0220,2026-01-25T18:19:06,7777,0.0,7777.0,CASH
T007027,C0451,2025-11-05T16:34:41,2705,0.0,2705.0,CARD
T007028,C0106,2026-08-21T12:01:10,2569,0.0,2569.0,MOBILE_PAY
T007029,C0489,2025-12-05T16:31:49,13253,0.0,13253.0,CARD
T007030,C0170,2025-11-25T12:27:22,7695,0.0,7695.0,MOBILE_PAY
T007031,C0474,2026-01-19T02:52:47,11452,161.5,11290.5,CARD
T007032,C0204,2026-07-18T17:17:56,13961,0.0,13961.0,CARD
T007033,C0073,2026-03-31T00:12:33,6190,0.0,6190.0,MOBILE_PAY
T007034,C0424,2026-09-24T18:45:46,815,177.0,638.0,MOBILE_PAY
T007035,C0464,2026-01-03T17:34:28,1258,0.0,1258.0,CASH
T007036,C0468,2025-10-05T16:29:21,14811,0.0,14811.0,MOBILE_PAY
T007037,C0010,2026-05-31T07:49:53,2185,0.0,2185.0,MOBILE_PAY
T007038,C0422,2026-05-06T16:06:59,15063,0.0,15063.0,MOBILE_PAY
T007039,C0428,2026-04-24T12:09:46,1464,0.0,1464.0,MOBILE_PAY
T007040,C0087,2026-02-19T15:36:23,6632,0.0,6632.0,MOBILE_PAY
T007041,C0160,2025-12-10T09:54:27,3014,0.0,3014.0,MOBILE_PAY
T007042,C0050,2026-07-01T19:09:48,4190,67.8,4122.2,CASH
T007043,C0155,2026-08-11T07:47:55,6133,0.0,6133.0,CARD
T007044,C0140,2026-03-24T09:36:03,4040,0.0,4040.0,CARD
T007045,C0104,2025-11-27T08:46:50,12340,0.0,12340.0,CARD
T007046,C0285,2025-10-18T15:06:34,12154,612.05,11541.95,CARD
T007047,C0257,2025-12-30T03:51:53,3648,0.0,3648.0,MOBILE_PAY
T007048,C0393,2025-12-25T15:58:06,7944,163.5,7780.5,CARD
T007049,C0235,2026-02-08T23:35:28,5857,0.0,5857.0,CARD
T007050,C0346,2025-10-14T16:34:33,8771,0.0,8771.0,MOBILE_PAY
T007051,C0105,2026-01-31T04:31:58,2361,0.0,2361.0,MOBILE_PAY
T007052,C0458,2026-09-17T23:11:02,13673,152.75,13520.25,CASH
T007053,C0492,2025-10-25T11:41:44,6161,0.0,6161.0,CASH
T007054,C0253,2026-03-01T12:50:41,4705,0.0,4705.0,CASH
T007055,C0306,2025-10-16T00:02:12,2166,0.0,2166.0,CARD
T007056,C0472,2025-11-15T00:40:18,13668,445.0,13223.0,CARD
T007057,C0054,2026-01-01T19:20:39,11414,426.8,10987.2,MOBILE_PAY
T007058,C0423,2026-08-12T07:43:49,10709,391.5,10317.5,CARD
T007059,C0343,2025-11-17T13:46:24,4458,0.0,4458.0,CARD
T007060,C0381,2026-02-01T03:25:58,867,0.0,867.0,CASH
T007061,C0322,2025-11-03T12:04:19,10327,0.0,10327.0,CARD
T007062,C0069,2026-08-11T07:04:10,12148,0.0,12148.0,CARD
T007063,C0053,2025-10-08T06:55:26,7980,0.0,7980.0,MOBILE_PAY
T007064,C0431,2026-04-04T14:23:06,10514,179.4,10334.6,CASH
T007065,C0477,2026-06-29T12:22:49,9364,204.8,9159.2,CASH
T007066,C0144,2025-11-01T03:33:33,268,0.0,268.0,MOBILE_PAY
T007067,C0460,2026-02-16T06:47:23,5070,0.0,5070.0,CASH
T007068,C0070,2026-02-12T17:34:22,11223,46.2,11176.8,CASH
T007069,C0175,2026-01-31T05:10:51,7264,0.0,7264.0,MOBILE_PAY
T007070,C0208,2026-04-22T19:02:15,13758,573.35,13184.65,MOBILE_PAY
T007071,C0072,2026-08-26T23:07:13,8270,0.0,8270.0,CARD
T007072,C0210,2026-04-08T22:36:52,7173,0.0,7173.0,CASH
T007073,C0046,2025-10-18T07:24:46,2994,0.0,2994.0,MOBILE_PAY
T007074,C0443,2026-08-05T12:21:41,9024,0.0,9024.0,CARD
T007075,C0135,2026-05-13T13:06:30,4304,0.0,4304.0,CASH
T007076,C0178,2026-01-08T21:18:25,1364,0.0,1364.0,CARD
T007077,C0363,2026-05-31T12:34:28,1024,204.8,819.2,MOBILE_PAY
T007078,C0328,2026-06-25T11:05:50,5120,0.0,5120.0,CARD
T007079,C0171,2025-10-17T14:31:35,4458,249.6,4208.4,MOBILE_PAY
T007080,C0203,2026-01-11T10:54:49,8291,83.2,8207.8,CARD
T007081,C0433,2025-11-25T06:28:34,3531,41.9,3489.1,CARD
T007082,C0500,2025-11-25T10:27:27,620,0.0,620.0,CARD
T007083,C0340,2026-09-10T00:10:12,12416,39.45,12376.55,MOBILE_PAY
T007084,C0472,2026-06-05T19:09:10,11132,736.6,10395.4,CARD
T007085,C0055,2026-08-10T21:25:58,3366,0.0,3366.0,CARD
T007086,C0001,2026-06-21T02:49:22,2326,0.0,2326.0,CASH
T007087,C0171,2026-06-16T11:13:23,4889,0.0,4889.0,MOBILE_PAY
T007088,C0215,2026-01-21T11:06:58,2772,282.0,2490.0,CASH
T007089,C0390,2026-02-06T16:06:59,13782,63.8,13718.2,MOBILE_PAY
T007090,C0166,2026-02-27T00:20:44,5536,0.0,5536.0,CARD
T007091,C0390,2026-01-23T22:43:07,19532,0.0,19532.0,MOBILE_PAY
T007092,C0157,2025-10-24T22:29:35,2597,0.0,2597.0,CASH
T007093,C0314,2025-10-27T20:18:11,12563,0.0,12563.0,CASH
T007094,C0154,2026-05-15T20:46:39,5292,0.0,5292.0,CASH
T007095,C0114,2026-05-26T07:40:36,6077,153.6,5923.4,CASH
T007096,C0417,2025-11-26T23:20:16,373,0.0,373.0,CARD
T007097,C0007,2026-02-18T11:54:03,7106,157.8,6948.2,CASH
T007098,C0386,2026-08-09T00:37:27,4780,297.9,4482.1,MOBILE_PAY
T007099,C0101,2026-02-18T20:31:48,15042,1982.4,13059.6,CASH
T007100,C0417,2026-08-25T15:54:35,14225,0.0,14225.0,MOBILE_PAY
T007101,C0356,2025-10-31T07:18:18,9150,0.0,9150.0,MOBILE_PAY
T007102,C0038,2025-11-17T09:21:49,7443,385.8,7057.2,CARD
T007103,C0325,2026-01-29T20:19:56,11264,72.2,11191.8,CARD
T007104,C0349,2025-12-26T14:30:45,3063,0.0,3063.0,CASH
T007105,C0074,2026-04-13T14:47:35,7165,209.4,6955.6,CARD
T007106,C0029,2026-08-04T06:39:09,143,0.0,143.0,CARD
T007107,C0344,2026-08-08T21:21:18,1058,0.0,1058.0,MOBILE_PAY
T007108,C0271,2025-10-11T02:33:17,2385,0.0,2385.0,MOBILE_PAY
T007109,C0063,2026-04-04T03:34:37,16909,0.0,16909.0,CASH
T007110,C0197,2026-07-23T14:11:49,3786,148.95,3637.05,MOBILE_PAY
T007111,C0464,2026-04-16T00:24:07,8284,59.6,8224.4,MOBILE_PAY
T007112,C0455,2025-10-26T13:16:44,3644,0.0,3644.0,CASH
T007113,C0387,2026-05-13T00:16:57,9731,0.0,9731.0,CASH
T007114,C0403,2025-11-01T16:13:23,8522,0.0,8522.0,CARD
T007115,C0195,2026-08-21T05:55:47,8218,0.0,8218.0,CASH
T007116,C0412,2026-01-02T03:59:40,4408,350.3,4057.7,CARD
T007117,C0136,2026-08-12T15:09:03,14105,0.0,14105.0,MOBILE_PAY
T007118,C0141,2026-07-08T20:37:10,12193,0.0,12193.0,MOBILE_PAY
T007119,C0125,2026-09-06T08:13:48,2536,0.0,2536.0,MOBILE_PAY
T007120,C0137,2026-02-08T08:51:04,7368,0.0,7368.0,CARD
T007121,C0455,2026-09-13T03:16:24,6430,0.0,6430.0,CARD
T007122,C0434,2025-10-05T13:31:55,9414,0.0,9414.0,MOBILE_PAY
T007123,C0487,2026-02-09T22:28:50,8543,0.0,8543.0,CASH
T007124,C0379,2026-07-02T03:42:53,6755,81.3,6673.7,MOBILE_PAY
T007125,C0306,2026-07-12T19:20:27,13159,494.5,12664.5,MOBILE_PAY
T007126,C0140,2025-12-22T23:18:16,5807,171.0,5636.0,CARD
T007127,C0256,2026-07-07T11:40:47,3009,0.0,3009.0,MOBILE_PAY
T007128,C0298,2026-06-21T16:51:51,11034,0.0,11034.0,MOBILE_PAY
T007129,C0167,2026-01-25T16:46:23,1913,0.0,1913.0,CARD
T007130,C0392,2026-05-22T15:58:27,8610,0.0,8610.0,CASH
T007131,C0326,2026-01-03T21:35:06,3654,0.0,3654.0,CASH
T007132,C0356,2026-09-24T01:56:52,5649,0.0,5649.0,CARD
T007133,C0079,2026-07-20T06:00:37,9015,0.0,9015.0,MOBILE_PAY
T007134,C0156,2025-10-23T20:09:51,10238,0.0,10238.0,MOBILE_PAY
T007135,C0114,2026-05-24T16:43:17,7822,176.4,7645.6,CASH
T007136,C0110,2026-07-01T03:58:56,3088,0.0,3088.0,MOBILE_PAY
T007137,C0442,2026-09-01T21:36:11,7828,0.0,7828.0,CARD
T007138,C0481,2026-03-28T23:40:36,2812,0.0,2812.0,MOBILE_PAY
T007139,C0378,2025-11-09T00:46:34,2288,0.0,2288.0,CASH
T007140,C0464,2026-02-03T16:16:42,5392,0.0,5392.0,MOBILE_PAY
T007141,C0293,2026-06-23T00:46:09,3218,246.55,2971.45,CASH
T007142,C0282,2026-04-08T09:09:23,11862,0.0,11862.0,MOBILE_PAY
T007143,C0466,2026-08-26T14:56:14,1443,0.0,1443.0,MOBILE_PAY
T007144,C0437,2026-07-18T01:25:49,13282,0.0,13282.0,CASH
T007145,C0475,2026-01-27T06:02:34,5795,99.3,5695.7,CARD
T007146,C0484,2026-02-13T07:03:55,13807,325.2,13481.8,CARD
T007147,C0441,2026-04-07T23:30:43,2432,72.05,2359.95,CASH
T007148,C0224,2025-11-13T09:10:47,6324,46.1,6277.9,CASH
T007149,C0430,2026-09-09T12:45:25,3877,0.0,3877.0,MOBILE_PAY
T007150,C0343,2026-09-24T03:59:45,10891,506.6,10384.4,MOBILE_PAY
T007151,C0380,2026-02-26T15:35:57,2079,0.0,2079.0,CASH
T007152,C0120,2026-03-14T03:35:42,3433,0.0,3433.0,CARD
T007153,C0045,2026-08-03T00:25:47,13526,46.8,13479.2,CARD
T007154,C0200,2025-12-25T20:16:49,385,0.0,385.0,CARD
T007155,C0197,2025-12-03T17:35:38,3789,0.0,3789.0,MOBILE_PAY
T007156,C0460,2026-04-15T06:18:24,11148,0.0,11148.0,CARD
T007157,C0316,2026-05-30T15:38:15,7959,270.75,7688.25,MOBILE_PAY
T007158,C0006,2026-06-06T13:27:59,2963,0.0,2963.0,CARD
T007159,C0165,2025-11-17T08:06:20,7628,0.0,7628.0,CARD
T007160,C0022,2026-01-13T02:50:47,2703,0.0,2703.0,MOBILE_PAY
T007161,C0060,2026-03-05T08:21:34,17360,258.0,17102.0,CARD
T007162,C0189,2025-12-31T19:58:46,8986,0.0,8986.0,CARD
T007163,C0382,2025-10-04T01:26:29,250,0.0,250.0,CASH
T007164,C0178,2026-08-19T11:11:42,1770,0.0,1770.0,CASH
T007165,C0180,2026-07-28T16:39:48,3395,45.45,3349.55,CASH
T007166,C0196,2026-03-13T12:07:41,140,0.0,140.0,MOBILE_PAY
T007167,C0496,2025-11-13T00:18:27,16309,0.0,16309.0,CASH
T007168,C0422,2026-07-13T14:31:22,996,0.0,996.0,CASH
T007169,C0215,2026-03-05T17:05:59,26442,1982.4,24459.6,MOBILE_PAY
T007170,C0070,2025-11-18T08:57:48,12326,330.0,11996.0,CARD
T007171,C0333,2026-08-21T14:16:31,9705,0.0,9705.0,CASH
T007172,C0164,2026-08-24T04:42:27,2795,83.8,2711.2,MOBILE_PAY
T007173,C0088,2025-10-26T04:34:17,10303,55.0,10248.0,MOBILE_PAY
T007174,C0365,2026-06-15T00:14:45,5038,0.0,5038.0,MOBILE_PAY
T007175,C0190,2026-06-14T08:03:48,7806,0.0,7806.0,MOBILE_PAY
T007176,C0105,2026-09-01T04:05:57,3192,0.0,3192.0,MOBILE_PAY
T007177,C0265,2026-04-23T14:50:49,3367,0.0,3367.0,MOBILE_PAY
T007178,C0042,2026-06-09T11:43:32,10405,0.0,10405.0,CARD
T007179,C0325,2026-02-15T21:54:04,12232,0.0,12232.0,CARD
T007180,C0453,2026-09-08T14:46:04,5399,0.0,5399.0,CASH
T007181,C0427,2026-07-02T09:30:48,6187,0.0,6187.0,CASH
T007182,C0122,2026-03-14T06:41:41,8339,0.0,8339.0,MOBILE_PAY
T007183,C0259,2025-12-28T11:57:47,5622,0.0,5622.0,MOBILE_PAY
T007184,C0079,2026-01-27T23:36:03,1363,0.0,1363.0,CASH
T007185,C0413,2025-11-17T07:45:18,12734,0.0,12734.0,CASH
T007186,C0188,2025-09-30T21:05:35,11064,261.0,10803.0,CASH
T007187,C0433,2026-09-01T17:04:44,3541,0.0,3541.0,CASH
T007188,C0367,2026-07-26T20:34:29,18380,490.0,17890.0,CARD
T007189,C0303,2025-09-27T14:01:57,4042,65.4,3976.6,CARD
T007190,C0053,2026-03-24T05:32:52,11842,0.0,11842.0,CASH
T007191,C0373,2026-03-15T12:55:23,11457,483.6,10973.4,MOBILE_PAY
T007192,C0253,2026-09-27T04:01:15,3999,263.0,3736.0,CARD
T007193,C0344,2025-10-25T16:40:44,5656,0.0,5656.0,CASH
T007194,C0077,2026-01-26T17:00:41,1445,0.0,1445.0,CARD
T007195,C0449,2025-10-13T09:56:25,3678,0.0,3678.0,CARD
T007196,C0387,2026-01-17T13:59:03,4986,301.5,4684.5,CASH
T007197,C0455,2025-11-26T00:43:09,3151,0.0,3151.0,CASH
T007198,C0093,2025-10-18T12:58:04,6989,41.9,6947.1,MOBILE_PAY
T007199,C0237,2026-01-27T09:08:59,5848,0.0,5848.0,CARD
T007200,C0350,2026-05-21T01:30:29,776,0.0,776.0,CASH
T007201,C0377,2026-05-03T16:32:05,10762,61.5,10700.5,CARD
T007202,C0106,2026-06-10T10:04:14,2395,118.4,2276.6,MOBILE_PAY
T007203,C0276,2026-02-23T23:06:14,10026,0.0,10026.0,CARD
T007204,C0047,2026-04-09T20:13:30,7334,59.0,7275.0,CASH
T007205,C0033,2026-08-07T08:12:17,8337,205.25,8131.75,MOBILE_PAY
T007206,C0381,2026-02-13T12:15:26,1077,0.0,1077.0,CARD
T007207,C0033,2026-06-13T13:42:00,10487,0.0,10487.0,CASH
T007208,C0452,2026-06-07T13:06:10,2020,0.0,2020.0,MOBILE_PAY
T007209,C0030,2026-03-09T09:44:08,10035,41.2,9993.8,MOBILE_PAY
T007210,C0197,2026-05-16T14:37:41,9673,291.1,9381.9,MOBILE_PAY
T007211,C0247,2026-03-19T06:09:39,8412,67.5,8344.5,CARD
T007212,C0145,2026-03-25T03:42:35,410,41.0,369.0,CARD
T007213,C0458,2026-09-02T23:29:54,9223,90.25,9132.75,CARD
T007214,C0411,2025-10-27T07:43:20,4808,261.0,4547.0,MOBILE_PAY
T007215,C0254,2026-01-24T03:35:54,948,0.0,948.0,CARD
T007216,C0070,2025-12-10T00:18:27,3741,0.0,3741.0,CARD
T007217,C0337,2026-06-20T15:16:49,7759,0.0,7759.0,CASH
T007218,C0474,2025-12-20T01:56:27,482,0.0,482.0,CARD
T007219,C0235,2026-06-23T07:30:58,6492,269.0,6223.0,MOBILE_PAY
T007220,C0049,2026-03-10T08:23:49,10923,596.05,10326.95,CARD
T007221,C0405,2025-10-06T14:17:55,5252,0.0,5252.0,CASH
T007222,C0123,2026-09-16T19:40:55,6827,0.0,6827.0,MOBILE_PAY
T007223,C0380,2026-09-24T17:31:21,8480,0.0,8480.0,MOBILE_PAY
T007224,C0081,2026-04-11T11:28:46,11453,0.0,11453.0,MOBILE_PAY
T007225,C0132,2025-10-13T14:34:32,5199,0.0,5199.0,CARD
T007226,C0211,2026-07-13T16:13:22,11594,241.8,11352.2,CARD
T007227,C0101,2026-07-21T13:25:22,10149,92.4,10056.6,CARD
T007228,C0146,2026-05-15T12:39:47,14104,0.0,14104.0,CARD
T007229,C0016,2025-10-12T00:26:46,2626,272.7,2353.3,CASH
T007230,C0211,2025-11-08T17:35:27,13252,0.0,13252.0,CARD
T007231,C0387,2025-10-14T10:08:05,9477,0.0,9477.0,CASH
T007232,C0253,2025-10-27T19:50:47,17013,248.25,16764.75,MOBILE_PAY
T007233,C0079,2026-09-18T04:50:00,17565,540.0,17025.0,MOBILE_PAY
T007234,C0465,2026-01-15T18:48:32,17105,1680.5,15424.5,CASH
T007235,C0232,2026-07-21T11:49:31,7738,60.0,7678.0,MOBILE_PAY
T007236,C0369,2026-07-17T05:28:57,4475,0.0,4475.0,CARD
T007237,C0321,2026-03-08T11:05:41,6664,0.0,6664.0,CARD
T007238,C0253,2026-07-08T20:22:42,7634,0.0,7634.0,MOBILE_PAY
T007239,C0179,2025-11-03T14:01:25,2650,0.0,2650.0,CASH
T007240,C0324,2026-08-23T05:27:09,880,0.0,880.0,MOBILE_PAY
T007241,C0005,2025-10-16T17:20:56,3475,418.8,3056.2,CARD
T007242,C0038,2026-07-08T19:52:10,12582,108.3,12473.7,MOBILE_PAY
T007243,C0276,2025-12-20T09:11:04,5378,319.5,5058.5,CARD
T007244,C0494,2026-05-18T06:14:04,12506,162.6,12343.4,MOBILE_PAY
T007245,C0252,2025-11-24T01:42:45,13687,417.7,13269.3,CASH
T007246,C0209,2026-04-03T20:50:53,9924,120.0,9804.0,CASH
T007247,C0169,2026-08-16T00:49:23,10897,0.0,10897.0,CASH
T007248,C0044,2026-04-14T16:26:54,9006,399.05,8606.95,MOBILE_PAY
T007249,C0468,2026-04-18T22:58:58,819,245.7,573.3,CARD
T007250,C0331,2026-04-09T18:56:11,11849,352.5,11496.5,CASH
T007251,C0359,2026-05-01T16:54:59,2382,0.0,2382.0,CARD
T007252,C0092,2025-11-04T09:44:54,10402,418.8,9983.2,CASH
T007253,C0372,2026-04-24T04:49:49,6197,0.0,6197.0,CARD
T007254,C0167,2026-05-15T22:19:14,6346,0.0,6346.0,CASH
T007255,C0321,2025-12-16T17:20:13,4364,0.0,4364.0,CARD
T007256,C0375,2025-10-12T03:27:21,6140,0.0,6140.0,CARD
T007257,C0058,2026-01-14T10:21:16,5514,0.0,5514.0,MOBILE_PAY
T007258,C0110,2026-08-03T16:20:19,11608,168.3,11439.7,CARD
T007259,C0192,2026-09-10T04:33:11,14137,53.6,14083.4,CARD
T007260,C0210,2026-02-26T00:45:14,1599,0.0,1599.0,CARD
T007261,C0226,2026-06-09T05:17:57,8443,0.0,8443.0,CASH
T007262,C0328,2025-11-10T18:45:56,8205,0.0,8205.0,CARD
T007263,C0364,2026-02-24T03:24:17,9702,108.0,9594.0,CASH
T007264,C0236,2026-09-26T16:07:04,2902,0.0,2902.0,CARD
T007265,C0120,2025-12-30T16:24:20,11895,1433.8,10461.2,CASH
T007266,C0246,2026-04-30T18:29:43,14064,263.0,13801.0,CASH
T007267,C0274,2026-04-18T09:32:23,11261,135.6,11125.4,MOBILE_PAY
T007268,C0234,2025-11-10T12:15:18,8151,41.0,8110.0,CARD
T007269,C0444,2026-03-04T14:12:16,9784,117.6,9666.4,CARD
T007270,C0338,2026-04-12T16:05:31,5582,42.6,5539.4,CARD
T007271,C0442,2026-03-30T00:42:45,687,0.0,687.0,CARD
T007272,C0436,2026-06-29T03:14:38,13791,261.6,13529.4,MOBILE_PAY
T007273,C0382,2026-04-23T07:29:02,6742,0.0,6742.0,CASH
T007274,C0110,2026-07-09T06:51:49,13572,0.0,13572.0,CASH
T007275,C0087,2026-02-11T02:36:31,7256,437.5,6818.5,MOBILE_PAY
T007276,C0369,2025-10-31T16:33:58,10725,0.0,10725.0,CASH
T007277,C0482,2026-04-20T02:55:08,11099,0.0,11099.0,CASH
T007278,C0424,2026-08-10T16:35:28,7122,0.0,7122.0,MOBILE_PAY
T007279,C0004,2026-06-20T07:56:38,16012,0.0,16012.0,CARD
T007280,C0227,2026-02-11T11:03:38,5011,0.0,5011.0,CASH
T007281,C0082,2026-09-24T11:13:50,19251,0.0,19251.0,MOBILE_PAY
T007282,C0108,2026-03-09T13:48:37,3760,0.0,3760.0,CASH
T007283,C0315,2026-09-23T20:00:41,13519,589.3,12929.7,CASH
T007284,C0212,2026-05-16T16:50:50,2470,45.0,2425.0,MOBILE_PAY
T007285,C0261,2025-10-15T01:11:02,5083,0.0,5083.0,CASH
T007286,C0317,2026-02-10T09:51:34,8791,0.0,8791.0,MOBILE_PAY
T007287,C0208,2026-05-29T01:29:13,1209,0.0,1209.0,MOBILE_PAY
T007288,C0228,2025-10-10T22:44:42,822,0.0,822.0,CARD
T007289,C0273,2026-06-10T22:15:39,9456,0.0,9456.0,MOBILE_PAY
T007290,C0498,2026-05-14T21:17:48,9330,0.0,9330.0,CARD
T007291,C0442,2026-02-22T13:31:23,4230,0.0,4230.0,CASH
T007292,C0176,2026-02-04T00:34:19,9046,227.05,8818.95,MOBILE_PAY
T007293,C0077,2026-03-01T17:29:32,8899,0.0,8899.0,CARD
T007294,C0058,2026-07-18T22:49:15,10601,96.35,10504.65,CASH
T007295,C0259,2026-05-01T12:35:37,2857,0.0,2857.0,CASH
T007296,C0334,2026-04-23T13:30:20,3225,241.8,2983.2,CASH
T007297,C0435,2026-07-18T22:03:24,2652,89.0,2563.0,MOBILE_PAY
T007298,C0206,2025-11-28T13:01:07,12080,414.25,11665.75,MOBILE_PAY
T007299,C0230,2026-02-21T22:27:41,6694,0.0,6694.0,CASH
T007300,C0235,2026-04-01T03:59:00,5659,234.0,5425.0,CASH
T007301,C0332,2025-12-04T16:08:45,1979,0.0,1979.0,CARD
T007302,C0420,2026-04-18T18:53:07,2158,0.0,2158.0,CASH
T007303,C0197,2025-10-10T14:15:56,13469,0.0,13469.0,MOBILE_PAY
T007304,C0427,2025-10-01T22:56:34,12537,0.0,12537.0,CARD
T007305,C0037,2026-04-01T08:57:54,12796,0.0,12796.0,CARD
T007306,C0087,2025-11-26T21:35:40,8790,504.9,8285.1,MOBILE_PAY
T007307,C0328,2026-07-01T18:45:22,8655,0.0,8655.0,CARD
T007308,C0355,2026-04-04T21:51:19,3763,0.0,3763.0,CARD
T007309,C0250,2025-11-27T02:21:12,700,0.0,700.0,CASH
T007310,C0296,2026-08-13T08:10:29,18558,256.5,18301.5,MOBILE_PAY
T007311,C0241,2025-09-27T23:22:10,1988,128.7,1859.3,MOBILE_PAY
T007312,C0132,2026-07-05T10:59:34,6410,0.0,6410.0,CARD
T007313,C0054,2026-06-02T04:21:39,11061,582.5,10478.5,MOBILE_PAY
T007314,C0327,2026-04-30T10:13:45,18708,850.0,17858.0,CARD
T007315,C0096,2025-11-09T21:08:19,10760,0.0,10760.0,MOBILE_PAY
T007316,C0308,2026-06-15T17:45:19,6478,0.0,6478.0,CARD
T007317,C0063,2026-06-14T00:08:17,2981,0.0,2981.0,MOBILE_PAY
T007318,C0281,2026-08-29T03:20:18,10706,0.0,10706.0,CARD
T007319,C0486,2026-01-18T01:22:05,5198,0.0,5198.0,CASH
T007320,C0415,2026-03-20T01:08:16,3680,0.0,3680.0,CARD
T007321,C0303,2025-11-26T05:20:00,9255,0.0,9255.0,MOBILE_PAY
T007322,C0380,2026-05-30T20:01:06,2754,0.0,2754.0,CARD
T007323,C0215,2025-12-11T07:08:24,11461,0.0,11461.0,CARD
T007324,C0290,2026-03-24T04:36:56,9116,125.6,8990.4,MOBILE_PAY
T007325,C0166,2025-12-18T03:23:51,4471,246.5,4224.5,CASH
T007326,C0076,2026-02-10T20:55:42,7375,0.0,7375.0,CASH
T007327,C0429,2026-03-09T09:15:05,10191,289.0,9902.0,CASH
T007328,C0195,2026-01-15T01:55:21,8553,0.0,8553.0,CASH
T007329,C0097,2025-10-04T04:10:27,7712,8.05,7703.95,MOBILE_PAY
T007330,C0466,2026-03-27T07:15:40,3244,0.0,3244.0,MOBILE_PAY
T007331,C0167,2026-04-15T14:04:46,6805,163.5,6641.5,CASH
T007332,C0120,2025-12-22T23:53:07,6300,0.0,6300.0,CARD
T007333,C0152,2026-07-06T16:20:47,8325,0.0,8325.0,MOBILE_PAY
T007334,C0313,2026-07-05T14:58:43,3000,0.0,3000.0,CARD
T007335,C0027,2026-06-30T18:23:03,501,0.0,501.0,CASH
T007336,C0467,2026-07-27T14:53:16,8611,0.0,8611.0,CARD
T007337,C0002,2025-10-08T11:02:03,7906,197.2,7708.8,CARD
T007338,C0211,2026-04-22T11:04:35,1593,0.0,1593.0,CASH
T007339,C0257,2025-12-22T11:28:46,3886,0.0,3886.0,MOBILE_PAY
T007340,C0499,2025-10-16T14:11:45,6243,1531.5,4711.5,CASH
T007341,C0006,2026-07-22T19:06:21,2278,33.9,2244.1,CASH
T007342,C0204,2026-03-01T18:15:42,6090,324.0,5766.0,CARD
T007343,C0474,2026-05-19T17:19:27,5252,63.6,5188.4,CASH
T007344,C0257,2026-03-18T12:00:15,841,0.0,841.0,CARD
T007345,C0126,2026-09-05T17:08:54,11819,454.5,11364.5,MOBILE_PAY
T007346,C0449,2026-04-17T09:32:58,10347,1041.2,9305.8,CARD
T007347,C0016,2026-07-19T12:42:19,16246,54.35,16191.65,CARD
T007348,C0039,2026-05-17T16:26:00,2415,0.0,2415.0,CARD
T007349,C0200,2026-05-12T01:57:59,2052,0.0,2052.0,CASH
T007350,C0317,2026-05-29T11:44:35,2145,0.0,2145.0,CARD
T007351,C0434,2026-05-06T12:43:28,5179,0.0,5179.0,CARD
T007352,C0330,2026-02-18T10:54:00,4865,0.0,4865.0,CASH
T007353,C0324,2025-11-06T09:04:10,8891,0.0,8891.0,CARD
T007354,C0013,2026-06-03T10:25:02,9068,93.6,8974.4,MOBILE_PAY
T007355,C0402,2026-01-04T10:23:59,1965,0.0,1965.0,CASH
T007356,C0063,2026-02-08T22:05:15,13348,0.0,13348.0,CARD
T007357,C0396,2026-01-15T14:23:28,11872,0.0,11872.0,CASH
T007358,C0104,2026-05-21T05:42:58,7174,261.0,6913.0,CASH
T007359,C0186,2026-04-28T08:21:14,18332,989.25,17342.75,CARD
T007360,C0144,2025-12-15T16:07:45,11244,267.0,10977.0,MOBILE_PAY
T007361,C0363,2026-03-06T03:42:50,4597,0.0,4597.0,CASH
T007362,C0006,2026-03-25T11:49:56,6839,296.9,6542.1,MOBILE_PAY
T007363,C0238,2026-09-08T14:02:09,13365,0.0,13365.0,CASH
T007364,C0396,2025-10-28T03:08:59,6828,0.0,6828.0,CASH
T007365,C0494,2026-01-06T08:09:20,10175,15.15,10159.85,CARD
T007366,C0423,2026-02-24T18:49:33,16377,0.0,16377.0,CASH
T007367,C0454,2026-04-02T00:14:15,12697,0.0,12697.0,MOBILE_PAY
T007368,C0070,2026-01-07T14:11:51,12406,125.6,12280.4,MOBILE_PAY
T007369,C0282,2026-05-04T10:26:44,11125,837.6,10287.4,CARD
T007370,C0479,2025-10-10T23:59:39,7568,0.0,7568.0,MOBILE_PAY
T007371,C0324,2026-03-15T03:15:30,7653,163.5,7489.5,CARD
T007372,C0270,2026-02-21T10:34:27,26262,248.4,26013.6,MOBILE_PAY
T007373,C0043,2026-04-19T21:26:50,6965,0.0,6965.0,CARD
T007374,C0376,2026-04-15T07:54:04,4867,0.0,4867.0,MOBILE_PAY
T007375,C0307,2026-07-05T03:40:44,12920,442.6,12477.4,CASH
T007376,C0425,2026-03-08T13:30:15,7794,0.0,7794.0,MOBILE_PAY
T007377,C0129,2026-03-20T19:53:20,22420,65.4,22354.6,CASH
T007378,C0267,2026-02-18T23:26:41,9899,0.0,9899.0,MOBILE_PAY
T007379,C0194,2025-10-23T20:07:52,4195,159.9,4035.1,MOBILE_PAY
T007380,C0136,2026-08-30T12:51:02,6574,24.15,6549.85,MOBILE_PAY
T007381,C0351,2026-05-03T05:26:26,336,0.0,336.0,CASH
T007382,C0091,2026-02-05T09:42:22,18213,0.0,18213.0,CARD
T007383,C0261,2026-07-20T13:11:07,10918,0.0,10918.0,CASH
T007384,C0116,2026-04-06T03:11:58,6813,0.0,6813.0,CARD
T007385,C0249,2026-09-09T04:10:20,6979,0.0,6979.0,MOBILE_PAY
T007386,C0319,2025-11-05T11:58:04,8696,0.0,8696.0,CARD
T007387,C0136,2025-10-29T21:44:52,2157,0.0,2157.0,CARD
T007388,C0444,2026-03-11T07:57:47,4274,0.0,4274.0,CARD
T007389,C0263,2026-01-23T11:17:14,7372,120.0,7252.0,CASH
T007390,C0228,2026-02-11T21:20:05,6680,113.55,6566.45,CARD
T007391,C0127,2026-03-13T17:00:45,7737,0.0,7737.0,CASH
T007392,C0375,2025-10-14T22:16:29,1735,0.0,1735.0,MOBILE_PAY
T007393,C0216,2026-02-10T15:14:13,6713,0.0,6713.0,MOBILE_PAY
T007394,C0413,2026-06-14T00:47:52,9591,93.6,9497.4,MOBILE_PAY
T007395,C0259,2026-05-21T06:13:52,1696,0.0,1696.0,CARD
T007396,C0131,2026-08-02T06:22:45,5321,76.05,5244.95,CARD
T007397,C0035,2026-02-16T04:58:34,6973,24.15,6948.85,CARD
T007398,C0189,2026-08-12T03:19:32,7849,1481.4,6367.6,CASH
T007399,C0268,2026-03-02T11:18:13,6694,0.0,6694.0,CASH
T007400,C0087,2025-12-16T18:18:29,3565,59.1,3505.9,MOBILE_PAY
T007401,C0295,2026-01-23T05:12:45,2520,0.0,2520.0,CASH
T007402,C0113,2026-01-01T23:07:31,8723,0.0,8723.0,CASH
T007403,C0475,2026-09-21T22:56:33,2624,192.0,2432.0,MOBILE_PAY
T007404,C0007,2026-07-15T17:54:46,7978,514.5,7463.5,CASH
T007405,C0063,2025-11-01T00:06:52,8186,256.0,7930.0,CARD
T007406,C0119,2026-04-10T22:22:39,12238,30.2,12207.8,MOBILE_PAY
T007407,C0494,2025-10-16T05:47:07,9402,596.8,8805.2,CARD
T007408,C0482,2026-09-18T01:31:07,11524,436.0,11088.0,CARD
T007409,C0354,2026-05-28T07:50:11,11350,0.0,11350.0,CASH
T007410,C0181,2026-06-08T23:29:48,17614,0.0,17614.0,CASH
T007411,C0054,2026-03-16T17:36:14,1899,474.75,1424.25,CARD
T007412,C0287,2025-12-17T15:34:01,4091,24.15,4066.85,CARD
T007413,C0311,2026-05-13T20:40:58,4701,0.0,4701.0,CASH
T007414,C0096,2026-09-24T05:38:55,8731,0.0,8731.0,CASH
T007415,C0358,2025-11-23T04:44:34,714,71.4,642.6,CARD
T007416,C0014,2025-10-03T14:19:55,1992,0.0,1992.0,CASH
T007417,C0311,2026-07-03T19:26:34,10357,303.6,10053.4,CARD
T007418,C0040,2025-10-09T20:32:02,960,0.0,960.0,MOBILE_PAY
T007419,C0017,2025-11-18T14:19:17,20998,0.0,20998.0,CARD
T007420,C0411,2026-02-10T00:17:01,10951,0.0,10951.0,CARD
T007421,C0068,2026-04-20T19:49:27,10690,0.0,10690.0,MOBILE_PAY
T007422,C0098,2026-08-17T12:34:53,8291,379.5,7911.5,CASH
T007423,C0282,2026-02-08T16:41:51,794,0.0,794.0,CASH
T007424,C0077,2026-03-12T16:55:04,7652,0.0,7652.0,CARD
T007425,C0407,2026-02-02T22:31:18,5916,0.0,5916.0,CASH
T007426,C0106,2026-07-18T19:48:14,14565,0.0,14565.0,CARD
T007427,C0289,2026-07-31T11:31:20,14664,150.0,14514.0,CARD
T007428,C0259,2025-12-19T08:45:19,7913,0.0,7913.0,CARD
T007429,C0413,2025-12-29T13:52:25,1624,0.0,1624.0,CASH
T007430,C0017,2026-07-23T12:39:52,4474,342.3,4131.7,CASH
T007431,C0385,2026-03-28T16:57:34,5466,0.0,5466.0,CASH
T007432,C0381,2026-06-27T11:57:03,4280,0.0,4280.0,MOBILE_PAY
T007433,C0137,2026-03-31T11:03:48,14123,837.6,13285.4,CASH
T007434,C0123,2026-04-02T12:24:03,10508,0.0,10508.0,MOBILE_PAY
T007435,C0203,2026-08-01T21:01:39,1537,0.0,1537.0,CASH
T007436,C0150,2025-12-30T05:58:39,10407,128.7,10278.3,MOBILE_PAY
T007437,C0205,2025-10-04T10:34:02,8186,0.0,8186.0,CASH
T007438,C0102,2026-06-17T04:57:45,12485,0.0,12485.0,MOBILE_PAY
T007439,C0062,2025-12-13T23:31:20,9793,0.0,9793.0,CASH
T007440,C0202,2025-11-04T21:28:41,2695,0.0,2695.0,CASH
T007441,C0272,2026-02-21T06:56:20,18367,0.0,18367.0,CASH
T007442,C0188,2026-04-07T13:44:18,14795,82.0,14713.0,MOBILE_PAY
T007443,C0308,2026-06-21T06:53:06,10600,418.8,10181.2,CASH
T007444,C0171,2026-05-01T16:22:12,6830,603.2,6226.8,CASH
T007445,C0385,2026-04-02T02:20:18,6289,0.0,6289.0,CASH
T007446,C0076,2025-11-08T07:54:27,1824,0.0,1824.0,CARD
T007447,C0287,2026-05-15T03:44:01,9609,0.0,9609.0,CASH
T007448,C0019,2026-07-28T06:41:50,2471,0.0,2471.0,CARD
T007449,C0096,2025-11-28T18:23:18,11247,949.9,10297.1,MOBILE_PAY
T007450,C0175,2026-08-19T08:53:58,7149,0.0,7149.0,CARD
T007451,C0456,2026-03-07T17:15:05,7474,106.0,7368.0,CASH
T007452,C0455,2025-11-08T02:55:42,4304,192.9,4111.1,CASH
T007453,C0395,2026-02-18T10:25:05,12689,128.5,12560.5,CARD
T007454,C0454,2026-01-15T06:08:56,6832,0.0,6832.0,CARD
T007455,C0124,2026-04-27T21:55:34,8754,561.75,8192.25,CARD
T007456,C0080,2026-04-01T21:15:36,9235,245.8,8989.2,MOBILE_PAY
T007457,C0454,2026-06-15T18:23:25,5280,504.9,4775.1,CARD
T007458,C0137,2025-11-25T23:22:44,10691,117.6,10573.4,MOBILE_PAY
T007459,C0268,2025-10-02T04:23:01,4175,0.0,4175.0,CASH
T007460,C0156,2026-08-24T05:04:42,16116,0.0,16116.0,MOBILE_PAY
T007461,C0146,2025-11-06T11:27:27,3527,0.0,3527.0,MOBILE_PAY
T007462,C0126,2025-11-22T01:02:19,4287,0.0,4287.0,CARD
T007463,C0270,2026-01-07T06:36:29,2604,45.45,2558.55,MOBILE_PAY
T007464,C0040,2026-06-12T11:03:33,12308,350.85,11957.15,CARD
T007465,C0365,2025-10-19T15:27:29,5195,0.0,5195.0,MOBILE_PAY
T007466,C0394,2025-11-20T01:40:29,10433,233.6,10199.4,CARD
T007467,C0208,2026-02-19T21:34:29,7167,595.8,6571.2,MOBILE_PAY
T007468,C0008,2026-08-10T23:42:55,1548,0.0,1548.0,CASH
T007469,C0302,2026-01-17T22:28:18,2741,0.0,2741.0,CASH
T007470,C0212,2026-02-05T04:00:40,14197,141.15,14055.85,CASH
T007471,C0487,2026-01-30T01:04:02,4796,33.1,4762.9,MOBILE_PAY
T007472,C0095,2025-10-06T12:24:04,10910,470.0,10440.0,CARD
T007473,C0018,2026-06-09T21:31:22,3817,0.0,3817.0,CASH
T007474,C0288,2025-10-19T17:34:08,2910,0.0,2910.0,CARD
T007475,C0489,2026-02-07T03:25:07,305,0.0,305.0,CARD
T007476,C0166,2026-01-20T03:44:23,579,0.0,579.0,MOBILE_PAY
T007477,C0229,2026-05-14T08:38:20,5605,0.0,5605.0,MOBILE_PAY
T007478,C0335,2025-10-09T11:00:40,2561,0.0,2561.0,MOBILE_PAY
T007479,C0418,2026-04-12T07:00:04,11810,0.0,11810.0,CASH
T007480,C0106,2026-07-13T08:53:12,5928,226.8,5701.2,CASH
T007481,C0357,2026-07-03T20:57:11,3489,469.05,3019.95,MOBILE_PAY
T007482,C0057,2025-10-11T10:48:04,1728,0.0,1728.0,CASH
T007483,C0264,2026-06-12T20:34:53,1973,0.0,1973.0,CASH
T007484,C0186,2026-05-04T03:47:47,9351,0.0,9351.0,MOBILE_PAY
T007485,C0199,2026-05-12T22:06:27,2506,0.0,2506.0,CARD
T007486,C0406,2026-09-18T22:56:04,11364,508.2,10855.8,MOBILE_PAY
T007487,C0450,2026-04-29T02:24:22,4176,0.0,4176.0,MOBILE_PAY
T007488,C0327,2026-08-20T15:29:17,199,0.0,199.0,MOBILE_PAY
T007489,C0496,2025-12-17T08:46:47,2705,53.25,2651.75,MOBILE_PAY
T007490,C0199,2026-05-05T21:12:38,15534,40.2,15493.8,MOBILE_PAY
T007491,C0217,2026-08-22T02:01:11,5382,112.6,5269.4,CARD
T007492,C0340,2026-04-07T21:37:40,4892,0.0,4892.0,CASH
T007493,C0189,2026-03-02T04:41:40,5892,41.0,5851.0,CASH
T007494,C0285,2026-05-30T09:03:19,12268,236.8,12031.2,CARD
T007495,C0433,2026-03-24T05:58:44,10830,667.6,10162.4,MOBILE_PAY
T007496,C0477,2025-12-28T06:53:02,10315,0.0,10315.0,MOBILE_PAY
T007497,C0270,2026-04-17T09:32:44,9287,0.0,9287.0,CASH
T007498,C0366,2026-04-13T08:21:49,971,0.0,971.0,CASH
T007499,C0168,2026-04-01T00:58:37,228,0.0,228.0,CARD
T007500,C0481,2025-11-18T18:04:03,4818,0.0,4818.0,MOBILE_PAY
T007501,C0398,2026-01-25T14:52:19,531,0.0,531.0,MOBILE_PAY
T007502,C0170,2026-02-20T21:25:02,5289,0.0,5289.0,CARD
T007503,C0412,2025-11-04T02:36:16,8939,0.0,8939.0,CARD
T007504,C0402,2026-02-26T09:58:08,2205,306.0,1899.0,MOBILE_PAY
T007505,C0225,2025-12-19T14:36:00,13903,0.0,13903.0,MOBILE_PAY
T007506,C0134,2025-10-02T09:44:14,8605,102.5,8502.5,CASH
T007507,C0168,2025-12-14T19:25:20,12570,159.0,12411.0,CASH
T007508,C0255,2026-08-03T07:48:48,12752,0.0,12752.0,MOBILE_PAY
T007509,C0171,2026-08-01T11:15:51,7978,724.3,7253.7,CARD
T007510,C0493,2026-07-24T01:47:43,3556,93.6,3462.4,MOBILE_PAY
T007511,C0474,2026-01-14T20:08:58,1629,0.0,1629.0,CASH
T007512,C0262,2026-01-01T21:08:20,3689,24.15,3664.85,MOBILE_PAY
T007513,C0274,2026-04-19T14:53:33,5154,231.55,4922.45,CASH
T007514,C0459,2025-12-21T15:06:13,11562,0.0,11562.0,MOBILE_PAY
T007515,C0029,2026-07-24T06:31:45,10693,59.2,10633.8,MOBILE_PAY
T007516,C0347,2026-06-14T23:18:33,11222,262.0,10960.0,MOBILE_PAY
T007517,C0450,2025-10-20T08:48:46,19487,3859.55,15627.45,CARD
T007518,C0098,2025-10-07T23:05:32,1424,0.0,1424.0,MOBILE_PAY
T007519,C0121,2025-10-08T21:34:13,3579,0.0,3579.0,MOBILE_PAY
T007520,C0164,2026-05-10T15:14:44,1328,0.0,1328.0,CARD
T007521,C0235,2025-10-28T03:29:44,1455,0.0,1455.0,MOBILE_PAY
T007522,C0173,2026-01-18T07:34:52,7243,761.3,6481.7,CASH
T007523,C0158,2025-12-23T01:03:19,13777,327.5,13449.5,CASH
T007524,C0190,2026-01-26T18:58:25,7954,0.0,7954.0,CARD
T007525,C0137,2025-11-27T09:46:06,12707,0.0,12707.0,CASH
T007526,C0045,2026-05-24T03:50:13,3394,295.5,3098.5,CASH
T007527,C0087,2026-01-24T14:14:16,3933,0.0,3933.0,CASH
T007528,C0158,2026-05-25T11:16:43,2204,0.0,2204.0,CASH
T007529,C0437,2026-09-26T02:46:05,3118,0.0,3118.0,CARD
T007530,C0127,2025-12-24T01:30:39,9810,480.75,9329.25,CASH
T007531,C0090,2025-10-04T04:20:16,5938,0.0,5938.0,CASH
T007532,C0303,2026-04-06T05:57:03,10854,228.1,10625.9,MOBILE_PAY
T007533,C0231,2026-06-22T21:22:16,8297,127.8,8169.2,MOBILE_PAY
T007534,C0050,2026-07-01T12:32:51,12436,0.0,12436.0,CARD
T007535,C0315,2026-01-13T05:45:35,8117,124.8,7992.2,MOBILE_PAY
T007536,C0265,2025-11-07T14:07:00,692,0.0,692.0,CARD
T007537,C0424,2026-03-16T06:18:06,3524,15.15,3508.85,CASH
T007538,C0478,2026-05-05T22:14:21,8189,1049.85,7139.15,CASH
T007539,C0434,2026-05-05T05:58:18,18892,0.0,18892.0,MOBILE_PAY
T007540,C0180,2026-06-04T07:37:12,5741,0.0,5741.0,CARD
T007541,C0105,2026-03-06T14:09:28,4495,0.0,4495.0,CARD
T007542,C0031,2026-01-27T06:21:00,4791,90.9,4700.1,CARD
T007543,C0074,2026-01-10T17:05:02,3411,81.3,3329.7,CARD
T007544,C0287,2026-03-06T19:09:04,8341,83.2,8257.8,MOBILE_PAY
T007545,C0060,2026-07-17T08:08:06,8539,872.0,7667.0,CARD
T007546,C0466,2026-02-24T18:25:55,2538,246.0,2292.0,CARD
T007547,C0377,2025-11-25T13:10:22,2016,0.0,2016.0,CARD
T007548,C0070,2026-04-14T02:50:39,8293,169.5,8123.5,CARD
T007549,C0052,2026-05-25T18:08:16,2882,0.0,2882.0,CASH
T007550,C0406,2026-04-08T02:48:12,1161,0.0,1161.0,CARD
T007551,C0373,2026-06-23T11:46:22,13984,213.0,13771.0,CARD
T007552,C0056,2025-12-11T21:05:02,2485,36.5,2448.5,MOBILE_PAY
T007553,C0266,2026-02-13T19:01:59,8518,0.0,8518.0,CASH
T007554,C0121,2025-11-05T00:46:55,435,0.0,435.0,MOBILE_PAY
T007555,C0249,2026-04-17T22:58:21,9993,0.0,9993.0,CARD
T007556,C0412,2026-05-20T11:43:58,12200,0.0,12200.0,MOBILE_PAY
T007557,C0482,2026-08-03T08:52:09,5331,0.0,5331.0,MOBILE_PAY
T007558,C0159,2026-02-20T22:12:53,8262,0.0,8262.0,MOBILE_PAY
T007559,C0349,2025-11-27T03:55:53,11924,0.0,11924.0,CASH
T007560,C0457,2025-11-22T16:50:08,2701,0.0,2701.0,CASH
T007561,C0076,2026-02-05T02:13:34,2322,255.6,2066.4,CARD
T007562,C0182,2025-11-26T13:23:49,3104,0.0,3104.0,MOBILE_PAY
T007563,C0132,2026-03-21T22:55:51,6411,0.0,6411.0,MOBILE_PAY
T007564,C0413,2026-07-26T10:11:07,5017,0.0,5017.0,CARD
T007565,C0426,2026-02-01T09:31:04,4893,0.0,4893.0,CARD
T007566,C0429,2026-05-30T15:56:35,2120,0.0,2120.0,CASH
T007567,C0495,2026-03-03T06:24:32,9438,0.0,9438.0,CASH
T007568,C0400,2025-10-18T21:50:23,10216,0.0,10216.0,CASH
T007569,C0495,2025-09-28T21:44:21,3022,0.0,3022.0,MOBILE_PAY
T007570,C0375,2025-11-30T17:24:52,11442,170.4,11271.6,CASH
T007571,C0500,2025-11-15T18:12:23,2169,0.0,2169.0,CASH
T007572,C0446,2026-01-02T07:12:54,468,0.0,468.0,CASH
T007573,C0318,2025-10-11T18:58:30,3353,0.0,3353.0,MOBILE_PAY
T007574,C0279,2025-11-16T15:07:37,9233,0.0,9233.0,MOBILE_PAY
T007575,C0225,2025-12-23T10:52:16,14121,0.0,14121.0,CASH
T007576,C0377,2026-09-10T12:05:16,6538,991.2,5546.8,CARD
T007577,C0183,2026-01-16T17:33:19,8756,0.0,8756.0,CASH
T007578,C0397,2025-10-12T09:52:09,10703,0.0,10703.0,CASH
T007579,C0067,2026-02-18T20:42:19,11833,0.0,11833.0,CARD
T007580,C0360,2026-02-22T17:33:06,1323,0.0,1323.0,CASH
T007581,C0386,2026-07-13T01:15:53,1092,0.0,1092.0,CASH
T007582,C0266,2026-03-28T01:47:19,3454,241.8,3212.2,MOBILE_PAY
T007583,C0201,2026-03-21T16:05:31,19881,0.0,19881.0,CASH
T007584,C0043,2026-08-24T14:24:51,970,0.0,970.0,MOBILE_PAY
T007585,C0227,2026-08-22T14:47:54,6172,807.0,5365.0,MOBILE_PAY
T007586,C0372,2025-11-05T22:17:53,9277,67.8,9209.2,CARD
T007587,C0119,2025-12-07T22:01:13,5182,0.0,5182.0,CASH
T007588,C0401,2026-02-13T20:53:31,6631,196.0,6435.0,CARD
T007589,C0193,2025-10-27T21:23:13,5852,0.0,5852.0,CASH
T007590,C0116,2026-06-10T07:52:39,4572,515.0,4057.0,MOBILE_PAY
T007591,C0447,2026-02-17T13:46:53,17134,540.0,16594.0,MOBILE_PAY
T007592,C0208,2026-04-16T17:02:09,19913,0.0,19913.0,CASH
T007593,C0011,2026-05-04T06:22:34,13918,628.2,13289.8,CARD
T007594,C0088,2026-07-10T08:12:49,3963,178.5,3784.5,MOBILE_PAY
T007595,C0062,2025-10-14T04:03:48,19641,0.0,19641.0,CARD
T007596,C0449,2026-08-14T02:17:32,10114,545.5,9568.5,CARD
T007597,C0437,2026-01-07T04:29:44,7336,0.0,7336.0,MOBILE_PAY
T007598,C0365,2025-11-06T00:12:13,9272,652.5,8619.5,MOBILE_PAY
T007599,C0108,2026-09-20T18:02:36,6473,0.0,6473.0,CASH
T007600,C0410,2026-04-15T21:42:05,2615,0.0,2615.0,CASH
T007601,C0176,2026-08-23T17:12:38,12335,0.0,12335.0,CARD
T007602,C0017,2026-05-29T13:49:03,29033,0.0,29033.0,CARD
T007603,C0043,2025-11-30T18:03:00,5849,0.0,5849.0,CARD
T007604,C0260,2026-07-24T04:15:11,7322,0.0,7322.0,CASH
T007605,C0123,2026-08-28T01:45:28,14991,0.0,14991.0,MOBILE_PAY
T007606,C0424,2026-04-12T02:54:06,5628,504.9,5123.1,MOBILE_PAY
T007607,C0176,2026-09-05T00:52:21,2868,0.0,2868.0,MOBILE_PAY
T007608,C0307,2026-09-14T23:59:10,1480,0.0,1480.0,CARD
T007609,C0028,2025-10-01T22:23:31,2583,0.0,2583.0,CASH
T007610,C0010,2026-02-05T02:08:15,2832,95.7,2736.3,MOBILE_PAY
T007611,C0474,2025-10-24T06:07:11,8470,0.0,8470.0,MOBILE_PAY
T007612,C0125,2026-03-06T14:32:29,6374,0.0,6374.0,CARD
T007613,C0205,2026-03-02T14:48:38,18312,305.2,18006.8,CARD
T007614,C0467,2026-03-13T19:20:05,13037,0.0,13037.0,CASH
T007615,C0252,2025-10-14T03:44:01,9118,416.0,8702.0,CASH
T007616,C0053,2026-06-29T21:06:21,6794,101.7,6692.3,CASH
T007617,C0232,2026-04-25T21:04:37,1000,150.0,850.0,MOBILE_PAY
T007618,C0155,2026-08-04T09:01:03,7931,97.3,7833.7,CASH
T007619,C0416,2025-11-10T20:25:40,9766,150.0,9616.0,CARD
T007620,C0396,2026-08-23T07:31:05,4688,272.7,4415.3,CARD
T007621,C0190,2025-12-06T01:39:35,7872,0.0,7872.0,MOBILE_PAY
T007622,C0351,2025-12-20T18:08:25,6412,0.0,6412.0,CASH
T007623,C0057,2026-05-10T04:32:30,12635,421.4,12213.6,MOBILE_PAY
T007624,C0022,2025-11-15T15:21:48,7993,239.4,7753.6,CARD
T007625,C0073,2026-04-04T17:23:43,2363,0.0,2363.0,CARD
T007626,C0461,2026-04-20T00:42:09,3056,0.0,3056.0,CASH
T007627,C0458,2026-04-30T04:09:59,10413,20.5,10392.5,MOBILE_PAY
T007628,C0237,2026-01-19T10:16:04,7810,652.5,7157.5,MOBILE_PAY
T007629,C0212,2026-07-23T20:03:47,1284,0.0,1284.0,CASH
T007630,C0358,2026-01-12T05:49:02,984,0.0,984.0,CASH
T007631,C0491,2026-04-03T23:50:59,9274,106.0,9168.0,CARD
T007632,C0404,2026-05-31T20:21:51,13569,201.3,13367.7,CARD
T007633,C0260,2026-05-23T19:39:58,3800,0.0,3800.0,MOBILE_PAY
T007634,C0160,2025-10-10T08:23:59,6490,564.4,5925.6,CARD
T007635,C0336,2026-05-11T23:18:34,9396,61.2,9334.8,MOBILE_PAY
T007636,C0298,2026-05-01T13:14:29,2277,0.0,2277.0,CARD
T007637,C0149,2026-02-22T11:43:59,13045,516.5,12528.5,CARD
T007638,C0429,2026-08-03T20:08:54,1637,41.2,1595.8,MOBILE_PAY
T007639,C0346,2025-12-11T12:13:30,11247,0.0,11247.0,MOBILE_PAY
T007640,C0348,2026-03-07T22:51:04,10213,0.0,10213.0,CARD
T007641,C0472,2025-10-29T11:27:47,750,225.0,525.0,CARD
T007642,C0123,2026-02-01T00:55:49,9957,240.5,9716.5,MOBILE_PAY
T007643,C0441,2025-11-20T20:40:59,14015,0.0,14015.0,CARD
T007644,C0073,2026-03-30T05:24:09,7964,258.0,7706.0,CARD
T007645,C0121,2026-02-26T02:19:42,3490,0.0,3490.0,MOBILE_PAY
T007646,C0072,2026-05-22T18:23:03,2227,0.0,2227.0,CARD
T007647,C0378,2026-01-30T16:59:53,15903,82.0,15821.0,MOBILE_PAY
T007648,C0232,2026-08-15T06:49:56,698,209.4,488.6,CARD
T007649,C0497,2026-04-29T12:36:05,16066,627.7,15438.3,MOBILE_PAY
T007650,C0201,2026-08-07T23:28:16,11696,142.0,11554.0,CARD
T007651,C0096,2026-08-08T15:21:30,957,95.7,861.3,MOBILE_PAY
T007652,C0477,2026-08-25T12:43:30,3541,0.0,3541.0,CASH
T007653,C0308,2026-08-26T09:51:58,1939,0.0,1939.0,CARD
T007654,C0078,2026-01-14T17:49:01,1140,0.0,1140.0,CARD
T007655,C0242,2026-01-22T20:35:59,7434,0.0,7434.0,MOBILE_PAY
T007656,C0096,2026-01-22T22:19:21,2718,0.0,2718.0,MOBILE_PAY
T007657,C0096,2025-11-26T14:14:05,9745,0.0,9745.0,CASH
T007658,C0497,2025-10-03T00:52:12,4027,0.0,4027.0,MOBILE_PAY
T007659,C0071,2025-11-22T11:56:49,9791,304.1,9486.9,CARD
T007660,C0466,2025-11-28T10:46:05,8144,0.0,8144.0,CARD
T007661,C0126,2026-08-03T16:18:07,7298,0.0,7298.0,CASH
T007662,C0460,2026-01-06T01:43:05,4030,0.0,4030.0,MOBILE_PAY
T007663,C0408,2026-06-23T20:05:35,5239,167.6,5071.4,CASH
T007664,C0475,2026-04-30T22:46:19,11834,0.0,11834.0,CASH
T007665,C0197,2025-11-24T05:12:56,4422,280.4,4141.6,CASH
T007666,C0052,2026-01-02T18:52:11,3297,0.0,3297.0,MOBILE_PAY
T007667,C0038,2026-04-23T17:07:30,4674,484.5,4189.5,CASH
T007668,C0325,2026-04-26T15:17:52,11097,324.0,10773.0,MOBILE_PAY
T007669,C0419,2026-08-18T02:32:28,4289,0.0,4289.0,MOBILE_PAY
T007670,C0455,2026-02-26T20:46:00,15629,0.0,15629.0,CASH
T007671,C0076,2025-12-10T14:42:43,4136,0.0,4136.0,CARD
T007672,C0418,2026-07-05T12:42:45,16953,791.25,16161.75,CARD
T007673,C0306,2025-10-24T15:52:38,7905,591.6,7313.4,CASH
T007674,C0481,2025-12-31T03:59:41,4171,0.0,4171.0,CARD
T007675,C0121,2026-08-30T12:00:11,10038,0.0,10038.0,MOBILE_PAY
T007676,C0342,2026-03-25T12:11:41,3214,234.0,2980.0,MOBILE_PAY
T007677,C0116,2025-12-27T10:24:53,653,0.0,653.0,MOBILE_PAY
T007678,C0437,2026-03-25T17:10:24,10785,0.0,10785.0,MOBILE_PAY
T007679,C0342,2025-10-27T02:43:01,9683,670.5,9012.5,CARD
T007680,C0267,2026-01-21T20:54:00,3547,0.0,3547.0,CARD
T007681,C0422,2026-02-16T19:24:28,1041,24.15,1016.85,CARD
T007682,C0019,2025-10-13T10:05:51,6656,0.0,6656.0,CASH
T007683,C0466,2025-12-24T04:39:52,7976,0.0,7976.0,CARD
T007684,C0126,2025-10-25T21:29:13,20816,0.0,20816.0,CASH
T007685,C0349,2026-08-18T13:46:55,4500,0.0,4500.0,CARD
T007686,C0155,2026-08-17T18:54:47,5963,206.35,5756.65,CASH
T007687,C0449,2026-08-31T17:39:14,4558,0.0,4558.0,MOBILE_PAY
T007688,C0108,2025-11-08T22:55:37,8066,241.8,7824.2,CASH
T007689,C0330,2026-09-17T00:18:16,8198,257.5,7940.5,MOBILE_PAY
T007690,C0358,2026-04-22T06:50:52,6873,0.0,6873.0,CARD
T007691,C0040,2025-10-09T13:01:09,5626,0.0,5626.0,CARD
T007692,C0334,2026-06-24T08:51:58,5129,295.25,4833.75,CARD
T007693,C0386,2025-11-25T12:12:01,2111,0.0,2111.0,CASH
T007694,C0267,2026-02-21T23:04:20,14917,0.0,14917.0,CARD
T007695,C0417,2026-06-17T23:54:45,7515,163.8,7351.2,CASH
T007696,C0461,2026-02-22T02:42:07,9095,0.0,9095.0,CASH
T007697,C0257,2026-05-30T10:55:45,1375,0.0,1375.0,CASH
T007698,C0064,2026-05-13T07:31:59,6403,0.0,6403.0,CARD
T007699,C0028,2026-08-08T16:48:19,9801,0.0,9801.0,MOBILE_PAY
T007700,C0111,2025-11-13T13:54:23,4826,492.9,4333.1,CARD
T007701,C0474,2026-09-19T14:37:51,10742,90.0,10652.0,CARD
T007702,C0047,2026-01-07T15:27:14,3955,0.0,3955.0,MOBILE_PAY
T007703,C0202,2026-07-30T07:21:56,8278,0.0,8278.0,MOBILE_PAY
T007704,C0157,2025-11-13T11:27:56,846,0.0,846.0,CASH
T007705,C0013,2026-05-19T23:07:30,6704,386.25,6317.75,CARD
T007706,C0033,2026-07-20T07:19:56,1641,0.0,1641.0,CARD
T007707,C0262,2026-01-01T19:19:42,3762,0.0,3762.0,MOBILE_PAY
T007708,C0166,2026-06-14T07:19:50,4274,0.0,4274.0,MOBILE_PAY
T007709,C0471,2026-05-08T02:34:06,3680,120.0,3560.0,CASH
T007710,C0252,2026-03-05T00:45:35,12360,0.0,12360.0,CARD
T007711,C0476,2025-09-29T18:27:50,6461,0.0,6461.0,MOBILE_PAY
T007712,C0199,2026-02-23T02:48:30,10957,0.0,10957.0,MOBILE_PAY
T007713,C0229,2025-10-30T09:34:23,6613,0.0,6613.0,CARD
T007714,C0022,2025-10-06T19:13:32,8608,0.0,8608.0,CASH
T007715,C0106,2026-01-07T16:36:36,918,0.0,918.0,CARD
T007716,C0077,2026-03-22T16:15:10,2854,0.0,2854.0,CASH
T007717,C0194,2026-09-23T17:21:42,2268,192.9,2075.1,MOBILE_PAY
T007718,C0043,2026-07-28T04:20:10,12463,1270.25,11192.75,MOBILE_PAY
T007719,C0148,2026-07-30T07:05:05,1162,0.0,1162.0,CARD
T007720,C0279,2025-11-02T05:06:09,7368,45.45,7322.55,CASH
T007721,C0179,2026-09-01T11:05:00,5182,0.0,5182.0,MOBILE_PAY
T007722,C0005,2026-04-09T23:49:16,15803,846.2,14956.8,CARD
T007723,C0296,2026-05-05T19:38:55,3019,0.0,3019.0,CARD
T007724,C0268,2026-08-16T21:50:11,2708,0.0,2708.0,CASH
T007725,C0450,2026-07-13T08:42:46,6865,0.0,6865.0,CASH
T007726,C0049,2025-11-14T11:52:25,1305,220.0,1085.0,CASH
T007727,C0151,2026-08-15T22:35:53,16316,0.0,16316.0,CASH
T007728,C0032,2025-11-05T20:54:39,9632,454.5,9177.5,MOBILE_PAY
T007729,C0201,2026-08-09T15:15:45,12158,86.4,12071.6,CASH
T007730,C0465,2026-05-10T14:17:42,1075,61.5,1013.5,CARD
T007731,C0014,2026-08-05T14:50:15,7587,45.6,7541.4,MOBILE_PAY
T007732,C0482,2026-08-03T19:33:51,6486,0.0,6486.0,MOBILE_PAY
T007733,C0213,2026-05-24T08:58:08,1748,236.0,1512.0,CASH
T007734,C0368,2025-11-14T21:41:58,10015,0.0,10015.0,CASH
T007735,C0076,2026-07-09T04:48:01,1860,171.0,1689.0,CARD
T007736,C0460,2026-01-27T17:52:30,11839,101.7,11737.3,CARD
T007737,C0228,2026-08-22T05:24:12,8473,0.0,8473.0,CARD
T007738,C0038,2026-02-21T05:25:10,8152,0.0,8152.0,MOBILE_PAY
T007739,C0375,2026-06-09T17:43:55,9449,0.0,9449.0,CASH
T007740,C0112,2026-06-17T00:37:30,5691,118.35,5572.65,CARD
T007741,C0012,2026-05-18T00:11:33,6837,0.0,6837.0,CASH
T007742,C0327,2025-11-21T19:47:37,7297,0.0,7297.0,CASH
T007743,C0132,2026-09-07T07:12:15,12013,188.4,11824.6,MOBILE_PAY
T007744,C0275,2026-01-23T06:10:42,1600,162.6,1437.4,CARD
T007745,C0112,2026-07-06T08:13:54,2508,0.0,2508.0,CASH
T007746,C0359,2026-04-04T02:31:56,1332,16.1,1315.9,CASH
T007747,C0431,2026-03-05T04:53:11,13385,0.0,13385.0,CARD
T007748,C0282,2026-05-02T20:14:01,12962,107.1,12854.9,MOBILE_PAY
T007749,C0290,2026-04-29T17:47:10,29640,352.5,29287.5,CARD
T007750,C0011,2026-06-14T03:05:07,9297,170.0,9127.0,MOBILE_PAY
T007751,C0030,2026-07-26T01:33:01,13139,225.0,12914.0,CARD
T007752,C0038,2025-12-18T09:21:48,8927,0.0,8927.0,CARD
T007753,C0106,2026-01-17T16:49:13,4474,341.55,4132.45,MOBILE_PAY
T007754,C0080,2025-10-21T21:38:38,13746,0.0,13746.0,CARD
T007755,C0393,2025-10-14T20:42:56,1542,0.0,1542.0,CASH
T007756,C0139,2025-12-21T21:29:33,2424,363.6,2060.4,CARD
T007757,C0072,2026-01-06T23:16:03,10973,0.0,10973.0,CASH
T007758,C0440,2025-10-27T18:23:58,7359,314.0,7045.0,MOBILE_PAY
T007759,C0183,2026-01-14T09:00:48,4987,97.9,4889.1,CARD
T007760,C0347,2025-11-02T11:49:38,12467,0.0,12467.0,CARD
T007761,C0258,2025-12-13T04:20:01,626,0.0,626.0,MOBILE_PAY
T007762,C0276,2026-07-17T17:40:34,5995,0.0,5995.0,MOBILE_PAY
T007763,C0309,2025-10-24T09:00:59,9473,0.0,9473.0,MOBILE_PAY
T007764,C0300,2026-04-15T13:10:54,4378,226.8,4151.2,MOBILE_PAY
T007765,C0005,2025-11-06T12:50:20,13928,1982.4,11945.6,CARD
T007766,C0397,2025-11-09T08:07:54,17784,806.4,16977.6,CASH
T007767,C0216,2026-08-26T10:41:09,16802,206.0,16596.0,MOBILE_PAY
T007768,C0212,2026-08-25T07:00:14,11328,223.15,11104.85,CASH
T007769,C0202,2026-05-03T16:24:14,614,0.0,614.0,MOBILE_PAY
T007770,C0036,2026-05-31T07:20:18,3167,0.0,3167.0,MOBILE_PAY
T007771,C0121,2025-11-06T12:07:53,2652,0.0,2652.0,MOBILE_PAY
T007772,C0447,2026-01-26T11:19:21,9213,0.0,9213.0,MOBILE_PAY
T007773,C0225,2025-10-01T01:16:53,2561,0.0,2561.0,CARD
T007774,C0457,2026-02-07T00:39:51,806,0.0,806.0,MOBILE_PAY
T007775,C0249,2026-09-20T05:00:50,3766,292.0,3474.0,CARD
T007776,C0176,2025-10-30T15:40:11,13799,71.4,13727.6,MOBILE_PAY
T007777,C0250,2026-06-25T03:06:40,6017,201.3,5815.7,MOBILE_PAY
T007778,C0404,2026-06-27T15:21:29,15523,1486.8,14036.2,MOBILE_PAY
T007779,C0170,2025-12-26T04:07:35,1862,0.0,1862.0,MOBILE_PAY
T007780,C0406,2025-11-27T02:09:42,8368,0.0,8368.0,CASH
T007781,C0489,2026-01-27T13:32:09,14327,0.0,14327.0,CARD
T007782,C0097,2026-06-01T08:26:13,9858,230.4,9627.6,CASH
T007783,C0197,2025-11-11T06:32:50,3452,0.0,3452.0,CARD
T007784,C0104,2026-03-19T01:53:21,14004,406.5,13597.5,CARD
T007785,C0430,2026-09-01T15:54:00,6701,0.0,6701.0,CASH
T007786,C0003,2026-05-13T08:20:03,2438,118.35,2319.65,CASH
T007787,C0330,2026-06-13T21:49:35,7668,0.0,7668.0,MOBILE_PAY
T007788,C0173,2025-09-28T03:33:12,11189,837.6,10351.4,MOBILE_PAY
T007789,C0410,2026-01-25T13:34:47,2128,0.0,2128.0,CARD
T007790,C0114,2026-01-26T09:09:58,1224,0.0,1224.0,CARD
T007791,C0073,2026-03-21T05:10:07,17472,0.0,17472.0,MOBILE_PAY
T007792,C0186,2025-10-12T06:08:08,10435,234.8,10200.2,CARD
T007793,C0363,2026-04-10T08:50:17,1592,0.0,1592.0,CASH
T007794,C0257,2026-02-14T13:02:32,1611,0.0,1611.0,MOBILE_PAY
T007795,C0369,2026-03-07T02:13:05,2448,30.3,2417.7,MOBILE_PAY
T007796,C0150,2025-09-27T19:30:38,12275,1149.0,11126.0,CARD
T007797,C0337,2026-05-07T15:07:03,2812,0.0,2812.0,CARD
T007798,C0388,2026-07-13T13:12:53,449,0.0,449.0,MOBILE_PAY
T007799,C0007,2026-01-12T00:57:58,4854,0.0,4854.0,MOBILE_PAY
T007800,C0500,2026-08-01T00:21:50,9021,51.2,8969.8,CASH
T007801,C0120,2025-10-15T20:00:58,13109,176.4,12932.6,CASH
T007802,C0209,2026-08-06T13:31:50,4676,65.4,4610.6,CASH
T007803,C0070,2026-09-12T20:54:03,3018,496.5,2521.5,CARD
T007804,C0495,2026-02-24T08:14:07,7010,30.3,6979.7,CARD
T007805,C0126,2026-03-22T07:15:39,2995,0.0,2995.0,CARD
T007806,C0049,2025-11-05T03:41:04,13898,115.6,13782.4,CARD
T007807,C0033,2026-01-20T04:54:10,9970,654.0,9316.0,MOBILE_PAY
T007808,C0199,2026-06-10T19:52:23,9465,0.0,9465.0,MOBILE_PAY
T007809,C0165,2026-08-10T18:42:59,5237,0.0,5237.0,CASH
T007810,C0197,2026-04-10T18:09:49,8052,0.0,8052.0,MOBILE_PAY
T007811,C0443,2026-03-24T10:51:35,17270,0.0,17270.0,MOBILE_PAY
T007812,C0383,2026-04-19T18:45:44,11401,235.2,11165.8,MOBILE_PAY
T007813,C0292,2025-12-18T21:07:26,9519,319.8,9199.2,CASH
T007814,C0440,2025-10-24T03:52:32,974,0.0,974.0,CARD
T007815,C0253,2025-10-05T17:48:52,7821,16.1,7804.9,CASH
T007816,C0122,2025-12-13T03:39:58,8173,530.25,7642.75,MOBILE_PAY
T007817,C0325,2025-11-06T21:25:53,4228,0.0,4228.0,CASH
T007818,C0450,2026-01-07T07:07:12,5836,572.75,5263.25,CARD
T007819,C0126,2026-08-07T14:14:59,9996,0.0,9996.0,CASH
T007820,C0433,2026-08-06T18:49:28,7316,0.0,7316.0,CASH
T007821,C0439,2026-02-11T15:24:26,24936,593.9,24342.1,MOBILE_PAY
T007822,C0173,2026-07-20T13:48:02,19196,386.25,18809.75,CASH
T007823,C0163,2026-09-15T20:34:36,13984,356.0,13628.0,CASH
T007824,C0100,2026-02-25T15:18:22,11439,196.0,11243.0,CARD
T007825,C0147,2026-01-10T19:50:47,292,0.0,292.0,CASH
T007826,C0141,2026-01-27T12:02:28,5337,0.0,5337.0,CASH
T007827,C0452,2026-03-30T06:56:57,9416,540.0,8876.0,MOBILE_PAY
T007828,C0247,2025-11-14T21:13:16,4732,0.0,4732.0,MOBILE_PAY
T007829,C0054,2026-07-21T05:06:53,7052,0.0,7052.0,MOBILE_PAY
T007830,C0140,2025-11-25T11:53:21,10430,469.0,9961.0,CARD
T007831,C0235,2026-03-24T01:06:15,8739,0.0,8739.0,MOBILE_PAY
T007832,C0244,2026-02-01T17:07:20,6643,0.0,6643.0,MOBILE_PAY
T007833,C0323,2026-06-11T03:25:29,11905,0.0,11905.0,MOBILE_PAY
T007834,C0385,2026-03-29T17:51:21,4487,0.0,4487.0,CASH
T007835,C0418,2026-05-18T03:53:02,4598,98.6,4499.4,CARD
T007836,C0274,2026-01-09T16:08:08,666,0.0,666.0,MOBILE_PAY
T007837,C0443,2026-07-31T07:20:59,3163,0.0,3163.0,CARD
T007838,C0250,2025-10-18T12:12:03,12844,80.45,12763.55,MOBILE_PAY
T007839,C0160,2026-03-22T23:39:08,4710,0.0,4710.0,CARD
T007840,C0056,2026-07-06T02:17:34,12756,67.1,12688.9,CARD
T007841,C0187,2026-01-09T06:13:01,2611,59.6,2551.4,MOBILE_PAY
T007842,C0143,2025-10-07T21:27:18,14293,496.5,13796.5,CARD
T007843,C0313,2025-12-22T16:30:13,10845,565.3,10279.7,MOBILE_PAY
T007844,C0149,2025-12-19T16:49:54,7243,147.9,7095.1,CARD
T007845,C0436,2026-08-26T10:33:22,3042,289.35,2752.65,CARD
T007846,C0043,2026-09-26T07:37:17,2308,0.0,2308.0,MOBILE_PAY
T007847,C0261,2026-03-20T22:37:20,5367,0.0,5367.0,MOBILE_PAY
T007848,C0463,2026-01-08T09:40:13,12959,907.25,12051.75,CARD
T007849,C0227,2026-01-05T14:03:49,4368,0.0,4368.0,CASH
T007850,C0099,2026-05-25T09:11:12,12070,269.0,11801.0,MOBILE_PAY
T007851,C0325,2026-05-28T22:28:40,11604,301.8,11302.2,CASH
T007852,C0201,2026-05-10T18:36:48,10105,628.2,9476.8,MOBILE_PAY
T007853,C0330,2026-05-23T12:26:50,11358,226.5,11131.5,MOBILE_PAY
T007854,C0474,2026-09-20T00:08:32,11293,0.0,11293.0,MOBILE_PAY
T007855,C0161,2026-04-19T06:36:20,6722,22.6,6699.4,CASH
T007856,C0195,2026-03-20T23:01:56,4394,0.0,4394.0,MOBILE_PAY
T007857,C0170,2025-09-28T17:22:50,4906,59.6,4846.4,MOBILE_PAY
T007858,C0194,2026-05-19T22:59:34,12788,0.0,12788.0,CASH
T007859,C0029,2025-12-25T11:29:07,8750,36.5,8713.5,CARD
T007860,C0419,2026-01-01T04:22:35,5354,0.0,5354.0,CASH
T007861,C0279,2026-05-21T14:02:47,4362,0.0,4362.0,CARD
T007862,C0329,2025-11-07T15:51:02,7244,0.0,7244.0,MOBILE_PAY
T007863,C0414,2026-06-29T06:00:58,2376,30.55,2345.45,CASH
T007864,C0383,2025-12-25T02:59:35,1902,0.0,1902.0,CASH
T007865,C0263,2026-02-26T23:32:44,10683,245.7,10437.3,CASH
T007866,C0253,2026-07-14T16:44:46,9974,0.0,9974.0,CASH
T007867,C0284,2026-05-24T01:48:39,9813,0.0,9813.0,CASH
T007868,C0129,2026-01-17T11:49:45,13083,164.8,12918.2,CASH
T007869,C0057,2025-10-31T19:59:00,14676,0.0,14676.0,MOBILE_PAY
T007870,C0371,2025-12-08T10:47:20,4885,0.0,4885.0,CARD
T007871,C0493,2026-08-10T02:47:53,5123,0.0,5123.0,MOBILE_PAY
T007872,C0049,2026-05-29T23:30:46,5410,0.0,5410.0,CARD
T007873,C0367,2026-03-03T09:12:20,12158,221.6,11936.4,CASH
T007874,C0401,2026-01-21T23:17:12,1324,0.0,1324.0,CARD
T007875,C0284,2025-10-24T18:46:59,5081,0.0,5081.0,CARD
T007876,C0158,2025-09-28T22:56:43,5539,0.0,5539.0,CASH
T007877,C0434,2026-08-16T23:10:16,13252,176.4,13075.6,MOBILE_PAY
T007878,C0390,2026-02-23T22:08:07,10458,0.0,10458.0,CASH
T007879,C0387,2025-10-03T20:31:12,14339,130.0,14209.0,CARD
T007880,C0204,2025-12-23T08:00:22,14142,807.0,13335.0,CARD
T007881,C0022,2025-12-01T11:05:14,10303,0.0,10303.0,CARD
T007882,C0064,2026-03-11T23:15:21,7868,45.0,7823.0,CARD
T007883,C0326,2026-07-19T01:55:00,7050,0.0,7050.0,MOBILE_PAY
T007884,C0280,2026-08-07T11:49:53,8075,60.0,8015.0,CARD
T007885,C0172,2026-03-21T09:40:58,10688,243.2,10444.8,CARD
T007886,C0399,2026-02-10T10:33:50,14328,93.6,14234.4,CARD
T007887,C0001,2025-12-27T01:26:31,2661,107.1,2553.9,MOBILE_PAY
T007888,C0438,2026-09-27T11:03:43,10793,0.0,10793.0,CARD
T007889,C0300,2025-10-22T16:04:18,1227,0.0,1227.0,CASH
T007890,C0450,2026-06-27T05:35:14,9870,241.8,9628.2,CARD
T007891,C0078,2026-06-05T03:03:39,11073,788.8,10284.2,MOBILE_PAY
T007892,C0198,2026-05-01T09:57:18,17041,0.0,17041.0,MOBILE_PAY
T007893,C0128,2025-10-14T22:38:35,7027,0.0,7027.0,CASH
T007894,C0242,2026-02-09T07:26:28,10076,0.0,10076.0,CASH
T007895,C0060,2026-04-05T03:46:36,4934,0.0,4934.0,CASH
T007896,C0108,2026-09-21T16:42:37,8981,0.0,8981.0,CASH
T007897,C0389,2026-02-28T07:10:15,3015,89.4,2925.6,CARD
T007898,C0131,2025-12-30T01:08:49,1302,0.0,1302.0,CASH
T007899,C0167,2025-10-31T07:11:27,3489,0.0,3489.0,CASH
T007900,C0211,2026-06-20T11:36:45,14832,0.0,14832.0,MOBILE_PAY
T007901,C0002,2026-08-18T03:41:40,6752,399.75,6352.25,CASH
T007902,C0405,2025-10-11T08:15:46,15856,412.5,15443.5,MOBILE_PAY
T007903,C0047,2025-10-28T19:46:21,3616,0.0,3616.0,CASH
T007904,C0005,2025-10-07T16:14:36,12524,0.0,12524.0,CASH
T007905,C0233,2026-04-22T14:19:18,894,0.0,894.0,MOBILE_PAY
T007906,C0114,2026-05-19T07:04:27,12114,0.0,12114.0,CARD
T007907,C0303,2026-03-03T23:25:40,12324,181.8,12142.2,MOBILE_PAY
T007908,C0303,2026-06-04T09:22:57,5129,0.0,5129.0,MOBILE_PAY
T007909,C0014,2026-02-03T07:56:35,8361,0.0,8361.0,MOBILE_PAY
T007910,C0462,2026-01-19T23:24:30,4916,0.0,4916.0,MOBILE_PAY
T007911,C0387,2026-03-04T08:21:02,4155,0.0,4155.0,CARD
T007912,C0197,2026-07-29T20:21:34,9899,0.0,9899.0,CARD
T007913,C0198,2025-11-03T00:44:02,294,0.0,294.0,MOBILE_PAY
T007914,C0071,2025-11-30T15:38:37,6539,296.55,6242.45,MOBILE_PAY
T007915,C0394,2026-01-30T09:10:10,7420,0.0,7420.0,CASH
T007916,C0485,2025-12-23T23:57:49,8136,0.0,8136.0,CASH
T007917,C0365,2026-02-28T03:19:30,14110,107.6,14002.4,CARD
T007918,C0004,2025-10-11T19:52:40,12267,0.0,12267.0,CARD
T007919,C0124,2026-02-25T03:51:35,3137,0.0,3137.0,CASH
T007920,C0403,2026-09-23T20:32:44,3462,90.0,3372.0,CASH
T007921,C0015,2026-01-17T08:56:19,9891,227.7,9663.3,CASH
T007922,C0317,2025-10-05T13:30:09,662,0.0,662.0,CARD
T007923,C0321,2025-10-21T03:23:49,626,0.0,626.0,CASH
T007924,C0377,2026-01-14T08:58:05,9624,0.0,9624.0,MOBILE_PAY
T007925,C0266,2026-03-17T11:28:12,2977,0.0,2977.0,MOBILE_PAY
T007926,C0396,2026-01-18T03:19:30,10645,694.95,9950.05,MOBILE_PAY
T007927,C0382,2026-04-17T15:22:24,12111,0.0,12111.0,CASH
T007928,C0251,2026-03-01T15:07:29,2860,0.0,2860.0,CASH
T007929,C0356,2026-03-26T10:28:06,265,0.0,265.0,MOBILE_PAY
T007930,C0470,2026-05-18T02:03:13,7029,0.0,7029.0,CASH
T007931,C0054,2026-01-21T21:55:38,2940,0.0,2940.0,CARD
T007932,C0307,2026-09-02T19:18:00,4689,315.1,4373.9,CARD
T007933,C0019,2026-05-03T07:42:52,4276,0.0,4276.0,CASH
T007934,C0081,2026-02-21T07:20:21,10224,0.0,10224.0,MOBILE_PAY
T007935,C0412,2026-07-25T05:22:08,7111,120.9,6990.1,CARD
T007936,C0381,2026-06-01T02:48:51,1530,0.0,1530.0,MOBILE_PAY
T007937,C0492,2026-06-01T08:08:47,11760,128.7,11631.3,CASH
T007938,C0006,2026-05-12T00:56:27,5342,0.0,5342.0,CARD
T007939,C0134,2026-08-10T07:20:56,7200,0.0,7200.0,MOBILE_PAY
T007940,C0185,2026-04-16T18:36:16,10588,89.4,10498.6,CARD
T007941,C0005,2026-05-14T18:46:49,2500,0.0,2500.0,MOBILE_PAY
T007942,C0001,2026-01-10T18:31:10,7384,0.0,7384.0,CARD
T007943,C0045,2026-04-12T20:50:26,3386,0.0,3386.0,CARD
T007944,C0273,2026-01-03T06:38:49,12135,30.3,12104.7,CARD
T007945,C0249,2026-04-15T23:23:45,5257,0.0,5257.0,CASH
T007946,C0315,2025-10-24T05:03:48,13076,0.0,13076.0,MOBILE_PAY
T007947,C0338,2026-03-27T18:19:34,10360,0.0,10360.0,MOBILE_PAY
T007948,C0141,2025-10-01T23:44:26,11985,0.0,11985.0,CASH
T007949,C0265,2026-09-11T02:28:29,8261,0.0,8261.0,CARD
T007950,C0389,2026-06-06T13:48:19,9623,0.0,9623.0,MOBILE_PAY
T007951,C0237,2025-12-31T23:56:29,13127,0.0,13127.0,CASH
T007952,C0440,2026-03-03T16:21:18,19461,159.0,19302.0,CARD
T007953,C0307,2026-08-07T03:03:35,3223,0.0,3223.0,CASH
T007954,C0449,2025-11-07T15:40:27,4738,0.0,4738.0,MOBILE_PAY
T007955,C0132,2025-10-07T03:06:36,5307,311.2,4995.8,CARD
T007956,C0275,2025-10-18T01:59:28,8610,78.9,8531.1,CASH
T007957,C0094,2026-09-20T02:26:08,10576,348.2,10227.8,CARD
T007958,C0277,2026-09-08T17:09:26,12045,0.0,12045.0,MOBILE_PAY
T007959,C0459,2026-03-23T08:58:55,10858,0.0,10858.0,MOBILE_PAY
T007960,C0246,2026-08-03T04:04:14,7943,8.05,7934.95,CASH
T007961,C0223,2026-03-28T05:52:02,2058,0.0,2058.0,CARD
T007962,C0206,2025-09-28T19:25:11,19263,13.4,19249.6,CASH
T007963,C0078,2026-07-16T21:52:14,6996,0.0,6996.0,MOBILE_PAY
T007964,C0451,2025-10-25T04:10:30,3084,0.0,3084.0,CARD
T007965,C0351,2026-03-18T21:59:20,9743,0.0,9743.0,MOBILE_PAY
T007966,C0239,2026-04-04T03:19:16,10000,233.1,9766.9,MOBILE_PAY
T007967,C0197,2026-07-21T11:09:34,5952,0.0,5952.0,MOBILE_PAY
T007968,C0285,2026-08-27T21:42:22,2594,0.0,2594.0,CARD
T007969,C0488,2025-12-22T11:16:44,4660,0.0,4660.0,CARD
T007970,C0112,2026-06-08T05:03:07,9555,63.8,9491.2,CASH
T007971,C0104,2026-04-01T21:07:14,9961,85.2,9875.8,CASH
T007972,C0141,2026-01-26T22:01:28,9293,0.0,9293.0,MOBILE_PAY
T007973,C0135,2026-05-08T06:00:23,2432,0.0,2432.0,CARD
T007974,C0152,2026-09-14T16:52:40,9152,90.4,9061.6,CARD
T007975,C0342,2026-01-25T15:40:24,10326,0.0,10326.0,MOBILE_PAY
T007976,C0064,2026-05-16T13:26:05,12104,0.0,12104.0,CASH
T007977,C0475,2025-12-12T21:29:51,559,0.0,559.0,MOBILE_PAY
T007978,C0054,2026-08-07T10:42:46,5927,515.25,5411.75,MOBILE_PAY
T007979,C0446,2025-12-14T17:28:29,17543,1089.15,16453.85,CARD
T007980,C0307,2026-08-10T03:17:30,18974,286.2,18687.8,CASH
T007981,C0276,2026-09-25T02:28:31,9506,0.0,9506.0,CASH
T007982,C0108,2025-10-11T15:24:29,9035,733.4,8301.6,CARD
T007983,C0244,2026-03-18T18:35:27,5209,0.0,5209.0,CASH
T007984,C0481,2026-04-20T06:18:07,4631,0.0,4631.0,CASH
T007985,C0270,2025-11-06T09:17:11,3100,0.0,3100.0,CASH
T007986,C0459,2025-11-09T06:06:59,12972,149.0,12823.0,CASH
T007987,C0064,2026-09-24T01:43:54,9801,0.0,9801.0,CARD
T007988,C0209,2026-09-05T23:17:36,9466,0.0,9466.0,CASH
T007989,C0345,2025-10-25T23:27:14,7448,0.0,7448.0,MOBILE_PAY
T007990,C0433,2026-03-18T01:48:00,4285,0.0,4285.0,CASH
T007991,C0381,2025-11-07T16:32:41,6562,117.6,6444.4,CASH
T007992,C0474,2026-05-08T02:23:38,7707,0.0,7707.0,MOBILE_PAY
T007993,C0188,2026-06-27T11:45:01,5699,0.0,5699.0,MOBILE_PAY
T007994,C0138,2026-07-19T00:09:57,8075,162.6,7912.4,MOBILE_PAY
T007995,C0057,2026-03-10T14:36:15,5749,0.0,5749.0,CASH
T007996,C0312,2026-08-16T10:58:38,7869,112.5,7756.5,CASH
T007997,C0365,2025-10-17T12:08:12,4755,0.0,4755.0,MOBILE_PAY
T007998,C0163,2025-10-11T11:08:01,13247,0.0,13247.0,CASH
T007999,C0253,2026-01-13T06:14:51,6993,327.0,6666.0,CARD
T008000,C0040,2026-05-24T13:09:08,5529,297.2,5231.8,CARD
T008001,C0367,2025-10-06T11:00:44,640,0.0,640.0,CASH
T008002,C0343,2025-12-02T09:22:41,9561,729.3,8831.7,MOBILE_PAY
T008003,C0133,2026-09-20T07:39:34,5036,490.0,4546.0,MOBILE_PAY
T008004,C0371,2025-11-02T07:59:54,13740,216.0,13524.0,MOBILE_PAY
T008005,C0415,2026-01-09T09:12:15,1108,225.0,883.0,CASH
T008006,C0106,2026-01-16T14:14:16,8296,67.8,8228.2,CASH
T008007,C0320,2026-01-19T08:30:50,559,0.0,559.0,MOBILE_PAY
T008008,C0158,2025-10-30T17:36:02,4513,0.0,4513.0,CARD
T008009,C0185,2026-08-07T21:58:53,8514,0.0,8514.0,CASH
T008010,C0207,2026-02-12T19:13:43,771,0.0,771.0,CASH
T008011,C0274,2026-02-04T01:39:20,5822,78.9,5743.1,MOBILE_PAY
T008012,C0488,2026-08-23T01:59:45,1144,0.0,1144.0,CARD
T008013,C0258,2026-05-15T03:52:40,5680,0.0,5680.0,MOBILE_PAY
T008014,C0394,2026-03-10T12:16:25,1508,0.0,1508.0,MOBILE_PAY
T008015,C0061,2026-03-20T04:01:50,6799,109.2,6689.8,CASH
T008016,C0034,2026-01-13T18:12:57,2697,66.2,2630.8,MOBILE_PAY
T008017,C0261,2025-12-24T14:47:08,3245,0.0,3245.0,CARD
T008018,C0229,2025-12-26T12:34:24,1825,0.0,1825.0,CASH
T008019,C0461,2025-12-26T21:15:17,194,0.0,194.0,MOBILE_PAY
T008020,C0313,2026-06-12T18:29:16,6120,85.0,6035.0,CARD
T008021,C0135,2026-06-11T08:53:50,4908,75.0,4833.0,MOBILE_PAY
T008022,C0431,2026-04-16T20:04:20,14290,0.0,14290.0,CASH
T008023,C0034,2026-01-22T23:19:16,2153,0.0,2153.0,MOBILE_PAY
T008024,C0463,2026-06-11T23:55:35,1296,0.0,1296.0,CARD
T008025,C0425,2026-05-04T13:40:15,9043,0.0,9043.0,MOBILE_PAY
T008026,C0062,2026-07-07T22:43:40,2612,0.0,2612.0,CARD
T008027,C0447,2026-03-04T09:46:51,12124,0.0,12124.0,CARD
T008028,C0392,2026-06-26T15:40:05,7433,0.0,7433.0,CARD
T008029,C0297,2026-09-21T18:11:04,4486,0.0,4486.0,CARD
T008030,C0145,2026-02-07T06:36:11,14756,431.6,14324.4,CARD
T008031,C0454,2026-02-19T12:58:22,9223,0.0,9223.0,CASH
T008032,C0271,2026-09-27T09:23:05,10074,386.25,9687.75,MOBILE_PAY
T008033,C0174,2025-11-29T02:30:03,2350,587.5,1762.5,CASH
T008034,C0351,2025-12-25T03:28:55,6037,82.4,5954.6,CARD
T008035,C0022,2026-05-05T16:43:20,2340,0.0,2340.0,MOBILE_PAY
T008036,C0467,2025-11-08T13:48:15,8367,1625.35,6741.65,MOBILE_PAY
T008037,C0418,2026-04-01T17:08:40,3604,0.0,3604.0,MOBILE_PAY
T008038,C0407,2026-07-25T17:05:23,6048,0.0,6048.0,MOBILE_PAY
T008039,C0211,2026-06-18T06:07:15,16719,342.0,16377.0,CARD
T008040,C0358,2025-10-07T13:55:38,7530,496.6,7033.4,MOBILE_PAY
T008041,C0124,2026-08-11T04:10:48,16851,41.0,16810.0,CASH
T008042,C0358,2025-12-18T06:32:40,3110,0.0,3110.0,CARD
T008043,C0080,2026-07-06T13:55:58,2188,0.0,2188.0,MOBILE_PAY
T008044,C0126,2025-12-27T05:07:43,2721,0.0,2721.0,CASH
T008045,C0383,2026-02-14T04:02:40,1441,0.0,1441.0,CARD
T008046,C0427,2025-12-30T23:12:40,4068,515.0,3553.0,CASH
T008047,C0327,2026-09-14T11:27:24,8267,192.9,8074.1,MOBILE_PAY
T008048,C0015,2025-09-27T18:34:01,8933,534.5,8398.5,CARD
T008049,C0113,2026-09-02T15:45:33,12679,868.2,11810.8,MOBILE_PAY
T008050,C0178,2026-09-26T02:24:53,1601,197.25,1403.75,MOBILE_PAY
T008051,C0103,2026-07-18T07:46:36,6771,0.0,6771.0,CASH
T008052,C0341,2025-10-18T19:10:42,4405,53.6,4351.4,CARD
T008053,C0352,2026-01-26T02:37:10,11438,1047.0,10391.0,CASH
T008054,C0104,2026-05-24T23:25:05,12767,76.5,12690.5,MOBILE_PAY
T008055,C0465,2026-06-24T02:10:16,7065,0.0,7065.0,MOBILE_PAY
T008056,C0335,2026-08-02T19:04:29,9315,0.0,9315.0,MOBILE_PAY
T008057,C0435,2026-05-12T17:36:35,12333,0.0,12333.0,CARD
T008058,C0105,2026-05-11T22:24:48,7764,0.0,7764.0,MOBILE_PAY
T008059,C0135,2025-12-06T05:34:12,5943,0.0,5943.0,CASH
T008060,C0296,2026-02-23T16:42:55,7243,0.0,7243.0,CARD
T008061,C0318,2026-05-28T14:16:37,11759,142.8,11616.2,CASH
T008062,C0106,2026-03-03T06:23:26,11970,0.0,11970.0,MOBILE_PAY
T008063,C0022,2026-02-09T10:14:39,8443,0.0,8443.0,CASH
T008064,C0062,2025-12-19T13:32:56,4712,379.5,4332.5,CARD
T008065,C0012,2026-07-03T15:32:42,882,0.0,882.0,MOBILE_PAY
T008066,C0381,2026-02-24T03:48:25,4968,142.0,4826.0,CASH
T008067,C0476,2026-07-02T23:37:35,3054,0.0,3054.0,CASH
T008068,C0109,2025-11-09T15:37:27,2999,0.0,2999.0,CASH
T008069,C0076,2026-07-11T13:17:52,944,0.0,944.0,CASH
T008070,C0166,2026-05-23T12:19:25,2412,0.0,2412.0,CASH
T008071,C0249,2026-03-31T18:33:58,11966,0.0,11966.0,MOBILE_PAY
T008072,C0154,2026-06-05T18:49:10,4541,302.1,4238.9,MOBILE_PAY
T008073,C0127,2026-08-16T04:40:47,5142,0.0,5142.0,CARD
T008074,C0449,2026-03-23T12:24:14,11193,0.0,11193.0,CASH
T008075,C0080,2025-12-27T16:29:51,18444,42.6,18401.4,CARD
T008076,C0360,2025-11-06T13:58:03,9560,0.0,9560.0,MOBILE_PAY
T008077,C0169,2026-03-22T18:23:45,1974,0.0,1974.0,CARD
T008078,C0223,2025-12-20T08:19:01,1382,0.0,1382.0,CARD
T008079,C0483,2026-05-05T20:14:47,8269,198.6,8070.4,CARD
T008080,C0017,2026-08-30T18:57:52,14727,0.0,14727.0,MOBILE_PAY
T008081,C0287,2026-01-23T03:03:15,6548,0.0,6548.0,CASH
T008082,C0111,2026-07-20T17:43:40,8024,0.0,8024.0,MOBILE_PAY
T008083,C0473,2026-03-12T08:03:38,5671,0.0,5671.0,CASH
T008084,C0461,2026-06-23T23:44:12,4175,0.0,4175.0,CARD
T008085,C0081,2026-09-16T20:56:18,13858,0.0,13858.0,CASH
T008086,C0067,2025-11-26T09:21:57,31740,0.0,31740.0,CARD
T008087,C0253,2026-01-11T07:46:39,2474,96.0,2378.0,MOBILE_PAY
T008088,C0302,2026-04-12T00:20:46,4140,0.0,4140.0,MOBILE_PAY
T008089,C0368,2026-04-07T15:25:29,1086,0.0,1086.0,CASH
T008090,C0269,2026-07-02T23:50:56,7214,0.0,7214.0,CASH
T008091,C0039,2026-07-04T23:32:51,4698,0.0,4698.0,MOBILE_PAY
T008092,C0060,2025-11-25T09:44:55,579,0.0,579.0,MOBILE_PAY
T008093,C0010,2026-09-23T02:35:22,10673,124.8,10548.2,MOBILE_PAY
T008094,C0379,2026-09-18T21:29:56,631,0.0,631.0,CASH
T008095,C0410,2025-12-12T10:21:48,10598,220.0,10378.0,CARD
T008096,C0458,2026-08-01T04:02:43,6765,0.0,6765.0,CASH
T008097,C0326,2026-07-14T02:20:22,7415,178.0,7237.0,CASH
T008098,C0455,2026-08-08T13:12:29,2422,0.0,2422.0,CASH
T008099,C0122,2026-05-02T19:50:52,10727,0.0,10727.0,MOBILE_PAY
T008100,C0213,2026-08-12T18:45:54,6884,192.9,6691.1,CARD
T008101,C0482,2026-02-09T19:40:47,7981,166.4,7814.6,CARD
T008102,C0112,2026-08-21T18:12:21,6513,0.0,6513.0,CARD
T008103,C0165,2026-04-19T13:57:46,2362,80.7,2281.3,MOBILE_PAY
T008104,C0224,2026-02-20T08:27:17,20035,21.3,20013.7,CARD
T008105,C0261,2026-08-26T10:17:16,10792,147.25,10644.75,MOBILE_PAY
T008106,C0458,2026-02-02T06:36:42,9071,187.2,8883.8,CASH
T008107,C0037,2026-06-11T02:08:08,1512,0.0,1512.0,CARD
T008108,C0151,2025-12-30T21:19:50,13301,0.0,13301.0,CARD
T008109,C0081,2026-08-17T19:05:54,4599,0.0,4599.0,CASH
T008110,C0351,2026-05-26T17:47:01,9186,130.8,9055.2,CASH
T008111,C0330,2025-11-25T20:54:31,718,0.0,718.0,MOBILE_PAY
T008112,C0333,2026-08-29T12:14:21,4178,0.0,4178.0,CARD
T008113,C0491,2026-04-01T08:55:08,13554,21.3,13532.7,CASH
T008114,C0093,2026-06-10T03:45:26,17092,0.0,17092.0,MOBILE_PAY
T008115,C0446,2026-08-08T15:50:37,2468,0.0,2468.0,MOBILE_PAY
T008116,C0027,2026-02-24T23:24:46,2536,0.0,2536.0,CASH
T008117,C0244,2026-04-30T04:56:21,11765,386.5,11378.5,CASH
T008118,C0067,2026-03-22T07:15:29,8221,65.4,8155.6,CARD
T008119,C0471,2026-06-12T01:41:34,6036,130.5,5905.5,MOBILE_PAY
T008120,C0420,2025-11-02T04:51:34,10606,1524.0,9082.0,CASH
T008121,C0430,2026-01-06T13:23:46,16144,0.0,16144.0,CASH
T008122,C0061,2026-06-26T15:20:54,6619,331.5,6287.5,CASH
T008123,C0114,2025-10-27T16:03:34,10243,315.2,9927.8,CASH
T008124,C0458,2026-09-21T16:02:50,12550,0.0,12550.0,CARD
T008125,C0326,2025-12-30T01:03:19,4540,135.6,4404.4,CARD
T008126,C0448,2026-01-11T11:48:57,11181,0.0,11181.0,CASH
T008127,C0376,2026-05-09T04:14:09,6837,95.7,6741.3,CARD
T008128,C0254,2025-12-14T06:00:13,10006,232.5,9773.5,MOBILE_PAY
T008129,C0257,2026-07-31T11:44:38,834,0.0,834.0,CASH
T008130,C0497,2025-11-14T13:59:42,3240,0.0,3240.0,CARD
T008131,C0286,2026-09-09T16:34:36,491,0.0,491.0,CASH
T008132,C0342,2026-07-21T10:06:28,198,0.0,198.0,MOBILE_PAY
T008133,C0104,2026-04-02T07:41:09,7625,0.0,7625.0,CASH
T008134,C0002,2026-09-18T13:41:30,17034,877.75,16156.25,MOBILE_PAY
T008135,C0358,2026-05-21T18:42:07,3061,192.0,2869.0,MOBILE_PAY
T008136,C0426,2026-02-25T22:40:59,8137,275.2,7861.8,MOBILE_PAY
T008137,C0062,2026-03-17T06:52:00,4901,197.25,4703.75,CASH
T008138,C0351,2026-09-26T06:22:38,2258,0.0,2258.0,CASH
T008139,C0143,2025-10-10T05:54:30,4136,0.0,4136.0,MOBILE_PAY
T008140,C0111,2026-03-13T10:37:01,1852,0.0,1852.0,CASH
T008141,C0146,2025-09-29T13:27:15,11779,261.0,11518.0,CARD
T008142,C0058,2026-02-16T03:33:47,9545,140.4,9404.6,CARD
T008143,C0235,2026-02-15T14:00:47,3503,0.0,3503.0,CASH
T008144,C0129,2026-05-02T11:03:49,6545,0.0,6545.0,MOBILE_PAY
T008145,C0166,2026-06-03T06:08:12,14270,807.0,13463.0,MOBILE_PAY
T008146,C0410,2025-11-05T14:41:21,330,0.0,330.0,MOBILE_PAY
T008147,C0351,2026-03-31T19:12:14,8971,581.7,8389.3,MOBILE_PAY
T008148,C0493,2026-09-01T05:04:55,813,0.0,813.0,CASH
T008149,C0288,2025-12-25T05:11:39,13591,0.0,13591.0,MOBILE_PAY
T008150,C0412,2026-08-13T14:05:22,12823,807.5,12015.5,CARD
T008151,C0129,2026-01-29T08:06:18,6182,0.0,6182.0,CASH
T008152,C0350,2026-03-25T21:41:03,8055,0.0,8055.0,CARD
T008153,C0330,2026-05-21T05:20:40,2255,0.0,2255.0,CASH
T008154,C0242,2025-11-14T22:38:21,14032,130.8,13901.2,CARD
T008155,C0139,2025-11-12T06:45:51,9305,26.8,9278.2,CASH
T008156,C0202,2026-09-04T08:47:28,3395,60.6,3334.4,CARD
T008157,C0450,2026-07-02T18:38:42,642,0.0,642.0,CASH
T008158,C0437,2025-11-13T10:39:33,12215,638.75,11576.25,CASH
T008159,C0198,2026-02-25T04:38:26,13591,0.0,13591.0,CARD
T008160,C0028,2025-11-19T04:43:13,5731,0.0,5731.0,CARD
T008161,C0145,2026-02-05T22:31:18,9979,482.25,9496.75,CASH
T008162,C0460,2025-10-06T19:08:09,6644,0.0,6644.0,MOBILE_PAY
T008163,C0008,2026-02-26T23:42:18,9442,409.5,9032.5,MOBILE_PAY
T008164,C0254,2026-06-25T03:50:31,8091,0.0,8091.0,CARD
T008165,C0014,2026-08-08T10:13:19,3443,0.0,3443.0,CASH
T008166,C0232,2026-05-13T10:12:47,11437,211.5,11225.5,MOBILE_PAY
T008167,C0262,2026-05-01T17:08:30,5117,0.0,5117.0,MOBILE_PAY
T008168,C0430,2026-05-23T02:22:08,10641,92.5,10548.5,CASH
T008169,C0149,2025-12-09T06:53:02,6025,128.7,5896.3,CASH
T008170,C0080,2026-09-25T04:37:33,9887,0.0,9887.0,CARD
T008171,C0381,2026-09-02T20:10:30,1068,0.0,1068.0,CARD
T008172,C0446,2026-02-18T08:43:13,11383,0.0,11383.0,MOBILE_PAY
T008173,C0087,2026-07-15T14:23:01,6564,0.0,6564.0,MOBILE_PAY
T008174,C0039,2026-01-07T09:53:31,4832,56.7,4775.3,MOBILE_PAY
T008175,C0164,2026-02-26T23:10:40,8463,0.0,8463.0,CASH
T008176,C0493,2026-01-22T16:03:57,4009,0.0,4009.0,MOBILE_PAY
T008177,C0358,2026-03-01T21:04:31,11987,235.0,11752.0,CARD
T008178,C0005,2025-12-17T07:20:10,4408,55.0,4353.0,MOBILE_PAY
T008179,C0087,2026-08-11T14:07:23,7171,149.0,7022.0,CASH
T008180,C0272,2026-05-15T09:34:40,2241,0.0,2241.0,CARD
T008181,C0309,2026-04-23T02:25:58,1113,0.0,1113.0,MOBILE_PAY
T008182,C0288,2026-06-23T18:59:35,1570,161.5,1408.5,CARD
T008183,C0372,2026-05-16T17:38:44,7180,0.0,7180.0,CARD
T008184,C0406,2026-03-20T05:09:48,8595,807.0,7788.0,CASH
T008185,C0491,2025-10-03T07:58:33,17992,92.4,17899.6,MOBILE_PAY
T008186,C0118,2025-11-05T18:00:32,2659,0.0,2659.0,MOBILE_PAY
T008187,C0237,2026-09-26T19:51:15,11978,546.0,11432.0,MOBILE_PAY
T008188,C0416,2026-01-20T05:26:52,4199,0.0,4199.0,MOBILE_PAY
T008189,C0006,2026-06-11T14:52:59,6315,0.0,6315.0,CASH
T008190,C0055,2026-05-29T07:50:26,5877,0.0,5877.0,CASH
T008191,C0204,2026-06-05T02:54:57,12069,0.0,12069.0,MOBILE_PAY
T008192,C0252,2026-02-01T12:47:31,4475,0.0,4475.0,MOBILE_PAY
T008193,C0382,2026-02-14T08:00:59,14902,126.75,14775.25,MOBILE_PAY
T008194,C0484,2026-04-04T00:37:40,3178,148.4,3029.6,MOBILE_PAY
T008195,C0106,2025-09-29T04:29:49,12169,182.75,11986.25,CASH
T008196,C0228,2026-08-22T04:59:41,12314,0.0,12314.0,CARD
T008197,C0026,2026-09-01T16:25:45,5518,0.0,5518.0,CASH
T008198,C0274,2025-12-25T21:47:40,7307,24.15,7282.85,CARD
T008199,C0021,2026-05-18T00:40:49,835,0.0,835.0,CASH
T008200,C0435,2026-07-02T20:57:47,12576,0.0,12576.0,MOBILE_PAY
T008201,C0473,2025-12-28T10:56:35,1704,0.0,1704.0,MOBILE_PAY
T008202,C0355,2026-01-02T13:58:46,7806,0.0,7806.0,MOBILE_PAY
T008203,C0072,2026-06-11T03:36:29,12767,0.0,12767.0,CARD
T008204,C0441,2025-11-17T16:06:57,10766,0.0,10766.0,CARD
T008205,C0271,2026-03-30T22:11:14,7710,294.0,7416.0,CARD
T008206,C0005,2026-06-24T10:21:31,2288,0.0,2288.0,CARD
T008207,C0175,2026-08-19T11:29:52,7525,0.0,7525.0,CASH
T008208,C0060,2025-11-04T18:04:23,12829,0.0,12829.0,CARD
T008209,C0135,2026-07-05T13:45:14,4858,0.0,4858.0,MOBILE_PAY
T008210,C0076,2026-04-25T09:20:49,10426,0.0,10426.0,MOBILE_PAY
T008211,C0392,2026-02-27T17:35:03,5400,151.6,5248.4,MOBILE_PAY
T008212,C0220,2026-02-28T16:04:31,4012,0.0,4012.0,MOBILE_PAY
T008213,C0041,2026-07-14T12:43:51,14020,904.5,13115.5,CARD
T008214,C0191,2026-05-11T18:32:15,8982,0.0,8982.0,CASH
T008215,C0458,2025-11-24T21:26:07,9247,294.0,8953.0,CASH
T008216,C0032,2026-02-14T21:57:58,2149,0.0,2149.0,MOBILE_PAY
T008217,C0233,2026-01-30T09:29:47,7300,181.6,7118.4,CARD
T008218,C0121,2025-11-15T06:32:28,4202,216.0,3986.0,CARD
T008219,C0167,2026-05-19T23:37:42,3920,0.0,3920.0,CASH
T008220,C0386,2026-08-17T01:55:26,5688,368.4,5319.6,MOBILE_PAY
T008221,C0081,2026-08-24T06:17:49,10338,198.6,10139.4,CASH
T008222,C0274,2026-06-06T02:45:58,8965,128.7,8836.3,MOBILE_PAY
T008223,C0492,2025-10-18T13:12:21,10743,0.0,10743.0,CASH
T008224,C0399,2026-02-02T03:47:35,11692,113.0,11579.0,MOBILE_PAY
T008225,C0450,2025-10-06T13:07:59,9140,82.4,9057.6,CARD
T008226,C0281,2026-05-26T12:13:37,2304,0.0,2304.0,CARD
T008227,C0212,2026-09-21T02:19:41,17916,860.65,17055.35,CARD
T008228,C0331,2025-12-03T17:11:35,17098,0.0,17098.0,CARD
T008229,C0054,2026-02-25T12:33:13,6478,0.0,6478.0,MOBILE_PAY
T008230,C0238,2025-10-18T02:21:08,4980,165.0,4815.0,CARD
T008231,C0344,2025-09-30T00:51:59,4037,0.0,4037.0,CASH
T008232,C0099,2025-10-15T21:21:33,10890,259.6,10630.4,CASH
T008233,C0292,2026-06-13T05:54:49,562,0.0,562.0,CARD
T008234,C0160,2025-10-28T10:21:37,9571,345.65,9225.35,CARD
T008235,C0182,2026-07-28T16:04:57,19915,0.0,19915.0,MOBILE_PAY
T008236,C0050,2026-08-02T12:35:51,1960,0.0,1960.0,CASH
T008237,C0416,2026-08-11T08:35:26,8282,90.4,8191.6,MOBILE_PAY
T008238,C0241,2025-11-09T10:11:51,11138,0.0,11138.0,CARD
T008239,C0479,2026-06-13T09:45:52,4651,0.0,4651.0,MOBILE_PAY
T008240,C0288,2026-07-23T14:24:48,4817,98.25,4718.75,CARD
T008241,C0191,2026-07-15T11:52:20,4096,0.0,4096.0,CARD
T008242,C0302,2025-10-18T19:00:23,1554,0.0,1554.0,CASH
T008243,C0055,2025-10-29T13:56:53,7760,0.0,7760.0,MOBILE_PAY
T008244,C0445,2026-08-10T22:53:34,4258,130.5,4127.5,CARD
T008245,C0200,2026-02-01T03:53:37,11464,294.0,11170.0,CARD
T008246,C0008,2026-03-11T00:00:07,5003,0.0,5003.0,CARD
T008247,C0228,2025-10-25T22:39:49,21417,0.0,21417.0,MOBILE_PAY
T008248,C0469,2026-03-07T13:28:28,8630,0.0,8630.0,CARD
T008249,C0046,2025-10-24T15:06:00,11695,654.0,11041.0,CASH
T008250,C0079,2026-08-21T20:54:47,812,0.0,812.0,MOBILE_PAY
T008251,C0262,2026-05-12T15:18:35,10014,109.2,9904.8,MOBILE_PAY
T008252,C0103,2026-03-24T19:15:56,12924,1472.7,11451.3,CARD
T008253,C0327,2025-12-11T01:16:41,4410,0.0,4410.0,CARD
T008254,C0166,2026-05-03T11:36:20,11835,99.05,11735.95,CASH
T008255,C0249,2026-01-05T10:49:06,10394,0.0,10394.0,CASH
T008256,C0148,2026-07-30T05:27:20,9822,2469.0,7353.0,CASH
T008257,C0029,2026-01-03T07:08:22,3630,0.0,3630.0,CARD
T008258,C0423,2026-07-23T19:59:18,13516,0.0,13516.0,CASH
T008259,C0394,2026-07-14T09:12:26,10744,48.0,10696.0,CASH
T008260,C0336,2026-05-27T10:07:04,9298,159.5,9138.5,MOBILE_PAY
T008261,C0416,2026-05-28T16:59:45,6393,45.45,6347.55,CARD
T008262,C0061,2026-04-15T00:08:44,15983,669.75,15313.25,CARD
T008263,C0265,2025-10-29T02:10:16,7109,0.0,7109.0,CASH
T008264,C0239,2025-11-20T09:18:43,11593,0.0,11593.0,CARD
T008265,C0096,2025-10-31T08:24:41,13707,743.7,12963.3,CARD
T008266,C0500,2026-08-25T11:51:14,7134,90.0,7044.0,MOBILE_PAY
T008267,C0121,2025-12-25T23:45:59,749,0.0,749.0,CARD
T008268,C0042,2025-09-27T18:03:17,13164,0.0,13164.0,MOBILE_PAY
T008269,C0088,2025-10-15T11:44:36,4206,0.0,4206.0,MOBILE_PAY
T008270,C0296,2026-06-15T11:45:25,11978,63.9,11914.1,CARD
T008271,C0260,2026-07-11T14:51:40,3264,0.0,3264.0,CARD
T008272,C0076,2026-05-01T05:28:51,7337,22.8,7314.2,CASH
T008273,C0338,2026-04-14T02:55:46,3004,0.0,3004.0,CARD
T008274,C0123,2025-11-20T15:03:33,7612,342.0,7270.0,MOBILE_PAY
T008275,C0216,2026-06-08T17:13:43,19712,171.0,19541.0,CARD
T008276,C0142,2026-07-20T21:45:40,1056,0.0,1056.0,MOBILE_PAY
T008277,C0290,2025-12-11T07:43:03,9963,436.0,9527.0,CARD
T008278,C0218,2026-04-21T10:44:10,8357,0.0,8357.0,CARD
T008279,C0436,2026-08-24T19:48:37,9367,130.5,9236.5,MOBILE_PAY
T008280,C0041,2026-01-22T22:32:59,4347,114.0,4233.0,MOBILE_PAY
T008281,C0403,2026-06-12T22:27:33,10649,0.0,10649.0,CARD
T008282,C0404,2026-02-20T02:25:01,7061,0.0,7061.0,CASH
T008283,C0312,2026-08-16T11:32:35,5455,0.0,5455.0,MOBILE_PAY
T008284,C0499,2026-05-07T19:10:57,8833,224.75,8608.25,CARD
T008285,C0332,2026-05-27T19:30:10,9553,0.0,9553.0,CARD
T008286,C0158,2025-10-17T04:20:13,1315,0.0,1315.0,CARD
T008287,C0215,2026-07-21T01:18:28,8751,0.0,8751.0,MOBILE_PAY
T008288,C0407,2026-06-18T12:34:55,3374,0.0,3374.0,CASH
T008289,C0142,2026-06-20T22:21:47,404,60.6,343.4,MOBILE_PAY
T008290,C0201,2026-09-07T19:00:20,1505,213.0,1292.0,CASH
T008291,C0150,2026-09-16T22:29:38,8423,268.25,8154.75,CARD
T008292,C0125,2026-06-29T14:05:31,576,120.9,455.1,CASH
T008293,C0170,2026-08-11T16:59:48,11105,560.8,10544.2,MOBILE_PAY
T008294,C0309,2026-05-03T00:44:21,12159,454.5,11704.5,CARD
T008295,C0459,2026-08-24T10:31:02,6097,0.0,6097.0,CASH
T008296,C0134,2026-03-03T12:32:51,1032,0.0,1032.0,CARD
T008297,C0309,2026-03-31T22:44:57,584,0.0,584.0,CARD
T008298,C0026,2025-11-15T22:30:45,6574,409.5,6164.5,CASH
T008299,C0304,2025-12-12T15:38:21,6141,125.7,6015.3,MOBILE_PAY
T008300,C0119,2026-06-15T23:34:27,8326,629.05,7696.95,CASH
T008301,C0080,2026-09-24T07:14:05,3061,0.0,3061.0,CASH
T008302,C0214,2025-12-20T23:11:13,2212,0.0,2212.0,CARD
T008303,C0118,2025-10-25T20:34:59,6579,362.7,6216.3,CARD
T008304,C0445,2025-10-21T02:43:50,1340,0.0,1340.0,CARD
T008305,C0081,2026-01-07T16:37:37,697,0.0,697.0,CASH
T008306,C0137,2026-06-12T15:56:42,8144,125.7,8018.3,CASH
T008307,C0325,2026-01-07T04:32:28,3036,0.0,3036.0,CASH
T008308,C0268,2026-04-20T19:32:20,10881,0.0,10881.0,MOBILE_PAY
T008309,C0444,2025-11-14T18:39:52,7758,327.5,7430.5,MOBILE_PAY
T008310,C0087,2026-04-07T01:15:36,7929,0.0,7929.0,CASH
T008311,C0061,2026-06-16T22:05:09,10624,0.0,10624.0,CARD
T008312,C0147,2026-09-07T12:35:02,5689,0.0,5689.0,CARD
T008313,C0040,2026-03-27T08:08:11,738,0.0,738.0,MOBILE_PAY
T008314,C0367,2026-05-29T05:05:25,8204,356.4,7847.6,MOBILE_PAY
T008315,C0412,2025-12-31T10:28:45,19257,0.0,19257.0,CARD
T008316,C0155,2026-05-29T05:23:39,1320,0.0,1320.0,MOBILE_PAY
T008317,C0027,2026-03-06T13:22:09,11599,0.0,11599.0,CARD
T008318,C0472,2026-08-25T18:01:46,416,0.0,416.0,MOBILE_PAY
T008319,C0015,2026-09-12T05:08:48,18611,0.0,18611.0,CASH
T008320,C0004,2026-09-26T20:01:02,13051,134.5,12916.5,CARD
T008321,C0221,2026-02-15T04:20:54,2364,127.6,2236.4,MOBILE_PAY
T008322,C0106,2026-01-28T09:32:54,2914,187.2,2726.8,CARD
T008323,C0274,2026-07-05T16:55:47,13455,169.5,13285.5,CASH
T008324,C0323,2026-03-09T00:04:48,2639,243.9,2395.1,CASH
T008325,C0231,2025-10-24T13:10:51,9077,0.0,9077.0,CASH
T008326,C0178,2026-05-20T14:16:38,16480,495.6,15984.4,MOBILE_PAY
T008327,C0331,2025-11-20T01:44:31,717,0.0,717.0,CASH
T008328,C0383,2025-11-15T09:21:22,13634,114.0,13520.0,CARD
T008329,C0008,2025-10-25T04:13:42,7582,0.0,7582.0,CASH
T008330,C0005,2026-07-24T03:17:45,13585,457.7,13127.3,CARD
T008331,C0199,2026-04-21T05:36:52,9143,0.0,9143.0,CARD
T008332,C0423,2026-04-27T16:44:54,77,0.0,77.0,CARD
T008333,C0025,2025-11-19T04:23:45,1155,0.0,1155.0,CASH
T008334,C0320,2026-09-03T13:41:06,13939,0.0,13939.0,MOBILE_PAY
T008335,C0245,2025-11-20T12:59:06,5293,0.0,5293.0,MOBILE_PAY
T008336,C0392,2025-10-05T10:27:15,12809,397.2,12411.8,MOBILE_PAY
T008337,C0238,2026-03-05T18:26:12,7339,71.4,7267.6,CARD
T008338,C0408,2025-12-19T03:06:54,4829,0.0,4829.0,CARD
T008339,C0108,2026-07-15T19:23:37,3200,0.0,3200.0,MOBILE_PAY
T008340,C0422,2025-10-28T23:28:24,14220,0.0,14220.0,MOBILE_PAY
T008341,C0223,2026-04-19T15:59:12,1176,0.0,1176.0,CASH
T008342,C0021,2026-07-06T17:07:24,2183,0.0,2183.0,MOBILE_PAY
T008343,C0460,2026-02-28T17:01:50,5857,0.0,5857.0,CARD
T008344,C0138,2026-08-12T11:54:23,10257,0.0,10257.0,CASH
T008345,C0307,2026-01-16T21:48:55,3093,71.0,3022.0,CASH
T008346,C0033,2025-11-13T11:51:45,2345,0.0,2345.0,MOBILE_PAY
T008347,C0387,2026-04-01T23:10:41,6568,502.2,6065.8,MOBILE_PAY
T008348,C0372,2026-02-23T13:43:47,7184,0.0,7184.0,CASH
T008349,C0435,2025-10-21T19:13:14,6066,51.5,6014.5,CARD
T008350,C0417,2026-06-02T02:05:30,9109,0.0,9109.0,MOBILE_PAY
T008351,C0330,2026-05-29T19:58:00,10122,794.9,9327.1,CARD
T008352,C0015,2026-05-28T22:23:33,7958,0.0,7958.0,CASH
T008353,C0015,2026-07-03T01:02:01,11917,468.7,11448.3,CASH
T008354,C0496,2025-12-23T00:31:17,7561,189.25,7371.75,CARD
T008355,C0373,2026-08-15T00:42:05,16675,2478.0,14197.0,CARD
T008356,C0208,2025-10-08T13:37:15,2082,0.0,2082.0,CARD
T008357,C0062,2025-11-26T16:32:44,2161,0.0,2161.0,CASH
T008358,C0065,2025-12-09T21:50:45,4558,170.1,4387.9,CASH
T008359,C0278,2026-03-06T20:31:41,8286,0.0,8286.0,CARD
T008360,C0236,2026-01-06T22:56:23,8659,0.0,8659.0,CARD
T008361,C0424,2026-07-21T05:10:34,1801,355.15,1445.85,CARD
T008362,C0285,2025-11-11T11:26:03,2073,0.0,2073.0,CARD
T008363,C0010,2026-06-22T08:39:29,4311,61.1,4249.9,CARD
T008364,C0197,2026-05-29T02:14:29,8366,0.0,8366.0,MOBILE_PAY
T008365,C0421,2026-03-15T17:59:23,17523,0.0,17523.0,CASH
T008366,C0352,2026-05-21T05:35:04,10298,0.0,10298.0,MOBILE_PAY
T008367,C0255,2025-12-28T23:58:51,3731,75.75,3655.25,CASH
T008368,C0378,2026-03-10T18:40:20,8732,436.0,8296.0,MOBILE_PAY
T008369,C0200,2026-04-12T01:59:17,2858,0.0,2858.0,MOBILE_PAY
T008370,C0116,2025-12-09T18:57:53,3256,0.0,3256.0,MOBILE_PAY
T008371,C0012,2026-01-28T08:11:22,7228,1047.0,6181.0,CARD
T008372,C0433,2026-09-16T21:08:44,2803,49.65,2753.35,CASH
T008373,C0040,2026-05-28T06:31:23,2311,0.0,2311.0,CASH
T008374,C0083,2026-05-21T23:39:10,1187,0.0,1187.0,MOBILE_PAY
T008375,C0386,2026-05-14T19:49:58,8641,476.15,8164.85,CARD
T008376,C0315,2025-10-22T23:03:44,7819,0.0,7819.0,MOBILE_PAY
T008377,C0197,2026-03-06T23:56:59,11578,0.0,11578.0,CASH
T008378,C0264,2026-08-22T11:09:42,5639,0.0,5639.0,CASH
T008379,C0112,2026-03-25T21:04:05,6232,161.5,6070.5,CARD
T008380,C0361,2026-03-15T01:03:30,5000,0.0,5000.0,CASH
T008381,C0290,2026-01-11T15:52:30,3970,213.0,3757.0,MOBILE_PAY
T008382,C0451,2025-10-03T02:09:02,11704,346.1,11357.9,CASH
T008383,C0088,2026-08-18T04:29:22,9546,0.0,9546.0,CARD
T008384,C0149,2025-12-30T23:21:07,3396,49.3,3346.7,MOBILE_PAY
T008385,C0194,2025-11-23T12:07:40,8418,48.0,8370.0,CASH
T008386,C0440,2025-12-23T19:00:45,4015,375.0,3640.0,CARD
T008387,C0396,2026-07-27T19:23:51,5592,0.0,5592.0,CARD
T008388,C0015,2026-05-09T12:36:28,6052,0.0,6052.0,CASH
T008389,C0293,2026-06-13T02:20:03,8232,306.0,7926.0,CASH
T008390,C0051,2025-10-23T13:59:45,9697,22.65,9674.35,MOBILE_PAY
T008391,C0049,2026-07-01T04:36:07,9993,439.1,9553.9,CASH
T008392,C0473,2026-05-07T06:10:30,11114,188.4,10925.6,CASH
T008393,C0147,2026-07-09T09:47:12,6763,213.0,6550.0,CARD
T008394,C0035,2025-12-24T20:59:47,9070,99.3,8970.7,MOBILE_PAY
T008395,C0498,2026-06-10T01:17:52,6537,166.4,6370.6,MOBILE_PAY
T008396,C0251,2025-12-06T01:35:09,9996,121.6,9874.4,CARD
T008397,C0126,2026-02-07T14:29:27,5843,196.2,5646.8,CARD
T008398,C0355,2025-11-20T14:52:33,3882,206.4,3675.6,MOBILE_PAY
T008399,C0246,2026-07-30T11:09:57,6322,82.4,6239.6,CASH
T008400,C0048,2026-09-11T16:36:23,5766,0.0,5766.0,MOBILE_PAY
T008401,C0244,2026-04-22T12:52:35,10978,0.0,10978.0,MOBILE_PAY
T008402,C0121,2025-11-24T05:18:23,14489,441.8,14047.2,MOBILE_PAY
T008403,C0288,2026-09-06T04:21:50,6426,45.45,6380.55,CARD
T008404,C0263,2026-09-06T17:02:22,8470,0.0,8470.0,CARD
T008405,C0076,2026-05-31T22:01:58,5026,0.0,5026.0,CASH
T008406,C0086,2026-08-05T22:19:49,6504,0.0,6504.0,CASH
T008407,C0446,2026-03-02T12:41:03,7485,0.0,7485.0,MOBILE_PAY
T008408,C0177,2026-08-05T22:20:56,7776,0.0,7776.0,MOBILE_PAY
T008409,C0341,2026-03-22T16:22:58,11235,30.3,11204.7,MOBILE_PAY
T008410,C0351,2026-09-16T06:41:04,6993,59.0,6934.0,MOBILE_PAY
T008411,C0049,2025-11-05T18:42:17,3021,0.0,3021.0,MOBILE_PAY
T008412,C0128,2025-12-04T04:06:05,7908,0.0,7908.0,CASH
T008413,C0354,2026-02-22T01:38:19,12008,0.0,12008.0,CASH
T008414,C0415,2026-09-07T04:09:11,3695,0.0,3695.0,CASH
T008415,C0125,2026-05-19T06:32:11,10112,0.0,10112.0,CASH
T008416,C0221,2025-12-29T15:29:23,13852,920.2,12931.8,MOBILE_PAY
T008417,C0441,2026-03-25T08:31:20,563,0.0,563.0,CARD
T008418,C0006,2026-05-11T18:22:17,5170,131.0,5039.0,MOBILE_PAY
T008419,C0206,2026-01-06T06:31:11,18167,41.6,18125.4,CASH
T008420,C0366,2026-05-20T05:56:07,4714,110.0,4604.0,CASH
T008421,C0492,2026-08-21T17:25:55,11149,152.75,10996.25,CASH
T008422,C0338,2026-05-27T20:39:36,8920,339.75,8580.25,CARD
T008423,C0425,2026-05-05T17:52:27,18460,3365.15,15094.85,MOBILE_PAY
T008424,C0277,2026-01-29T21:36:12,6728,0.0,6728.0,MOBILE_PAY
T008425,C0157,2026-08-21T16:55:14,9493,0.0,9493.0,MOBILE_PAY
T008426,C0198,2026-08-27T07:17:22,9181,633.0,8548.0,MOBILE_PAY
T008427,C0367,2025-11-30T12:35:21,13588,219.2,13368.8,MOBILE_PAY
T008428,C0234,2026-09-25T21:35:11,1508,0.0,1508.0,CARD
T008429,C0454,2025-12-08T17:06:31,5386,575.4,4810.6,MOBILE_PAY
T008430,C0196,2026-01-26T20:22:19,13360,0.0,13360.0,CARD
T008431,C0192,2025-12-08T03:12:41,9413,192.8,9220.2,CASH
T008432,C0063,2026-09-14T12:37:51,724,0.0,724.0,MOBILE_PAY
T008433,C0489,2026-05-24T02:05:32,12284,161.5,12122.5,CARD
T008434,C0221,2026-03-07T05:58:56,11475,62.8,11412.2,MOBILE_PAY
T008435,C0256,2026-07-20T01:31:28,7663,0.0,7663.0,CARD
T008436,C0323,2026-01-05T04:40:01,6782,67.8,6714.2,CARD
T008437,C0375,2026-01-05T12:49:27,3717,879.9,2837.1,MOBILE_PAY
T008438,C0411,2026-01-22T06:58:46,2862,138.55,2723.45,MOBILE_PAY
T008439,C0171,2026-06-19T20:13:30,294,0.0,294.0,MOBILE_PAY
T008440,C0145,2026-04-17T07:45:15,3890,143.85,3746.15,CARD
T008441,C0274,2026-01-13T09:52:29,4109,0.0,4109.0,CASH
T008442,C0289,2026-07-19T11:38:22,24456,67.0,24389.0,CARD
T008443,C0420,2026-01-01T17:14:34,7732,331.4,7400.6,CASH
T008444,C0390,2026-08-04T12:42:56,4310,0.0,4310.0,MOBILE_PAY
T008445,C0178,2026-09-20T06:33:07,11660,0.0,11660.0,CARD
T008446,C0105,2026-07-14T09:16:46,10862,387.9,10474.1,MOBILE_PAY
T008447,C0148,2026-05-29T20:54:19,3512,0.0,3512.0,CASH
T008448,C0228,2026-03-12T23:16:43,8064,176.9,7887.1,MOBILE_PAY
T008449,C0112,2026-07-22T01:22:23,10224,0.0,10224.0,CARD
T008450,C0426,2026-06-27T11:39:40,12856,247.5,12608.5,CASH
T008451,C0247,2026-07-07T15:35:44,11346,462.8,10883.2,CARD
T008452,C0196,2026-04-25T19:48:23,1050,0.0,1050.0,CARD
T008453,C0060,2026-03-15T05:21:15,928,0.0,928.0,CASH
T008454,C0359,2026-04-12T07:08:23,12951,506.25,12444.75,CASH
T008455,C0387,2025-11-10T03:43:04,2463,0.0,2463.0,MOBILE_PAY
T008456,C0286,2026-08-31T23:26:21,14287,157.8,14129.2,CARD
T008457,C0345,2026-09-05T12:21:23,8400,0.0,8400.0,MOBILE_PAY
T008458,C0268,2025-11-11T09:22:06,3899,106.0,3793.0,CASH
T008459,C0363,2025-10-26T04:07:30,5171,328.75,4842.25,CARD
T008460,C0162,2026-01-25T07:55:05,13632,289.0,13343.0,CARD
T008461,C0107,2026-07-28T10:19:23,4996,0.0,4996.0,MOBILE_PAY
T008462,C0140,2025-12-22T17:14:17,852,0.0,852.0,CASH
T008463,C0003,2025-12-22T00:40:50,8792,159.0,8633.0,CASH
T008464,C0106,2025-10-15T06:38:56,2340,0.0,2340.0,CARD
T008465,C0284,2026-03-11T18:12:30,11860,0.0,11860.0,MOBILE_PAY
T008466,C0477,2026-01-05T06:54:45,11471,433.4,11037.6,MOBILE_PAY
T008467,C0334,2025-10-06T17:22:14,3583,0.0,3583.0,CARD
T008468,C0077,2026-05-20T05:48:31,8927,127.8,8799.2,CARD
T008469,C0344,2026-06-29T01:28:55,2628,170.0,2458.0,MOBILE_PAY
T008470,C0074,2026-04-17T03:06:15,8272,1047.0,7225.0,MOBILE_PAY
T008471,C0405,2025-10-06T19:21:42,4770,0.0,4770.0,CARD
T008472,C0328,2026-01-29T17:50:29,9788,506.75,9281.25,CASH
T008473,C0418,2026-05-03T12:21:22,9454,0.0,9454.0,CASH
T008474,C0343,2026-04-09T08:10:37,9965,604.5,9360.5,CARD
T008475,C0379,2026-04-01T06:29:58,3260,41.9,3218.1,CARD
T008476,C0407,2025-10-30T08:40:15,15028,629.0,14399.0,CARD
T008477,C0195,2026-08-19T20:39:42,10273,0.0,10273.0,MOBILE_PAY
T008478,C0246,2026-02-03T23:22:57,7448,0.0,7448.0,CASH
T008479,C0083,2026-01-28T11:55:01,2885,0.0,2885.0,CASH
T008480,C0183,2026-06-27T02:23:41,6455,180.5,6274.5,CASH
T008481,C0499,2026-02-09T07:47:14,8676,0.0,8676.0,CARD
T008482,C0496,2026-05-15T21:43:08,14185,439.2,13745.8,CASH
T008483,C0034,2026-06-16T08:31:35,5899,0.0,5899.0,MOBILE_PAY
T008484,C0432,2026-06-10T13:45:31,5925,0.0,5925.0,CARD
T008485,C0386,2026-07-27T21:06:07,12210,470.0,11740.0,CASH
T008486,C0076,2026-06-23T21:41:55,2544,0.0,2544.0,CASH
T008487,C0214,2025-10-18T22:46:04,12510,0.0,12510.0,MOBILE_PAY
T008488,C0024,2026-07-23T16:19:44,9346,0.0,9346.0,MOBILE_PAY
T008489,C0413,2026-06-02T22:54:30,3297,46.8,3250.2,CARD
T008490,C0099,2026-09-15T15:11:02,3125,0.0,3125.0,MOBILE_PAY
T008491,C0366,2026-02-25T05:20:33,2691,41.2,2649.8,CARD
T008492,C0222,2026-06-25T14:13:47,416,0.0,416.0,CASH
T008493,C0239,2026-09-07T10:48:45,7396,60.6,7335.4,MOBILE_PAY
T008494,C0284,2025-12-01T02:25:03,13371,21.3,13349.7,CARD
T008495,C0445,2026-07-27T04:55:01,1655,496.5,1158.5,CASH
T008496,C0321,2026-04-02T06:32:12,14935,127.6,14807.4,CASH
T008497,C0245,2026-04-21T08:47:13,15096,0.0,15096.0,CARD
T008498,C0086,2026-04-01T06:33:33,1259,0.0,1259.0,CARD
T008499,C0201,2026-09-23T02:22:26,8662,147.9,8514.1,CASH
T008500,C0281,2026-05-22T02:04:56,21468,0.0,21468.0,CASH
T008501,C0047,2025-10-17T12:41:35,6506,70.5,6435.5,MOBILE_PAY
T008502,C0410,2025-12-02T23:26:44,5583,0.0,5583.0,MOBILE_PAY
T008503,C0143,2026-09-20T11:12:29,5208,0.0,5208.0,CARD
T008504,C0423,2026-02-12T16:02:43,2804,0.0,2804.0,CASH
T008505,C0064,2026-05-09T10:01:05,11734,2562.7,9171.3,CASH
T008506,C0008,2025-11-04T07:56:19,3937,0.0,3937.0,CASH
T008507,C0367,2026-06-21T12:18:58,12873,0.0,12873.0,CASH
T008508,C0244,2025-11-25T07:01:23,9790,0.0,9790.0,CASH
T008509,C0357,2025-10-03T10:10:29,5857,41.0,5816.0,MOBILE_PAY
T008510,C0316,2026-07-01T06:40:26,10195,324.0,9871.0,CASH
T008511,C0477,2026-07-07T16:25:47,12599,85.2,12513.8,CARD
T008512,C0299,2026-01-08T18:15:52,6290,289.0,6001.0,CASH
T008513,C0457,2026-02-25T19:28:56,5023,0.0,5023.0,CASH
T008514,C0331,2025-12-27T16:42:28,10727,0.0,10727.0,CARD
T008515,C0371,2026-03-28T00:31:28,7623,0.0,7623.0,CASH
T008516,C0274,2025-12-01T15:27:39,5468,0.0,5468.0,MOBILE_PAY
T008517,C0105,2025-11-11T10:08:33,9939,0.0,9939.0,MOBILE_PAY
T008518,C0378,2026-03-06T11:10:24,3590,0.0,3590.0,CARD
T008519,C0094,2025-12-05T15:15:55,712,0.0,712.0,MOBILE_PAY
T008520,C0448,2026-09-06T11:56:41,4474,204.8,4269.2,MOBILE_PAY
T008521,C0463,2026-07-05T15:25:39,5072,236.8,4835.2,CARD
T008522,C0391,2026-02-28T09:35:26,6615,0.0,6615.0,CARD
T008523,C0162,2026-02-27T18:59:00,1072,0.0,1072.0,CASH
T008524,C0225,2026-07-05T18:51:19,2382,0.0,2382.0,MOBILE_PAY
T008525,C0277,2025-10-06T00:23:56,12623,0.0,12623.0,CASH
T008526,C0040,2025-12-20T07:27:42,8450,257.55,8192.45,CASH
T008527,C0325,2025-11-22T21:19:46,6803,289.0,6514.0,CARD
T008528,C0020,2025-12-10T04:10:13,15003,0.0,15003.0,CARD
T008529,C0232,2026-01-31T02:42:32,12268,0.0,12268.0,MOBILE_PAY
T008530,C0037,2026-04-12T20:24:55,12433,0.0,12433.0,CARD
T008531,C0288,2026-01-20T14:38:21,12121,0.0,12121.0,CASH
T008532,C0215,2025-10-25T10:10:49,4193,16.1,4176.9,CASH
T008533,C0123,2026-04-23T03:06:36,29136,0.0,29136.0,CASH
T008534,C0179,2026-08-02T12:53:36,7365,0.0,7365.0,CASH
T008535,C0319,2025-09-29T21:22:34,22700,0.0,22700.0,CARD
T008536,C0347,2025-12-04T07:52:08,6760,0.0,6760.0,MOBILE_PAY
T008537,C0163,2026-05-27T00:49:03,6261,45.6,6215.4,MOBILE_PAY
T008538,C0185,2026-01-29T08:31:26,17264,418.8,16845.2,CASH
T008539,C0083,2026-02-08T03:38:37,7182,197.25,6984.75,CARD
T008540,C0427,2026-06-09T18:49:04,9526,0.0,9526.0,MOBILE_PAY
T008541,C0264,2026-05-25T18:25:47,8335,0.0,8335.0,MOBILE_PAY
T008542,C0096,2026-05-14T04:45:18,4224,0.0,4224.0,CASH
T008543,C0395,2026-05-05T18:50:17,12464,0.0,12464.0,CASH
T008544,C0312,2026-04-05T11:11:29,10593,231.2,10361.8,MOBILE_PAY
T008545,C0432,2026-03-28T04:40:21,4426,149.0,4277.0,MOBILE_PAY
T008546,C0233,2026-07-23T03:38:18,10898,427.5,10470.5,MOBILE_PAY
T008547,C0237,2025-12-24T14:07:23,161,8.05,152.95,MOBILE_PAY
T008548,C0052,2026-07-04T11:31:10,2799,0.0,2799.0,CARD
T008549,C0346,2026-03-23T03:11:06,1860,0.0,1860.0,MOBILE_PAY
T008550,C0039,2026-09-18T09:24:03,13495,649.4,12845.6,CARD
T008551,C0469,2026-08-02T16:10:08,3850,0.0,3850.0,CASH
T008552,C0020,2026-05-07T03:14:22,8164,0.0,8164.0,CASH
T008553,C0421,2025-12-12T05:36:11,7886,0.0,7886.0,MOBILE_PAY
T008554,C0181,2026-05-18T22:32:00,10724,0.0,10724.0,MOBILE_PAY
T008555,C0277,2026-08-15T20:21:11,12177,92.4,12084.6,MOBILE_PAY
T008556,C0256,2026-02-13T16:57:08,10811,0.0,10811.0,CARD
T008557,C0108,2026-04-05T03:21:07,10267,0.0,10267.0,MOBILE_PAY
T008558,C0085,2026-08-24T10:40:51,240,0.0,240.0,MOBILE_PAY
T008559,C0257,2026-05-10T02:15:08,11396,340.0,11056.0,MOBILE_PAY
T008560,C0316,2026-01-27T22:42:38,2534,0.0,2534.0,MOBILE_PAY
T008561,C0323,2026-07-20T20:27:02,9491,23.1,9467.9,CASH
T008562,C0265,2026-02-08T18:08:54,9461,0.0,9461.0,CASH
T008563,C0460,2025-10-23T11:27:47,12131,61.5,12069.5,CARD
T008564,C0129,2026-05-04T10:41:32,8690,141.0,8549.0,CASH
T008565,C0330,2026-06-04T04:38:41,16968,0.0,16968.0,CARD
T008566,C0260,2026-08-10T05:37:35,5918,0.0,5918.0,CASH
T008567,C0006,2025-11-23T00:04:30,3892,0.0,3892.0,MOBILE_PAY
T008568,C0037,2026-01-04T06:13:51,8648,0.0,8648.0,CARD
T008569,C0349,2026-07-03T19:55:58,6285,0.0,6285.0,MOBILE_PAY
T008570,C0364,2026-03-21T14:31:06,5272,0.0,5272.0,MOBILE_PAY
T008571,C0410,2026-01-09T22:05:36,2865,8.05,2856.95,CARD
T008572,C0174,2026-06-19T05:16:12,7604,0.0,7604.0,CASH
T008573,C0299,2025-10-30T10:12:48,4723,45.45,4677.55,CARD
T008574,C0372,2025-10-25T19:46:57,1688,0.0,1688.0,CASH
T008575,C0083,2025-10-22T06:57:57,796,0.0,796.0,MOBILE_PAY
T008576,C0378,2026-04-01T11:55:09,9374,0.0,9374.0,MOBILE_PAY
T008577,C0367,2026-06-16T14:06:09,6160,162.6,5997.4,CASH
T008578,C0380,2025-12-20T09:23:38,1698,0.0,1698.0,MOBILE_PAY
T008579,C0056,2026-02-26T07:58:21,10779,0.0,10779.0,MOBILE_PAY
T008580,C0057,2026-09-20T12:21:20,2748,0.0,2748.0,CARD
T008581,C0469,2026-03-23T09:29:32,8475,0.0,8475.0,CASH
T008582,C0344,2025-10-01T21:14:48,12176,0.0,12176.0,CASH
T008583,C0247,2025-12-21T02:36:18,8362,712.3,7649.7,CASH
T008584,C0327,2026-06-30T04:59:34,14032,171.0,13861.0,CASH
T008585,C0186,2026-04-20T05:22:43,10499,0.0,10499.0,CARD
T008586,C0357,2026-03-11T14:34:52,1731,0.0,1731.0,CASH
T008587,C0396,2025-11-23T22:09:16,2556,0.0,2556.0,CARD
T008588,C0095,2026-02-12T05:00:21,3554,303.6,3250.4,CARD
T008589,C0353,2026-02-26T21:18:48,5672,0.0,5672.0,MOBILE_PAY
T008590,C0449,2026-06-07T20:36:24,6424,0.0,6424.0,CARD
T008591,C0460,2026-03-26T02:25:40,3973,0.0,3973.0,CASH
T008592,C0440,2026-08-28T09:06:08,15904,733.6,15170.4,MOBILE_PAY
T008593,C0083,2026-03-13T16:50:22,10195,102.5,10092.5,MOBILE_PAY
T008594,C0309,2025-11-06T16:49:55,5048,0.0,5048.0,CARD
T008595,C0292,2025-11-06T10:39:13,5736,388.6,5347.4,MOBILE_PAY
T008596,C0114,2025-11-28T13:01:27,2872,0.0,2872.0,CASH
T008597,C0415,2026-02-15T22:41:05,15155,0.0,15155.0,CARD
T008598,C0162,2026-05-01T01:28:18,1746,90.0,1656.0,CARD
T008599,C0119,2026-01-18T13:18:14,9049,139.0,8910.0,MOBILE_PAY
T008600,C0152,2026-07-07T21:32:08,498,0.0,498.0,CARD
T008601,C0397,2026-08-23T10:53:20,11633,0.0,11633.0,CASH
T008602,C0199,2025-11-28T13:32:14,10548,157.8,10390.2,MOBILE_PAY
T008603,C0184,2025-12-16T00:12:32,17071,0.0,17071.0,CARD
T008604,C0019,2025-12-17T01:26:57,10485,240.8,10244.2,CASH
T008605,C0207,2025-10-09T04:17:12,11881,0.0,11881.0,MOBILE_PAY
T008606,C0483,2026-08-02T14:33:31,12400,0.0,12400.0,CARD
T008607,C0262,2025-10-02T21:08:50,1953,0.0,1953.0,CARD
T008608,C0140,2026-04-26T04:18:21,7826,128.65,7697.35,CASH
T008609,C0161,2025-10-13T23:13:46,1375,0.0,1375.0,MOBILE_PAY
T008610,C0081,2026-02-14T16:10:04,16619,0.0,16619.0,MOBILE_PAY
T008611,C0256,2026-02-28T19:42:38,6141,181.6,5959.4,CARD
T008612,C0333,2026-01-02T01:55:51,5790,0.0,5790.0,CARD
T008613,C0232,2025-10-09T17:44:50,8301,0.0,8301.0,MOBILE_PAY
T008614,C0285,2026-07-12T21:08:22,5081,57.8,5023.2,CASH
T008615,C0177,2026-04-12T15:13:44,3450,0.0,3450.0,MOBILE_PAY
T008616,C0201,2026-06-25T21:55:07,6366,0.0,6366.0,CASH
T008617,C0133,2025-11-23T01:02:43,7541,98.0,7443.0,MOBILE_PAY
T008618,C0230,2026-05-09T18:29:33,18503,0.0,18503.0,MOBILE_PAY
T008619,C0435,2025-11-30T19:13:48,11970,579.8,11390.2,CASH
T008620,C0045,2026-05-29T06:46:59,2600,0.0,2600.0,CASH
T008621,C0105,2026-01-03T10:33:59,6961,45.0,6916.0,CARD
T008622,C0032,2026-06-01T20:40:30,9715,0.0,9715.0,CASH
T008623,C0369,2026-05-02T05:30:46,2151,0.0,2151.0,CASH
T008624,C0131,2025-11-20T09:18:55,8546,0.0,8546.0,CARD
T008625,C0310,2026-04-13T20:14:34,10447,0.0,10447.0,MOBILE_PAY
T008626,C0495,2026-03-27T09:23:01,1860,0.0,1860.0,CARD
T008627,C0189,2025-12-22T22:54:44,14303,837.6,13465.4,CASH
T008628,C0211,2026-09-15T08:20:51,6780,0.0,6780.0,MOBILE_PAY
T008629,C0107,2026-08-18T22:45:07,5980,255.0,5725.0,CASH
T008630,C0102,2026-08-29T00:28:35,16938,0.0,16938.0,MOBILE_PAY
T008631,C0247,2025-12-02T19:16:49,10196,0.0,10196.0,MOBILE_PAY
T008632,C0392,2026-08-03T17:28:47,2414,0.0,2414.0,CASH
T008633,C0231,2025-11-09T05:57:13,393,0.0,393.0,CARD
T008634,C0494,2025-10-12T13:14:52,2918,407.4,2510.6,CASH
T008635,C0284,2026-09-07T03:20:18,2489,0.0,2489.0,CASH
T008636,C0111,2026-03-29T11:23:40,5295,0.0,5295.0,CARD
T008637,C0042,2026-06-19T12:22:30,13468,295.0,13173.0,MOBILE_PAY
T008638,C0365,2026-07-02T09:29:37,13768,411.45,13356.55,CASH
T008639,C0135,2026-04-17T21:25:15,1907,0.0,1907.0,CASH
T008640,C0223,2026-04-19T01:57:24,3052,63.8,2988.2,CASH
T008641,C0305,2025-12-15T00:18:55,12536,1202.5,11333.5,MOBILE_PAY
T008642,C0094,2025-10-29T14:30:39,3589,0.0,3589.0,CARD
T008643,C0169,2025-12-02T23:45:58,1415,0.0,1415.0,MOBILE_PAY
T008644,C0308,2026-06-01T13:03:32,4676,0.0,4676.0,CASH
T008645,C0109,2026-03-17T16:43:53,11787,49.65,11737.35,MOBILE_PAY
T008646,C0305,2025-12-25T10:09:19,10928,0.0,10928.0,MOBILE_PAY
T008647,C0350,2026-07-02T10:54:49,8561,25.35,8535.65,CARD
T008648,C0461,2026-03-12T00:29:08,3758,0.0,3758.0,CARD
T008649,C0296,2026-02-11T10:19:22,5422,0.0,5422.0,CASH
T008650,C0194,2026-07-20T09:47:10,3866,25.35,3840.65,CARD
T008651,C0017,2026-09-19T10:36:23,5515,0.0,5515.0,CASH
T008652,C0221,2026-01-18T03:27:54,8075,0.0,8075.0,MOBILE_PAY
T008653,C0456,2026-04-26T20:24:46,8653,0.0,8653.0,MOBILE_PAY
T008654,C0323,2026-02-09T19:07:06,8444,0.0,8444.0,MOBILE_PAY
T008655,C0220,2025-11-24T06:48:23,5367,489.45,4877.55,CARD
T008656,C0392,2025-12-07T16:47:58,856,0.0,856.0,MOBILE_PAY
T008657,C0120,2025-09-28T07:40:56,6427,175.05,6251.95,MOBILE_PAY
T008658,C0388,2026-03-29T13:33:59,5292,0.0,5292.0,CASH
T008659,C0404,2025-11-18T05:17:46,4708,0.0,4708.0,CASH
T008660,C0317,2025-09-29T20:09:52,10966,0.0,10966.0,CASH
T008661,C0136,2025-10-22T03:49:22,8364,106.0,8258.0,CARD
T008662,C0182,2026-05-24T23:21:42,3099,0.0,3099.0,CASH
T008663,C0356,2026-03-20T17:32:52,1651,0.0,1651.0,CASH
T008664,C0185,2026-08-21T10:20:32,1426,0.0,1426.0,MOBILE_PAY
T008665,C0190,2025-10-06T00:34:16,702,58.8,643.2,CARD
T008666,C0454,2026-04-29T01:01:28,3558,0.0,3558.0,CASH
T008667,C0092,2026-01-19T19:43:03,6668,0.0,6668.0,CARD
T008668,C0424,2025-11-19T18:30:29,8881,0.0,8881.0,MOBILE_PAY
T008669,C0341,2026-04-26T20:25:34,18328,1459.0,16869.0,MOBILE_PAY
T008670,C0453,2026-03-28T19:08:57,12870,389.7,12480.3,MOBILE_PAY
T008671,C0083,2026-01-03T16:30:53,6184,633.0,5551.0,MOBILE_PAY
T008672,C0131,2026-08-15T11:16:32,2095,0.0,2095.0,MOBILE_PAY
T008673,C0495,2026-06-15T19:30:44,1981,0.0,1981.0,CARD
T008674,C0312,2025-10-24T05:14:06,9838,0.0,9838.0,MOBILE_PAY
T008675,C0300,2026-03-15T22:34:19,14032,980.45,13051.55,MOBILE_PAY
T008676,C0222,2026-06-19T02:22:09,14380,0.0,14380.0,MOBILE_PAY
T008677,C0058,2026-07-02T12:47:09,9108,476.1,8631.9,CARD
T008678,C0301,2025-11-28T11:39:18,4499,0.0,4499.0,CASH
T008679,C0248,2026-04-05T14:27:42,4715,197.2,4517.8,CASH
T008680,C0476,2026-05-23T09:02:49,8302,211.5,8090.5,MOBILE_PAY
T008681,C0195,2026-06-25T10:22:37,1721,0.0,1721.0,MOBILE_PAY
T008682,C0253,2026-03-13T05:35:32,6477,161.5,6315.5,MOBILE_PAY
T008683,C0447,2026-07-20T05:27:32,8235,284.8,7950.2,MOBILE_PAY
T008684,C0248,2026-09-07T03:46:46,12244,872.0,11372.0,CARD
T008685,C0054,2025-12-17T13:59:52,5692,451.25,5240.75,CARD
T008686,C0223,2026-05-29T15:39:23,4520,0.0,4520.0,CARD
T008687,C0468,2026-02-27T21:41:16,2268,0.0,2268.0,CARD
T008688,C0487,2026-01-31T23:38:44,12899,0.0,12899.0,CARD
T008689,C0033,2025-10-23T00:02:22,7095,0.0,7095.0,CASH
T008690,C0335,2025-11-27T06:14:33,3686,0.0,3686.0,CASH
T008691,C0348,2026-05-27T21:28:49,5745,0.0,5745.0,CASH
T008692,C0419,2026-07-08T07:39:15,967,0.0,967.0,CARD
T008693,C0106,2026-07-08T01:04:04,2444,0.0,2444.0,CARD
T008694,C0302,2026-02-01T08:52:46,5528,0.0,5528.0,CASH
T008695,C0325,2026-02-11T13:29:49,8500,0.0,8500.0,MOBILE_PAY
T008696,C0444,2026-02-03T05:25:26,12921,0.0,12921.0,CARD
T008697,C0103,2025-11-01T18:28:23,3737,0.0,3737.0,CASH
T008698,C0410,2026-06-20T02:09:48,10827,162.6,10664.4,CASH
T008699,C0368,2026-06-29T18:39:07,8201,0.0,8201.0,CARD
T008700,C0200,2025-10-04T20:24:27,1806,0.0,1806.0,CASH
T008701,C0110,2025-10-04T09:33:36,2373,0.0,2373.0,MOBILE_PAY
T008702,C0464,2026-02-15T10:14:07,2461,0.0,2461.0,CARD
T008703,C0209,2026-09-05T23:37:01,2225,0.0,2225.0,CASH
T008704,C0321,2025-10-28T15:34:39,5085,0.0,5085.0,CARD
T008705,C0063,2025-10-09T20:25:44,12089,0.0,12089.0,CARD
T008706,C0399,2026-04-14T14:48:08,3610,0.0,3610.0,MOBILE_PAY
T008707,C0027,2025-11-10T21:02:02,11311,119.2,11191.8,MOBILE_PAY
T008708,C0312,2026-05-25T11:06:45,10133,445.0,9688.0,CARD
T008709,C0077,2026-01-23T04:19:19,6346,0.0,6346.0,CARD
T008710,C0182,2026-06-21T17:21:03,13077,566.25,12510.75,CASH
T008711,C0170,2026-04-24T03:08:45,6637,0.0,6637.0,CASH
T008712,C0365,2026-07-22T18:31:09,9389,0.0,9389.0,MOBILE_PAY
T008713,C0255,2026-01-04T16:16:07,17227,2892.0,14335.0,CASH
T008714,C0234,2026-06-30T00:31:51,13133,0.0,13133.0,CASH
T008715,C0281,2025-11-16T08:13:04,1984,0.0,1984.0,CASH
T008716,C0127,2025-11-16T07:30:13,11282,150.0,11132.0,CARD
T008717,C0311,2026-03-12T23:55:46,10215,0.0,10215.0,CARD
T008718,C0071,2026-09-02T22:05:31,5620,0.0,5620.0,CARD
T008719,C0229,2025-12-03T10:30:59,8499,48.2,8450.8,MOBILE_PAY
T008720,C0474,2025-12-17T01:25:14,6866,0.0,6866.0,CARD
T008721,C0289,2026-06-22T06:49:46,21042,0.0,21042.0,MOBILE_PAY
T008722,C0071,2025-10-15T18:59:30,12827,246.5,12580.5,MOBILE_PAY
T008723,C0484,2025-10-02T06:42:41,5769,0.0,5769.0,CASH
T008724,C0228,2025-12-17T18:18:59,3754,0.0,3754.0,MOBILE_PAY
T008725,C0460,2026-03-08T18:01:41,11551,0.0,11551.0,CARD
T008726,C0482,2025-10-01T10:51:45,10882,0.0,10882.0,MOBILE_PAY
T008727,C0417,2026-03-21T17:51:12,1365,0.0,1365.0,MOBILE_PAY
T008728,C0127,2025-11-18T13:44:28,10198,0.0,10198.0,CARD
T008729,C0175,2025-11-16T09:11:13,5103,0.0,5103.0,CASH
T008730,C0220,2025-12-29T17:36:33,1060,0.0,1060.0,CASH
T008731,C0290,2026-01-30T10:17:06,14907,76.05,14830.95,CASH
T008732,C0364,2025-10-12T03:39:23,8256,758.1,7497.9,CARD
T008733,C0383,2025-11-25T21:54:19,5917,0.0,5917.0,MOBILE_PAY
T008734,C0297,2026-07-13T22:22:08,10059,0.0,10059.0,MOBILE_PAY
T008735,C0343,2026-06-08T08:19:46,2251,0.0,2251.0,CARD
T008736,C0399,2026-04-20T16:56:46,14976,2478.0,12498.0,CARD
T008737,C0455,2025-12-25T23:04:28,5890,0.0,5890.0,CARD
T008738,C0469,2025-09-28T09:05:29,6701,0.0,6701.0,MOBILE_PAY
T008739,C0381,2026-06-28T05:30:28,8351,0.0,8351.0,CASH
T008740,C0144,2026-09-13T12:33:25,2440,0.0,2440.0,CARD
T008741,C0495,2025-12-10T05:27:53,4165,29.8,4135.2,CASH
T008742,C0245,2026-06-14T08:32:14,4320,0.0,4320.0,CASH
T008743,C0484,2026-01-10T19:23:01,2484,0.0,2484.0,MOBILE_PAY
T008744,C0136,2026-06-19T10:59:08,6624,30.55,6593.45,CASH
T008745,C0494,2025-11-21T13:33:28,22563,0.0,22563.0,MOBILE_PAY
T008746,C0317,2026-09-02T22:28:55,11053,190.8,10862.2,CARD
T008747,C0461,2026-08-11T10:59:50,10192,0.0,10192.0,CARD
T008748,C0241,2026-06-02T17:39:25,2240,178.0,2062.0,CARD
T008749,C0114,2026-01-11T22:48:01,7342,0.0,7342.0,CARD
T008750,C0249,2025-12-12T23:33:18,6765,0.0,6765.0,CASH
T008751,C0456,2026-03-23T17:23:14,2555,82.0,2473.0,CARD
T008752,C0491,2026-02-02T18:57:28,5357,0.0,5357.0,CASH
T008753,C0406,2026-08-06T15:27:19,3522,336.6,3185.4,CARD
T008754,C0019,2025-12-15T18:51:01,8548,0.0,8548.0,CASH
T008755,C0412,2026-05-08T07:48:42,10066,0.0,10066.0,MOBILE_PAY
T008756,C0335,2025-11-10T20:08:40,3827,0.0,3827.0,CASH
T008757,C0215,2026-03-15T02:51:47,5708,371.1,5336.9,MOBILE_PAY
T008758,C0008,2026-07-22T08:36:26,13796,587.0,13209.0,CASH
T008759,C0234,2026-05-07T20:44:12,11883,0.0,11883.0,MOBILE_PAY
T008760,C0457,2025-11-21T06:06:16,1719,0.0,1719.0,CASH
T008761,C0001,2026-08-23T03:58:35,2513,0.0,2513.0,MOBILE_PAY
T008762,C0445,2026-05-02T20:45:03,1840,0.0,1840.0,MOBILE_PAY
T008763,C0238,2025-10-08T23:41:18,6044,540.0,5504.0,CARD
T008764,C0096,2026-08-29T00:14:06,8780,149.0,8631.0,CASH
T008765,C0047,2026-05-20T16:28:46,6776,0.0,6776.0,CARD
T008766,C0136,2025-11-09T17:23:12,5244,0.0,5244.0,CARD
T008767,C0397,2026-08-31T14:58:31,9885,0.0,9885.0,CASH
T008768,C0168,2026-03-07T15:56:31,2488,0.0,2488.0,MOBILE_PAY
T008769,C0456,2026-06-29T19:29:15,6500,0.0,6500.0,MOBILE_PAY
T008770,C0173,2026-02-28T05:28:25,6830,0.0,6830.0,CASH
T008771,C0213,2025-12-22T03:43:46,25438,0.0,25438.0,MOBILE_PAY
T008772,C0261,2025-11-14T10:15:58,9602,0.0,9602.0,CARD
T008773,C0003,2026-03-10T04:22:38,6623,0.0,6623.0,MOBILE_PAY
T008774,C0291,2026-08-19T14:20:55,12888,0.0,12888.0,CARD
T008775,C0264,2026-09-11T18:01:49,3832,0.0,3832.0,MOBILE_PAY
T008776,C0496,2026-07-28T23:25:39,7418,178.0,7240.0,CARD
T008777,C0005,2026-03-11T19:56:58,8614,155.1,8458.9,MOBILE_PAY
T008778,C0324,2026-05-23T01:04:17,11182,53.0,11129.0,MOBILE_PAY
T008779,C0320,2026-02-23T23:59:14,11594,150.0,11444.0,MOBILE_PAY
T008780,C0148,2026-08-18T00:16:09,8886,0.0,8886.0,CASH
T008781,C0097,2026-05-02T01:09:13,4293,204.8,4088.2,CARD
T008782,C0397,2026-03-29T07:07:40,8561,0.0,8561.0,CARD
T008783,C0049,2026-07-06T13:50:42,13712,646.0,13066.0,CASH
T008784,C0454,2026-06-16T20:08:59,12605,98.0,12507.0,CARD
T008785,C0319,2026-01-23T22:43:21,7037,15.15,7021.85,CARD
T008786,C0185,2025-09-30T21:00:56,6605,0.0,6605.0,CARD
T008787,C0015,2026-01-01T21:07:35,13613,871.5,12741.5,CASH
T008788,C0430,2025-12-16T10:02:32,10872,0.0,10872.0,MOBILE_PAY
T008789,C0352,2026-08-26T13:08:06,11724,0.0,11724.0,MOBILE_PAY
T008790,C0278,2025-09-27T20:10:37,2367,0.0,2367.0,CARD
T008791,C0214,2026-01-04T00:28:57,3553,0.0,3553.0,CASH
T008792,C0367,2026-02-19T11:01:21,13189,30.3,13158.7,CASH
T008793,C0015,2026-01-13T10:07:37,7233,445.0,6788.0,MOBILE_PAY
T008794,C0018,2026-09-15T15:30:48,11383,0.0,11383.0,MOBILE_PAY
T008795,C0340,2026-01-03T10:19:55,4690,0.0,4690.0,CARD
T008796,C0230,2025-10-22T05:54:45,3451,0.0,3451.0,MOBILE_PAY
T008797,C0079,2025-10-04T14:35:19,6775,101.7,6673.3,CARD
T008798,C0353,2026-02-25T13:31:45,3303,0.0,3303.0,MOBILE_PAY
T008799,C0160,2025-11-04T23:02:59,6175,0.0,6175.0,MOBILE_PAY
T008800,C0162,2026-03-15T13:37:46,3900,0.0,3900.0,CARD
T008801,C0030,2026-02-26T02:50:52,1976,0.0,1976.0,CASH
T008802,C0478,2026-01-07T18:33:28,12493,49.65,12443.35,CASH
T008803,C0108,2026-05-10T15:26:55,6733,544.4,6188.6,CASH
T008804,C0248,2026-03-26T14:27:50,3877,0.0,3877.0,CARD
T008805,C0064,2025-09-28T22:44:00,9925,0.0,9925.0,CASH
T008806,C0295,2025-10-09T04:16:19,5017,0.0,5017.0,CARD
T008807,C0182,2026-06-20T14:40:52,3496,0.0,3496.0,CASH
T008808,C0400,2026-04-27T13:26:29,577,0.0,577.0,MOBILE_PAY
T008809,C0467,2026-01-16T21:30:39,8221,0.0,8221.0,CARD
T008810,C0419,2026-01-17T23:11:40,2081,0.0,2081.0,CASH
T008811,C0238,2026-07-30T14:45:16,4404,0.0,4404.0,CARD
T008812,C0333,2026-07-09T11:43:37,9963,436.0,9527.0,CASH
T008813,C0290,2026-02-02T22:37:42,6894,0.0,6894.0,CARD
T008814,C0238,2026-04-29T18:47:18,5243,0.0,5243.0,CARD
T008815,C0290,2025-10-07T22:50:04,7272,0.0,7272.0,MOBILE_PAY
T008816,C0229,2025-11-05T01:29:36,8331,144.0,8187.0,CARD
T008817,C0169,2026-02-02T03:08:53,14971,0.0,14971.0,CASH
T008818,C0469,2026-07-07T08:20:44,1036,0.0,1036.0,CASH
T008819,C0361,2026-06-09T00:07:22,5065,0.0,5065.0,MOBILE_PAY
T008820,C0213,2025-11-03T04:06:50,11166,0.0,11166.0,CARD
T008821,C0395,2026-04-05T12:04:56,6865,316.5,6548.5,MOBILE_PAY
T008822,C0459,2026-03-04T10:20:15,1770,0.0,1770.0,MOBILE_PAY
T008823,C0447,2026-01-21T12:42:03,12203,0.0,12203.0,CARD
T008824,C0402,2025-11-21T16:52:27,22424,0.0,22424.0,CARD
T008825,C0251,2026-05-10T13:47:22,12975,721.8,12253.2,CARD
T008826,C0011,2026-03-06T15:04:04,17925,680.0,17245.0,MOBILE_PAY
T008827,C0349,2026-08-15T16:13:33,3941,0.0,3941.0,CARD
T008828,C0450,2026-06-23T12:48:19,12910,0.0,12910.0,CASH
T008829,C0384,2025-12-02T06:54:37,15100,165.0,14935.0,MOBILE_PAY
T008830,C0243,2026-04-15T13:42:04,14920,221.7,14698.3,CARD
T008831,C0316,2025-09-28T16:17:25,12302,477.0,11825.0,CASH
T008832,C0235,2026-05-12T23:57:59,5905,0.0,5905.0,CASH
T008833,C0473,2025-11-16T14:42:17,7681,0.0,7681.0,CASH
T008834,C0029,2026-01-20T03:05:41,3389,0.0,3389.0,CASH
T008835,C0395,2025-11-03T12:35:10,7396,0.0,7396.0,MOBILE_PAY
T008836,C0110,2025-11-12T12:06:17,8026,75.0,7951.0,MOBILE_PAY
T008837,C0314,2026-02-13T13:48:00,2469,0.0,2469.0,MOBILE_PAY
T008838,C0035,2025-09-29T15:23:22,10697,291.0,10406.0,CASH
T008839,C0379,2026-01-28T17:23:21,1818,272.7,1545.3,CASH
T008840,C0075,2026-08-11T00:11:57,2260,0.0,2260.0,CASH
T008841,C0027,2025-10-04T08:03:02,6996,0.0,6996.0,MOBILE_PAY
T008842,C0007,2026-06-08T08:21:33,3445,0.0,3445.0,CARD
T008843,C0079,2026-05-22T02:55:05,15797,485.85,15311.15,MOBILE_PAY
T008844,C0320,2026-08-06T07:45:59,6977,0.0,6977.0,CASH
T008845,C0039,2026-03-04T17:07:44,11716,1047.0,10669.0,MOBILE_PAY
T008846,C0320,2026-05-24T05:34:11,14925,0.0,14925.0,CARD
T008847,C0409,2026-05-07T20:54:25,2179,0.0,2179.0,CARD
T008848,C0386,2026-06-28T02:36:57,7468,0.0,7468.0,CARD
T008849,C0453,2026-03-07T17:25:42,16570,197.2,16372.8,CARD
T008850,C0328,2025-11-04T14:53:49,2653,0.0,2653.0,MOBILE_PAY
T008851,C0048,2026-07-08T02:25:30,1347,0.0,1347.0,MOBILE_PAY
T008852,C0393,2026-07-03T10:51:14,8312,0.0,8312.0,CARD
T008853,C0419,2026-07-24T10:09:31,12310,0.0,12310.0,MOBILE_PAY
T008854,C0041,2025-12-12T01:39:25,3524,0.0,3524.0,CARD
T008855,C0170,2025-11-13T17:29:59,8606,0.0,8606.0,MOBILE_PAY
T008856,C0167,2026-02-02T09:39:26,5694,0.0,5694.0,CASH
T008857,C0337,2026-08-18T03:08:55,7245,0.0,7245.0,MOBILE_PAY
T008858,C0122,2025-11-29T08:44:47,14174,0.0,14174.0,CARD
T008859,C0450,2026-06-29T09:05:11,8785,0.0,8785.0,MOBILE_PAY
T008860,C0399,2026-02-02T23:49:43,12999,0.0,12999.0,CARD
T008861,C0422,2026-02-18T22:32:50,533,0.0,533.0,MOBILE_PAY
T008862,C0432,2025-11-28T08:13:12,2395,0.0,2395.0,MOBILE_PAY
T008863,C0387,2026-06-25T09:51:12,16228,0.0,16228.0,CARD
T008864,C0035,2025-12-31T06:06:03,6355,761.1,5593.9,CARD
T008865,C0389,2026-06-24T16:55:12,3221,0.0,3221.0,CASH
T008866,C0207,2025-11-29T10:45:37,6037,0.0,6037.0,CARD
T008867,C0180,2025-11-17T23:56:05,4372,0.0,4372.0,CASH
T008868,C0053,2026-06-10T20:35:21,3298,0.0,3298.0,MOBILE_PAY
T008869,C0385,2026-08-01T07:48:22,3144,0.0,3144.0,CASH
T008870,C0166,2026-04-29T22:06:05,3993,0.0,3993.0,MOBILE_PAY
T008871,C0322,2026-09-25T13:48:47,11185,327.5,10857.5,CASH
T008872,C0120,2025-10-15T22:08:25,9351,69.3,9281.7,MOBILE_PAY
T008873,C0426,2026-01-31T06:12:59,4142,0.0,4142.0,CARD
T008874,C0282,2026-04-10T17:05:58,14450,0.0,14450.0,CASH
T008875,C0383,2026-08-18T12:25:56,2697,0.0,2697.0,CARD
T008876,C0413,2026-04-28T04:50:41,5508,0.0,5508.0,MOBILE_PAY
T008877,C0038,2025-12-11T06:41:07,6843,0.0,6843.0,CARD
T008878,C0476,2026-03-23T09:18:04,8537,125.7,8411.3,CASH
T008879,C0188,2026-06-05T21:52:09,8832,587.6,8244.4,CARD
T008880,C0344,2026-03-19T03:00:09,1172,0.0,1172.0,CARD
T008881,C0494,2026-06-01T06:23:17,7922,382.5,7539.5,CASH
T008882,C0365,2026-01-23T09:47:05,10187,0.0,10187.0,CARD
T008883,C0468,2025-12-27T13:16:09,11004,83.2,10920.8,MOBILE_PAY
T008884,C0483,2026-02-10T03:33:39,8561,130.5,8430.5,MOBILE_PAY
T008885,C0310,2026-09-20T01:19:27,9780,491.25,9288.75,CASH
T008886,C0160,2026-01-10T12:49:44,14475,0.0,14475.0,MOBILE_PAY
T008887,C0114,2026-07-11T17:41:12,8511,0.0,8511.0,MOBILE_PAY
T008888,C0379,2025-10-19T12:33:34,2580,0.0,2580.0,CASH
T008889,C0404,2026-06-25T22:01:28,11832,351.9,11480.1,CARD
T008890,C0114,2026-08-23T17:08:35,9292,119.2,9172.8,CASH
T008891,C0132,2026-07-01T05:27:22,3722,0.0,3722.0,CARD
T008892,C0203,2026-01-24T03:30:41,4571,0.0,4571.0,CARD
T008893,C0092,2026-04-08T06:39:21,6738,26.8,6711.2,MOBILE_PAY
T008894,C0074,2026-03-03T09:52:19,4861,0.0,4861.0,MOBILE_PAY
T008895,C0342,2025-12-03T23:55:31,17055,0.0,17055.0,CASH
T008896,C0228,2026-09-26T17:30:22,6891,41.2,6849.8,CARD
T008897,C0238,2026-02-06T06:32:56,8395,0.0,8395.0,MOBILE_PAY
T008898,C0196,2026-07-14T01:26:35,6889,484.5,6404.5,MOBILE_PAY
T008899,C0007,2026-08-31T07:12:06,4357,0.0,4357.0,MOBILE_PAY
T008900,C0345,2026-06-16T22:57:16,8150,306.0,7844.0,CASH
T008901,C0088,2025-12-13T08:44:40,8209,0.0,8209.0,CASH
T008902,C0170,2026-05-16T16:11:41,9252,0.0,9252.0,MOBILE_PAY
T008903,C0462,2026-02-15T16:45:44,5498,0.0,5498.0,CARD
T008904,C0007,2025-10-15T10:17:26,4604,0.0,4604.0,CARD
T008905,C0193,2026-07-23T22:31:35,1832,0.0,1832.0,CASH
T008906,C0057,2025-11-07T15:31:07,2639,208.0,2431.0,MOBILE_PAY
T008907,C0298,2025-10-31T01:08:17,16715,423.1,16291.9,CARD
T008908,C0483,2025-11-11T06:14:36,6285,0.0,6285.0,CASH
T008909,C0173,2026-09-17T11:49:20,13654,432.55,13221.45,MOBILE_PAY
T008910,C0206,2026-02-02T07:00:33,4934,0.0,4934.0,CARD
T008911,C0018,2026-07-25T18:22:55,5191,241.0,4950.0,MOBILE_PAY
T008912,C0410,2025-11-28T02:15:22,4880,0.0,4880.0,CASH
T008913,C0256,2026-08-10T14:27:33,4611,427.5,4183.5,CARD
T008914,C0214,2026-01-31T08:30:56,8068,130.05,7937.95,CARD
T008915,C0185,2026-01-29T07:16:43,11008,0.0,11008.0,CARD
T008916,C0067,2026-04-12T00:07:09,6566,0.0,6566.0,MOBILE_PAY
T008917,C0150,2026-06-20T15:08:14,9511,0.0,9511.0,CARD
T008918,C0076,2026-03-15T09:02:32,1508,65.4,1442.6,CARD
T008919,C0074,2026-08-17T11:55:32,8215,0.0,8215.0,MOBILE_PAY
T008920,C0011,2025-12-06T19:13:19,10256,0.0,10256.0,CASH
T008921,C0051,2026-03-26T02:20:19,13465,144.6,13320.4,CARD
T008922,C0010,2026-03-19T05:29:54,287,0.0,287.0,CASH
T008923,C0454,2026-06-27T17:43:00,11726,0.0,11726.0,MOBILE_PAY
T008924,C0132,2026-04-26T06:42:19,16605,540.0,16065.0,MOBILE_PAY
T008925,C0444,2026-04-29T17:20:13,3660,22.5,3637.5,MOBILE_PAY
T008926,C0107,2026-04-24T08:08:56,2933,0.0,2933.0,MOBILE_PAY
T008927,C0249,2025-12-05T02:07:49,6479,0.0,6479.0,MOBILE_PAY
T008928,C0002,2026-03-02T08:27:51,4248,0.0,4248.0,CARD
T008929,C0452,2025-10-12T23:08:29,5311,0.0,5311.0,MOBILE_PAY
T008930,C0326,2025-12-22T03:07:44,17850,379.5,17470.5,CASH
T008931,C0145,2025-10-29T07:20:53,4872,0.0,4872.0,CARD
T008932,C0012,2026-03-19T03:49:41,9988,83.2,9904.8,CARD
T008933,C0052,2026-01-12T14:40:03,10096,0.0,10096.0,MOBILE_PAY
T008934,C0377,2026-04-21T16:58:01,7394,0.0,7394.0,CARD
T008935,C0020,2026-05-13T11:16:05,15684,0.0,15684.0,CARD
T008936,C0290,2025-10-04T12:55:18,1607,0.0,1607.0,CARD
T008937,C0373,2025-12-28T16:44:55,3969,0.0,3969.0,MOBILE_PAY
T008938,C0337,2025-10-05T00:01:23,5924,0.0,5924.0,CARD
T008939,C0096,2026-01-04T05:01:50,3621,16.55,3604.45,MOBILE_PAY
T008940,C0229,2026-09-15T02:24:42,5397,0.0,5397.0,CASH
T008941,C0351,2026-02-13T14:32:32,18096,342.0,17754.0,CASH
T008942,C0158,2026-08-04T21:10:06,5926,0.0,5926.0,CASH
T008943,C0338,2026-09-12T17:52:07,8351,0.0,8351.0,CASH
T008944,C0440,2026-04-22T12:45:01,12343,1823.4,10519.6,CASH
T008945,C0476,2026-09-08T06:32:11,7100,150.0,6950.0,MOBILE_PAY
T008946,C0491,2026-08-03T00:19:37,2992,0.0,2992.0,CARD
T008947,C0097,2026-04-12T09:02:02,9594,0.0,9594.0,MOBILE_PAY
T008948,C0103,2025-09-29T23:58:56,2777,0.0,2777.0,CASH
T008949,C0461,2026-06-28T17:42:40,9105,0.0,9105.0,MOBILE_PAY
T008950,C0045,2026-07-19T03:21:36,4935,0.0,4935.0,CASH
T008951,C0269,2026-05-15T14:02:44,5430,72.2,5357.8,CASH
T008952,C0055,2026-03-29T03:47:42,11790,55.0,11735.0,CARD
T008953,C0147,2025-11-12T00:09:08,1965,55.0,1910.0,CASH
T008954,C0081,2026-08-18T06:03:51,10901,0.0,10901.0,CASH
T008955,C0431,2026-04-26T09:13:43,11891,529.5,11361.5,CARD
T008956,C0210,2026-03-13T23:09:25,11357,0.0,11357.0,CASH
T008957,C0021,2025-10-23T11:04:50,2279,0.0,2279.0,CARD
T008958,C0176,2026-08-03T16:33:48,8712,643.5,8068.5,CASH
T008959,C0419,2026-09-07T11:27:20,3546,489.8,3056.2,CARD
T008960,C0147,2026-08-23T05:08:29,9069,0.0,9069.0,CASH
T008961,C0498,2026-08-20T19:48:36,1521,0.0,1521.0,CASH
T008962,C0332,2026-01-25T11:32:06,4530,0.0,4530.0,CARD
T008963,C0142,2026-08-14T09:17:52,5896,0.0,5896.0,MOBILE_PAY
T008964,C0118,2026-09-12T05:34:59,11032,0.0,11032.0,CASH
T008965,C0411,2025-11-17T06:06:23,2341,0.0,2341.0,CASH
T008966,C0240,2025-12-05T10:43:46,15109,0.0,15109.0,CARD
T008967,C0410,2026-05-21T20:30:44,4389,0.0,4389.0,CARD
T008968,C0164,2026-09-09T00:59:13,2805,0.0,2805.0,MOBILE_PAY
T008969,C0243,2025-12-21T19:04:40,3510,0.0,3510.0,CASH
T008970,C0153,2026-02-17T04:35:19,4540,98.6,4441.4,CASH
T008971,C0246,2026-06-27T02:44:46,12179,919.0,11260.0,CARD
T008972,C0162,2026-02-01T20:25:39,10070,0.0,10070.0,MOBILE_PAY
T008973,C0376,2026-06-23T01:58:53,14319,1189.8,13129.2,MOBILE_PAY
T008974,C0155,2026-07-22T14:38:24,19427,254.2,19172.8,CASH
T008975,C0383,2026-01-19T20:33:23,7717,0.0,7717.0,CARD
T008976,C0156,2026-06-10T21:26:48,6835,0.0,6835.0,CASH
T008977,C0153,2026-07-08T02:42:01,8800,131.0,8669.0,CARD
T008978,C0481,2026-02-15T19:51:56,13853,0.0,13853.0,MOBILE_PAY
T008979,C0457,2026-05-16T20:19:21,744,0.0,744.0,MOBILE_PAY
T008980,C0367,2026-09-03T18:18:03,6688,171.0,6517.0,MOBILE_PAY
T008981,C0164,2025-12-06T14:16:46,9803,0.0,9803.0,CARD
T008982,C0399,2025-10-14T20:03:19,14965,0.0,14965.0,CASH
T008983,C0072,2026-01-31T21:12:08,13531,1090.0,12441.0,CASH
T008984,C0257,2026-07-10T07:02:04,2662,0.0,2662.0,CASH
T008985,C0485,2026-08-01T10:18:26,6625,0.0,6625.0,CARD
T008986,C0102,2026-02-11T05:30:00,3560,0.0,3560.0,CARD
T008987,C0173,2026-05-04T03:17:26,1795,0.0,1795.0,CARD
T008988,C0117,2026-03-04T06:07:42,4665,0.0,4665.0,CASH
T008989,C0464,2026-03-18T07:26:20,8447,502.4,7944.6,MOBILE_PAY
T008990,C0234,2026-01-30T00:22:18,8391,70.5,8320.5,CARD
T008991,C0313,2026-03-19T01:43:56,10672,16.55,10655.45,CASH
T008992,C0351,2026-04-07T21:09:42,3253,141.0,3112.0,MOBILE_PAY
T008993,C0239,2026-05-18T03:20:00,12127,520.0,11607.0,CARD
T008994,C0280,2026-05-21T02:56:23,8580,35.7,8544.3,CASH
T008995,C0198,2026-08-24T09:30:50,2675,0.0,2675.0,CASH
T008996,C0153,2025-10-31T13:28:33,8375,0.0,8375.0,CARD
T008997,C0109,2025-11-07T19:52:45,3342,168.3,3173.7,CARD
T008998,C0434,2026-06-18T14:38:06,16823,0.0,16823.0,CARD
T008999,C0363,2025-12-09T10:30:32,7810,295.0,7515.0,CASH
T009000,C0183,2026-07-29T05:54:16,2580,0.0,2580.0,CARD
T009001,C0010,2026-03-20T17:46:13,704,0.0,704.0,CASH
T009002,C0241,2026-05-15T08:30:10,9909,157.8,9751.2,CARD
T009003,C0340,2026-08-02T23:51:49,11535,177.0,11358.0,CARD
T009004,C0056,2026-04-28T04:52:51,6917,0.0,6917.0,MOBILE_PAY
T009005,C0210,2025-12-23T01:58:12,1081,0.0,1081.0,CASH
T009006,C0045,2025-10-04T09:34:13,6648,184.55,6463.45,CARD
T009007,C0475,2026-06-29T11:49:00,5393,0.0,5393.0,MOBILE_PAY
T009008,C0428,2026-01-23T21:48:14,13373,42.6,13330.4,CARD
T009009,C0394,2026-07-18T21:25:50,222,0.0,222.0,CARD
T009010,C0170,2026-02-02T23:17:06,153,0.0,153.0,CARD
T009011,C0499,2026-03-27T22:25:00,5424,0.0,5424.0,CASH
T009012,C0416,2026-03-06T03:54:41,6999,239.85,6759.15,CASH
T009013,C0451,2025-11-21T17:45:27,14623,477.0,14146.0,CARD
T009014,C0399,2026-03-17T23:57:24,10363,118.4,10244.6,MOBILE_PAY
T009015,C0036,2026-09-01T17:31:48,9078,316.5,8761.5,CASH
T009016,C0294,2026-01-02T10:02:05,9664,96.45,9567.55,CASH
T009017,C0079,2026-01-31T13:18:45,3501,0.0,3501.0,MOBILE_PAY
T009018,C0196,2026-07-22T04:15:59,12271,8.05,12262.95,CASH
T009019,C0302,2026-08-30T08:58:53,7419,51.6,7367.4,CASH
T009020,C0361,2026-06-19T11:13:37,2474,0.0,2474.0,MOBILE_PAY
T009021,C0360,2025-11-06T16:53:50,7963,255.6,7707.4,CASH
T009022,C0409,2025-10-31T08:48:50,8504,294.0,8210.0,MOBILE_PAY
T009023,C0302,2026-02-25T09:03:14,12845,0.0,12845.0,MOBILE_PAY
T009024,C0228,2025-09-27T12:02:37,4378,0.0,4378.0,MOBILE_PAY
T009025,C0279,2026-04-28T16:26:29,9223,794.25,8428.75,CARD
T009026,C0307,2026-05-06T15:28:00,18700,0.0,18700.0,CASH
T009027,C0078,2026-09-08T18:43:47,6728,0.0,6728.0,CASH
T009028,C0241,2026-08-22T22:49:39,9028,643.5,8384.5,CARD
T009029,C0109,2026-02-12T18:58:29,6491,0.0,6491.0,MOBILE_PAY
T009030,C0397,2026-04-21T08:25:01,5557,0.0,5557.0,CARD
T009031,C0062,2026-05-06T19:41:22,5464,0.0,5464.0,MOBILE_PAY
T009032,C0433,2026-03-26T18:37:51,2826,0.0,2826.0,MOBILE_PAY
T009033,C0055,2026-09-16T07:11:30,11038,266.55,10771.45,MOBILE_PAY
T009034,C0287,2025-10-12T10:05:01,9899,0.0,9899.0,CARD
T009035,C0219,2026-08-03T04:37:41,5598,0.0,5598.0,CASH
T009036,C0062,2026-07-18T02:00:40,9420,177.0,9243.0,CASH
T009037,C0297,2025-11-08T15:01:58,9906,0.0,9906.0,CASH
T009038,C0211,2026-09-03T08:10:06,5753,0.0,5753.0,CASH
T009039,C0352,2026-02-09T16:16:27,3952,0.0,3952.0,CASH
T009040,C0132,2026-06-10T07:54:02,10747,0.0,10747.0,MOBILE_PAY
T009041,C0444,2026-09-22T19:48:18,15498,247.5,15250.5,CARD
T009042,C0474,2025-12-01T11:37:12,4689,0.0,4689.0,CARD
T009043,C0251,2025-12-06T18:49:20,6188,442.9,5745.1,MOBILE_PAY
T009044,C0302,2025-11-11T10:39:48,6579,46.8,6532.2,CARD
T009045,C0363,2026-07-25T21:07:25,11853,0.0,11853.0,CASH
T009046,C0477,2025-12-15T22:31:44,10703,269.0,10434.0,MOBILE_PAY
T009047,C0322,2025-12-14T12:08:59,5288,0.0,5288.0,CASH
T009048,C0449,2026-02-21T10:33:08,1185,0.0,1185.0,MOBILE_PAY
T009049,C0341,2026-06-29T18:08:34,6755,92.4,6662.6,CARD
T009050,C0485,2026-04-17T21:17:09,1443,0.0,1443.0,MOBILE_PAY
T009051,C0424,2026-05-16T09:39:16,3692,0.0,3692.0,CARD
T009052,C0273,2026-07-25T23:35:23,7654,0.0,7654.0,MOBILE_PAY
T009053,C0126,2026-02-20T07:00:46,2292,89.0,2203.0,CASH
T009054,C0071,2025-10-20T21:23:11,8925,0.0,8925.0,CARD
T009055,C0064,2025-09-30T07:09:10,3068,0.0,3068.0,CARD
T009056,C0151,2026-09-17T19:04:20,4200,0.0,4200.0,CASH
T009057,C0104,2026-04-14T21:47:46,5225,0.0,5225.0,MOBILE_PAY
T009058,C0071,2025-12-12T07:23:40,4965,131.85,4833.15,CASH
T009059,C0295,2026-01-11T00:46:18,3550,0.0,3550.0,MOBILE_PAY
T009060,C0157,2026-03-24T08:23:29,404,0.0,404.0,CASH
T009061,C0120,2026-03-14T07:08:25,6487,0.0,6487.0,CASH
T009062,C0395,2026-06-18T15:56:00,12829,0.0,12829.0,CASH
T009063,C0497,2026-07-14T21:46:28,11142,0.0,11142.0,CARD
T009064,C0026,2025-10-24T14:29:34,8653,445.0,8208.0,MOBILE_PAY
T009065,C0061,2025-11-16T17:36:06,793,0.0,793.0,MOBILE_PAY
T009066,C0083,2026-06-15T02:44:42,13704,0.0,13704.0,CARD
T009067,C0178,2026-04-12T09:51:31,5085,0.0,5085.0,CARD
T009068,C0071,2026-06-01T03:12:30,5513,118.2,5394.8,CASH
T009069,C0175,2026-05-09T15:58:54,2498,141.0,2357.0,CASH
T009070,C0427,2026-09-07T04:42:02,6719,0.0,6719.0,CASH
T009071,C0322,2026-04-15T18:16:30,18009,382.5,17626.5,CARD
T009072,C0256,2026-05-13T03:21:00,5162,0.0,5162.0,MOBILE_PAY
T009073,C0175,2026-05-25T01:38:41,13894,206.4,13687.6,MOBILE_PAY
T009074,C0272,2026-07-04T11:50:11,3350,654.0,2696.0,CARD
T009075,C0426,2025-12-24T13:13:02,3500,0.0,3500.0,MOBILE_PAY
T009076,C0490,2025-09-30T00:20:58,2540,0.0,2540.0,CASH
T009077,C0355,2026-06-21T00:47:35,4419,930.6,3488.4,MOBILE_PAY
T009078,C0477,2026-09-19T20:10:40,7063,0.0,7063.0,MOBILE_PAY
T009079,C0059,2026-04-07T20:23:06,3090,0.0,3090.0,CARD
T009080,C0317,2026-01-14T07:42:20,11330,566.25,10763.75,CASH
T009081,C0235,2026-02-25T21:44:31,1212,0.0,1212.0,CARD
T009082,C0397,2026-09-12T18:44:52,12243,200.75,12042.25,MOBILE_PAY
T009083,C0296,2025-11-07T09:11:05,13727,427.5,13299.5,CARD
T009084,C0306,2026-07-11T20:30:58,2953,257.5,2695.5,CASH
T009085,C0206,2025-11-11T15:45:18,20290,2232.7,18057.3,MOBILE_PAY
T009086,C0273,2026-07-14T15:52:53,23740,0.0,23740.0,MOBILE_PAY
T009087,C0015,2025-12-31T23:34:22,24896,0.0,24896.0,CARD
T009088,C0352,2026-07-07T23:45:59,7439,131.0,7308.0,CARD
T009089,C0090,2026-08-18T09:09:14,3878,686.4,3191.6,CASH
T009090,C0473,2026-05-07T12:30:42,9958,0.0,9958.0,MOBILE_PAY
T009091,C0131,2026-05-19T23:16:02,8600,0.0,8600.0,CARD
T009092,C0145,2026-07-17T12:51:25,8053,0.0,8053.0,CARD
T009093,C0129,2026-06-02T11:11:26,3767,0.0,3767.0,MOBILE_PAY
T009094,C0454,2026-04-01T08:56:16,4486,566.25,3919.75,CASH
T009095,C0112,2026-05-09T11:46:41,865,0.0,865.0,CASH
T009096,C0442,2026-09-05T12:56:42,22725,85.2,22639.8,MOBILE_PAY
T009097,C0279,2026-08-27T09:22:46,7311,628.2,6682.8,CASH
T009098,C0408,2026-08-21T16:44:44,7407,201.3,7205.7,CARD
T009099,C0444,2026-05-16T02:57:22,10925,392.0,10533.0,MOBILE_PAY
T009100,C0357,2025-11-15T11:13:36,21361,0.0,21361.0,CARD
T009101,C0124,2026-03-27T11:17:30,6527,0.0,6527.0,CARD
T009102,C0294,2025-11-07T02:42:30,11799,54.75,11744.25,CASH
T009103,C0146,2026-05-31T06:31:45,10975,289.35,10685.65,CARD
T009104,C0385,2026-09-14T06:43:03,18978,0.0,18978.0,MOBILE_PAY
T009105,C0192,2026-09-23T01:53:56,980,0.0,980.0,MOBILE_PAY
T009106,C0106,2026-02-01T19:20:14,1711,0.0,1711.0,CASH
T009107,C0305,2026-06-24T13:21:20,6581,0.0,6581.0,MOBILE_PAY
T009108,C0317,2026-02-27T06:39:25,7001,0.0,7001.0,CARD
T009109,C0258,2026-09-25T10:01:06,15571,0.0,15571.0,MOBILE_PAY
T009110,C0161,2025-10-16T04:08:49,6501,361.0,6140.0,CARD
T009111,C0398,2026-09-16T14:39:48,10375,340.0,10035.0,CARD
T009112,C0390,2026-07-28T10:14:59,4343,0.0,4343.0,CARD
T009113,C0369,2026-08-25T20:06:13,11092,0.0,11092.0,CARD
T009114,C0169,2026-08-22T23:44:33,9505,1757.5,7747.5,MOBILE_PAY
T009115,C0016,2025-12-21T20:23:45,12725,0.0,12725.0,CARD
T009116,C0411,2025-12-18T07:44:09,4018,0.0,4018.0,CARD
T009117,C0374,2026-04-17T13:40:05,1106,0.0,1106.0,MOBILE_PAY
T009118,C0466,2026-06-17T02:39:10,10408,0.0,10408.0,MOBILE_PAY
T009119,C0379,2026-04-03T22:19:13,2380,0.0,2380.0,MOBILE_PAY
T009120,C0100,2026-07-14T20:14:09,1616,10.3,1605.7,CARD
T009121,C0275,2026-04-25T09:19:01,4822,0.0,4822.0,CASH
T009122,C0354,2026-09-04T18:58:06,11630,118.35,11511.65,CASH
T009123,C0428,2026-04-16T20:41:20,6208,0.0,6208.0,CARD
T009124,C0405,2026-06-17T01:24:53,2072,0.0,2072.0,CARD
T009125,C0299,2026-02-11T06:49:05,11344,0.0,11344.0,CARD
T009126,C0305,2026-09-05T00:26:11,10786,499.2,10286.8,CASH
T009127,C0334,2026-08-15T03:07:12,8243,0.0,8243.0,MOBILE_PAY
T009128,C0263,2025-11-22T19:16:32,7496,281.2,7214.8,CASH
T009129,C0500,2026-04-14T15:42:05,12956,0.0,12956.0,CARD
T009130,C0189,2026-02-16T05:27:49,6310,0.0,6310.0,CARD
T009131,C0328,2026-07-09T07:03:46,8652,213.0,8439.0,MOBILE_PAY
T009132,C0115,2026-06-03T21:16:44,1224,0.0,1224.0,CASH
T009133,C0030,2026-05-03T02:02:14,4542,197.25,4344.75,CASH
T009134,C0307,2026-08-27T13:51:21,8018,0.0,8018.0,MOBILE_PAY
T009135,C0132,2026-05-24T00:52:11,10252,169.5,10082.5,CARD
T009136,C0490,2026-04-14T03:56:13,20323,0.0,20323.0,CARD
T009137,C0355,2026-02-28T07:02:48,3410,0.0,3410.0,CARD
T009138,C0171,2026-04-14T07:55:25,4743,67.5,4675.5,CARD
T009139,C0363,2026-06-07T11:31:13,3535,414.0,3121.0,MOBILE_PAY
T009140,C0323,2025-11-07T00:39:57,18379,83.2,18295.8,MOBILE_PAY
T009141,C0010,2026-04-27T08:48:23,1320,0.0,1320.0,MOBILE_PAY
T009142,C0497,2026-07-24T11:23:13,13372,196.2,13175.8,CASH
T009143,C0242,2026-07-22T03:39:33,5725,0.0,5725.0,MOBILE_PAY
T009144,C0024,2026-01-05T13:25:31,10094,69.3,10024.7,CARD
T009145,C0431,2026-07-25T15:06:32,8843,0.0,8843.0,CASH
T009146,C0252,2025-12-27T11:46:55,10218,0.0,10218.0,CASH
T009147,C0335,2026-05-08T17:44:10,12414,0.0,12414.0,CASH
T009148,C0099,2026-03-27T19:23:39,3612,0.0,3612.0,CASH
T009149,C0138,2026-02-28T01:05:50,8413,0.0,8413.0,CARD
T009150,C0309,2026-06-24T20:17:55,4352,0.0,4352.0,MOBILE_PAY
T009151,C0274,2025-12-30T13:02:55,18016,0.0,18016.0,MOBILE_PAY
T009152,C0239,2025-10-17T03:33:02,11132,20.5,11111.5,CASH
T009153,C0291,2026-06-30T16:55:33,4536,7.55,4528.45,CASH
T009154,C0108,2026-09-15T10:43:24,5533,0.0,5533.0,CASH
T009155,C0149,2026-09-10T11:12:28,14527,167.45,14359.55,CASH
T009156,C0102,2026-05-06T01:21:12,8599,393.0,8206.0,CARD
T009157,C0131,2025-09-30T14:31:16,13903,425.0,13478.0,MOBILE_PAY
T009158,C0479,2026-06-04T19:06:10,4168,0.0,4168.0,CARD
T009159,C0087,2025-09-28T20:45:49,13575,457.9,13117.1,MOBILE_PAY
T009160,C0417,2026-03-28T21:58:48,2923,0.0,2923.0,CARD
T009161,C0398,2025-12-28T09:46:39,8107,414.9,7692.1,CASH
T009162,C0039,2026-04-08T01:58:19,1592,0.0,1592.0,CASH
T009163,C0451,2026-05-13T09:37:55,957,96.45,860.55,CARD
T009164,C0418,2026-01-15T19:09:37,8575,0.0,8575.0,MOBILE_PAY
T009165,C0037,2026-05-24T07:27:33,15536,0.0,15536.0,MOBILE_PAY
T009166,C0126,2026-05-11T11:05:35,4224,130.5,4093.5,MOBILE_PAY
T009167,C0409,2026-05-22T20:26:27,4085,0.0,4085.0,MOBILE_PAY
T009168,C0426,2026-08-23T06:08:39,4402,107.55,4294.45,MOBILE_PAY
T009169,C0205,2026-07-28T08:28:47,13436,470.0,12966.0,MOBILE_PAY
T009170,C0003,2026-07-07T00:14:28,5582,0.0,5582.0,MOBILE_PAY
T009171,C0149,2026-06-08T01:36:52,3485,0.0,3485.0,CARD
T009172,C0185,2026-08-13T05:45:28,1871,78.9,1792.1,CARD
T009173,C0183,2026-01-20T16:48:12,2045,0.0,2045.0,CASH
T009174,C0042,2026-07-27T22:01:16,1296,0.0,1296.0,MOBILE_PAY
T009175,C0149,2026-01-12T17:46:05,8867,130.8,8736.2,MOBILE_PAY
T009176,C0252,2026-01-26T16:45:08,2148,0.0,2148.0,CASH
T009177,C0414,2026-03-25T22:07:31,1048,0.0,1048.0,CARD
T009178,C0488,2026-06-19T22:03:38,9023,828.0,8195.0,CARD
T009179,C0400,2026-09-12T01:30:56,10000,0.0,10000.0,CARD
T009180,C0151,2026-06-03T19:59:26,1228,0.0,1228.0,MOBILE_PAY
T009181,C0097,2026-06-10T09:17:57,5159,0.0,5159.0,CASH
T009182,C0086,2026-01-03T09:40:52,867,0.0,867.0,CARD
T009183,C0320,2026-08-30T23:34:47,5345,0.0,5345.0,MOBILE_PAY
T009184,C0365,2026-08-03T23:04:17,4761,0.0,4761.0,CASH
T009185,C0091,2026-01-25T13:28:45,13038,196.5,12841.5,CASH
T009186,C0182,2026-01-12T21:35:48,4986,0.0,4986.0,MOBILE_PAY
T009187,C0472,2025-11-09T03:03:10,3029,53.0,2976.0,CARD
T009188,C0322,2026-08-23T09:22:02,4283,193.15,4089.85,CASH
T009189,C0280,2025-10-14T01:35:38,11427,0.0,11427.0,CASH
T009190,C0207,2026-03-21T18:48:38,4319,354.5,3964.5,MOBILE_PAY
T009191,C0049,2026-03-02T18:57:35,7223,29.8,7193.2,CARD
T009192,C0298,2026-05-11T03:03:30,9405,148.95,9256.05,CASH
T009193,C0141,2026-09-13T23:51:16,4208,0.0,4208.0,CARD
T009194,C0280,2026-08-14T23:28:51,9737,0.0,9737.0,MOBILE_PAY
T009195,C0051,2025-12-02T10:38:19,10562,150.0,10412.0,CASH
T009196,C0384,2026-07-13T03:40:56,3067,0.0,3067.0,CASH
T009197,C0433,2026-03-11T17:48:46,1570,0.0,1570.0,CARD
T009198,C0319,2025-11-18T21:10:23,2270,0.0,2270.0,CARD
T009199,C0183,2026-02-24T00:52:03,11903,327.0,11576.0,MOBILE_PAY
T009200,C0425,2026-06-02T22:21:36,11350,108.0,11242.0,CASH
T009201,C0075,2026-07-23T18:46:02,4531,0.0,4531.0,CASH
T009202,C0463,2026-09-22T00:05:44,1653,67.1,1585.9,CARD
T009203,C0392,2026-02-07T15:08:51,5601,0.0,5601.0,CASH
T009204,C0288,2026-01-15T21:25:00,3070,0.0,3070.0,CASH
T009205,C0017,2026-06-08T08:18:54,9032,0.0,9032.0,CARD
T009206,C0368,2025-12-26T11:37:06,1854,0.0,1854.0,MOBILE_PAY
T009207,C0424,2026-01-20T21:44:13,5510,447.8,5062.2,CASH
T009208,C0493,2026-07-22T18:36:04,1686,24.15,1661.85,MOBILE_PAY
T009209,C0337,2026-03-21T19:02:40,6246,0.0,6246.0,MOBILE_PAY
T009210,C0292,2026-08-15T18:10:29,6736,192.8,6543.2,CARD
T009211,C0319,2026-02-12T00:26:24,19836,1486.8,18349.2,MOBILE_PAY
T009212,C0131,2026-05-05T21:21:57,5367,842.0,4525.0,CASH
T009213,C0144,2025-11-08T15:55:21,5314,0.0,5314.0,CASH
T009214,C0381,2026-06-22T00:11:22,7172,272.7,6899.3,MOBILE_PAY
T009215,C0090,2026-02-26T03:10:44,4923,0.0,4923.0,CASH
T009216,C0077,2025-10-09T07:40:25,9434,575.5,8858.5,CASH
T009217,C0170,2026-09-26T01:19:05,1962,0.0,1962.0,CASH
T009218,C0212,2026-08-04T02:26:19,7153,255.0,6898.0,CASH
T009219,C0250,2026-07-09T04:41:27,3360,0.0,3360.0,MOBILE_PAY
T009220,C0012,2026-01-05T21:56:03,722,0.0,722.0,CASH
T009221,C0438,2026-01-02T04:10:37,15837,707.0,15130.0,CARD
T009222,C0257,2026-02-06T16:03:28,1654,272.7,1381.3,CASH
T009223,C0361,2026-05-10T10:21:43,8343,125.7,8217.3,CASH
T009224,C0002,2026-06-07T14:18:02,5255,0.0,5255.0,CASH
T009225,C0274,2026-09-19T10:07:30,1538,22.6,1515.4,MOBILE_PAY
T009226,C0358,2026-04-15T10:36:33,3111,0.0,3111.0,CASH
T009227,C0067,2025-12-17T13:36:02,6322,178.0,6144.0,CASH
T009228,C0069,2026-09-19T22:13:37,11024,15.15,11008.85,CASH
T009229,C0492,2026-05-22T15:49:18,2436,0.0,2436.0,CARD
T009230,C0450,2026-04-15T13:42:17,5774,0.0,5774.0,CASH
T009231,C0051,2026-02-02T04:56:16,5248,241.8,5006.2,CASH
T009232,C0425,2026-05-28T15:50:00,2865,0.0,2865.0,CASH
T009233,C0118,2026-06-01T14:29:30,3953,361.0,3592.0,CARD
T009234,C0427,2026-06-30T06:25:57,12752,0.0,12752.0,CASH
T009235,C0322,2026-08-28T03:15:31,708,0.0,708.0,CARD
T009236,C0128,2026-05-05T18:04:23,5210,0.0,5210.0,MOBILE_PAY
T009237,C0228,2026-07-11T23:17:56,3380,0.0,3380.0,CASH
T009238,C0452,2025-10-18T07:53:28,6014,190.8,5823.2,CASH
T009239,C0150,2026-03-25T17:31:30,8269,0.0,8269.0,CARD
T009240,C0302,2026-08-08T18:41:08,11453,711.3,10741.7,CARD
T009241,C0153,2026-05-20T14:51:09,3923,0.0,3923.0,MOBILE_PAY
T009242,C0288,2026-06-27T16:57:23,3411,227.7,3183.3,MOBILE_PAY
T009243,C0384,2026-07-28T07:10:35,1138,0.0,1138.0,MOBILE_PAY
T009244,C0302,2026-05-07T13:02:25,1444,144.4,1299.6,CASH
T009245,C0115,2026-03-12T23:10:25,12179,8.05,12170.95,MOBILE_PAY
T009246,C0300,2026-02-15T14:21:22,1100,275.0,825.0,CARD
T009247,C0390,2026-04-11T21:41:18,274,0.0,274.0,CASH
T009248,C0227,2026-08-25T08:39:04,11293,0.0,11293.0,CARD
T009249,C0435,2026-01-27T07:35:54,21072,0.0,21072.0,CASH
T009250,C0487,2026-03-21T05:12:08,28100,0.0,28100.0,CARD
T009251,C0291,2026-04-12T07:57:21,5622,0.0,5622.0,CASH
T009252,C0258,2026-07-18T00:17:20,4987,0.0,4987.0,CASH
T009253,C0138,2025-12-22T21:01:03,11892,495.5,11396.5,CARD
T009254,C0057,2026-09-20T07:50:20,9839,0.0,9839.0,CARD
T009255,C0122,2026-06-15T05:39:14,13079,198.6,12880.4,MOBILE_PAY
T009256,C0497,2026-04-08T06:03:09,12605,0.0,12605.0,CASH
T009257,C0338,2026-02-02T09:22:23,9859,643.5,9215.5,MOBILE_PAY
T009258,C0217,2026-03-08T02:09:57,6045,0.0,6045.0,CASH
T009259,C0468,2026-06-12T22:18:29,6859,59.2,6799.8,CARD
T009260,C0120,2026-08-02T22:48:45,11285,0.0,11285.0,CASH
T009261,C0255,2026-04-29T17:20:37,16323,0.0,16323.0,MOBILE_PAY
T009262,C0044,2025-10-25T06:17:42,14992,182.4,14809.6,CARD
T009263,C0416,2026-02-21T05:54:04,283,0.0,283.0,CASH
T009264,C0064,2026-03-31T12:18:39,7592,127.2,7464.8,CASH
T009265,C0476,2026-04-19T15:47:08,7453,236.8,7216.2,CASH
T009266,C0162,2026-01-25T10:53:56,13237,644.4,12592.6,MOBILE_PAY
T009267,C0078,2026-08-13T05:16:47,1272,0.0,1272.0,CASH
T009268,C0384,2025-12-20T23:27:47,1644,0.0,1644.0,CASH
T009269,C0474,2026-01-24T08:21:47,4242,0.0,4242.0,CARD
T009270,C0014,2026-06-17T06:40:30,4618,0.0,4618.0,CASH
T009271,C0460,2025-10-12T09:46:45,9249,165.0,9084.0,CARD
T009272,C0179,2026-04-05T02:48:05,7769,0.0,7769.0,MOBILE_PAY
T009273,C0326,2026-08-19T21:34:03,8568,0.0,8568.0,MOBILE_PAY
T009274,C0105,2026-06-23T13:58:45,604,0.0,604.0,CARD
T009275,C0424,2025-12-18T00:57:09,6221,49.65,6171.35,MOBILE_PAY
T009276,C0269,2025-10-19T08:06:56,4334,0.0,4334.0,CARD
T009277,C0005,2026-03-18T06:31:35,3658,20.6,3637.4,CARD
T009278,C0127,2026-06-07T13:19:29,11044,0.0,11044.0,MOBILE_PAY
T009279,C0092,2026-06-14T10:56:46,4532,0.0,4532.0,MOBILE_PAY
T009280,C0034,2025-11-04T06:56:21,23575,2469.0,21106.0,CARD
T009281,C0084,2026-08-06T10:43:06,2801,0.0,2801.0,CASH
T009282,C0221,2026-06-20T23:23:14,4987,807.5,4179.5,MOBILE_PAY
T009283,C0362,2026-08-19T14:00:33,6200,85.0,6115.0,MOBILE_PAY
T009284,C0262,2026-03-27T05:57:56,2790,0.0,2790.0,CARD
T009285,C0329,2026-03-27T03:21:49,10582,0.0,10582.0,MOBILE_PAY
T009286,C0102,2026-02-24T22:34:01,6298,0.0,6298.0,CASH
T009287,C0459,2025-11-02T18:11:41,4755,289.35,4465.65,CASH
T009288,C0499,2026-09-04T02:30:04,10067,0.0,10067.0,CASH
T009289,C0261,2026-09-20T01:03:47,9227,117.6,9109.4,CARD
T009290,C0287,2026-06-20T17:33:06,6955,0.0,6955.0,CARD
T009291,C0242,2026-06-01T14:24:13,3657,0.0,3657.0,CASH
T009292,C0102,2026-08-27T05:28:16,4426,0.0,4426.0,MOBILE_PAY
T009293,C0284,2025-12-11T08:32:13,13369,0.0,13369.0,MOBILE_PAY
T009294,C0473,2026-01-28T02:57:33,1132,130.8,1001.2,MOBILE_PAY
T009295,C0231,2026-06-09T15:58:31,3772,0.0,3772.0,MOBILE_PAY
T009296,C0174,2025-10-07T04:51:28,6721,0.0,6721.0,MOBILE_PAY
T009297,C0016,2026-06-03T13:55:02,10782,0.0,10782.0,CASH
T009298,C0426,2026-05-28T13:26:31,14192,580.95,13611.05,MOBILE_PAY
T009299,C0370,2025-09-28T07:10:00,4224,658.35,3565.65,CARD
T009300,C0141,2026-04-06T07:55:04,13555,0.0,13555.0,CASH
T009301,C0135,2026-04-12T12:24:37,3891,342.0,3549.0,MOBILE_PAY
T009302,C0422,2026-04-22T21:38:57,7851,0.0,7851.0,CASH
T009303,C0400,2025-12-20T21:53:21,20877,261.6,20615.4,CASH
T009304,C0193,2026-02-24T22:19:53,8491,0.0,8491.0,MOBILE_PAY
T009305,C0126,2026-05-12T00:50:54,3245,0.0,3245.0,MOBILE_PAY
T009306,C0149,2025-11-27T03:33:32,307,0.0,307.0,MOBILE_PAY
T009307,C0438,2025-11-23T23:58:06,2580,0.0,2580.0,MOBILE_PAY
T009308,C0095,2025-12-10T08:41:47,2050,0.0,2050.0,CASH
T009309,C0010,2025-12-12T22:26:08,7676,0.0,7676.0,CASH
T009310,C0271,2026-07-02T03:42:48,10764,0.0,10764.0,MOBILE_PAY
T009311,C0014,2026-06-30T15:23:20,6864,0.0,6864.0,MOBILE_PAY
T009312,C0408,2026-04-09T20:55:13,9863,0.0,9863.0,CASH
T009313,C0105,2026-01-30T03:50:09,3781,0.0,3781.0,MOBILE_PAY
T009314,C0368,2026-01-15T00:05:26,3376,0.0,3376.0,MOBILE_PAY
T009315,C0323,2025-10-02T14:04:01,9713,0.0,9713.0,MOBILE_PAY
T009316,C0116,2025-12-28T01:14:36,12685,0.0,12685.0,CARD
T009317,C0413,2026-09-13T10:27:49,20845,1403.0,19442.0,CARD
T009318,C0268,2025-12-09T17:15:09,1392,0.0,1392.0,CASH
T009319,C0035,2026-03-05T01:05:47,3874,0.0,3874.0,CARD
T009320,C0117,2026-05-11T04:06:23,9605,208.0,9397.0,CARD
T009321,C0418,2026-05-13T14:08:04,7720,59.2,7660.8,CARD
T009322,C0247,2026-05-19T20:37:40,4091,75.75,4015.25,CASH
T009323,C0445,2026-02-06T08:27:41,3400,340.0,3060.0,MOBILE_PAY
T009324,C0496,2025-11-16T17:31:08,9121,197.2,8923.8,MOBILE_PAY
T009325,C0167,2026-04-30T13:29:29,4305,148.95,4156.05,MOBILE_PAY
T009326,C0309,2026-02-03T14:52:22,8680,159.0,8521.0,MOBILE_PAY
T009327,C0251,2026-06-19T04:36:06,9897,414.2,9482.8,CARD
T009328,C0271,2026-07-21T16:49:56,6923,0.0,6923.0,MOBILE_PAY
T009329,C0382,2025-10-14T01:37:24,8215,0.0,8215.0,MOBILE_PAY
T009330,C0017,2026-07-07T00:40:38,13434,0.0,13434.0,CARD
T009331,C0157,2025-12-09T00:26:38,6538,613.7,5924.3,CARD
T009332,C0444,2025-12-23T08:34:30,306,76.5,229.5,CARD
T009333,C0154,2025-10-31T01:41:08,3072,0.0,3072.0,CARD
T009334,C0433,2026-07-21T08:55:33,1256,0.0,1256.0,MOBILE_PAY
T009335,C0480,2025-11-19T23:20:07,8857,807.0,8050.0,CASH
T009336,C0057,2026-09-23T08:12:10,8487,157.95,8329.05,CASH
T009337,C0274,2026-08-12T06:26:46,1748,0.0,1748.0,CARD
T009338,C0210,2026-06-19T16:20:04,759,0.0,759.0,CARD
T009339,C0333,2026-08-04T10:10:47,2904,93.6,2810.4,CASH
T009340,C0015,2026-02-26T17:59:13,18215,0.0,18215.0,CARD
T009341,C0371,2026-01-27T15:23:01,10905,0.0,10905.0,MOBILE_PAY
T009342,C0357,2025-12-12T05:37:22,8479,522.0,7957.0,CASH
T009343,C0361,2025-11-27T21:15:59,8871,0.0,8871.0,CARD
T009344,C0365,2026-03-24T09:16:15,9595,342.9,9252.1,CASH
T009345,C0078,2025-12-28T16:07:28,628,0.0,628.0,CASH
T009346,C0084,2026-01-27T01:24:41,12947,0.0,12947.0,CARD
T009347,C0432,2026-06-23T22:40:00,1889,0.0,1889.0,CARD
T009348,C0452,2026-06-14T20:42:44,13508,394.65,13113.35,CARD
T009349,C0248,2026-06-30T09:11:54,8997,193.5,8803.5,CASH
T009350,C0252,2026-02-02T20:04:53,3200,231.5,2968.5,MOBILE_PAY
T009351,C0346,2026-08-07T09:56:34,4051,0.0,4051.0,CASH
T009352,C0312,2025-11-12T10:51:17,3845,0.0,3845.0,MOBILE_PAY
T009353,C0289,2026-01-15T20:48:13,8242,0.0,8242.0,CARD
T009354,C0297,2026-05-27T06:13:32,6672,425.0,6247.0,CARD
T009355,C0175,2026-03-21T05:40:34,432,0.0,432.0,MOBILE_PAY
T009356,C0421,2025-11-26T19:39:50,1083,0.0,1083.0,CASH
T009357,C0395,2026-01-07T05:18:32,2908,0.0,2908.0,CARD
T009358,C0258,2026-05-16T01:28:43,14810,515.85,14294.15,CASH
T009359,C0372,2026-06-22T05:48:24,8815,196.5,8618.5,CARD
T009360,C0093,2025-10-18T02:40:15,13559,289.0,13270.0,CARD
T009361,C0001,2025-12-09T10:34:49,7700,0.0,7700.0,CASH
T009362,C0111,2025-11-20T12:28:21,1400,0.0,1400.0,CASH
T009363,C0305,2025-11-15T23:27:56,9927,53.0,9874.0,MOBILE_PAY
T009364,C0096,2025-12-31T16:35:07,15463,801.5,14661.5,CARD
T009365,C0069,2026-01-09T07:14:10,11696,31.95,11664.05,MOBILE_PAY
T009366,C0031,2026-04-02T12:02:00,10338,0.0,10338.0,CASH
T009367,C0433,2026-04-04T12:45:24,608,0.0,608.0,CARD
T009368,C0343,2025-10-26T08:19:46,1126,0.0,1126.0,CASH
T009369,C0378,2026-01-18T16:37:06,2546,0.0,2546.0,MOBILE_PAY
T009370,C0343,2026-03-10T21:39:31,10258,51.5,10206.5,CARD
T009371,C0045,2026-07-31T22:44:26,15804,477.0,15327.0,CASH
T009372,C0064,2026-05-23T02:32:37,9206,323.0,8883.0,CARD
T009373,C0195,2026-02-02T08:11:40,6989,643.5,6345.5,CARD
T009374,C0082,2026-09-06T11:03:47,7581,0.0,7581.0,CASH
T009375,C0412,2025-10-10T05:55:29,5973,159.9,5813.1,CASH
T009376,C0317,2026-05-12T12:53:21,7983,0.0,7983.0,MOBILE_PAY
T009377,C0071,2025-12-30T15:57:55,10305,651.25,9653.75,MOBILE_PAY
T009378,C0001,2026-06-30T03:50:53,7305,327.6,6977.4,CASH
T009379,C0087,2026-02-12T21:40:35,2748,0.0,2748.0,CASH
T009380,C0222,2026-01-27T05:09:08,5664,0.0,5664.0,CARD
T009381,C0400,2026-02-17T06:09:25,14225,294.0,13931.0,MOBILE_PAY
T009382,C0057,2026-02-08T03:25:11,895,0.0,895.0,CASH
T009383,C0173,2026-06-24T03:22:24,6122,32.2,6089.8,MOBILE_PAY
T009384,C0391,2026-03-21T14:56:36,15044,124.8,14919.2,CASH
T009385,C0086,2025-10-13T13:21:13,10412,8.05,10403.95,CASH
T009386,C0023,2026-09-16T22:52:52,9305,49.3,9255.7,CARD
T009387,C0021,2025-11-24T01:41:10,14448,118.35,14329.65,CARD
T009388,C0438,2025-10-11T13:19:01,543,0.0,543.0,CASH
T009389,C0238,2025-10-13T04:31:33,9859,0.0,9859.0,MOBILE_PAY
T009390,C0407,2026-03-05T22:16:58,2570,0.0,2570.0,CASH
T009391,C0354,2025-11-10T09:07:44,6347,841.5,5505.5,MOBILE_PAY
T009392,C0202,2026-03-28T21:58:32,5968,0.0,5968.0,MOBILE_PAY
T009393,C0248,2026-01-02T22:43:57,9295,130.8,9164.2,CARD
T009394,C0282,2025-10-25T21:12:13,2975,67.5,2907.5,CARD
T009395,C0169,2025-12-11T20:14:51,1212,60.6,1151.4,MOBILE_PAY
T009396,C0245,2026-03-08T15:44:44,8089,596.75,7492.25,CASH
T009397,C0284,2026-01-25T08:27:29,8224,0.0,8224.0,CARD
T009398,C0339,2026-01-08T09:09:08,3917,0.0,3917.0,MOBILE_PAY
T009399,C0115,2026-09-26T04:26:29,5032,0.0,5032.0,MOBILE_PAY
T009400,C0067,2026-09-24T18:13:58,10551,0.0,10551.0,MOBILE_PAY
T009401,C0487,2026-08-01T05:47:23,11767,135.6,11631.4,CARD
T009402,C0305,2026-02-14T06:27:03,5953,0.0,5953.0,MOBILE_PAY
T009403,C0025,2026-05-04T03:56:33,9290,118.35,9171.65,MOBILE_PAY
T009404,C0168,2026-01-11T17:33:01,1506,0.0,1506.0,CARD
T009405,C0210,2026-08-03T17:00:40,3263,0.0,3263.0,MOBILE_PAY
T009406,C0080,2026-03-28T20:31:11,3033,0.0,3033.0,CASH
T009407,C0273,2026-08-03T15:50:37,3970,197.25,3772.75,MOBILE_PAY
T009408,C0154,2026-02-26T09:02:22,4056,0.0,4056.0,MOBILE_PAY
T009409,C0221,2025-11-09T10:51:41,4922,0.0,4922.0,CASH
T009410,C0494,2026-07-21T18:10:21,2845,0.0,2845.0,CASH
T009411,C0188,2025-11-28T11:12:18,904,45.2,858.8,MOBILE_PAY
T009412,C0461,2025-11-08T03:19:29,9342,410.55,8931.45,CASH
T009413,C0270,2026-04-29T06:36:34,1251,0.0,1251.0,CARD
T009414,C0257,2026-05-04T05:02:21,4599,0.0,4599.0,CASH
T009415,C0438,2026-01-02T02:16:29,13795,0.0,13795.0,MOBILE_PAY
T009416,C0062,2026-09-22T08:40:03,6646,234.0,6412.0,MOBILE_PAY
T009417,C0211,2026-06-11T15:21:10,9434,0.0,9434.0,CARD
T009418,C0429,2026-05-17T03:51:20,7363,173.4,7189.6,MOBILE_PAY
T009419,C0159,2025-11-02T11:53:51,11408,0.0,11408.0,MOBILE_PAY
T009420,C0436,2026-05-31T20:11:52,8243,1423.1,6819.9,MOBILE_PAY
T009421,C0158,2025-11-23T13:22:06,2130,0.0,2130.0,CARD
T009422,C0276,2026-03-31T18:26:30,3376,0.0,3376.0,CASH
T009423,C0056,2026-06-17T04:54:26,419,0.0,419.0,MOBILE_PAY
T009424,C0364,2026-07-08T17:26:34,9578,147.9,9430.1,MOBILE_PAY
T009425,C0464,2026-07-17T19:36:00,9685,0.0,9685.0,CASH
T009426,C0186,2026-07-29T10:00:56,2766,0.0,2766.0,CARD
T009427,C0385,2025-10-02T19:48:01,4569,0.0,4569.0,CASH
T009428,C0115,2026-08-20T13:41:53,3032,79.7,2952.3,CARD
T009429,C0020,2026-03-08T19:16:52,5993,0.0,5993.0,MOBILE_PAY
T009430,C0238,2026-01-31T11:20:54,7885,53.6,7831.4,CARD
T009431,C0355,2025-10-08T19:17:18,3746,269.6,3476.4,CARD
T009432,C0108,2026-03-16T05:31:30,5141,157.8,4983.2,MOBILE_PAY
T009433,C0081,2026-07-09T16:58:01,6428,0.0,6428.0,MOBILE_PAY
T009434,C0343,2026-03-03T15:44:14,11356,1068.5,10287.5,CASH
T009435,C0434,2025-11-06T10:15:42,1238,0.0,1238.0,CARD
T009436,C0212,2026-09-14T04:30:56,4428,156.7,4271.3,MOBILE_PAY
T009437,C0287,2025-11-26T00:31:18,8422,0.0,8422.0,CARD
T009438,C0495,2025-12-01T20:41:28,9791,470.0,9321.0,CARD
T009439,C0275,2026-08-30T21:17:56,6532,0.0,6532.0,CASH
T009440,C0159,2025-11-24T07:33:52,10974,0.0,10974.0,MOBILE_PAY
T009441,C0158,2026-09-14T06:36:48,538,0.0,538.0,MOBILE_PAY
T009442,C0373,2026-04-25T09:28:40,5035,65.4,4969.6,MOBILE_PAY
T009443,C0262,2026-06-06T08:55:19,3183,0.0,3183.0,MOBILE_PAY
T009444,C0296,2025-12-28T06:27:13,8756,0.0,8756.0,MOBILE_PAY
T009445,C0237,2026-06-09T03:10:18,16643,0.0,16643.0,MOBILE_PAY
T009446,C0277,2026-06-30T01:16:17,9249,0.0,9249.0,CASH
T009447,C0241,2026-05-30T20:27:21,9683,0.0,9683.0,CARD
T009448,C0028,2025-10-07T13:00:19,10478,0.0,10478.0,CARD
T009449,C0068,2026-02-15T21:50:43,4954,0.0,4954.0,CARD
T009450,C0295,2026-02-24T06:28:41,6663,296.0,6367.0,MOBILE_PAY
T009451,C0150,2026-01-20T06:05:30,3253,0.0,3253.0,MOBILE_PAY
T009452,C0413,2026-01-15T07:11:42,7059,0.0,7059.0,CASH
T009453,C0492,2026-03-09T02:27:41,12105,512.8,11592.2,CARD
T009454,C0258,2026-05-01T18:40:50,5939,0.0,5939.0,CARD
T009455,C0270,2026-06-24T04:26:09,3055,0.0,3055.0,MOBILE_PAY
T009456,C0379,2026-02-11T06:12:55,377,0.0,377.0,CASH
T009457,C0456,2026-01-01T17:25:40,5956,32.2,5923.8,CARD
T009458,C0390,2026-06-14T22:48:32,3875,0.0,3875.0,CASH
T009459,C0321,2025-09-28T23:32:33,6942,0.0,6942.0,CARD
T009460,C0064,2026-09-26T02:30:13,11974,0.0,11974.0,CASH
T009461,C0369,2026-01-04T23:08:21,5978,0.0,5978.0,MOBILE_PAY
T009462,C0363,2026-02-18T08:34:17,8530,0.0,8530.0,CARD
T009463,C0144,2026-02-17T20:48:47,1166,0.0,1166.0,CASH
T009464,C0254,2026-01-31T01:13:44,12791,0.0,12791.0,CARD
T009465,C0149,2026-08-08T08:27:58,4007,163.5,3843.5,CASH
T009466,C0066,2026-09-27T04:18:07,9655,402.4,9252.6,CARD
T009467,C0044,2026-02-06T08:51:05,3986,82.75,3903.25,MOBILE_PAY
T009468,C0204,2026-05-10T18:41:16,9343,2244.2,7098.8,CARD
T009469,C0040,2026-02-03T14:16:50,6682,0.0,6682.0,MOBILE_PAY
T009470,C0482,2025-10-17T02:40:13,635,0.0,635.0,CASH
T009471,C0457,2025-11-15T05:51:10,4171,246.95,3924.05,CARD
T009472,C0027,2026-03-04T16:36:43,7551,231.2,7319.8,MOBILE_PAY
T009473,C0195,2025-12-18T17:04:42,2915,0.0,2915.0,MOBILE_PAY
T009474,C0344,2026-06-28T08:20:09,5715,46.2,5668.8,MOBILE_PAY
T009475,C0387,2026-02-03T13:00:20,4235,0.0,4235.0,CASH
T009476,C0016,2026-03-12T18:36:45,1808,157.8,1650.2,CARD
T009477,C0284,2025-09-29T20:28:37,7306,0.0,7306.0,MOBILE_PAY
T009478,C0274,2026-04-09T08:33:10,7542,0.0,7542.0,CASH
T009479,C0218,2026-04-08T20:24:16,6557,0.0,6557.0,CARD
T009480,C0322,2026-04-04T12:39:40,4871,168.3,4702.7,CASH
T009481,C0329,2026-07-22T14:34:32,2837,0.0,2837.0,MOBILE_PAY
T009482,C0167,2026-04-24T14:01:38,12709,0.0,12709.0,CARD
T009483,C0055,2026-05-20T12:28:36,9610,0.0,9610.0,CASH
T009484,C0083,2026-08-04T18:04:41,1823,197.25,1625.75,MOBILE_PAY
T009485,C0159,2026-06-15T07:49:37,339,33.9,305.1,MOBILE_PAY
T009486,C0338,2026-01-26T07:15:00,2215,30.3,2184.7,CASH
T009487,C0263,2026-09-20T17:09:06,11094,78.9,11015.1,CASH
T009488,C0009,2026-08-01T11:33:20,3841,176.4,3664.6,CASH
T009489,C0357,2025-12-20T07:40:48,4780,225.0,4555.0,MOBILE_PAY
T009490,C0324,2025-12-26T10:00:30,7927,0.0,7927.0,CASH
T009491,C0182,2026-06-05T05:30:22,2000,0.0,2000.0,CASH
T009492,C0379,2025-11-19T10:47:19,9659,194.6,9464.4,MOBILE_PAY
T009493,C0341,2026-04-04T20:46:14,3920,356.0,3564.0,MOBILE_PAY
T009494,C0418,2026-03-05T11:44:37,10508,0.0,10508.0,CARD
T009495,C0426,2026-08-26T10:19:03,10730,272.7,10457.3,MOBILE_PAY
T009496,C0145,2025-12-10T17:26:49,3738,117.6,3620.4,MOBILE_PAY
T009497,C0245,2026-05-09T04:42:57,5470,0.0,5470.0,MOBILE_PAY
T009498,C0249,2026-07-05T03:16:50,13377,241.8,13135.2,CASH
T009499,C0312,2026-05-18T12:51:23,6065,0.0,6065.0,MOBILE_PAY
T009500,C0003,2025-10-21T06:02:28,9190,248.15,8941.85,CARD
T009501,C0084,2026-01-07T08:46:10,1847,236.4,1610.6,CARD
T009502,C0129,2026-06-17T17:42:29,9138,112.0,9026.0,MOBILE_PAY
T009503,C0414,2026-08-13T02:11:51,1059,0.0,1059.0,CASH
T009504,C0468,2026-03-05T22:09:31,1182,0.0,1182.0,CARD
T009505,C0161,2025-10-11T00:26:03,5104,69.3,5034.7,MOBILE_PAY
T009506,C0089,2025-10-08T15:15:44,8870,36.1,8833.9,CASH
T009507,C0205,2026-04-17T01:20:46,1050,0.0,1050.0,CARD
T009508,C0497,2025-12-05T09:21:12,1960,0.0,1960.0,CASH
T009509,C0023,2026-06-23T21:58:10,10116,0.0,10116.0,CARD
T009510,C0411,2026-07-12T09:09:42,13861,192.9,13668.1,CASH
T009511,C0030,2026-08-13T14:35:14,2338,324.0,2014.0,MOBILE_PAY
T009512,C0101,2025-12-31T02:52:42,9858,0.0,9858.0,CARD
T009513,C0084,2026-03-01T17:56:16,5887,0.0,5887.0,CARD
T009514,C0316,2026-05-04T22:15:05,14403,425.0,13978.0,CASH
T009515,C0287,2026-02-20T16:58:25,8580,0.0,8580.0,MOBILE_PAY
T009516,C0154,2026-07-04T05:49:23,4289,0.0,4289.0,CASH
T009517,C0289,2026-06-10T20:52:28,2534,0.0,2534.0,CARD
T009518,C0338,2026-08-11T14:11:16,10107,0.0,10107.0,CARD
T009519,C0300,2026-08-17T14:55:42,6681,0.0,6681.0,CARD
T009520,C0127,2025-11-21T11:25:44,9283,0.0,9283.0,CASH
T009521,C0313,2026-03-10T23:35:49,1600,89.0,1511.0,CASH
T009522,C0267,2026-09-07T20:15:53,14757,0.0,14757.0,CARD
T009523,C0287,2026-09-23T02:55:51,12960,0.0,12960.0,CASH
T009524,C0064,2026-05-03T20:31:59,11076,0.0,11076.0,CASH
T009525,C0187,2025-10-04T00:43:16,2490,0.0,2490.0,CASH
T009526,C0100,2025-12-07T15:23:57,7865,73.0,7792.0,MOBILE_PAY
T009527,C0295,2026-06-20T13:32:29,2608,0.0,2608.0,CARD
T009528,C0269,2025-12-07T15:35:04,2876,0.0,2876.0,CASH
T009529,C0456,2025-11-24T09:47:49,10652,0.0,10652.0,CASH
T009530,C0017,2025-10-21T09:19:34,13775,414.0,13361.0,MOBILE_PAY
T009531,C0302,2026-05-04T09:50:32,1185,0.0,1185.0,CASH
T009532,C0329,2026-03-18T18:19:31,8692,186.9,8505.1,CASH
T009533,C0408,2026-02-19T17:37:33,5413,915.75,4497.25,MOBILE_PAY
T009534,C0365,2026-02-05T05:20:57,8887,0.0,8887.0,CASH
T009535,C0481,2026-06-17T00:33:42,9619,394.6,9224.4,CARD
T009536,C0240,2025-10-06T08:34:07,10904,0.0,10904.0,CARD
T009537,C0079,2026-03-01T18:54:15,440,0.0,440.0,MOBILE_PAY
T009538,C0294,2025-11-06T17:51:44,6348,0.0,6348.0,CARD
T009539,C0388,2026-03-24T02:50:51,4178,101.5,4076.5,CASH
T009540,C0423,2026-07-24T14:05:53,4119,428.85,3690.15,CARD
T009541,C0357,2026-05-20T10:23:54,8273,0.0,8273.0,CASH
T009542,C0242,2025-10-11T16:50:38,4388,0.0,4388.0,CARD
T009543,C0473,2026-03-13T22:13:14,8849,0.0,8849.0,MOBILE_PAY
T009544,C0002,2026-06-04T02:55:57,2241,0.0,2241.0,MOBILE_PAY
T009545,C0021,2026-09-26T18:43:56,12480,0.0,12480.0,MOBILE_PAY
T009546,C0034,2026-09-18T00:36:55,12660,163.5,12496.5,CARD
T009547,C0001,2026-03-25T19:04:21,11792,1091.0,10701.0,CASH
T009548,C0299,2025-10-06T12:14:01,9031,0.0,9031.0,MOBILE_PAY
T009549,C0053,2026-09-18T16:15:52,7752,91.25,7660.75,CARD
T009550,C0445,2026-07-04T09:49:31,12471,361.7,12109.3,CARD
T009551,C0083,2025-10-23T08:32:47,4155,0.0,4155.0,MOBILE_PAY
T009552,C0176,2026-02-06T14:55:07,4731,159.0,4572.0,MOBILE_PAY
T009553,C0340,2026-06-17T16:13:36,11822,0.0,11822.0,MOBILE_PAY
T009554,C0082,2025-11-08T03:42:17,6222,0.0,6222.0,CARD
T009555,C0436,2025-12-03T07:57:22,15524,690.0,14834.0,MOBILE_PAY
T009556,C0127,2025-10-12T07:15:34,888,0.0,888.0,CARD
T009557,C0202,2025-10-18T23:03:14,6395,0.0,6395.0,MOBILE_PAY
T009558,C0043,2025-12-16T18:06:21,5358,0.0,5358.0,CARD
T009559,C0376,2026-05-12T02:15:01,13432,0.0,13432.0,CASH
T009560,C0123,2026-08-22T17:56:10,8392,0.0,8392.0,MOBILE_PAY
T009561,C0224,2025-12-17T08:49:14,13573,225.0,13348.0,CASH
T009562,C0040,2026-01-03T11:32:54,4330,0.0,4330.0,MOBILE_PAY
T009563,C0433,2026-01-25T10:02:53,9606,514.8,9091.2,CARD
T009564,C0436,2026-05-22T19:20:26,7639,395.25,7243.75,MOBILE_PAY
T009565,C0400,2025-10-10T03:55:08,12880,0.0,12880.0,MOBILE_PAY
T009566,C0294,2026-03-23T19:14:39,6296,328.75,5967.25,MOBILE_PAY
T009567,C0336,2026-03-15T18:33:56,6756,0.0,6756.0,CARD
T009568,C0246,2026-05-17T23:07:23,527,0.0,527.0,MOBILE_PAY
T009569,C0210,2026-03-30T23:55:58,4503,0.0,4503.0,MOBILE_PAY
T009570,C0349,2026-09-09T11:55:21,6314,0.0,6314.0,CARD
T009571,C0063,2025-11-29T19:34:11,3298,0.0,3298.0,MOBILE_PAY
T009572,C0288,2026-09-16T14:39:21,16852,2881.5,13970.5,MOBILE_PAY
T009573,C0011,2025-11-10T18:04:06,12881,142.8,12738.2,MOBILE_PAY
T009574,C0205,2026-02-22T18:57:33,7178,932.5,6245.5,CASH
T009575,C0234,2025-12-07T02:09:44,8223,502.2,7720.8,CASH
T009576,C0312,2026-07-07T01:20:02,9964,81.9,9882.1,MOBILE_PAY
T009577,C0226,2025-10-25T23:28:01,8876,0.0,8876.0,CARD
T009578,C0452,2026-04-29T08:39:59,8739,0.0,8739.0,CASH
T009579,C0115,2026-06-06T08:25:08,5396,40.25,5355.75,MOBILE_PAY
T009580,C0129,2025-12-11T11:38:01,5980,0.0,5980.0,CASH
T009581,C0423,2026-06-20T15:32:49,7592,0.0,7592.0,CARD
T009582,C0194,2025-12-28T14:03:14,4783,0.0,4783.0,MOBILE_PAY
T009583,C0193,2026-07-17T11:03:58,867,0.0,867.0,MOBILE_PAY
T009584,C0229,2026-06-20T19:11:16,6662,82.75,6579.25,MOBILE_PAY
T009585,C0062,2026-08-10T22:09:37,10536,643.5,9892.5,MOBILE_PAY
T009586,C0188,2025-12-26T01:50:40,4812,0.0,4812.0,MOBILE_PAY
T009587,C0481,2026-05-13T16:54:31,10248,95.4,10152.6,CARD
T009588,C0030,2026-07-09T14:37:32,9625,197.25,9427.75,CARD
T009589,C0048,2026-05-31T23:13:52,10520,213.0,10307.0,MOBILE_PAY
T009590,C0364,2026-08-25T09:32:56,773,0.0,773.0,CARD
T009591,C0349,2026-08-19T03:35:27,9193,90.25,9102.75,CASH
T009592,C0280,2025-10-25T11:11:10,3866,75.9,3790.1,CARD
T009593,C0338,2026-07-11T21:59:55,8213,0.0,8213.0,MOBILE_PAY
T009594,C0179,2026-05-16T20:25:47,3374,0.0,3374.0,CASH
T009595,C0123,2025-11-27T11:17:13,12625,530.0,12095.0,MOBILE_PAY
T009596,C0352,2026-05-09T18:04:23,15184,2739.6,12444.4,CASH
T009597,C0263,2026-09-19T12:33:49,2081,0.0,2081.0,CASH
T009598,C0477,2026-02-21T01:18:49,1284,0.0,1284.0,CARD
T009599,C0274,2026-07-28T10:43:27,825,0.0,825.0,CASH
T009600,C0159,2026-06-06T06:02:22,11944,102.5,11841.5,CARD
T009601,C0120,2026-05-21T22:49:28,7117,0.0,7117.0,CASH
T009602,C0442,2025-11-23T06:12:03,7641,0.0,7641.0,MOBILE_PAY
T009603,C0208,2025-11-09T23:08:40,2898,68.4,2829.6,CARD
T009604,C0107,2025-09-28T05:35:11,7627,404.4,7222.6,MOBILE_PAY
T009605,C0381,2026-08-23T10:19:00,6688,0.0,6688.0,CARD
T009606,C0346,2026-02-05T05:30:05,5844,0.0,5844.0,CASH
T009607,C0154,2025-12-23T09:43:19,6676,0.0,6676.0,CARD
T009608,C0180,2025-10-06T22:47:56,2810,0.0,2810.0,CASH
T009609,C0473,2026-04-01T20:18:19,11991,1277.3,10713.7,MOBILE_PAY
T009610,C0389,2025-10-30T07:25:47,11555,0.0,11555.0,CASH
T009611,C0427,2025-11-28T06:31:33,9705,272.7,9432.3,CARD
T009612,C0035,2025-12-03T14:24:50,5511,0.0,5511.0,CASH
T009613,C0433,2026-09-19T10:30:30,5976,377.0,5599.0,CASH
T009614,C0369,2026-03-08T13:56:27,3747,170.0,3577.0,CARD
T009615,C0355,2025-10-13T15:25:26,23893,453.0,23440.0,MOBILE_PAY
T009616,C0497,2026-08-29T13:30:05,4984,0.0,4984.0,CARD
T009617,C0500,2025-10-18T21:31:43,6796,65.4,6730.6,MOBILE_PAY
T009618,C0009,2026-09-10T22:07:03,1489,0.0,1489.0,MOBILE_PAY
T009619,C0013,2026-05-02T11:09:46,6076,418.8,5657.2,CARD
T009620,C0075,2025-11-15T04:29:35,4345,0.0,4345.0,CARD
T009621,C0482,2026-09-05T18:34:20,13806,82.4,13723.6,CARD
T009622,C0309,2025-11-22T17:15:39,2124,45.45,2078.55,MOBILE_PAY
T009623,C0264,2026-04-13T16:48:31,9214,0.0,9214.0,CASH
T009624,C0028,2025-12-26T20:08:15,18783,0.0,18783.0,MOBILE_PAY
T009625,C0424,2026-06-07T15:18:38,3320,0.0,3320.0,CARD
T009626,C0088,2026-03-26T05:04:51,7253,0.0,7253.0,CARD
T009627,C0415,2026-03-18T21:34:35,14911,326.2,14584.8,CASH
T009628,C0197,2026-07-15T00:14:18,11297,91.65,11205.35,MOBILE_PAY
T009629,C0500,2026-01-13T22:03:32,6709,0.0,6709.0,CASH
T009630,C0068,2025-12-06T21:35:27,3086,0.0,3086.0,MOBILE_PAY
T009631,C0215,2026-03-22T14:40:07,10965,151.8,10813.2,CARD
T009632,C0242,2026-07-26T23:22:21,3993,0.0,3993.0,CARD
T009633,C0374,2025-10-18T07:26:01,6101,0.0,6101.0,CARD
T009634,C0117,2026-01-27T20:00:09,10061,101.4,9959.6,MOBILE_PAY
T009635,C0171,2026-01-16T09:11:09,6665,477.0,6188.0,MOBILE_PAY
T009636,C0009,2026-05-26T05:44:45,17581,0.0,17581.0,MOBILE_PAY
T009637,C0243,2026-05-02T15:12:35,5956,0.0,5956.0,MOBILE_PAY
T009638,C0211,2026-01-31T04:06:14,10065,0.0,10065.0,CASH
T009639,C0467,2026-04-05T23:12:45,10680,171.0,10509.0,MOBILE_PAY
T009640,C0272,2026-07-09T20:39:02,9267,89.4,9177.6,CARD
T009641,C0063,2026-04-25T13:42:11,3072,0.0,3072.0,MOBILE_PAY
T009642,C0450,2026-04-23T05:32:17,3587,0.0,3587.0,MOBILE_PAY
T009643,C0113,2026-09-07T14:10:23,14700,127.8,14572.2,CARD
T009644,C0319,2026-03-19T01:36:45,7325,1481.4,5843.6,CASH
T009645,C0087,2026-07-30T19:28:51,12703,0.0,12703.0,MOBILE_PAY
T009646,C0338,2025-11-30T22:50:03,4487,0.0,4487.0,CASH
T009647,C0283,2026-09-08T04:23:37,7484,0.0,7484.0,MOBILE_PAY
T009648,C0350,2026-04-27T21:53:30,3597,255.0,3342.0,MOBILE_PAY
T009649,C0011,2026-09-24T19:57:16,997,25.35,971.65,CASH
T009650,C0135,2025-11-22T17:02:04,3734,0.0,3734.0,MOBILE_PAY
T009651,C0328,2025-10-21T09:59:04,7305,432.0,6873.0,MOBILE_PAY
T009652,C0091,2026-03-01T17:12:37,3355,0.0,3355.0,CARD
T009653,C0026,2025-12-11T10:29:57,12281,291.6,11989.4,CASH
T009654,C0353,2025-11-24T19:40:10,2450,0.0,2450.0,MOBILE_PAY
T009655,C0019,2025-11-27T22:44:02,11743,428.15,11314.85,MOBILE_PAY
T009656,C0365,2026-06-23T09:44:48,4828,284.0,4544.0,CASH
T009657,C0257,2026-06-10T16:37:39,7225,0.0,7225.0,MOBILE_PAY
T009658,C0097,2026-04-16T16:04:04,4678,399.8,4278.2,CASH
T009659,C0016,2026-08-15T20:30:25,9050,393.0,8657.0,CASH
T009660,C0497,2026-06-23T16:34:12,15108,269.0,14839.0,MOBILE_PAY
T009661,C0346,2026-07-14T12:03:22,8779,0.0,8779.0,CARD
T009662,C0303,2026-07-12T15:25:38,5741,0.0,5741.0,CASH
T009663,C0466,2025-10-07T07:12:08,3887,0.0,3887.0,CARD
T009664,C0496,2025-10-28T00:32:11,11009,135.6,10873.4,CASH
T009665,C0129,2025-12-01T07:11:11,10757,0.0,10757.0,CARD
T009666,C0160,2026-03-09T22:25:38,4317,362.7,3954.3,MOBILE_PAY
T009667,C0449,2026-05-09T08:06:01,4758,0.0,4758.0,MOBILE_PAY
T009668,C0338,2026-04-30T04:55:22,9545,0.0,9545.0,CASH
T009669,C0050,2025-10-17T20:56:47,6840,0.0,6840.0,CARD
T009670,C0159,2026-09-12T09:44:03,18724,0.0,18724.0,CASH
T009671,C0257,2026-01-18T08:23:21,6963,0.0,6963.0,MOBILE_PAY
T009672,C0373,2026-01-05T17:55:59,2941,0.0,2941.0,CARD
T009673,C0341,2026-03-07T19:48:18,4384,0.0,4384.0,CASH
T009674,C0324,2026-06-27T13:39:14,4158,0.0,4158.0,MOBILE_PAY
T009675,C0396,2026-03-09T00:58:09,13040,0.0,13040.0,CASH
T009676,C0113,2026-02-16T07:08:20,20989,0.0,20989.0,CARD
T009677,C0217,2026-04-10T17:36:48,4723,0.0,4723.0,CASH
T009678,C0009,2026-05-10T08:58:17,5013,0.0,5013.0,CARD
T009679,C0286,2026-01-31T03:06:40,404,0.0,404.0,MOBILE_PAY
T009680,C0161,2025-11-19T15:02:11,4959,0.0,4959.0,CARD
T009681,C0070,2026-07-11T22:10:34,10725,435.9,10289.1,MOBILE_PAY
T009682,C0416,2026-09-04T10:40:59,19540,0.0,19540.0,CARD
T009683,C0201,2026-01-10T10:23:29,3984,0.0,3984.0,CASH
T009684,C0345,2026-04-05T23:54:10,3165,0.0,3165.0,CARD
T009685,C0068,2026-03-04T20:55:04,12416,0.0,12416.0,MOBILE_PAY
T009686,C0395,2025-10-02T09:17:05,2916,0.0,2916.0,CASH
T009687,C0115,2026-08-21T07:26:28,8165,0.0,8165.0,MOBILE_PAY
T009688,C0486,2026-05-05T19:43:03,7057,587.5,6469.5,MOBILE_PAY
T009689,C0377,2026-03-08T05:06:49,2499,0.0,2499.0,MOBILE_PAY
T009690,C0012,2026-08-11T03:31:44,892,0.0,892.0,MOBILE_PAY
T009691,C0245,2026-06-23T06:23:57,3728,143.05,3584.95,CARD
T009692,C0348,2026-08-12T11:36:39,7394,314.0,7080.0,CARD
T009693,C0389,2025-10-04T20:06:46,471,0.0,471.0,CASH
T009694,C0288,2026-06-05T10:47:06,6501,0.0,6501.0,CASH
T009695,C0338,2026-03-11T22:52:51,10526,432.0,10094.0,CASH
T009696,C0036,2026-09-06T10:00:25,654,0.0,654.0,CASH
T009697,C0499,2026-08-15T17:53:53,8127,0.0,8127.0,CARD
T009698,C0484,2026-01-08T07:17:33,11524,157.8,11366.2,MOBILE_PAY
T009699,C0445,2026-03-17T03:32:00,5248,136.75,5111.25,MOBILE_PAY
T009700,C0079,2025-11-26T17:23:35,6074,0.0,6074.0,CASH
T009701,C0179,2026-06-24T02:34:12,7548,0.0,7548.0,CARD
T009702,C0034,2026-05-29T00:42:42,2193,0.0,2193.0,CASH
T009703,C0464,2026-01-05T02:51:54,14531,620.0,13911.0,CARD
T009704,C0207,2026-09-18T08:08:44,5868,0.0,5868.0,MOBILE_PAY
T009705,C0169,2026-08-10T09:46:58,6752,0.0,6752.0,CARD
T009706,C0297,2026-02-07T08:27:01,8158,246.5,7911.5,CARD
T009707,C0092,2025-12-04T23:28:52,8073,576.25,7496.75,CASH
T009708,C0346,2026-02-14T18:54:11,2795,0.0,2795.0,CASH
T009709,C0350,2026-03-25T07:55:53,2940,0.0,2940.0,MOBILE_PAY
T009710,C0393,2025-12-20T18:13:32,10929,0.0,10929.0,CASH
T009711,C0282,2026-03-22T05:31:16,12158,0.0,12158.0,CASH
T009712,C0253,2026-04-28T22:13:14,14951,227.05,14723.95,CARD
T009713,C0420,2026-03-27T04:09:11,5548,180.4,5367.6,CASH
T009714,C0190,2026-06-24T03:31:27,1971,0.0,1971.0,MOBILE_PAY
T009715,C0348,2026-01-02T14:38:32,6057,0.0,6057.0,CARD
T009716,C0309,2026-03-28T12:44:56,3254,628.2,2625.8,MOBILE_PAY
T009717,C0372,2026-04-07T10:50:27,798,60.0,738.0,CARD
T009718,C0455,2026-04-27T21:27:09,9444,0.0,9444.0,CARD
T009719,C0129,2026-09-14T04:38:28,12474,391.5,12082.5,CARD
T009720,C0179,2026-04-23T13:52:45,1184,0.0,1184.0,CASH
T009721,C0297,2026-01-06T14:17:54,3072,0.0,3072.0,CARD
T009722,C0090,2025-10-02T18:10:05,16135,10.65,16124.35,CARD
T009723,C0374,2026-03-17T18:03:22,5840,227.7,5612.3,MOBILE_PAY
T009724,C0030,2025-09-28T16:23:23,1401,0.0,1401.0,MOBILE_PAY
T009725,C0487,2026-08-08T00:52:11,7591,0.0,7591.0,CARD
T009726,C0463,2026-06-24T22:10:32,5494,0.0,5494.0,MOBILE_PAY
T009727,C0154,2026-06-25T18:39:05,5304,294.0,5010.0,CARD
T009728,C0471,2026-05-20T15:05:33,11875,49.65,11825.35,MOBILE_PAY
T009729,C0091,2026-01-11T03:28:30,7944,0.0,7944.0,CARD
T009730,C0321,2026-03-08T01:33:19,4427,118.35,4308.65,MOBILE_PAY
T009731,C0051,2026-01-28T19:31:36,5769,0.0,5769.0,CASH
T009732,C0306,2026-04-01T03:13:25,4818,33.9,4784.1,MOBILE_PAY
T009733,C0407,2026-03-28T01:50:09,5468,231.2,5236.8,CASH
T009734,C0184,2026-03-24T05:03:11,35415,850.0,34565.0,MOBILE_PAY
T009735,C0375,2026-07-25T10:23:29,7712,151.8,7560.2,CARD
T009736,C0500,2026-08-30T04:44:34,10034,220.2,9813.8,CASH
T009737,C0029,2025-10-17T19:28:20,3503,147.9,3355.1,CASH
T009738,C0327,2026-03-14T19:45:18,4988,149.0,4839.0,CASH
T009739,C0179,2025-10-30T20:12:27,5077,0.0,5077.0,CASH
T009740,C0242,2025-11-21T12:56:26,3825,0.0,3825.0,MOBILE_PAY
T009741,C0219,2026-09-13T16:54:46,6307,270.75,6036.25,CASH
T009742,C0084,2026-05-24T01:21:21,15999,306.0,15693.0,MOBILE_PAY
T009743,C0405,2026-04-14T21:09:19,14702,350.85,14351.15,CASH
T009744,C0081,2026-04-09T12:17:17,4090,0.0,4090.0,CASH
T009745,C0325,2026-05-20T21:19:04,12517,0.0,12517.0,CASH
T009746,C0448,2026-03-22T12:09:17,2094,0.0,2094.0,CARD
T009747,C0459,2026-09-20T01:45:06,2916,157.8,2758.2,CASH
T009748,C0056,2025-11-25T18:17:36,6242,0.0,6242.0,MOBILE_PAY
T009749,C0481,2026-04-27T05:36:57,1447,261.0,1186.0,MOBILE_PAY
T009750,C0109,2026-01-24T05:51:51,4024,0.0,4024.0,CASH
T009751,C0242,2025-11-26T12:05:46,6556,0.0,6556.0,MOBILE_PAY
T009752,C0010,2026-03-01T04:41:06,967,0.0,967.0,CARD
T009753,C0268,2026-04-18T04:24:51,4392,0.0,4392.0,MOBILE_PAY
T009754,C0391,2025-10-21T02:07:45,11347,187.2,11159.8,MOBILE_PAY
T009755,C0209,2026-08-02T06:00:34,4617,0.0,4617.0,MOBILE_PAY
T009756,C0407,2026-05-17T19:27:17,6432,59.6,6372.4,CARD
T009757,C0039,2025-11-19T05:29:53,3325,0.0,3325.0,CARD
T009758,C0233,2026-04-14T09:02:32,9336,680.0,8656.0,MOBILE_PAY
T009759,C0369,2026-08-02T16:06:30,9684,0.0,9684.0,CARD
T009760,C0464,2025-11-23T05:28:15,13639,0.0,13639.0,CASH
T009761,C0464,2026-09-09T07:34:46,18744,268.4,18475.6,MOBILE_PAY
T009762,C0053,2026-03-02T00:53:38,1790,0.0,1790.0,CASH
T009763,C0425,2026-06-21T02:16:07,1071,0.0,1071.0,CASH
T009764,C0147,2026-07-03T17:31:23,9549,258.6,9290.4,CASH
T009765,C0394,2025-10-24T22:26:31,9363,23.1,9339.9,CARD
T009766,C0449,2026-06-29T00:39:23,2396,120.0,2276.0,CARD
T009767,C0093,2026-06-04T08:23:48,1593,0.0,1593.0,MOBILE_PAY
T009768,C0433,2026-07-17T20:12:11,3468,53.0,3415.0,CARD
T009769,C0268,2026-02-20T22:48:14,6678,76.5,6601.5,MOBILE_PAY
T009770,C0472,2026-01-05T03:41:04,6409,0.0,6409.0,MOBILE_PAY
T009771,C0036,2025-11-12T16:52:09,5398,0.0,5398.0,CARD
T009772,C0300,2026-03-16T05:02:05,7712,90.4,7621.6,CASH
T009773,C0034,2025-10-07T17:01:25,8658,808.1,7849.9,CASH
T009774,C0420,2025-09-27T19:00:39,6213,0.0,6213.0,CASH
T009775,C0148,2026-02-06T22:44:48,6083,0.0,6083.0,CARD
T009776,C0062,2025-12-12T08:29:28,11548,165.7,11382.3,MOBILE_PAY
T009777,C0484,2026-08-29T11:35:16,9331,0.0,9331.0,CARD
T009778,C0047,2026-04-06T15:01:16,424,0.0,424.0,MOBILE_PAY
T009779,C0020,2025-10-26T05:29:22,16109,0.0,16109.0,CARD
T009780,C0398,2026-06-04T23:03:15,4582,292.0,4290.0,CASH
T009781,C0152,2026-04-15T15:46:03,12211,85.5,12125.5,CARD
T009782,C0321,2026-03-11T01:03:19,1557,106.0,1451.0,CASH
T009783,C0323,2025-10-10T04:57:06,7612,76.5,7535.5,CASH
T009784,C0036,2026-02-04T06:19:44,2600,0.0,2600.0,CASH
T009785,C0476,2026-02-24T15:41:56,9415,0.0,9415.0,CASH
T009786,C0042,2026-07-07T06:10:50,11763,0.0,11763.0,MOBILE_PAY
T009787,C0261,2026-07-02T19:55:14,8030,0.0,8030.0,MOBILE_PAY
T009788,C0486,2026-02-28T18:41:59,3012,0.0,3012.0,CASH
T009789,C0337,2026-04-26T01:35:15,2344,89.0,2255.0,CASH
T009790,C0262,2026-04-15T09:50:59,2104,0.0,2104.0,CARD
T009791,C0398,2025-10-01T09:21:50,10762,0.0,10762.0,CASH
T009792,C0092,2026-08-01T23:47:37,4034,0.0,4034.0,MOBILE_PAY
T009793,C0284,2025-12-14T10:43:35,1250,0.0,1250.0,CASH
T009794,C0181,2025-10-26T03:03:21,2320,0.0,2320.0,MOBILE_PAY
T009795,C0459,2026-06-22T05:49:25,7865,0.0,7865.0,CARD
T009796,C0240,2026-08-19T05:55:30,2792,0.0,2792.0,MOBILE_PAY
T009797,C0031,2026-06-03T07:48:38,5086,0.0,5086.0,CASH
T009798,C0467,2026-03-02T04:18:06,11908,380.4,11527.6,CARD
T009799,C0275,2026-02-21T02:00:28,11055,80.7,10974.3,CARD
T009800,C0448,2026-01-23T23:20:06,10443,498.0,9945.0,CASH
T009801,C0118,2026-03-29T13:41:45,9838,218.4,9619.6,CASH
T009802,C0123,2026-08-31T03:16:45,1998,0.0,1998.0,CASH
T009803,C0394,2026-05-09T10:57:44,5501,545.0,4956.0,CARD
T009804,C0011,2026-08-18T18:35:19,2248,0.0,2248.0,CARD
T009805,C0487,2026-02-17T01:50:57,9580,119.7,9460.3,MOBILE_PAY
T009806,C0344,2026-06-01T06:32:31,7948,0.0,7948.0,CASH
T009807,C0391,2025-10-22T04:17:43,10158,675.55,9482.45,MOBILE_PAY
T009808,C0430,2025-11-22T08:11:52,11757,48.2,11708.8,CASH
T009809,C0418,2026-03-27T08:12:52,6237,0.0,6237.0,MOBILE_PAY
T009810,C0235,2026-05-11T13:20:19,5240,0.0,5240.0,CASH
T009811,C0478,2026-04-18T16:00:36,11493,453.0,11040.0,MOBILE_PAY
T009812,C0180,2025-12-10T10:11:44,5918,0.0,5918.0,MOBILE_PAY
T009813,C0188,2026-09-10T20:44:00,5140,0.0,5140.0,CASH
T009814,C0075,2025-11-14T03:12:34,16374,241.8,16132.2,CARD
T009815,C0440,2026-09-04T02:05:25,8038,102.5,7935.5,CARD
T009816,C0150,2025-12-03T22:27:58,3148,0.0,3148.0,MOBILE_PAY
T009817,C0241,2026-07-19T19:33:08,5043,258.0,4785.0,CARD
T009818,C0291,2026-07-20T02:50:46,19010,268.4,18741.6,CASH
T009819,C0162,2026-01-07T05:33:36,2589,0.0,2589.0,MOBILE_PAY
T009820,C0041,2025-11-18T03:26:59,1620,0.0,1620.0,CASH
T009821,C0256,2026-05-01T11:06:16,2972,0.0,2972.0,CASH
T009822,C0388,2026-06-20T04:47:00,2967,0.0,2967.0,CARD
T009823,C0394,2026-02-14T11:13:42,13522,0.0,13522.0,CARD
T009824,C0222,2025-12-28T19:11:46,12495,0.0,12495.0,MOBILE_PAY
T009825,C0468,2026-02-19T04:09:58,11648,0.0,11648.0,MOBILE_PAY
T009826,C0397,2026-06-15T08:38:21,4235,0.0,4235.0,MOBILE_PAY
T009827,C0319,2026-06-20T13:44:15,5757,0.0,5757.0,CARD
T009828,C0159,2026-01-10T03:54:57,3695,0.0,3695.0,MOBILE_PAY
T009829,C0280,2025-10-29T14:20:14,5587,0.0,5587.0,CARD
T009830,C0266,2026-08-18T21:46:08,6578,101.4,6476.6,CARD
T009831,C0166,2026-03-01T04:54:33,18741,26.8,18714.2,CASH
T009832,C0108,2026-07-31T18:56:38,13176,390.05,12785.95,CASH
T009833,C0341,2025-10-04T06:37:42,2667,0.0,2667.0,MOBILE_PAY
T009834,C0205,2025-10-30T04:38:40,11306,406.5,10899.5,MOBILE_PAY
T009835,C0261,2026-05-09T06:58:36,4731,241.8,4489.2,MOBILE_PAY
T009836,C0321,2026-05-19T19:50:27,453,0.0,453.0,CARD
T009837,C0126,2025-10-30T12:39:06,12402,419.0,11983.0,CASH
T009838,C0380,2026-05-24T19:50:26,1826,0.0,1826.0,MOBILE_PAY
T009839,C0214,2026-05-01T08:31:05,7732,0.0,7732.0,CARD
T009840,C0150,2026-06-18T17:22:36,8836,0.0,8836.0,CASH
T009841,C0409,2026-01-06T21:56:30,5254,0.0,5254.0,CARD
T009842,C0059,2026-05-01T06:37:52,8945,0.0,8945.0,CARD
T009843,C0473,2025-10-04T22:36:41,6045,0.0,6045.0,CARD
T009844,C0210,2026-04-18T02:59:12,6345,0.0,6345.0,CASH
T009845,C0204,2026-03-17T03:49:34,10424,45.45,10378.55,CASH
T009846,C0274,2025-09-28T08:33:23,12695,0.0,12695.0,CARD
T009847,C0144,2026-09-23T19:59:51,2296,0.0,2296.0,CARD
T009848,C0260,2026-06-27T02:07:23,4304,106.7,4197.3,CASH
T009849,C0358,2025-11-12T07:18:05,3571,0.0,3571.0,CASH
T009850,C0439,2026-03-29T07:27:39,2485,0.0,2485.0,CARD
T009851,C0496,2025-09-27T17:45:05,940,0.0,940.0,CASH
T009852,C0083,2026-06-23T02:00:27,11562,176.4,11385.6,CARD
T009853,C0183,2026-04-15T01:41:52,2303,0.0,2303.0,CASH
T009854,C0285,2026-07-26T23:45:06,5240,0.0,5240.0,CASH
T009855,C0366,2026-07-05T10:19:32,927,0.0,927.0,CASH
T009856,C0419,2026-06-20T08:54:35,8347,0.0,8347.0,CASH
T009857,C0334,2026-03-01T18:40:20,4305,0.0,4305.0,CARD
T009858,C0155,2026-04-03T23:42:30,4644,0.0,4644.0,MOBILE_PAY
T009859,C0294,2026-09-01T00:30:23,5136,39.45,5096.55,MOBILE_PAY
T009860,C0338,2026-09-11T04:36:37,3311,202.25,3108.75,MOBILE_PAY
T009861,C0049,2025-11-06T04:42:16,10576,163.8,10412.2,CASH
T009862,C0487,2026-02-16T19:40:06,1890,0.0,1890.0,MOBILE_PAY
T009863,C0441,2025-12-02T12:26:39,14923,1194.05,13728.95,CASH
T009864,C0432,2025-10-12T14:07:36,2306,0.0,2306.0,CASH
T009865,C0261,2026-04-01T12:25:29,7539,0.0,7539.0,CARD
T009866,C0153,2026-03-27T18:43:14,7931,82.5,7848.5,MOBILE_PAY
T009867,C0329,2026-06-06T06:39:21,3245,0.0,3245.0,CASH
T009868,C0133,2025-11-06T11:07:30,3588,673.2,2914.8,MOBILE_PAY
T009869,C0079,2026-07-05T15:55:20,14325,113.0,14212.0,MOBILE_PAY
T009870,C0369,2025-10-18T13:42:25,9866,76.5,9789.5,CARD
T009871,C0170,2026-03-29T07:35:46,5714,0.0,5714.0,CASH
T009872,C0230,2026-08-14T11:05:48,2600,0.0,2600.0,MOBILE_PAY
T009873,C0465,2026-01-16T01:21:25,2510,0.0,2510.0,CARD
T009874,C0039,2025-10-19T21:24:26,9460,0.0,9460.0,CASH
T009875,C0444,2026-01-15T23:01:14,8833,0.0,8833.0,MOBILE_PAY
T009876,C0292,2025-12-24T02:06:13,10333,1164.2,9168.8,CARD
T009877,C0470,2025-12-23T15:21:09,17511,1791.25,15719.75,MOBILE_PAY
T009878,C0204,2026-03-11T04:48:59,7292,0.0,7292.0,CASH
T009879,C0238,2026-04-28T02:16:13,3289,0.0,3289.0,CASH
T009880,C0362,2026-05-10T03:17:53,5908,0.0,5908.0,CASH
T009881,C0387,2026-02-19T03:19:20,1857,0.0,1857.0,CARD
T009882,C0491,2026-07-08T13:37:33,472,0.0,472.0,CASH
T009883,C0323,2026-03-18T04:27:21,1334,45.2,1288.8,CARD
T009884,C0280,2026-05-17T04:12:08,4129,0.0,4129.0,CARD
T009885,C0448,2026-02-21T14:12:04,8004,0.0,8004.0,CARD
T009886,C0378,2026-03-22T05:10:40,2764,236.0,2528.0,CARD
T009887,C0310,2026-06-25T21:34:14,744,0.0,744.0,CARD
T009888,C0075,2025-11-25T04:26:04,4540,0.0,4540.0,CARD
T009889,C0199,2026-06-05T23:41:17,3220,0.0,3220.0,CASH
T009890,C0361,2026-09-16T11:22:11,1244,0.0,1244.0,CARD
T009891,C0379,2026-01-19T08:00:48,2015,0.0,2015.0,CASH
T009892,C0159,2026-03-06T09:34:01,11309,307.45,11001.55,MOBILE_PAY
T009893,C0187,2025-10-29T14:37:56,5944,211.5,5732.5,MOBILE_PAY
T009894,C0298,2026-06-14T08:46:27,11975,418.8,11556.2,CARD
T009895,C0256,2025-10-18T03:24:10,3156,0.0,3156.0,MOBILE_PAY
T009896,C0006,2026-02-01T11:32:20,5737,45.9,5691.1,CASH
T009897,C0375,2025-10-23T10:46:14,10198,741.8,9456.2,CARD
T009898,C0209,2025-11-01T20:29:26,716,0.0,716.0,CASH
T009899,C0390,2025-10-10T20:54:44,4430,0.0,4430.0,MOBILE_PAY
T009900,C0337,2026-09-22T01:13:26,750,0.0,750.0,CASH
T009901,C0030,2026-08-15T02:38:05,3764,0.0,3764.0,CARD
T009902,C0436,2026-05-06T21:38:43,19589,850.0,18739.0,CASH
T009903,C0010,2026-09-21T13:51:43,2206,234.0,1972.0,MOBILE_PAY
T009904,C0440,2025-09-27T11:29:54,15090,349.95,14740.05,CARD
T009905,C0129,2025-10-17T04:24:34,5679,0.0,5679.0,MOBILE_PAY
T009906,C0012,2026-06-16T22:14:28,921,0.0,921.0,MOBILE_PAY
T009907,C0193,2026-03-28T10:01:49,8095,0.0,8095.0,CARD
T009908,C0316,2025-10-17T02:07:21,8393,89.4,8303.6,MOBILE_PAY
T009909,C0017,2026-08-09T21:24:33,8973,436.8,8536.2,CARD
T009910,C0257,2025-11-07T12:03:18,7617,0.0,7617.0,CASH
T009911,C0449,2026-04-08T01:14:00,12773,381.6,12391.4,CARD
T009912,C0419,2026-04-30T22:16:10,15977,26.8,15950.2,CASH
T009913,C0009,2026-07-10T11:17:40,1038,0.0,1038.0,CASH
T009914,C0189,2026-02-14T22:00:43,1402,174.7,1227.3,CASH
T009915,C0043,2025-10-08T04:29:59,6656,0.0,6656.0,MOBILE_PAY
T009916,C0304,2026-07-06T10:23:33,8695,0.0,8695.0,CASH
T009917,C0425,2025-12-04T20:55:55,4111,0.0,4111.0,CASH
T009918,C0080,2025-10-01T20:58:45,3508,837.6,2670.4,CASH
T009919,C0274,2026-02-18T20:10:55,21174,287.2,20886.8,CASH
T009920,C0273,2025-10-15T22:48:11,7301,0.0,7301.0,CASH
T009921,C0114,2025-11-23T23:49:46,15963,0.0,15963.0,CASH
T009922,C0323,2026-02-09T10:32:35,880,0.0,880.0,CARD
T009923,C0315,2026-06-12T14:12:20,1992,0.0,1992.0,MOBILE_PAY
T009924,C0159,2026-01-17T13:02:10,16851,779.0,16072.0,CARD
T009925,C0320,2026-05-04T20:12:35,13066,501.25,12564.75,CASH
T009926,C0291,2026-03-30T04:39:31,14426,177.6,14248.4,MOBILE_PAY
T009927,C0313,2025-11-29T18:28:30,7960,18.25,7941.75,CARD
T009928,C0152,2026-06-20T17:30:32,12500,101.4,12398.6,MOBILE_PAY
T009929,C0310,2026-07-20T10:45:40,9838,397.2,9440.8,CARD
T009930,C0447,2026-09-23T13:44:09,1604,53.6,1550.4,CASH
T009931,C0044,2026-05-28T16:14:07,4394,59.2,4334.8,CARD
T009932,C0137,2025-12-25T11:14:08,1992,0.0,1992.0,CARD
T009933,C0188,2026-06-27T10:18:31,12248,0.0,12248.0,CASH
T009934,C0423,2026-06-19T09:49:13,8901,0.0,8901.0,CASH
T009935,C0430,2026-05-25T04:52:12,1260,93.6,1166.4,CASH
T009936,C0112,2025-12-04T11:44:53,9005,63.8,8941.2,CASH
T009937,C0089,2025-10-10T00:15:39,9270,0.0,9270.0,CARD
T009938,C0297,2025-10-29T02:14:39,8698,0.0,8698.0,MOBILE_PAY
T009939,C0188,2025-10-01T22:13:59,15227,1091.0,14136.0,CASH
T009940,C0219,2026-06-16T06:21:21,600,0.0,600.0,MOBILE_PAY
T009941,C0156,2025-12-03T03:20:38,7956,289.65,7666.35,MOBILE_PAY
T009942,C0321,2026-05-26T02:35:29,8767,0.0,8767.0,CARD
T009943,C0375,2026-09-12T06:47:01,17296,0.0,17296.0,MOBILE_PAY
T009944,C0172,2026-09-06T06:05:14,11867,0.0,11867.0,CASH
T009945,C0286,2026-03-29T01:44:46,7144,664.8,6479.2,MOBILE_PAY
T009946,C0165,2026-02-15T19:57:00,754,0.0,754.0,MOBILE_PAY
T009947,C0297,2026-09-13T13:02:51,4296,0.0,4296.0,CASH
T009948,C0226,2026-05-27T18:21:20,1112,0.0,1112.0,CASH
T009949,C0114,2026-07-31T07:19:02,723,0.0,723.0,CARD
T009950,C0299,2026-05-19T11:35:58,9441,170.0,9271.0,CASH
T009951,C0222,2026-03-30T02:56:25,4689,0.0,4689.0,CARD
T009952,C0083,2026-01-09T18:20:52,2518,20.6,2497.4,CASH
T009953,C0111,2026-06-06T02:32:09,12171,169.3,12001.7,MOBILE_PAY
T009954,C0076,2026-03-25T04:57:12,7706,0.0,7706.0,CARD
T009955,C0267,2026-06-16T05:01:44,4178,0.0,4178.0,CASH
T009956,C0462,2026-06-23T08:20:30,5127,0.0,5127.0,CARD
T009957,C0389,2026-06-08T06:05:04,1975,211.5,1763.5,CASH
T009958,C0414,2026-06-12T00:06:25,7690,90.0,7600.0,CASH
T009959,C0019,2026-08-27T07:28:28,4888,0.0,4888.0,CASH
T009960,C0433,2026-09-26T04:55:54,12447,118.4,12328.6,CASH
T009961,C0381,2026-02-03T21:41:48,4281,327.5,3953.5,CASH
T009962,C0470,2026-06-02T20:04:10,2128,0.0,2128.0,CARD
T009963,C0022,2025-12-25T15:11:36,3504,0.0,3504.0,CASH
T009964,C0412,2026-08-30T10:36:15,5316,0.0,5316.0,CARD
T009965,C0256,2026-05-17T23:14:57,6598,0.0,6598.0,CASH
T009966,C0028,2026-03-10T06:33:36,298,29.8,268.2,CARD
T009967,C0270,2026-01-30T01:27:10,11075,0.0,11075.0,CARD
T009968,C0022,2026-05-16T08:37:58,13225,490.0,12735.0,MOBILE_PAY
T009969,C0460,2026-08-30T00:27:48,1072,0.0,1072.0,CASH
T009970,C0243,2026-07-14T23:03:32,10155,522.0,9633.0,CASH
T009971,C0022,2026-03-21T13:16:12,3093,406.65,2686.35,CARD
T009972,C0482,2026-07-14T20:12:58,6688,303.2,6384.8,MOBILE_PAY
T009973,C0229,2026-01-25T09:03:17,6429,0.0,6429.0,CASH
T009974,C0100,2026-01-04T02:01:42,6821,0.0,6821.0,CASH
T009975,C0310,2026-08-16T04:10:00,11258,0.0,11258.0,MOBILE_PAY
T009976,C0349,2026-07-19T11:17:56,14348,0.0,14348.0,MOBILE_PAY
T009977,C0164,2025-12-01T03:20:22,2963,0.0,2963.0,CASH
T009978,C0096,2026-02-08T20:52:12,12547,212.0,12335.0,CARD
T009979,C0247,2025-11-25T01:28:03,10890,24.15,10865.85,MOBILE_PAY
T009980,C0472,2026-02-23T06:00:26,10939,0.0,10939.0,MOBILE_PAY
T009981,C0268,2026-06-11T19:24:15,3309,0.0,3309.0,MOBILE_PAY
T009982,C0008,2026-06-17T16:05:50,13684,241.45,13442.55,MOBILE_PAY
T009983,C0272,2026-06-18T13:07:14,8260,94.05,8165.95,CASH
T009984,C0183,2026-05-24T07:57:32,7152,0.0,7152.0,MOBILE_PAY
T009985,C0026,2026-07-20T19:37:14,13845,0.0,13845.0,MOBILE_PAY
T009986,C0414,2026-07-12T10:42:19,14601,262.2,14338.8,CARD
T009987,C0097,2026-01-05T10:44:45,7243,379.0,6864.0,CASH
T009988,C0353,2026-06-14T01:51:35,4898,89.1,4808.9,CARD
T009989,C0452,2026-06-06T02:45:32,3754,0.0,3754.0,MOBILE_PAY
T009990,C0364,2025-11-30T15:49:50,3104,233.95,2870.05,CARD
T009991,C0415,2025-10-19T02:13:03,8198,0.0,8198.0,CARD
T009992,C0170,2026-01-14T12:31:42,11441,0.0,11441.0,CARD
T009993,C0415,2025-10-29T15:57:58,4748,0.0,4748.0,MOBILE_PAY
T009994,C0384,2026-03-03T08:40:34,10547,436.0,10111.0,CASH
T009995,C0452,2026-01-15T15:51:50,4800,0.0,4800.0,CASH
T009996,C0056,2025-11-10T04:05:35,303,0.0,303.0,CARD
T009997,C0308,2026-02-09T21:47:13,4210,0.0,4210.0,MOBILE_PAY
T009998,C0054,2026-07-26T15:30:38,928,118.2,809.8,MOBILE_PAY
T009999,C0405,2026-07-03T10:29:32,7707,0.0,7707.0,CASH
T010000,C0252,2025-12-18T07:13:42,2579,0.0,2579.0,CASH
